# MySQL dump of database 'my_rpl' on host 'localhost'
# Backup Date and Time: 2017-08-22 03:06
# Built by SmartBiz 2.4.RC1
# http://smartbiz.cloud
# Company: RPL
# User: 

# Compatibility: 2.4.1


SET NAMES latin1;


### Structure of table `0_amortisation` ###

DROP TABLE IF EXISTS `0_amortisation`;

CREATE TABLE `0_amortisation` (
  `amortisation_id` bigint(20) unsigned NOT NULL AUTO_INCREMENT,
  `asset_id` int(11) DEFAULT NULL,
  `amortisation_year` int(11) DEFAULT NULL,
  `asset_value` double DEFAULT NULL,
  `amount` double DEFAULT NULL,
  `posted` int(11) NOT NULL DEFAULT '0',
  `inactive` tinyint(4) NOT NULL DEFAULT '0',
  `details` text,
  PRIMARY KEY (`amortisation_id`),
  UNIQUE KEY `amortisation_id` (`amortisation_id`),
  KEY `0_amortisation_asset_id` (`asset_id`)
) ENGINE=InnoDB DEFAULT CHARSET=latin1 ;

### Data of table `0_amortisation` ###


### Structure of table `0_areas` ###

DROP TABLE IF EXISTS `0_areas`;

CREATE TABLE `0_areas` (
  `area_code` int(11) NOT NULL AUTO_INCREMENT,
  `description` varchar(60) COLLATE utf8_unicode_ci NOT NULL DEFAULT '',
  `inactive` tinyint(1) NOT NULL DEFAULT '0',
  PRIMARY KEY (`area_code`),
  UNIQUE KEY `description` (`description`)
) ENGINE=InnoDB AUTO_INCREMENT=3 DEFAULT CHARSET=utf8 COLLATE=utf8_unicode_ci ;

### Data of table `0_areas` ###

INSERT INTO `0_areas` VALUES
('1', 'Global', '0'),
('2', 'Multan', '0');

### Structure of table `0_asset_types` ###

DROP TABLE IF EXISTS `0_asset_types`;

CREATE TABLE `0_asset_types` (
  `asset_type_id` bigint(20) unsigned NOT NULL AUTO_INCREMENT,
  `asset_type_name` varchar(50) NOT NULL,
  `depreciation_type` int(11) NOT NULL DEFAULT '1',
  `depreciation_rate` double NOT NULL DEFAULT '10',
  `asset_account` varchar(15) DEFAULT NULL,
  `depreciation_account` varchar(15) DEFAULT NULL,
  `accumulated_account` varchar(15) DEFAULT NULL,
  `valuation_account` varchar(15) DEFAULT NULL,
  `disposal_account` varchar(15) DEFAULT NULL,
  `inactive` tinyint(4) NOT NULL DEFAULT '0',
  `details` text,
  PRIMARY KEY (`asset_type_id`),
  UNIQUE KEY `asset_type_id` (`asset_type_id`)
) ENGINE=InnoDB DEFAULT CHARSET=latin1 ;

### Data of table `0_asset_types` ###


### Structure of table `0_asset_valuations` ###

DROP TABLE IF EXISTS `0_asset_valuations`;

CREATE TABLE `0_asset_valuations` (
  `asset_valuation_id` bigint(20) unsigned NOT NULL AUTO_INCREMENT,
  `asset_id` int(11) DEFAULT NULL,
  `valuation_year` int(11) DEFAULT NULL,
  `asset_value` double NOT NULL DEFAULT '0',
  `value_change` double NOT NULL DEFAULT '0',
  `posted` int(11) NOT NULL DEFAULT '0',
  `inactive` tinyint(4) NOT NULL DEFAULT '0',
  `details` text,
  PRIMARY KEY (`asset_valuation_id`),
  UNIQUE KEY `asset_valuation_id` (`asset_valuation_id`),
  UNIQUE KEY `asset_id` (`asset_id`,`valuation_year`),
  KEY `0_asset_valuations_asset_id` (`asset_id`)
) ENGINE=InnoDB DEFAULT CHARSET=latin1 ;

### Data of table `0_asset_valuations` ###


### Structure of table `0_assets` ###

DROP TABLE IF EXISTS `0_assets`;

CREATE TABLE `0_assets` (
  `asset_id` bigint(20) unsigned NOT NULL AUTO_INCREMENT,
  `asset_type_id` int(11) DEFAULT NULL,
  `item_id` int(11) DEFAULT NULL,
  `asset_name` varchar(50) DEFAULT NULL,
  `asset_serial` varchar(50) DEFAULT NULL,
  `purchase_date` date NOT NULL,
  `purchase_value` double NOT NULL,
  `disposal_amount` double DEFAULT NULL,
  `disposal_date` date DEFAULT NULL,
  `disposal_posting` int(11) DEFAULT '0',
  `tag_number` varchar(50) DEFAULT NULL,
  `asset_location` varchar(50) DEFAULT NULL,
  `asset_condition` varchar(50) DEFAULT NULL,
  `asset_acquisition` varchar(50) DEFAULT NULL,
  `inactive` tinyint(4) NOT NULL DEFAULT '0',
  `details` text,
  PRIMARY KEY (`asset_id`),
  UNIQUE KEY `asset_id` (`asset_id`),
  KEY `0_assets_asset_type_id` (`asset_type_id`),
  KEY `0_assets_item_id` (`item_id`)
) ENGINE=InnoDB DEFAULT CHARSET=latin1 ;

### Data of table `0_assets` ###


### Structure of table `0_attachments` ###

DROP TABLE IF EXISTS `0_attachments`;

CREATE TABLE `0_attachments` (
  `id` int(11) unsigned NOT NULL AUTO_INCREMENT,
  `description` varchar(60) COLLATE utf8_unicode_ci NOT NULL DEFAULT '',
  `type_no` int(11) NOT NULL DEFAULT '0',
  `trans_no` int(11) NOT NULL DEFAULT '0',
  `unique_name` varchar(60) COLLATE utf8_unicode_ci NOT NULL DEFAULT '',
  `tran_date` date NOT NULL DEFAULT '0000-00-00',
  `filename` varchar(60) COLLATE utf8_unicode_ci NOT NULL DEFAULT '',
  `filesize` int(11) NOT NULL DEFAULT '0',
  `filetype` varchar(60) COLLATE utf8_unicode_ci NOT NULL DEFAULT '',
  PRIMARY KEY (`id`),
  KEY `type_no` (`type_no`,`trans_no`)
) ENGINE=InnoDB DEFAULT CHARSET=utf8 COLLATE=utf8_unicode_ci ;

### Data of table `0_attachments` ###


### Structure of table `0_audit_trail` ###

DROP TABLE IF EXISTS `0_audit_trail`;

CREATE TABLE `0_audit_trail` (
  `id` int(11) NOT NULL AUTO_INCREMENT,
  `type` smallint(6) unsigned NOT NULL DEFAULT '0',
  `trans_no` int(11) unsigned NOT NULL DEFAULT '0',
  `user` smallint(6) unsigned NOT NULL DEFAULT '0',
  `stamp` timestamp NOT NULL DEFAULT CURRENT_TIMESTAMP ON UPDATE CURRENT_TIMESTAMP,
  `description` varchar(60) COLLATE utf8_unicode_ci DEFAULT NULL,
  `fiscal_year` int(11) NOT NULL DEFAULT '0',
  `gl_date` date NOT NULL DEFAULT '0000-00-00',
  `gl_seq` int(11) unsigned DEFAULT NULL,
  PRIMARY KEY (`id`),
  KEY `Seq` (`fiscal_year`,`gl_date`,`gl_seq`),
  KEY `Type_and_Number` (`type`,`trans_no`)
) ENGINE=InnoDB AUTO_INCREMENT=437 DEFAULT CHARSET=utf8 COLLATE=utf8_unicode_ci ;

### Data of table `0_audit_trail` ###

INSERT INTO `0_audit_trail` VALUES
('1', '32', '1', '1', '2017-07-04 02:15:33', NULL, '2', '2017-06-30', '0'),
('2', '32', '2', '6', '2017-07-04 04:16:36', NULL, '2', '2017-06-30', '0'),
('3', '18', '1', '6', '2017-07-04 04:28:46', NULL, '2', '2017-06-30', '0'),
('4', '1', '1', '1', '2017-08-01 23:19:35', NULL, '3', '2017-07-04', NULL),
('5', '30', '1', '1', '2017-07-04 05:11:18', NULL, '3', '2017-07-04', NULL),
('6', '13', '1', '1', '2017-07-12 04:27:11', NULL, '3', '2017-07-04', NULL),
('7', '10', '1', '1', '2017-07-12 04:27:11', NULL, '3', '2017-07-04', NULL),
('8', '30', '2', '1', '2017-07-04 05:09:38', NULL, '3', '2017-07-04', '0'),
('9', '13', '2', '1', '2017-07-12 04:27:01', NULL, '3', '2017-07-04', NULL),
('10', '10', '2', '1', '2017-07-12 04:27:01', NULL, '3', '2017-07-04', NULL),
('11', '30', '1', '1', '2017-07-04 05:11:18', 'Updated.', '3', '2017-07-04', '0'),
('12', '30', '3', '1', '2017-07-04 05:13:11', NULL, '3', '2017-07-04', '0'),
('13', '13', '3', '1', '2017-07-12 04:26:53', NULL, '3', '2017-07-04', NULL),
('14', '10', '3', '1', '2017-07-12 04:26:53', NULL, '3', '2017-07-04', NULL),
('15', '0', '17', '1', '2017-08-01 23:18:12', NULL, '3', '2017-07-04', NULL),
('16', '17', '1', '1', '2017-07-04 05:32:17', NULL, '3', '2017-07-04', '0'),
('17', '30', '4', '1', '2017-07-04 05:34:31', NULL, '3', '2017-07-04', '0'),
('18', '30', '5', '1', '2017-07-04 05:34:53', NULL, '3', '2017-07-04', '0'),
('19', '32', '3', '1', '2017-07-07 23:21:12', NULL, '3', '2017-07-07', '0'),
('20', '30', '6', '1', '2017-07-07 23:21:47', NULL, '3', '2017-07-07', '0'),
('21', '18', '2', '1', '2017-07-10 06:22:31', NULL, '3', '2017-07-10', '0'),
('22', '1', '2', '1', '2017-08-01 23:19:26', NULL, '3', '2017-07-11', NULL),
('23', '13', '3', '4', '2017-07-12 04:26:53', 'Voided.', '3', '2017-07-12', '0'),
('24', '10', '3', '4', '2017-07-12 04:26:53', 'Voided.\n', '3', '2017-07-12', '0'),
('25', '13', '2', '4', '2017-07-12 04:27:01', 'Voided.', '3', '2017-07-12', '0'),
('26', '10', '2', '4', '2017-07-12 04:27:01', 'Voided.\n', '3', '2017-07-12', '0'),
('27', '13', '1', '4', '2017-07-12 04:27:11', 'Voided.', '3', '2017-07-12', '0'),
('28', '10', '1', '4', '2017-07-12 04:27:11', 'Voided.\n', '3', '2017-07-12', '0'),
('29', '30', '7', '4', '2017-07-12 04:41:35', NULL, '3', '2017-07-12', '0'),
('30', '30', '8', '4', '2017-07-29 06:28:36', NULL, '3', '2017-07-01', '0'),
('31', '0', '18', '4', '2017-07-31 00:42:34', NULL, '2', '2017-06-30', '0'),
('32', '0', '19', '4', '2017-07-31 00:59:55', NULL, '2', '2017-06-30', '0'),
('33', '0', '20', '4', '2017-07-31 04:06:02', NULL, '2', '2017-06-30', '0'),
('34', '0', '21', '4', '2017-07-31 04:14:07', NULL, '2', '2017-06-30', '0'),
('35', '0', '22', '4', '2017-07-31 04:39:46', NULL, '2', '2017-06-30', '0'),
('36', '0', '23', '4', '2017-07-31 05:35:49', NULL, '2', '2017-06-30', '0'),
('37', '30', '9', '4', '2017-08-01 00:56:25', NULL, '3', '2017-07-01', '0'),
('38', '0', '17', '1', '2017-08-01 23:18:12', 'Voided.\n', '3', '2017-08-01', '0'),
('39', '1', '2', '1', '2017-08-01 23:19:26', 'Voided.\n', '3', '2017-08-01', '0'),
('40', '1', '1', '1', '2017-08-01 23:19:35', 'Voided.\n', '3', '2017-08-01', '0'),
('41', '30', '10', '4', '2017-08-01 23:34:21', NULL, '3', '2017-07-12', '0'),
('42', '18', '3', '4', '2017-08-01 23:53:08', NULL, '3', '2017-08-01', '0'),
('43', '18', '4', '4', '2017-08-01 23:54:37', NULL, '3', '2017-08-01', '0'),
('44', '25', '1', '4', '2017-08-01 23:56:14', NULL, '3', '2017-08-01', '0'),
('45', '20', '1', '4', '2017-08-02 00:03:34', NULL, '3', '2017-08-01', NULL),
('46', '20', '1', '4', '2017-08-02 00:03:34', 'Voided.\n', '3', '2017-08-02', '0'),
('47', '30', '11', '4', '2017-08-03 00:18:28', NULL, '3', '2017-07-01', '0'),
('48', '30', '12', '4', '2017-08-03 00:45:46', NULL, '3', '2017-07-01', '0'),
('49', '30', '13', '4', '2017-08-03 01:57:58', NULL, '3', '2017-08-03', '0'),
('50', '30', '14', '4', '2017-08-03 03:00:14', NULL, '3', '2017-07-01', '0'),
('51', '30', '15', '4', '2017-08-03 03:52:59', NULL, '3', '2017-07-01', '0'),
('52', '30', '16', '4', '2017-08-03 05:40:52', NULL, '3', '2017-08-03', '0'),
('53', '30', '17', '4', '2017-08-03 05:47:34', NULL, '3', '2017-08-03', '0'),
('54', '30', '18', '4', '2017-08-03 05:57:24', NULL, '3', '2017-08-03', '0'),
('55', '30', '19', '4', '2017-08-03 06:18:25', NULL, '3', '2017-08-03', '0'),
('56', '30', '20', '4', '2017-08-03 06:29:25', NULL, '3', '2017-07-03', '0'),
('57', '30', '21', '4', '2017-08-03 06:36:32', NULL, '3', '2017-07-03', '0'),
('58', '30', '22', '4', '2017-08-03 06:42:00', NULL, '3', '2017-07-03', '0'),
('59', '30', '23', '4', '2017-08-03 06:47:44', NULL, '3', '2017-07-03', '0'),
('60', '30', '24', '4', '2017-08-03 07:33:21', NULL, '3', '2017-08-03', '0'),
('61', '30', '25', '4', '2017-08-03 07:38:15', NULL, '3', '2017-08-03', '0'),
('62', '30', '26', '4', '2017-08-03 08:02:31', NULL, '3', '2017-08-03', '0'),
('63', '30', '27', '4', '2017-08-03 08:11:09', NULL, '3', '2017-08-03', '0'),
('64', '30', '28', '4', '2017-08-04 01:14:29', NULL, '3', '2017-06-30', NULL),
('65', '30', '29', '4', '2017-08-04 00:39:46', NULL, '3', '2017-08-04', NULL),
('66', '30', '29', '4', '2017-08-04 00:47:40', 'Updated.', '3', '2017-08-04', NULL),
('67', '30', '29', '4', '2017-08-04 00:55:47', 'Updated.', '3', '2017-08-04', NULL),
('68', '30', '29', '4', '2017-08-04 01:02:48', 'Deleted.', '3', '2017-08-04', NULL),
('69', '30', '29', '4', '2017-08-04 01:05:55', NULL, '3', '2017-08-04', NULL),
('70', '30', '29', '4', '2017-08-04 01:09:16', 'Deleted.', '3', '2017-08-04', NULL),
('71', '30', '29', '4', '2017-08-04 01:09:16', NULL, '3', '2017-08-04', '0'),
('72', '30', '28', '4', '2017-08-04 01:14:29', 'Updated.', '3', '2017-08-04', '0'),
('73', '30', '30', '4', '2017-08-04 02:20:54', NULL, '3', '2017-08-04', '0'),
('74', '30', '31', '4', '2017-08-04 02:26:25', NULL, '3', '2017-08-04', '0'),
('75', '30', '32', '4', '2017-08-04 02:39:03', NULL, '3', '2017-08-04', '0'),
('76', '30', '33', '4', '2017-08-04 04:37:08', NULL, '3', '2017-08-04', '0'),
('77', '30', '34', '4', '2017-08-04 06:38:21', NULL, '3', '2017-07-03', '0'),
('78', '30', '35', '6', '2017-08-04 06:55:41', NULL, '3', '2017-07-03', '0'),
('79', '30', '36', '6', '2017-08-04 07:08:35', NULL, '3', '2017-07-03', '0'),
('80', '30', '37', '6', '2017-08-04 07:15:38', NULL, '3', '2017-07-03', '0'),
('81', '30', '38', '6', '2017-08-04 07:33:28', NULL, '3', '2017-07-03', '0'),
('82', '30', '39', '6', '2017-08-04 07:51:44', NULL, '3', '2017-08-04', '0'),
('83', '30', '40', '6', '2017-08-04 07:59:02', NULL, '3', '2017-08-04', '0'),
('84', '30', '41', '6', '2017-08-04 08:08:32', NULL, '3', '2017-08-04', '0'),
('85', '30', '42', '6', '2017-08-04 08:20:54', NULL, '3', '2017-07-03', '0'),
('86', '11', '1', '1', '2017-08-05 05:18:05', NULL, '2', '2017-06-30', '0'),
('87', '30', '43', '6', '2017-08-06 23:13:24', NULL, '3', '2017-08-07', '0'),
('88', '30', '44', '1', '2017-08-07 00:52:37', NULL, '3', '2017-06-30', NULL),
('89', '30', '44', '1', '2017-08-07 01:16:09', 'Deleted.', '3', '2017-08-07', NULL),
('90', '30', '44', '6', '2017-08-07 01:16:09', NULL, '3', '2017-08-07', '0'),
('91', '30', '45', '6', '2017-08-07 01:42:30', NULL, '3', '2017-08-07', '0'),
('92', '30', '46', '6', '2017-08-07 01:47:38', NULL, '3', '2017-08-07', '0'),
('93', '30', '47', '6', '2017-08-07 01:52:58', NULL, '3', '2017-08-07', '0'),
('94', '30', '48', '6', '2017-08-07 01:58:22', NULL, '3', '2017-08-07', '0'),
('95', '30', '49', '6', '2017-08-07 02:35:05', NULL, '3', '2017-08-07', '0'),
('96', '30', '50', '6', '2017-08-07 02:41:08', NULL, '3', '2017-08-07', '0'),
('97', '30', '51', '6', '2017-08-07 07:12:23', NULL, '3', '2017-08-07', '0'),
('98', '30', '52', '6', '2017-08-07 07:15:24', NULL, '3', '2017-08-07', '0'),
('99', '30', '53', '6', '2017-08-07 07:24:57', NULL, '3', '2017-08-07', '0'),
('100', '30', '54', '1', '2017-08-07 07:30:11', NULL, '2', '2017-06-30', '0'),
('101', '13', '4', '1', '2017-08-07 07:30:11', NULL, '2', '2017-06-30', '0'),
('102', '10', '4', '1', '2017-08-07 07:30:11', NULL, '2', '2017-06-30', '0'),
('103', '30', '55', '6', '2017-08-07 07:31:47', NULL, '3', '2017-08-07', '0'),
('104', '30', '56', '6', '2017-08-07 08:39:46', NULL, '3', '2017-08-07', '0'),
('105', '30', '57', '6', '2017-08-07 08:43:32', NULL, '3', '2017-08-07', '0'),
('106', '30', '58', '6', '2017-08-07 08:47:41', NULL, '3', '2017-08-07', '0'),
('107', '30', '59', '6', '2017-08-07 23:19:23', NULL, '3', '2017-08-07', '0'),
('108', '30', '60', '6', '2017-08-08 04:20:46', NULL, '3', '2017-08-07', '0'),
('109', '30', '61', '6', '2017-08-08 04:56:56', NULL, '3', '2017-08-07', '0'),
('110', '30', '62', '6', '2017-08-08 05:06:37', NULL, '3', '2017-08-07', '0'),
('111', '30', '63', '6', '2017-08-08 05:10:37', NULL, '3', '2017-08-07', '0'),
('112', '30', '64', '6', '2017-08-08 05:15:31', NULL, '3', '2017-08-07', '0'),
('113', '30', '65', '6', '2017-08-08 05:20:46', NULL, '3', '2017-08-07', '0'),
('114', '30', '66', '6', '2017-08-08 05:31:15', NULL, '3', '2017-08-07', '0'),
('115', '30', '67', '6', '2017-08-08 05:34:14', NULL, '3', '2017-08-07', '0'),
('116', '30', '68', '6', '2017-08-08 07:02:09', NULL, '3', '2017-08-07', '0'),
('117', '30', '69', '6', '2017-08-08 07:04:51', NULL, '3', '2017-08-07', '0'),
('118', '30', '70', '6', '2017-08-08 07:08:19', NULL, '3', '2017-08-07', '0'),
('119', '30', '71', '6', '2017-08-08 07:25:41', NULL, '3', '2017-08-07', NULL),
('120', '30', '71', '6', '2017-08-08 07:25:41', 'Updated.', '3', '2017-08-07', '0'),
('121', '30', '72', '6', '2017-08-08 07:38:08', NULL, '3', '2017-08-08', '0'),
('122', '30', '73', '6', '2017-08-08 07:51:37', NULL, '3', '2017-08-08', '0'),
('123', '30', '74', '6', '2017-08-08 08:10:41', NULL, '3', '2017-08-08', '0'),
('124', '30', '75', '6', '2017-08-08 08:21:23', NULL, '3', '2017-08-08', '0'),
('125', '30', '76', '6', '2017-08-08 08:27:27', NULL, '3', '2017-08-08', '0'),
('126', '30', '77', '6', '2017-08-08 08:37:40', NULL, '3', '2017-08-08', '0'),
('127', '30', '78', '6', '2017-08-09 01:06:23', NULL, '3', '2017-08-08', '0'),
('128', '30', '79', '6', '2017-08-09 01:11:25', NULL, '3', '2017-08-08', '0'),
('129', '30', '80', '6', '2017-08-09 01:20:16', NULL, '3', '2017-08-08', '0'),
('130', '30', '81', '6', '2017-08-09 01:37:17', NULL, '3', '2017-08-08', '0'),
('131', '30', '82', '6', '2017-08-09 01:40:14', NULL, '3', '2017-08-08', '0'),
('132', '30', '83', '6', '2017-08-09 01:49:12', NULL, '3', '2017-08-08', '0'),
('133', '30', '84', '6', '2017-08-09 02:46:32', NULL, '3', '2017-08-08', NULL),
('134', '30', '84', '6', '2017-08-09 02:46:32', 'Updated.', '3', '2017-08-08', '0'),
('135', '30', '85', '6', '2017-08-09 02:49:40', NULL, '3', '2017-08-08', '0'),
('136', '30', '86', '6', '2017-08-09 02:58:10', NULL, '3', '2017-08-09', '0'),
('137', '30', '87', '6', '2017-08-09 03:01:02', NULL, '3', '2017-08-09', '0'),
('138', '30', '88', '6', '2017-08-09 03:52:24', NULL, '3', '2017-08-09', '0'),
('139', '30', '89', '6', '2017-08-09 03:54:58', NULL, '3', '2017-08-09', '0'),
('140', '30', '90', '6', '2017-08-09 04:09:48', NULL, '3', '2017-08-09', NULL),
('141', '30', '90', '6', '2017-08-09 04:11:42', 'Updated.', '3', '2017-08-09', NULL),
('142', '30', '90', '6', '2017-08-09 04:11:42', 'Updated.', '3', '2017-08-09', '0'),
('143', '30', '91', '6', '2017-08-09 04:13:40', NULL, '3', '2017-08-09', '0'),
('144', '30', '92', '6', '2017-08-09 04:16:01', NULL, '3', '2017-08-09', '0'),
('145', '30', '93', '6', '2017-08-09 04:20:00', NULL, '3', '2017-08-09', '0'),
('146', '30', '94', '6', '2017-08-09 04:27:43', NULL, '3', '2017-08-09', '0'),
('147', '30', '95', '6', '2017-08-09 06:13:22', NULL, '3', '2017-08-09', '0'),
('148', '30', '96', '6', '2017-08-09 07:08:45', NULL, '3', '2017-08-09', '0'),
('149', '30', '97', '6', '2017-08-09 07:11:31', NULL, '3', '2017-08-09', '0'),
('150', '30', '98', '6', '2017-08-09 07:17:58', NULL, '3', '2017-08-09', '0'),
('151', '30', '99', '6', '2017-08-09 08:44:46', NULL, '3', '2017-08-09', '0'),
('152', '30', '100', '6', '2017-08-09 08:50:02', NULL, '3', '2017-08-09', '0'),
('153', '30', '101', '6', '2017-08-09 08:53:11', NULL, '3', '2017-08-09', '0'),
('154', '30', '102', '6', '2017-08-09 09:02:22', NULL, '3', '2017-08-09', '0'),
('155', '30', '103', '6', '2017-08-10 04:25:25', NULL, '3', '2017-08-09', '0'),
('156', '30', '104', '6', '2017-08-10 04:26:53', NULL, '3', '2017-08-09', '0'),
('157', '30', '105', '6', '2017-08-10 04:36:06', NULL, '3', '2017-08-09', NULL),
('158', '30', '105', '6', '2017-08-10 05:27:11', 'Updated.', '3', '2017-08-09', NULL),
('159', '30', '105', '6', '2017-08-10 05:27:11', 'Updated.', '3', '2017-08-09', '0'),
('160', '30', '106', '6', '2017-08-10 05:28:46', NULL, '3', '2017-08-09', '0'),
('161', '30', '107', '6', '2017-08-10 05:31:37', NULL, '3', '2017-08-09', '0'),
('162', '30', '108', '6', '2017-08-10 05:38:11', NULL, '3', '2017-08-09', '0'),
('163', '30', '109', '6', '2017-08-10 06:22:11', NULL, '3', '2017-08-09', '0'),
('164', '30', '110', '6', '2017-08-10 06:26:04', NULL, '3', '2017-08-09', '0'),
('165', '30', '111', '6', '2017-08-10 06:31:05', NULL, '3', '2017-08-09', '0'),
('166', '30', '112', '6', '2017-08-10 06:32:26', NULL, '3', '2017-08-09', '0'),
('167', '30', '113', '6', '2017-08-10 06:33:52', NULL, '3', '2017-08-09', '0'),
('168', '30', '114', '6', '2017-08-10 06:38:17', NULL, '3', '2017-08-09', '0'),
('169', '30', '115', '6', '2017-08-10 06:42:42', NULL, '3', '2017-08-10', '0'),
('170', '30', '116', '6', '2017-08-10 06:51:56', NULL, '3', '2017-08-10', '0'),
('171', '30', '117', '6', '2017-08-10 06:55:38', NULL, '3', '2017-08-10', '0'),
('172', '30', '118', '6', '2017-08-10 07:06:11', NULL, '3', '2017-08-10', '0'),
('173', '30', '119', '6', '2017-08-10 07:08:17', NULL, '3', '2017-08-10', '0'),
('174', '30', '120', '6', '2017-08-10 07:11:13', NULL, '3', '2017-08-10', '0'),
('175', '30', '121', '6', '2017-08-10 07:12:46', NULL, '3', '2017-08-10', '0'),
('176', '30', '122', '6', '2017-08-10 07:14:08', NULL, '3', '2017-08-10', '0'),
('177', '30', '123', '6', '2017-08-10 07:34:06', NULL, '3', '2017-08-10', '0'),
('178', '30', '124', '6', '2017-08-10 07:35:23', NULL, '3', '2017-08-10', '0'),
('179', '30', '125', '6', '2017-08-10 07:36:53', NULL, '3', '2017-08-10', '0'),
('180', '30', '126', '6', '2017-08-10 07:40:05', NULL, '3', '2017-08-10', '0'),
('181', '30', '127', '6', '2017-08-10 07:41:51', NULL, '3', '2017-08-10', '0'),
('182', '30', '128', '6', '2017-08-10 07:43:19', NULL, '3', '2017-08-10', '0'),
('183', '30', '129', '6', '2017-08-10 07:45:05', NULL, '3', '2017-08-10', '0'),
('184', '30', '130', '6', '2017-08-10 08:27:09', NULL, '3', '2017-08-10', NULL),
('185', '30', '130', '6', '2017-08-10 23:23:00', 'Updated.', '3', '2017-08-10', NULL),
('186', '30', '131', '6', '2017-08-10 23:20:24', NULL, '3', '2017-08-11', '0'),
('187', '30', '130', '6', '2017-08-10 23:23:00', 'Updated.', '3', '2017-08-10', '0'),
('188', '30', '132', '6', '2017-08-10 23:36:25', NULL, '3', '2017-08-11', '0'),
('189', '30', '133', '6', '2017-08-10 23:41:17', NULL, '2', '2017-06-11', '0'),
('190', '30', '134', '6', '2017-08-10 23:56:37', NULL, '3', '2017-08-11', '0'),
('191', '30', '135', '6', '2017-08-11 00:43:47', NULL, '3', '2017-08-11', '0'),
('192', '30', '136', '6', '2017-08-11 01:03:41', NULL, '3', '2017-08-11', '0'),
('193', '30', '137', '6', '2017-08-11 01:10:20', NULL, '3', '2017-08-11', '0'),
('194', '30', '138', '6', '2017-08-11 04:16:51', NULL, '3', '2017-08-11', '0'),
('195', '30', '139', '6', '2017-08-11 05:44:12', NULL, '3', '2017-08-11', '0'),
('196', '30', '140', '6', '2017-08-11 06:15:35', NULL, '3', '2017-08-11', '0'),
('197', '30', '141', '6', '2017-08-11 06:18:11', NULL, '3', '2017-08-11', '0'),
('198', '30', '142', '6', '2017-08-11 06:29:08', NULL, '3', '2017-07-03', '0'),
('199', '30', '143', '6', '2017-08-11 06:34:24', NULL, '3', '2017-07-03', '0'),
('200', '30', '144', '6', '2017-08-11 06:35:48', NULL, '3', '2017-07-03', '0'),
('201', '30', '145', '6', '2017-08-11 06:37:28', NULL, '3', '2017-07-03', '0'),
('202', '30', '146', '6', '2017-08-11 06:39:32', NULL, '3', '2017-07-04', '0'),
('203', '30', '147', '6', '2017-08-11 06:42:20', NULL, '3', '2017-07-04', '0'),
('204', '30', '148', '6', '2017-08-11 07:04:53', NULL, '3', '2017-07-04', '0'),
('205', '30', '149', '6', '2017-08-11 07:10:43', NULL, '3', '2017-07-04', '0'),
('206', '30', '150', '6', '2017-08-11 07:18:25', NULL, '3', '2017-07-04', '0'),
('207', '30', '151', '6', '2017-08-11 07:24:22', NULL, '3', '2017-07-04', '0'),
('208', '30', '152', '6', '2017-08-11 07:42:20', NULL, '3', '2017-07-04', '0'),
('209', '30', '153', '6', '2017-08-11 07:48:49', NULL, '3', '2017-07-04', '0'),
('210', '30', '154', '6', '2017-08-11 08:15:09', NULL, '3', '2017-07-04', '0'),
('211', '30', '155', '6', '2017-08-11 08:18:23', NULL, '3', '2017-07-04', '0'),
('212', '30', '156', '6', '2017-08-11 08:22:50', NULL, '3', '2017-07-04', '0'),
('213', '30', '157', '6', '2017-08-11 08:24:20', NULL, '3', '2017-07-04', '0'),
('214', '30', '158', '6', '2017-08-11 23:49:41', NULL, '3', '2017-08-12', '0'),
('215', '30', '159', '6', '2017-08-12 00:20:54', NULL, '3', '2017-08-12', '0'),
('216', '30', '160', '6', '2017-08-12 00:31:40', NULL, '3', '2017-08-12', '0'),
('217', '30', '161', '6', '2017-08-12 00:54:49', NULL, '3', '2017-07-04', '0'),
('218', '30', '162', '6', '2017-08-12 00:56:20', NULL, '3', '2017-07-05', '0'),
('219', '30', '163', '6', '2017-08-12 00:59:04', NULL, '3', '2017-07-05', '0'),
('220', '30', '164', '6', '2017-08-12 01:01:31', NULL, '3', '2017-07-05', '0'),
('221', '30', '165', '6', '2017-08-12 01:06:31', NULL, '3', '2017-07-05', '0'),
('222', '30', '166', '6', '2017-08-12 01:23:25', NULL, '3', '2017-08-12', '0'),
('223', '30', '167', '6', '2017-08-12 01:35:02', NULL, '3', '2017-08-12', '0'),
('224', '30', '168', '6', '2017-08-12 01:40:17', NULL, '3', '2017-08-12', '0'),
('225', '30', '169', '6', '2017-08-12 01:56:53', NULL, '3', '2017-08-12', '0'),
('226', '30', '170', '6', '2017-08-12 02:21:17', NULL, '3', '2017-08-12', '0'),
('227', '30', '171', '6', '2017-08-12 02:32:10', NULL, '3', '2017-08-12', '0'),
('228', '30', '172', '6', '2017-08-12 02:39:33', NULL, '3', '2017-08-12', '0'),
('229', '30', '173', '6', '2017-08-12 03:06:44', NULL, '3', '2017-07-05', '0'),
('230', '30', '174', '6', '2017-08-12 03:12:03', NULL, '3', '2017-07-05', '0'),
('231', '30', '175', '6', '2017-08-12 03:19:42', NULL, '3', '2017-07-05', '0'),
('232', '30', '176', '6', '2017-08-12 05:07:41', NULL, '3', '2017-08-12', '0'),
('233', '30', '177', '6', '2017-08-14 23:10:54', NULL, '3', '2017-08-12', '0'),
('234', '30', '178', '6', '2017-08-14 23:15:39', NULL, '3', '2017-08-12', '0'),
('235', '30', '179', '6', '2017-08-14 23:17:16', NULL, '3', '2017-08-12', '0'),
('236', '30', '180', '6', '2017-08-14 23:18:41', NULL, '3', '2017-08-12', '0'),
('237', '30', '181', '6', '2017-08-14 23:21:40', NULL, '3', '2017-08-12', '0'),
('238', '30', '182', '6', '2017-08-14 23:24:35', NULL, '3', '2017-08-12', '0'),
('239', '30', '183', '6', '2017-08-14 23:31:56', NULL, '3', '2017-08-12', '0'),
('240', '30', '184', '6', '2017-08-14 23:38:10', NULL, '3', '2017-08-12', '0'),
('241', '30', '185', '6', '2017-08-14 23:46:33', NULL, '3', '2017-08-12', '0'),
('242', '30', '186', '6', '2017-08-14 23:54:14', NULL, '3', '2017-08-13', NULL),
('243', '30', '186', '6', '2017-08-14 23:54:14', 'Updated.', '3', '2017-08-15', '0'),
('244', '30', '187', '6', '2017-08-15 01:40:01', NULL, '3', '2017-08-15', '0'),
('245', '30', '188', '6', '2017-08-15 01:44:50', NULL, '3', '2017-08-15', '0'),
('246', '30', '189', '6', '2017-08-15 01:46:43', NULL, '3', '2017-08-15', '0'),
('247', '30', '190', '6', '2017-08-15 01:51:24', NULL, '3', '2017-08-15', '0'),
('248', '30', '191', '6', '2017-08-15 01:56:10', NULL, '3', '2017-08-15', '0'),
('249', '30', '192', '6', '2017-08-15 02:01:53', NULL, '3', '2017-08-15', '0'),
('250', '30', '193', '6', '2017-08-15 02:40:39', NULL, '3', '2017-08-15', NULL),
('251', '30', '194', '6', '2017-08-15 02:38:36', NULL, '3', '2017-08-15', '0'),
('252', '30', '193', '6', '2017-08-15 02:40:39', 'Updated.', '3', '2017-08-15', '0'),
('253', '30', '195', '6', '2017-08-15 02:48:41', NULL, '3', '2017-08-15', '0'),
('254', '30', '196', '6', '2017-08-15 02:52:21', NULL, '3', '2017-08-15', '0'),
('255', '30', '197', '6', '2017-08-15 02:57:49', NULL, '3', '2017-08-15', '0'),
('256', '30', '198', '6', '2017-08-15 04:40:06', NULL, '3', '2017-08-15', '0'),
('257', '30', '199', '6', '2017-08-15 04:41:56', NULL, '3', '2017-08-15', '0'),
('258', '30', '200', '6', '2017-08-15 04:48:29', NULL, '3', '2017-08-15', '0'),
('259', '30', '201', '6', '2017-08-15 04:51:52', NULL, '3', '2017-08-15', '0'),
('260', '30', '202', '6', '2017-08-15 04:56:34', NULL, '3', '2017-08-15', '0'),
('261', '30', '203', '6', '2017-08-15 05:01:16', NULL, '3', '2017-08-15', '0'),
('262', '30', '204', '6', '2017-08-15 05:56:23', NULL, '3', '2017-08-15', '0'),
('263', '30', '205', '6', '2017-08-15 05:58:10', NULL, '3', '2017-08-15', '0'),
('264', '30', '206', '6', '2017-08-15 06:00:57', NULL, '3', '2017-08-15', '0'),
('265', '30', '207', '6', '2017-08-15 06:35:37', NULL, '3', '2017-08-15', '0'),
('266', '30', '208', '6', '2017-08-15 06:48:55', NULL, '3', '2017-08-15', '0'),
('267', '30', '209', '6', '2017-08-16 00:20:55', NULL, '3', '2017-08-16', '0'),
('268', '30', '210', '6', '2017-08-16 00:23:44', NULL, '3', '2017-08-16', '0'),
('269', '30', '211', '6', '2017-08-16 00:31:21', NULL, '3', '2017-08-16', '0'),
('270', '30', '212', '6', '2017-08-16 00:49:14', NULL, '3', '2017-08-16', '0'),
('271', '30', '213', '6', '2017-08-16 00:51:14', NULL, '3', '2017-08-16', '0'),
('272', '30', '214', '6', '2017-08-16 00:53:06', NULL, '3', '2017-08-16', '0'),
('273', '30', '215', '6', '2017-08-16 00:54:59', NULL, '3', '2017-08-16', '0'),
('274', '30', '216', '6', '2017-08-16 00:57:11', NULL, '3', '2017-08-16', '0'),
('275', '30', '217', '6', '2017-08-16 01:28:15', NULL, '3', '2017-08-16', NULL),
('276', '30', '217', '6', '2017-08-16 01:28:15', 'Updated.', '3', '2017-08-16', '0'),
('277', '30', '218', '6', '2017-08-16 01:37:43', NULL, '3', '2017-08-16', '0'),
('278', '30', '219', '6', '2017-08-16 01:42:33', NULL, '3', '2017-08-16', '0'),
('279', '30', '220', '6', '2017-08-16 01:44:30', NULL, '3', '2017-08-16', '0'),
('280', '30', '221', '6', '2017-08-16 01:47:53', NULL, '3', '2017-08-16', '0'),
('281', '30', '222', '6', '2017-08-16 02:18:36', NULL, '3', '2017-08-16', NULL),
('282', '30', '222', '6', '2017-08-16 02:18:36', 'Updated.', '3', '2017-08-16', '0'),
('283', '30', '223', '6', '2017-08-16 02:20:59', NULL, '3', '2017-08-16', '0'),
('284', '30', '224', '6', '2017-08-16 02:25:44', NULL, '3', '2017-08-16', '0'),
('285', '30', '225', '6', '2017-08-16 02:33:09', NULL, '3', '2017-08-16', '0'),
('286', '30', '226', '6', '2017-08-16 02:36:25', NULL, '3', '2017-08-16', '0'),
('287', '30', '227', '6', '2017-08-16 03:47:27', NULL, '3', '2017-08-16', '0'),
('288', '30', '228', '6', '2017-08-16 03:50:28', NULL, '3', '2017-08-16', '0'),
('289', '30', '229', '6', '2017-08-16 03:54:28', NULL, '3', '2017-08-16', '0'),
('290', '30', '230', '6', '2017-08-16 04:01:21', NULL, '3', '2017-08-16', '0'),
('291', '30', '231', '6', '2017-08-16 04:07:38', NULL, '3', '2017-08-16', '0'),
('292', '30', '232', '6', '2017-08-16 06:48:25', NULL, '3', '2017-08-16', '0'),
('293', '30', '233', '6', '2017-08-16 06:56:05', NULL, '3', '2017-08-16', '0'),
('294', '30', '234', '6', '2017-08-16 07:06:27', NULL, '3', '2017-08-16', '0'),
('295', '30', '235', '6', '2017-08-16 07:15:34', NULL, '3', '2017-08-16', '0'),
('296', '30', '236', '6', '2017-08-16 07:39:54', NULL, '3', '2017-08-16', '0'),
('297', '30', '237', '6', '2017-08-16 23:09:33', NULL, '3', '2017-08-17', '0'),
('298', '30', '238', '6', '2017-08-16 23:16:12', NULL, '3', '2017-08-17', '0'),
('299', '30', '239', '6', '2017-08-16 23:19:44', NULL, '3', '2017-08-17', '0'),
('300', '30', '240', '6', '2017-08-16 23:23:02', NULL, '3', '2017-08-17', '0'),
('301', '30', '241', '6', '2017-08-16 23:40:29', NULL, '3', '2017-08-17', '0'),
('302', '30', '242', '6', '2017-08-17 01:31:48', NULL, '3', '2017-08-17', '0'),
('303', '30', '243', '6', '2017-08-17 02:32:12', NULL, '3', '2017-07-05', '0'),
('304', '30', '244', '6', '2017-08-17 02:36:40', NULL, '3', '2017-07-05', NULL),
('305', '30', '244', '6', '2017-08-17 02:36:40', 'Updated.', '3', '2017-07-05', '0'),
('306', '30', '245', '6', '2017-08-17 02:39:07', NULL, '3', '2017-07-05', '0'),
('307', '30', '246', '6', '2017-08-17 02:42:26', NULL, '3', '2017-07-05', '0'),
('308', '30', '247', '6', '2017-08-17 02:46:50', NULL, '3', '2017-07-05', '0'),
('309', '30', '248', '6', '2017-08-17 02:52:22', NULL, '3', '2017-07-05', '0'),
('310', '30', '249', '6', '2017-08-17 02:57:52', NULL, '3', '2017-07-05', '0'),
('311', '30', '250', '6', '2017-08-17 05:08:32', NULL, '3', '2017-07-07', '0'),
('312', '30', '251', '6', '2017-08-17 05:19:22', NULL, '3', '2017-07-06', '0'),
('313', '30', '252', '6', '2017-08-17 05:21:32', NULL, '3', '2017-07-06', '0'),
('314', '30', '253', '6', '2017-08-17 05:24:56', NULL, '3', '2017-07-06', '0'),
('315', '30', '254', '6', '2017-08-17 06:04:30', NULL, '3', '2017-08-17', NULL),
('316', '30', '255', '6', '2017-08-17 05:40:55', NULL, '3', '2017-07-06', '0'),
('317', '30', '254', '6', '2017-08-17 06:04:30', 'Updated.', '3', '2017-08-17', '0'),
('318', '30', '256', '6', '2017-08-17 07:00:52', NULL, '3', '2017-08-17', '0'),
('319', '30', '257', '6', '2017-08-17 07:09:52', NULL, '3', '2017-08-17', '0'),
('320', '30', '258', '6', '2017-08-19 00:20:36', NULL, '3', '2017-08-18', '0'),
('321', '30', '259', '6', '2017-08-19 00:26:54', NULL, '3', '2017-08-18', '0'),
('322', '30', '260', '6', '2017-08-19 00:31:23', NULL, '3', '2017-08-18', '0'),
('323', '30', '261', '6', '2017-08-19 00:33:57', NULL, '3', '2017-08-18', '0'),
('324', '30', '262', '6', '2017-08-19 00:38:29', NULL, '3', '2017-08-18', '0'),
('325', '30', '263', '6', '2017-08-19 00:41:41', NULL, '3', '2017-08-18', '0'),
('326', '30', '264', '6', '2017-08-19 00:48:19', NULL, '3', '2017-08-18', '0'),
('327', '30', '265', '6', '2017-08-19 00:55:58', NULL, '3', '2017-08-18', '0'),
('328', '30', '266', '6', '2017-08-19 01:16:11', NULL, '3', '2017-08-18', '0'),
('329', '30', '267', '6', '2017-08-19 01:22:55', NULL, '3', '2017-08-18', '0'),
('330', '30', '268', '6', '2017-08-19 01:23:55', NULL, '3', '2017-08-18', '0'),
('331', '30', '269', '6', '2017-08-19 01:25:15', NULL, '3', '2017-08-18', '0'),
('332', '30', '270', '6', '2017-08-19 01:27:17', NULL, '3', '2017-08-18', '0'),
('333', '30', '271', '6', '2017-08-19 01:28:35', NULL, '3', '2017-08-18', '0'),
('334', '30', '272', '6', '2017-08-19 01:32:24', NULL, '3', '2017-08-18', '0'),
('335', '30', '273', '6', '2017-08-19 01:33:58', NULL, '3', '2017-08-18', '0'),
('336', '30', '274', '6', '2017-08-19 01:35:08', NULL, '3', '2017-08-18', '0'),
('337', '30', '275', '6', '2017-08-19 01:38:30', NULL, '3', '2017-08-18', '0'),
('338', '30', '276', '6', '2017-08-19 01:43:03', NULL, '3', '2017-08-18', '0'),
('339', '30', '277', '6', '2017-08-19 01:45:21', NULL, '3', '2017-08-19', '0'),
('340', '30', '278', '6', '2017-08-19 01:50:50', NULL, '3', '2017-08-19', '0'),
('341', '30', '279', '6', '2017-08-19 02:04:38', NULL, '3', '2017-08-19', '0'),
('342', '30', '280', '6', '2017-08-19 03:13:49', NULL, '3', '2017-08-19', '0'),
('343', '30', '281', '6', '2017-08-19 04:09:43', NULL, '3', '2017-08-19', '0'),
('344', '30', '282', '6', '2017-08-19 04:52:41', NULL, '3', '2017-08-19', '0'),
('345', '30', '283', '6', '2017-08-19 05:10:21', NULL, '3', '2017-07-06', '0'),
('346', '30', '284', '6', '2017-08-19 05:12:25', NULL, '3', '2017-07-06', '0'),
('347', '30', '285', '6', '2017-08-19 05:14:51', NULL, '3', '2017-07-06', '0'),
('348', '30', '286', '6', '2017-08-19 05:20:26', NULL, '3', '2017-07-06', '0'),
('349', '30', '287', '6', '2017-08-19 05:28:35', NULL, '3', '2017-07-06', '0'),
('350', '30', '288', '6', '2017-08-19 05:32:34', NULL, '3', '2017-07-06', NULL),
('351', '30', '288', '6', '2017-08-19 05:32:34', 'Updated.', '3', '2017-07-06', '0'),
('352', '30', '289', '6', '2017-08-19 05:38:44', NULL, '3', '2017-07-06', '0'),
('353', '30', '290', '6', '2017-08-19 05:44:20', NULL, '3', '2017-07-06', '0'),
('354', '30', '291', '6', '2017-08-19 05:46:59', NULL, '3', '2017-07-06', '0'),
('355', '30', '292', '6', '2017-08-19 05:50:22', NULL, '3', '2017-08-19', '0'),
('356', '30', '293', '6', '2017-08-19 06:01:13', NULL, '3', '2017-07-07', '0'),
('357', '30', '294', '6', '2017-08-19 06:03:36', NULL, '3', '2017-07-07', '0'),
('358', '30', '295', '6', '2017-08-19 06:05:21', NULL, '3', '2017-07-07', '0'),
('359', '30', '296', '6', '2017-08-19 06:09:33', NULL, '3', '2017-07-07', '0'),
('360', '30', '297', '6', '2017-08-19 06:14:07', NULL, '3', '2017-07-07', '0'),
('361', '30', '298', '6', '2017-08-19 06:15:58', NULL, '3', '2017-07-07', '0'),
('362', '30', '299', '6', '2017-08-19 06:22:59', NULL, '3', '2017-07-07', '0'),
('363', '30', '300', '6', '2017-08-19 06:30:35', NULL, '3', '2017-07-07', '0'),
('364', '30', '301', '6', '2017-08-19 06:36:04', NULL, '3', '2017-07-07', '0'),
('365', '30', '302', '6', '2017-08-19 06:39:54', NULL, '3', '2017-07-07', '0'),
('366', '30', '303', '6', '2017-08-19 06:42:18', NULL, '3', '2017-07-07', '0'),
('367', '30', '304', '6', '2017-08-19 06:46:06', NULL, '3', '2017-07-07', '0'),
('368', '30', '305', '6', '2017-08-19 06:51:22', NULL, '3', '2017-07-07', NULL),
('369', '30', '305', '6', '2017-08-19 06:51:22', 'Updated.', '3', '2017-07-07', '0'),
('370', '30', '306', '6', '2017-08-19 06:55:09', NULL, '3', '2017-07-07', '0'),
('371', '30', '307', '6', '2017-08-19 06:59:56', NULL, '3', '2017-07-07', '0'),
('372', '30', '308', '6', '2017-08-19 07:03:00', NULL, '3', '2017-07-07', '0'),
('373', '30', '309', '6', '2017-08-19 07:08:00', NULL, '3', '2017-07-07', '0'),
('374', '30', '310', '6', '2017-08-19 07:18:45', NULL, '3', '2017-07-07', '0'),
('375', '30', '311', '6', '2017-08-19 07:21:04', NULL, '3', '2017-07-08', '0'),
('376', '30', '312', '6', '2017-08-19 07:24:19', NULL, '3', '2017-07-08', '0'),
('377', '30', '313', '6', '2017-08-19 07:31:04', NULL, '3', '2017-07-08', '0'),
('378', '30', '314', '6', '2017-08-19 07:34:21', NULL, '3', '2017-07-08', '0'),
('379', '30', '315', '6', '2017-08-19 07:36:41', NULL, '3', '2017-07-08', '0'),
('380', '30', '316', '6', '2017-08-19 07:43:27', NULL, '3', '2017-08-19', '0'),
('381', '30', '317', '6', '2017-08-20 23:38:00', NULL, '3', '2017-08-21', '0'),
('382', '30', '318', '6', '2017-08-20 23:40:32', NULL, '3', '2017-08-21', '0'),
('383', '30', '319', '6', '2017-08-20 23:44:48', NULL, '3', '2017-08-21', '0'),
('384', '30', '320', '6', '2017-08-20 23:46:44', NULL, '3', '2017-08-21', '0'),
('385', '30', '321', '6', '2017-08-21 00:45:17', NULL, '3', '2017-08-21', '0'),
('386', '30', '322', '6', '2017-08-21 00:48:04', NULL, '3', '2017-08-21', '0'),
('387', '30', '323', '6', '2017-08-21 00:51:06', NULL, '3', '2017-08-21', '0'),
('388', '30', '324', '6', '2017-08-21 00:52:31', NULL, '3', '2017-08-21', '0'),
('389', '30', '325', '6', '2017-08-21 01:15:08', NULL, '3', '2017-08-21', '0'),
('390', '30', '326', '6', '2017-08-21 01:24:57', NULL, '3', '2017-08-21', '0'),
('391', '30', '327', '6', '2017-08-21 01:28:44', NULL, '3', '2017-08-21', '0'),
('392', '30', '328', '6', '2017-08-21 01:55:22', NULL, '3', '2017-08-21', '0'),
('393', '30', '329', '6', '2017-08-21 01:57:58', NULL, '3', '2017-08-21', '0'),
('394', '30', '330', '6', '2017-08-21 02:00:49', NULL, '3', '2017-08-21', '0'),
('395', '30', '331', '6', '2017-08-21 02:38:45', NULL, '3', '2017-08-21', '0'),
('396', '30', '332', '6', '2017-08-21 02:42:20', NULL, '3', '2017-08-21', '0'),
('397', '30', '333', '6', '2017-08-21 03:58:39', NULL, '3', '2017-08-21', '0'),
('398', '30', '334', '6', '2017-08-21 04:01:48', NULL, '3', '2017-08-21', '0'),
('399', '30', '335', '6', '2017-08-21 04:17:00', NULL, '3', '2017-08-21', '0'),
('400', '30', '336', '6', '2017-08-21 05:45:49', NULL, '3', '2017-06-30', NULL),
('401', '30', '336', '6', '2017-08-21 05:45:49', 'Updated.', '3', '2017-08-21', '0'),
('402', '30', '337', '6', '2017-08-21 05:55:24', NULL, '3', '2017-08-21', '0'),
('403', '30', '338', '6', '2017-08-21 06:27:39', NULL, '3', '2017-08-21', '0'),
('404', '30', '339', '1', '2017-08-21 06:47:38', NULL, '3', '2017-06-30', NULL),
('405', '32', '4', '1', '2017-08-21 06:34:39', NULL, '2', '2017-06-30', '0'),
('406', '30', '340', '1', '2017-08-21 06:35:06', NULL, '3', '2017-08-30', '0'),
('407', '30', '339', '6', '2017-08-21 06:49:26', 'Updated.', '3', '2017-08-21', NULL),
('408', '30', '339', '6', '2017-08-21 06:49:26', 'Updated.', '3', '2017-08-21', '0'),
('409', '30', '341', '6', '2017-08-21 07:23:27', NULL, '3', '2017-08-21', NULL),
('410', '30', '341', '6', '2017-08-21 07:23:27', 'Updated.', '3', '2017-08-21', '0'),
('411', '30', '342', '6', '2017-08-21 07:31:05', NULL, '3', '2017-08-21', '0'),
('412', '30', '343', '6', '2017-08-21 08:02:07', NULL, '3', '2017-08-21', '0'),
('413', '30', '344', '6', '2017-08-21 23:36:56', NULL, '3', '2017-08-21', '0'),
('414', '30', '345', '6', '2017-08-22 01:39:22', NULL, '3', '2017-07-08', '0'),
('415', '30', '346', '6', '2017-08-22 01:44:27', NULL, '3', '2017-07-08', '0'),
('416', '30', '347', '6', '2017-08-22 01:46:17', NULL, '3', '2017-07-10', '0'),
('417', '30', '348', '6', '2017-08-22 01:47:41', NULL, '3', '2017-07-10', '0'),
('418', '30', '349', '6', '2017-08-22 01:49:59', NULL, '3', '2017-07-10', '0'),
('419', '30', '350', '6', '2017-08-22 01:51:10', NULL, '3', '2017-07-10', '0'),
('420', '1', '3', '4', '2017-08-22 01:58:14', NULL, '3', '2017-08-22', '0'),
('421', '30', '351', '6', '2017-08-22 01:59:01', NULL, '3', '2017-07-10', '0'),
('422', '30', '352', '6', '2017-08-22 02:00:18', NULL, '3', '2017-08-22', '0'),
('423', '30', '353', '6', '2017-08-22 02:01:42', NULL, '3', '2017-08-22', '0'),
('424', '30', '354', '6', '2017-08-22 02:06:11', NULL, '3', '2017-08-22', '0'),
('425', '30', '355', '6', '2017-08-22 02:11:10', NULL, '3', '2017-08-22', '0'),
('426', '30', '356', '6', '2017-08-22 02:13:48', NULL, '3', '2017-08-22', '0'),
('427', '30', '357', '6', '2017-08-22 02:27:00', NULL, '3', '2017-07-10', '0'),
('428', '30', '358', '6', '2017-08-22 02:29:31', NULL, '3', '2017-07-10', '0'),
('429', '30', '359', '6', '2017-08-22 02:32:52', NULL, '3', '2017-07-10', '0'),
('430', '30', '360', '6', '2017-08-22 02:46:33', NULL, '3', '2017-07-10', '0'),
('431', '30', '361', '6', '2017-08-22 02:49:01', NULL, '3', '2017-07-10', '0'),
('432', '30', '362', '6', '2017-08-22 02:51:26', NULL, '3', '2017-07-10', '0'),
('433', '30', '363', '6', '2017-08-22 02:52:58', NULL, '3', '2017-07-10', '0'),
('434', '30', '364', '6', '2017-08-22 02:55:10', NULL, '3', '2017-07-10', '0'),
('435', '30', '365', '6', '2017-08-22 03:02:33', NULL, '3', '2017-07-10', '0'),
('436', '1', '4', '4', '2017-08-22 03:06:14', NULL, '3', '2017-08-22', '0');

### Structure of table `0_bank_accounts` ###

DROP TABLE IF EXISTS `0_bank_accounts`;

CREATE TABLE `0_bank_accounts` (
  `account_code` varchar(15) COLLATE utf8_unicode_ci NOT NULL DEFAULT '',
  `account_type` smallint(6) NOT NULL DEFAULT '0',
  `bank_account_name` varchar(60) COLLATE utf8_unicode_ci NOT NULL DEFAULT '',
  `bank_account_number` varchar(100) COLLATE utf8_unicode_ci NOT NULL DEFAULT '',
  `bank_name` varchar(60) COLLATE utf8_unicode_ci NOT NULL DEFAULT '',
  `bank_address` tinytext COLLATE utf8_unicode_ci,
  `bank_curr_code` char(3) COLLATE utf8_unicode_ci NOT NULL DEFAULT '',
  `dflt_curr_act` tinyint(1) NOT NULL DEFAULT '0',
  `id` smallint(6) NOT NULL AUTO_INCREMENT,
  `bank_charge_act` varchar(15) COLLATE utf8_unicode_ci NOT NULL DEFAULT '',
  `last_reconciled_date` timestamp NOT NULL DEFAULT '0000-00-00 00:00:00',
  `ending_reconcile_balance` double NOT NULL DEFAULT '0',
  `inactive` tinyint(1) NOT NULL DEFAULT '0',
  PRIMARY KEY (`id`),
  KEY `bank_account_name` (`bank_account_name`),
  KEY `bank_account_number` (`bank_account_number`),
  KEY `account_code` (`account_code`)
) ENGINE=InnoDB AUTO_INCREMENT=19 DEFAULT CHARSET=utf8 COLLATE=utf8_unicode_ci ;

### Data of table `0_bank_accounts` ###

INSERT INTO `0_bank_accounts` VALUES
('101001', '3', 'PETTY CASH', '', 'PETTY CASH', NULL, 'PKR', '0', '9', '601605', '0000-00-00 00:00:00', '0', '0'),
('101005', '3', 'PETTY CASH PXS', '', 'PETTY CASH PXS', NULL, 'PKR', '0', '10', '601605', '0000-00-00 00:00:00', '0', '0'),
('101900', '3', 'PETTY CASH UOF', '', 'PETTY CASH UOF', NULL, 'PKR', '0', '11', '601605', '0000-00-00 00:00:00', '0', '0'),
('101999', '3', 'UNDEPOSIT CASH COLLECTION', '', 'UNDEPOSIT CASH COLLECTION', NULL, 'PKR', '0', '12', '601605', '0000-00-00 00:00:00', '0', '0'),
('102001', '0', 'HMBL 148581', '', 'HMBL 148581', NULL, 'PKR', '0', '13', '601605', '0000-00-00 00:00:00', '0', '0'),
('102002', '0', 'HMBL 150251', '', 'HMBL 150251', NULL, 'PKR', '0', '14', '601605', '0000-00-00 00:00:00', '0', '0'),
('102003', '0', 'NIB 10350287', '', 'NIB 10350287', NULL, 'PKR', '0', '15', '601605', '0000-00-00 00:00:00', '0', '0'),
('102900', '0', 'KASB 001 UOF', '', 'KASB 001 UOF', NULL, 'PKR', '0', '16', '601605', '0000-00-00 00:00:00', '0', '0'),
('102905', '0', 'NIB 547 UOF', '', 'NIB 547 UOF', NULL, 'PKR', '0', '17', '601605', '0000-00-00 00:00:00', '0', '0'),
('102910', '0', 'MCB 068', '', 'MCB 068', NULL, 'PKR', '0', '18', '601605', '0000-00-00 00:00:00', '0', '0');

### Structure of table `0_bank_trans` ###

DROP TABLE IF EXISTS `0_bank_trans`;

CREATE TABLE `0_bank_trans` (
  `id` int(11) NOT NULL AUTO_INCREMENT,
  `type` smallint(6) DEFAULT NULL,
  `trans_no` int(11) DEFAULT NULL,
  `bank_act` varchar(15) COLLATE utf8_unicode_ci NOT NULL DEFAULT '',
  `ref` varchar(40) COLLATE utf8_unicode_ci DEFAULT NULL,
  `trans_date` date NOT NULL DEFAULT '0000-00-00',
  `amount` double DEFAULT NULL,
  `dimension_id` int(11) NOT NULL DEFAULT '0',
  `dimension2_id` int(11) NOT NULL DEFAULT '0',
  `person_type_id` int(11) NOT NULL DEFAULT '0',
  `person_id` tinyblob,
  `reconciled` date DEFAULT NULL,
  `cheque` int(11) NOT NULL,
  PRIMARY KEY (`id`),
  KEY `bank_act` (`bank_act`,`ref`),
  KEY `type` (`type`,`trans_no`),
  KEY `bank_act_2` (`bank_act`,`reconciled`),
  KEY `bank_act_3` (`bank_act`,`trans_date`)
) ENGINE=InnoDB AUTO_INCREMENT=13 DEFAULT CHARSET=utf8 COLLATE=utf8_unicode_ci ;

### Data of table `0_bank_trans` ###

INSERT INTO `0_bank_trans` VALUES
('1', '1', '1', '7', '001/2017', '2017-07-04', '0', '0', '0', '0', NULL, NULL, '0'),
('2', '1', '2', '13', '002/2017', '2017-07-11', '0', '0', '0', '0', NULL, NULL, '0'),
('3', '0', '18', '10', '018/2017', '2017-06-30', '66291', '0', '0', '0', NULL, NULL, '0'),
('4', '0', '19', '10', '019/2017', '2017-06-30', '21200', '0', '0', '0', NULL, NULL, '0'),
('5', '0', '19', '11', '019/2017', '2017-06-30', '2511998', '0', '0', '0', NULL, NULL, '0'),
('6', '0', '19', '13', '019/2017', '2017-06-30', '4690411.69', '0', '0', '0', NULL, NULL, '0'),
('7', '0', '19', '14', '019/2017', '2017-06-30', '670577.85', '0', '0', '0', NULL, NULL, '0'),
('8', '0', '19', '16', '019/2017', '2017-06-30', '14068.77', '0', '0', '0', NULL, NULL, '0'),
('9', '0', '19', '17', '019/2017', '2017-06-30', '74542.59', '0', '0', '0', NULL, NULL, '0'),
('10', '0', '19', '18', '019/2017', '2017-06-30', '154302.76', '0', '0', '0', NULL, NULL, '0'),
('11', '1', '3', '16', 'BPV001/2017', '2017-08-22', '-10', '0', '0', '4', '1', NULL, '0'),
('12', '1', '4', '16', 'BPV002/2017', '2017-08-22', '-100', '0', '0', '4', '1', NULL, '0');

### Structure of table `0_bom` ###

DROP TABLE IF EXISTS `0_bom`;

CREATE TABLE `0_bom` (
  `id` int(11) NOT NULL AUTO_INCREMENT,
  `parent` char(20) COLLATE utf8_unicode_ci NOT NULL DEFAULT '',
  `component` char(20) COLLATE utf8_unicode_ci NOT NULL DEFAULT '',
  `workcentre_added` int(11) NOT NULL DEFAULT '0',
  `loc_code` char(5) COLLATE utf8_unicode_ci NOT NULL DEFAULT '',
  `quantity` double NOT NULL DEFAULT '1',
  PRIMARY KEY (`parent`,`component`,`workcentre_added`,`loc_code`),
  KEY `component` (`component`),
  KEY `id` (`id`),
  KEY `loc_code` (`loc_code`),
  KEY `parent` (`parent`,`loc_code`),
  KEY `workcentre_added` (`workcentre_added`)
) ENGINE=InnoDB DEFAULT CHARSET=utf8 COLLATE=utf8_unicode_ci ;

### Data of table `0_bom` ###


### Structure of table `0_budget_trans` ###

DROP TABLE IF EXISTS `0_budget_trans`;

CREATE TABLE `0_budget_trans` (
  `id` int(11) NOT NULL AUTO_INCREMENT,
  `tran_date` date NOT NULL DEFAULT '0000-00-00',
  `account` varchar(15) COLLATE utf8_unicode_ci NOT NULL DEFAULT '',
  `memo_` tinytext COLLATE utf8_unicode_ci NOT NULL,
  `amount` double NOT NULL DEFAULT '0',
  `dimension_id` int(11) DEFAULT '0',
  `dimension2_id` int(11) DEFAULT '0',
  PRIMARY KEY (`id`),
  KEY `Account` (`account`,`tran_date`,`dimension_id`,`dimension2_id`)
) ENGINE=InnoDB DEFAULT CHARSET=utf8 COLLATE=utf8_unicode_ci ;

### Data of table `0_budget_trans` ###


### Structure of table `0_chart_class` ###

DROP TABLE IF EXISTS `0_chart_class`;

CREATE TABLE `0_chart_class` (
  `cid` varchar(3) COLLATE utf8_unicode_ci NOT NULL,
  `class_name` varchar(60) COLLATE utf8_unicode_ci NOT NULL DEFAULT '',
  `ctype` tinyint(1) NOT NULL DEFAULT '0',
  `inactive` tinyint(1) NOT NULL DEFAULT '0',
  PRIMARY KEY (`cid`)
) ENGINE=InnoDB DEFAULT CHARSET=utf8 COLLATE=utf8_unicode_ci ;

### Data of table `0_chart_class` ###

INSERT INTO `0_chart_class` VALUES
('10', 'Assets', '1', '0'),
('20', 'Liabilities', '2', '0'),
('30', 'Capital', '3', '0'),
('40', 'Income', '4', '0'),
('50', 'Expenses', '6', '0');

### Structure of table `0_chart_master` ###

DROP TABLE IF EXISTS `0_chart_master`;

CREATE TABLE `0_chart_master` (
  `account_code` varchar(15) COLLATE utf8_unicode_ci NOT NULL DEFAULT '',
  `account_code2` varchar(15) COLLATE utf8_unicode_ci NOT NULL DEFAULT '',
  `account_name` varchar(60) COLLATE utf8_unicode_ci NOT NULL DEFAULT '',
  `account_type` varchar(10) COLLATE utf8_unicode_ci NOT NULL DEFAULT '0',
  `inactive` tinyint(1) NOT NULL DEFAULT '0',
  PRIMARY KEY (`account_code`),
  KEY `account_name` (`account_name`),
  KEY `accounts_by_type` (`account_type`,`account_code`)
) ENGINE=InnoDB DEFAULT CHARSET=utf8 COLLATE=utf8_unicode_ci ;

### Data of table `0_chart_master` ###

INSERT INTO `0_chart_master` VALUES
('101001 ', '', ' PETTY CASH   ', '101', '0'),
('101005 ', '', ' PETTY CASH PXS  ', '101', '0'),
('101900 ', '', ' PETTY CASH UOF  ', '101', '0'),
('101999 ', '', ' UNDEPOSIT CASH COLLECTION   ', '101', '0'),
('102001 ', '', ' HMBL 148581  ', '102', '0'),
('102002 ', '', ' HMBL 150251  ', '102', '0'),
('102003 ', '', ' NIB 10350287  ', '102', '0'),
('102900 ', '', ' KASB 19 619988 001 (UOF)', '102', '0'),
('102905 ', '', ' NIB HZ 10121547 (UOF)  ', '102', '0'),
('102910 ', '', ' MCB 10243068  ', '102', '0'),
('103100 ', '', ' PREPAID EXPENSE   ', '103', '0'),
('103100005 ', '', ' GENSET SERVICE &amp; MAINTENANCE   ', '103100', '0'),
('103200 ', '', ' DEPOSIT   ', '103', '0'),
('103200005 ', '', ' DEPOSIT FOR VEHICLE/GENSET FUEL   ', '103200', '0'),
('103300 ', '', ' ADVANCE TO STAFF   ', '103', '0'),
('103400 ', '', ' LOAN TO STAFF   ', '103', '0'),
('103400002 ', '', ' LOAN TO HAFIZ UR REHMAN   ', '103400', '0'),
('103400007 ', '', ' LOAN TO MOHAMMAD RAZA   ', '103400', '0'),
('103400015 ', '', ' LOAN TO SULEMAN   ', '103400', '0'),
('103400026 ', '', ' LOAN TO MUHAMMAD SOHAIL   ', '103400', '0'),
('103400027 ', '', ' LOAN TO SHOAIB KHAN   ', '103400', '0'),
('103400028 ', '', ' LOAN TO PERVAIZ KHAN   ', '103400', '0'),
('103400029 ', '', ' LOAN TO AYAZ   ', '103400', '0'),
('10340003 ', '', ' LOAN TO HUZEFA   ', '103400', '0'),
('103400030 ', '', ' LOAN TO BARKAT ALI   ', '103400', '0'),
('103400031 ', '', ' LOAN TO INAYATULLAH   ', '103400', '0'),
('103400032 ', '', ' LOAN TO FAROOQ AHMED   ', '103400', '0'),
('103400033 ', '', ' LOAN TO SULTAN ROOM   ', '103400', '0'),
('103400034 ', '', ' LOAN TO SAEED KHAN   ', '103400', '0'),
('103400035 ', '', ' LOAN TO QASIM ARMAN   ', '103400', '0'),
('103400036 ', '', ' LOAN TO VICTOR   ', '103400', '0'),
('103400037 ', '', ' LOAN TO RAHEEL UR REHMAN  ', '103400', '0'),
('103400038 ', '', ' LOAN TO KHUWAJA MOHAMMAD   ', '103400', '0'),
('103400039 ', '', ' LOAN TO USMAN   ', '103400', '0'),
('103400040 ', '', ' LOAN TO AQEEL DRIVER   ', '103400', '0'),
('103400041 ', '', ' LOAN TO IBRAHIM ABDULLAH   ', '103400', '0'),
('103400042 ', '', ' LOAN TO MAZHAR   ', '103400', '0'),
('103400043 ', '', ' LOAN TO GUL NAZAR   ', '103400', '0'),
('103400044 ', '', ' LOAN TO SAJID USMAN   ', '103400', '0'),
('103400045 ', '', ' LOAN TO SOHAIL SWEEPER   ', '103400', '0'),
('103400046 ', '', ' LOAN TO ADNAN SWEEPER   ', '103400', '0'),
('103400047 ', '', ' LOAN TO KALEEM AHMED   ', '103400', '0'),
('103400048 ', '', ' LOAN TO HUSSAIN SHABBIR   ', '103400', '0'),
('103400049 ', '', ' LOAN TO ABID   ', '103400', '0'),
('103400050 ', '', ' LOAN TO AKHTAR HUSSAIN   ', '103400', '0'),
('103400051 ', '', ' LOAN TO HANIF   ', '103400', '0'),
('103400052 ', '', ' LOAN TO SYED RASHID IQBAL   ', '103400', '0'),
('103400053 ', '', ' LOAN TO FURQAN   ', '103400', '0'),
('103400054 ', '', ' LOAN TO SHAFIQ SB   ', '103400', '0'),
('103400055 ', '', ' LOAN TO ZAINUDDIN   ', '103400', '0'),
('103400056 ', '', ' LOAN TO KEEMAT GUL   ', '103400', '0'),
('103400057 ', '', ' LOAN TO ISMAIL DRIVER   ', '103400', '0'),
('103400058 ', '', ' LOAN TO MOHAMMAD ALI BAIG   ', '103400', '0'),
('103400059 ', '', ' LOAN TO TAYYEB   ', '103400', '0'),
('103400060 ', '', ' LOAN TO NAVEED   ', '103400', '0'),
('103400061 ', '', ' LOAN TO ASHRAF   ', '103400', '0'),
('103800 ', '', ' ADVANCES TO SUPPLIER   ', '103', '0'),
('104001 ', '', ' ORD#001 ADW/0411/8741  ', '104', '0'),
('104002 ', '', ' ORD#002 KGT/0511/WCSL  ', '104', '0'),
('104003 ', '', ' ORD#003 KGT/0511/RI098  ', '104', '0'),
('104004 ', '', ' ORD#004 KGT/0611/RI100  ', '104', '0'),
('104005 ', '', ' ORD#005 R&amp;H/0611/906890704  ', '104', '0'),
('104006 ', '', ' ORD#006 KGT/0511/RI099  ', '104', '0'),
('10401 ', '', ' IMPORT RAW MATERIAL   ', '104', '0'),
('10401007 ', '', ' ORD#007 SHI/0611/LY11  ', '104', '0'),
('10401008 ', '', ' ORD#008 ASH/0611/11095  ', '104', '0'),
('10401009 ', '', ' ORD#009 KGT/0711/PWDD  ', '104', '0'),
('10401010 ', '', ' ORD#010 RKW/0711/AIC 1029 ', '104', '0'),
('10401011 ', '', ' ORD#011 YPN/0811/AS081602  ', '104', '0'),
('10401012 ', '', ' ORD#012 AKZ/0911/5400673035  ', '104', '0'),
('10401013 ', '', ' ORD#013 WCK/1111/142787089  ', '104', '0'),
('10401014 ', '', ' ORD#014 KGT/0112/WCSL2012  ', '104', '0'),
('10401015 ', '', ' ORD#015 KGT/0312/GPR201  ', '104', '0'),
('10401016 ', '', ' ORD#016 ECU/SCP/0612  ', '104', '0'),
('10401017 ', '', ' ORD#017 GRIM/EXPANDIT10R/0712  ', '104', '0'),
('10401018 ', '', ' ORD#018 KGT/KERNEOS/HAC/0712  ', '104', '0'),
('10401019 ', '', ' ORD#019 KGT/KG BONTIRA/FOAM AGNT/0812  ', '104', '0'),
('10401020 ', '', ' ORD#020 KGT/0812/GPR237883  ', '104', '0'),
('10401021 ', '', ' ORD#21 HFA/ADDITIVE FOR CONCRETE/MORTAR  ', '104', '0'),
('10401022 ', '', ' ORD #.22 BASF CHEMICALS/ACRONAL S 430 P  ', '104', '0'),
('10401023 ', '', ' ORD# 23 HFA/ADDITIVE FOR CONCRETE/MORTAR  ', '104', '0'),
('10401024 ', '', ' ORD #.24 ROCKWOOD CLAY NANOTHIX 1490 ', '104', '0'),
('10401025 ', '', ' ORD #25  SODIUM NAPTHALANE  ', '104', '0'),
('10401026 ', '', ' ORD #.26 DUO MIX SPARE PARTS   ', '104', '0'),
('10401027 ', '', ' ORD #.27 HANGZHONG FIRST ADHESIVE   ', '104', '0'),
('10401028 ', '', ' ORD #:28 REXIM TRADING FZE (POWER TROWEL)   ', '104', '0'),
('10401029 ', '', ' ORD #.29 M TEC SPARE PARTS  ', '104', '0'),
('10401030 ', '', ' ORD #.30 M TEC SPARE PARTS1  ', '104', '0'),
('10401031 ', '', ' ORD #:31 M TEC TRANSFER CHAMBER DUOMIX  ', '104', '0'),
('10401032 ', '', ' ORD # 32 STAINLESS STEEL MIXING TANK  ', '104', '0'),
('10401033 ', '', ' ORD #:33   TUBE FILLING &amp; SEALING MACHINE  ', '104', '0'),
('10401034 ', '', ' ORD #:34 EPOXY RESIN KAUKAWALA  ', '104', '0'),
('10401035 ', '', ' ORD #:35 M TEC RUBBER INSERT  ', '104', '0'),
('10401036 ', '', ' ORD #:36 M TEC SPARE PARTS  ', '104', '0'),
('10401037 ', '', ' ORD #:37 GLUE PACKING MACHINE   ', '104', '0'),
('10401038 ', '', ' ORD #:38 GR 100 PILOT PLT. FOR HARDNER &amp; EPOXY RES  ', '104', '0'),
('10405 ', '', ' LOCAL RM PURCHASE   ', '104', '0'),
('10405001 ', '', ' LOC ORD#001 RI/MATERIAL ', '104', '0'),
('10405002 ', '', ' LOC ORD#002 SABCON/VNP,ETHR ', '104', '0'),
('10405003 ', '', ' LOC ORD#003 PQCL/ HYDERATED LIME ', '104', '0'),
('10405004 ', '', ' LOC ORD#004 LUCKY CEMENT / OPC ', '104', '0'),
('10405005 ', '', ' LOC ORD#005 CROWN/SAND ', '104', '0'),
('10405006 ', '', ' LOC ORD#006 YGS/0811/?? ', '104', '0'),
('10405007 ', '', ' LOC ORD#007 FRZ/CALCIUM CARB. ', '104', '0'),
('10405008 ', '', ' LOC ORD#008 LUCKY CEMENT / W OPC', '104', '0'),
('10405009 ', '', ' LOC ORD#009 SOLVENT/XYLENE ', '104', '0'),
('10405010 ', '', ' LOC ORD#010 RED SAND  ', '104', '0'),
('10406 ', '', ' LOCAL PACKING MATERIAL   ', '104', '0'),
('10406001 ', '', ' PCK ORD#001 SPCL/PLASTIC BAGS ', '104', '0'),
('10406002 ', '', ' PCK ORD#002 TLP/PAPER BAGS ', '104', '0'),
('10411 ', '', ' IMPORT MACHINES &amp; EQUIPMENT   ', '104', '0'),
('10411001 ', '', ' PLM ORD#001 KGT/COMP/0811/GDFZ11 ', '104', '0'),
('10411002 ', '', ' PLM ORD#002 KGT/M TEC/DUOMIX', '104', '0'),
('10411003 ', '', ' PLM ORD#003 KGT/H&amp;B/PCK ', '104', '0'),
('10411004 ', '', ' PLM ORD#004 KGT/M TEC/LABEQ,MIXER,LABMIX', '104', '0'),
('10411005 ', '', ' PLM ORD#005 ECU/M TEC/DUOMIX', '104', '0'),
('10411006 ', '', ' PLM ORD#006 SFT/DIESEL/05048 ', '104', '0'),
('105010 ', '', ' ADV TAX IMPORT  WH U/S 148  ', '105', '0'),
('105015 ', '', ' ADV TAX SUPP/SVC   WH U/S 153  ', '105', '0'),
('105020 ', '', ' ADV TAX WD   WH U/S 231A  ', '105', '0'),
('105025 ', '', ' ADV TAX VEHICLE  WH U/S 234  ', '105', '0'),
('105030 ', '', ' ADV TAX TELEPHONE   WH U/S 236  ', '105', '0'),
('106005 ', '', ' BANK A/C CONTRA   ', '106', '0'),
('1081 ', '', 'Accounts Receivable Control A/C', '351', '0'),
('109CSH101', '', '  ANEELA CHUGHTAI  ', '109', '0'),
('114005 ', '', ' SALES TAX   IMPORT/LOCAL  ', '114', '0'),
('114010 ', '', ' SALES TAX   OTHERS  ', '114', '0'),
('114015 ', '', ' SALES TAX   MOBILE PHONE  ', '114', '0'),
('114016 ', '', ' WH AR SALES TAX SPECIAL PROCEDURE   ', '114', '0'),
('115100 ', '', ' RAW MATERIAL   IMPORT  ', '115', '0'),
('115190 ', '', ' RAW MATERIAL SCP  ', '115', '0'),
('115300 ', '', ' RAW MATERIAL   LOCAL  ', '115', '0'),
('115910 ', '', ' RAW MATERIAL   SAMPLE  ', '115', '0'),
('115950 ', '', ' RAW MATERIAL   UOF  ', '115', '0'),
('115951 ', '', ' PROVISION FOR SLOW MOVING STOCK RM ', '115', '0'),
('117100 ', '', ' WORK IN PROCESS   RM  ', '117', '0'),
('119', '', '- STOCK IN HAND - FG', '', '0'),
('1191 ', '', 'Inventory Control A/C', '119', '0'),
('11910', '', ' FG-WATERPROOFING', '119', '0'),
('11910001', '', '- FG-RESSICOAT X-491', '119', '0'),
('11910002', '', '- FG-RESSICOAT-3020', '119', '0'),
('11910010', '', '- FG-RESSI LURRY', '119', '0'),
('11910051', '', '- FG-MOYA PROOF CWL', '119', '0'),
('11910056', '', '- FG-MOYA SHIELD BE', '119', '0'),
('11910061', '', '- FG-MOYA PROOF CWP', '119', '0'),
('11920', '', '- FG-DAMP PROOFING', '119', '0'),
('11920001', '', '- FG-SILBLOCK', '119', '0'),
('11920002', '', '- FG-SILBLOCK PR', '119', '0'),
('11920011', '', '- FG-SILDIP', '119', '0'),
('11920021', '', '- FG-SILMIX', '119', '0'),
('11930', '', '- FG-STAIN RESISTANT', '119', '0'),
('11930001', '', '- FG-SILBLOCK AG', '119', '0'),
('11940', '', '- FG-PRE MIX MORTARS', '119', '0'),
('11940001', '', '- FG-RESSI TA-210', '119', '0'),
('11940002', '', '- FG-RESSI TA-230', '119', '0'),
('11940003', '', '- FG-RESSI TA-240', '119', '0'),
('11940004', '', '- FG-RESSI TA-220', '119', '0'),
('11940005', '', '- FG-RESSI TA-250', '119', '0'),
('11940006', '', '- FG-RESSI TA-260', '119', '0'),
('11940007', '', '- FG-RESSI TA-230 G', '119', '0'),
('11940101', '', '- FG-RESSI PLASTOREND', '119', '0'),
('11940102', '', '- FG-RESSI PLASTOREND 110', '119', '0'),
('11940103', '', '- FG-RESSI PLASTOREND 120', '119', '0'),
('11940104', '', '- FG-RESSI GYPSOMIGHT 9010', '119', '0'),
('11940105', '', '- FG- RESSI PLASTOREND 120-R', '119', '0'),
('11940106', '', '- FG-RESSI  LIMOMIGHT 8000', '119', '0'),
('11940150', '', '- FG-RESSI SC-3009C', '119', '0'),
('11940201', '', '- FG-RESSI SLS-630', '119', '0'),
('11940202', '', '- FG-RESSI SLS-610', '119', '0'),
('11940203', '', '- FG-RESSI GROUT GP NSG-710', '119', '0'),
('11940301', '', '- FG-RESSI SC-310', '119', '0'),
('11940401', '', '- FG-PUMPABLE SCREED', '119', '0'),
('11944', '', '- FG-PREMIX REPAIR MORTAR', '119', '0'),
('11944001', '', '- FG-RESSI RM-410', '119', '0'),
('11944002', '', '- FG-RESSI CFC-920', '119', '0'),
('11944003', '', '- FG-RESSI RM-430', '119', '0'),
('11944101', '', '- FG-RESSI CFM--910', '119', '0'),
('11944201', '', '- FG-RESSI RUSHCOAT-170', '119', '0'),
('11946', '', '- FG-PREMIX TILE GROUT', '119', '0'),
('11946001', '', '- FG-TILE GROUT', '119', '0'),
('11960', '', '- FG-SPECIALITY &amp; PERFORMANCE MTRL', '119', '0'),
('11960001', '', '- FG-RESSI SBR-1358', '119', '0'),
('11960002', '', '- FG-SILPRIME-3K', '119', '0'),
('11960003', '', '- FG-SILPRIME WB', '119', '0'),
('11960200', '', '- FG-RESSI PUTTY', '119', '0'),
('11960300', '', '- FG-INSULATION PRODUCT', '119', '0'),
('11960400', '', '- FG-RESSI GRAPHY', '119', '0'),
('11960500', '', '- FG-RESSI MUD', '119', '0'),
('11960600', '', '- FG-RESSI CFM FLEXI 2K', '119', '0'),
('11960700', '', '- FG-RESSI SASSOLTALIA', '119', '0'),
('11960901', '', '- FG-OTHER FINISH GOOD STOCK', '119', '0'),
('11960902', '', '- PROVISION FOR SLOW-MOVING STOCK-TRADING', '119', '0'),
('11970', '', '- FG-ADMIXTURES', '119', '0'),
('11970001', '', '- FG-RESSI SP-088 N', '119', '0'),
('11970002', '', '- FG-RESSI SP-044 N', '119', '0'),
('11970003', '', '- FG-RESSI TILE LATEX 205', '119', '0'),
('11980', '', '- FG-SCP-SPECIALITY CONCRETE PRODUCT INC', '119', '0'),
('11980001', '', '- RELEASE AGENT (RENEW CRETE -POWDERED &amp; LIQUID)', '119', '0'),
('11980002', '', '- ANTIQUING RELEASE AGENT (SCP)', '119', '0'),
('11980003', '', '- CHROME ETCH CONC ACID STAIN', '119', '0'),
('11980004', '', '- IRON PIGMENT', '119', '0'),
('11980005', '', '- COLOR HARDNER (SCP &amp; RC)', '119', '0'),
('11980006', '', '- CONCRETE COUNTER TOP (MIX)', '119', '0'),
('11980007', '', '- STAMP OVERLAY MIX (SCP)', '119', '0'),
('11980008', '', '- STENCIL CRETE COLOR GROUT (SCP)', '119', '0'),
('11980009', '', '- VERTICAL STAMP MIX (MAGNUM CRETE)', '119', '0'),
('11980010', '', '- MICRO TOPING WHITE (SCP)', '119', '0'),
('11980011', '', '- ELVAC CPS 720', '119', '0'),
('11981', '', '- FG-Jali', '119', '0'),
('11981001', '', '- FG-RESSI JALI', '119', '0'),
('121100', '', 'PACKING MATERIAL', '121', '0'),
('121501', '', 'CONSUMABLE MISC. ITEM', '121', '0'),
('121600', '', 'OFFICE SUPPLIES', '121', '0'),
('121901', '', 'STOCK IN HAND - RI', '121', '0'),
('121905', '', 'STOCK IN TRANSIT-SCP', '121', '0'),
('121910', '', 'DRY RAW MATERIAL - RI', '121', '0'),
('121915', '', ' LIQUID RAW MATERIAL - RI', '121', '0'),
('121916', '', 'PROVISION FOR SLOW-MOVING STOCK-PCK', '121', '0'),
('13105 ', '', ' LAND &amp; BUILDING   ', '131', '0'),
('13105100 ', '', ' BUILDING   ', '131', '0'),
('13105300 ', '', ' BUILDING CUM DEPR&#039;N   ', '131', '0'),
('13105301 ', '', ' ALLOWANCE FOR DEPRECIATION   ', '131', '0'),
('13105302 ', '', ' CWIP BUILDING   ', '131', '0'),
('13110 ', '', ' PLANT &amp; MACHINERY   ', '131', '0'),
('13110100 ', '', ' PLANT &amp; MACHINERY COST   ', '131', '0'),
('13110200 ', '', ' PLANT &amp; MACHINERY DISPOSAL   ', '131', '0'),
('13110300 ', '', ' PLANT &amp; MACHINERY CUM DEPR&#039;N   ', '131', '0'),
('13115 ', '', ' FACTORY TOOLS &amp; EQUIPMENTS   ', '131', '0'),
('13115100 ', '', ' FACTORY TOOLS &amp; EQUIPMENT COST   ', '131', '0'),
('13115200 ', '', ' FACTORY TOOLS &amp; EQUIPMENT DISPOSAL   ', '131', '0'),
('13115300 ', '', ' FACTORY TOOLS &amp; EQUIPMENT CUM DEPR&#039;N   ', '131', '0'),
('13115301 ', '', ' IMPULSE SEALEER 16&quot;   ', '131', '0'),
('13118 ', '', ' FACTORY GENERATORS   ', '131', '0'),
('13118100 ', '', ' FACTORY GENERATOR COST   ', '131', '0'),
('13118200 ', '', ' FACTORY GENERATOR DISPOSAL   ', '131', '0'),
('13118300 ', '', ' FACTORY GENERATOR CUM DEPR&#039;N   ', '131', '0'),
('13120 ', '', ' LAB EQUIPMENTS   ', '131', '0'),
('13120100 ', '', ' LAB EQUIPMENT COST   ', '131', '0'),
('13120200 ', '', ' LAB EQUIPMENT DISPOSAL   ', '131', '0'),
('13120300 ', '', ' LAB EQUIPMENT CUM DEPR&#039;N   ', '131', '0'),
('13122 ', '', ' LAB FURNITURE &amp; FIXTURE   ', '131', '0'),
('13122100 ', '', ' LAB FURNITURE &amp; FIX. COST   ', '131', '0'),
('13122200 ', '', ' LAB FURNITURE &amp; FIX. DISPOSAL   ', '131', '0'),
('13122300 ', '', ' LAB FURNITURE &amp; FIX. CUM DEPR&#039;N   ', '131', '0'),
('13125 ', '', ' FACTORY VEHICLES   ', '131', '0'),
('13125100 ', '', ' FACTORY VEHICLE COST   ', '131', '0'),
('13125200 ', '', ' FACTORY VEHICLE DISPOSAL   ', '131', '0'),
('13125300 ', '', ' FACTORY VEHICLE CUM DEPR&#039;N   ', '131', '0'),
('13130 ', '', ' FACTORY FURNITURE &amp; FIXTURE   ', '131', '0'),
('13130100 ', '', ' FACTORY FURNITURE &amp; FIX. COST   ', '131', '0'),
('13130200 ', '', ' FACTORY FURNITURE &amp; FIX. DISPOSAL   ', '131', '0'),
('13130300 ', '', ' FACTORY FURNITURE &amp; FIX. CUM DEPR&#039;N   ', '131', '0'),
('13135 ', '', ' PRINTING BLOCKS   ', '131', '0'),
('13135100 ', '', ' PRINTING BLOCKS COST   ', '131', '0'),
('13135200 ', '', ' PRINTING BLOCKS DISPOSAL   ', '131', '0'),
('13135300 ', '', ' PRINTING BLOCKS CUM DEPR&#039;N   ', '131', '0'),
('13140 ', '', ' OFFICE EQUIPMENTS   ', '131', '0'),
('13140100 ', '', ' OFFICE EQUIPMENT COST   ', '131', '0'),
('13140200 ', '', ' OFFICE EQUIPMENT DISPOSAL   ', '131', '0'),
('13140300 ', '', ' OFFICE EQUIPMENT CUM DEPR&#039;N   ', '131', '0'),
('13145 ', '', ' COMPUTER &amp; ACCESSORIES   ', '131', '0'),
('13145100 ', '', ' COMPUTER &amp; ACCESSORIES COST   ', '131', '0'),
('13145200 ', '', ' COMPUTER &amp; ACCESSORIES DISPOSAL   ', '131', '0'),
('13145300 ', '', ' COMPUTER &amp; ACCESSORIES CUM DEPR&#039;N   ', '131', '0'),
('13150 ', '', ' OFFICE FURNITURE &amp; FIXTURE   ', '131', '0'),
('13150100 ', '', ' OFFICE FURNITURE &amp; FIX. COST   ', '131', '0'),
('13150200 ', '', ' OFFICE FURNITURE &amp; FIX. DISPOSAL   ', '131', '0'),
('13150300 ', '', ' OFFICE FURNITURE &amp; FIX. CUM DEPR&#039;N   ', '131', '0'),
('13155 ', '', ' OFFICE VEHICLES   ', '131', '0'),
('13155100 ', '', ' OFFICE VEHICLE COST   ', '131', '0'),
('13155200 ', '', ' OFFICE VEHICLE DISPOSAL   ', '131', '0'),
('13155300 ', '', ' OFFICE VEHICLE CUM DEPR&#039;N   ', '131', '0'),
('13160 ', '', ' STANDARDS   ', '131', '0'),
('13160100 ', '', ' BSI STANDARDS   ', '131', '0'),
('13160300 ', '', ' BSI STANDARDS CUM DEPR&#039;N   ', '131', '0'),
('13510 ', '', ' W.I.P. PLANT &amp; MACHINERY   ', '135', '0'),
('13515 ', '', ' W.I.P. FACTORY EQUIPMENTS   ', '135', '0'),
('13525 ', '', ' W.I.P. ELECTRIC FITTING WORK   ', '135', '0'),
('13901 ', '', ' PRELIMINARY EXPENSES   ', '139', '0'),
('201FMS001', '', ' KAUKAWALA GENERAL TRADING   ', '201', '0'),
('201FMS002', '', ' ROHM &amp; HAAS SINGAPORE (PTE) LTD..   ', '201', '0'),
('201FMS003', '', ' SHANGHAI HOWELL IMP. &amp; EXP. CO.   ', '201', '0'),
('201FMS004', '', ' ASHLAND INDUSTRIES EUROPE   ', '201', '0'),
('201FMS005', '', ' ADWAN CHEMICALS INDUSTRIES   ', '201', '0'),
('201FMS006', '', ' ROCKWOOD ADDITIVES LTD.   ', '201', '0'),
('201FMS007', '', ' SHANGHAI YIPIN PIGMENTS CO. LTD.   ', '201', '0'),
('201FMS008', '', ' AKZONOBEL FUNCTIONAL CHEMICALS ELOTE AG.   ', '201', '0'),
('201FMS009', '', ' ECU LINE MIDDLE EAST   ', '201', '0'),
('201FMS010', '', ' GRIMM METALLPULVER GMBH   ', '201', '0'),
('201FMS011', '', ' HANZHONG FIRST ADHESIVE CO.,LTD   ', '201', '0'),
('201FMS012', '', ' REXIM TRADING FZE   ', '201', '0'),
('201FMS013', '', ' NEW VISION   ', '201', '0'),
('202FVN001', '', ' KAUKAWALA GENERAL TRADING FVN  ', '202', '0'),
('202FVN002', '', ' ECU LINE MIDDLE EAST FVN  ', '202', '0'),
('202FVN003', '', ' SOFTPAK FINANCIAL SYSTEM   ', '202', '0'),
('202FVN004', '', ' M TEC  ', '202', '0'),
('202FVN005', '', ' SHANGHAI SUNWAY INTERNATIONAL TRADE CO., LTD   ', '202', '0'),
('204GSP353', '', ' BESTWAY SERVICE STATION   ', '204', '0'),
('204LMS001', '', ' SABCON CHEMICALS   ', '204', '0'),
('204LMS002', '', ' PREMIER QUALITY  CHEMICALS PVT. LTD.   ', '204', '0'),
('204LMS003', '', ' LUCKY CEMENT LTD.   ', '204', '0'),
('204LMS004', '', ' RESSICHEM INTERNATIONAL   ', '204', '0'),
('204LMS005', '', ' CROWN MINES   ', '204', '0'),
('204LMS006', '', ' YOUSUF GYPSUM SUPPLIER   ', '204', '0'),
('204LMS007', '', ' FEROZ &amp; SONS   ', '204', '0'),
('204LMS008', '', ' A.G. ENTERPRISE   ', '204', '0'),
('204LMS009', '', ' BURHANI CHEMICAL   ', '204', '0'),
('204LMS010', '', ' AL NOOR MARBLE CO.  ', '204', '0'),
('204LMS011', '', ' JEELANI CEMENT   ', '204', '0'),
('204LMS012', '', ' GUIDES CORPORATION   ', '204', '0'),
('204LMS013', '', ' THATTA CEMENT COMPANY LIMITED   ', '204', '0'),
('204LMS014', '', ' D.S ENTERPRISES   ', '204', '0'),
('204LMS015', '', ' REDA INDUSTRIAL MATERIALS PAKISTAN (PVT) LTD.   ', '204', '0'),
('204LMS016', '', ' AAMIR &amp; CO   ', '204', '0'),
('204LMS101', '', ' SPECIALITY PRINTERS (PVT) LTD.   ', '204', '0'),
('204LMS102', '', ' THAL LTD, PAKISTAN PAPERSACK DIV.  ', '204', '0'),
('204LMS103', '', ' MAALIK TRADERS   ', '204', '0'),
('204LMS104', '', ' GUL HASSAN SAND SUPPLIER   ', '204', '0'),
('204LMS105', '', ' TECHNO PLASTIC WORKS   ', '204', '0'),
('204LMS106', '', ' AAS LPG DISTRIBUTION CO.   ', '204', '0'),
('204LMS107', '', ' SIFF   ', '204', '0'),
('204LMS108', '', ' MASH MERCHANDISING &amp; SHIPPING HOUSE   ', '204', '0'),
('204LMS109', '', ' STANDARD PAINT INDUSTRIES   ', '204', '0'),
('204LMS110', '', ' PARAMOUNT MINERAL TRADING   ', '204', '0'),
('204LMS111', '', ' POPULAR MINERAL GRINDING INDUSTRY   ', '204', '0'),
('204LMS112', '', ' ZEESHAN AZEEM SARWAR   ', '204', '0'),
('204LMS113', '', ' MOHAMMAD SHAHZAD   ', '204', '0'),
('204LMS114', '', ' AMIN MARBLE STONE CURUSH   ', '204', '0'),
('204LMS115', '', ' ISLAMUDDIN &amp; SONS   ', '204', '0'),
('204LMS116', '', ' HARRIS SILICONES &amp; GLASS (PVT) LTD   ', '204', '0'),
('204LMS117', '', ' SAAT TRADERS   ', '204', '0'),
('204LMS119', '', ' NOOR CHEMICALS   ', '204', '0'),
('204LMS120', '', ' POWER CEMENT LIMITED   ', '204', '0'),
('204LMS121', '', ' S.H.CORPORATION   ', '204', '0'),
('204LMS122', '', ' HAMZA ENTERPRISES   ', '204', '0'),
('204LMS123', '', ' A.F.PRINTERS   ', '204', '0'),
('204LMS124', '', ' HAROON PACKAGES   ', '204', '0'),
('204LMS125', '', ' IMPORIENT CHEMICALS (PVT) LTD   ', '204', '0'),
('204LMS126', '', ' SAIFY COMMERCIAL ESTABLISHMENT   ', '204', '0'),
('204LMS127', '', ' FAISAL PLASTIC (PVT) LTD.   ', '204', '0'),
('204LMS128', '', ' AL BADAR CEMENT &amp; STEEL  ', '204', '0'),
('204LMS129', '', ' DAWOOD TRADING CO.   ', '204', '0'),
('204LMS130', '', ' PAK PLASTIC INDUSTRIES   ', '204', '0'),
('204LMS131', '', ' AZM CHEMICAL COMPANY   ', '204', '0'),
('204LMS132', '', ' REFRAPRODUCTS   ', '204', '0'),
('204LMS133', '', ' MAPLE LEAF CEMENT FACTORY LIMITED   ', '204', '0'),
('204LMS134', '', ' M/S MITHANI INDUSTRY (PVT) LTD   ', '204', '0'),
('204LMS136', '', ' PRINTING SERVICES (PVT) LTD.   ', '204', '0'),
('204LMS137', '', ' M &amp; F COMMERCIAL CORPORATION (PVT) LTD.   ', '204', '0'),
('204LMS138', '', ' TAWHEED ENTERPRISES   ', '204', '0'),
('204LMS139', '', ' MYSF IMPEX   ', '204', '0'),
('204LMS140', '', ' PRESTIGIOUS STONE COLLECTION   ', '204', '0'),
('204LMS141', '', ' POLY PACK INTERNATIONAL   ', '204', '0'),
('204LMS142', '', ' HUSSAIN CHEMICALS   ', '204', '0'),
('204LMS143', '', ' ATTOCK CEMENT PAKISTAN LTD.   ', '204', '0'),
('204LMS144', '', ' MASH WAX &amp; PETROLEUM PRODUCTS   ', '204', '0'),
('204LMS145', '', ' ATOM PROCESSOR AND SUPPLIES   ', '204', '0'),
('204LMS146', '', ' ROYAL CHEMICALS   ', '204', '0'),
('204LMS147', '', ' AHMED CHEMICAL CO.   ', '204', '0'),
('204LMS148', '', ' NOMAN &amp; CO.   ', '204', '0'),
('204LMS149', '', ' TURNING POINT   ', '204', '0'),
('204LMS150', '', ' SUNRISE PLASTIC INDUSTRIES (PVT) LTD   ', '204', '0'),
('204LMS151', '', ' POWER MINNING COMPANY   ', '204', '0'),
('204LMS152', '', ' ALPHA CHEMICAL CO   ', '204', '0'),
('204LMS153', '', ' PLASTICS N PLASTICS PVT LTD   ', '204', '0'),
('204LMS154', '', ' ALPHA CONTAINER INDUSTRIES PVT LTD   ', '204', '0'),
('204LMS155', '', ' AL MEHRAN CHEMICALS   ', '204', '0'),
('204LMS156', '', ' NEW PRIME CHEMICALS   ', '204', '0'),
('204LMS157', '', ' GUL BADIEN AND CO.   ', '204', '0'),
('204LMS158', '', ' CHERAT PACKAGING LIMITED   ', '204', '0'),
('205GSV058', '', ' HUZEFA ENGINEERING SERVICES   ', '205', '0'),
('205GSV060', '', ' HAJI ABBAS BODY MAKER   ', '205', '0'),
('205LVN001', '', ' PHARMA ENGINEERING   ', '205', '0'),
('205LVN002', '', ' SASA METAL INDUSTRIES   ', '205', '0'),
('205LVN003', '', ' A.REHMAN SONS ENG. WORKS   ', '205', '0'),
('205LVN004', '', ' SADAQAT ENGINEERING WORKS   ', '205', '0'),
('205LVN005', '', ' RASTGAR &amp; COMPANY PVT. LTD.   ', '205', '0'),
('205LVN006', '', ' ALLIED ENGINEERING &amp; SVC. LTD.   ', '205', '0'),
('205LVN007', '', ' ORIENT ENERGY SYSTEMS (PVT.) LTD.   ', '205', '0'),
('205LVN008', '', ' MODERN ENTERPRISES   ', '205', '0'),
('205LVN009', '', ' SCIENTIFIC TRADERS   ', '205', '0'),
('205LVN020', '', ' AQEEL STEEL WORKS   ', '205', '0'),
('205LVN021', '', ' HARDMAN ENTERPRISES   ', '205', '0'),
('205LVN022', '', ' MODERN MACHINERY CORPORATION   ', '205', '0'),
('205LVN023', '', ' AMAFAHHA LOGISTIC   ', '205', '0'),
('205LVN051', '', ' MULTITECH   ', '205', '0'),
('205LVN052', '', ' MEGA ENTERPRISES   ', '205', '0'),
('205LVN053', '', ' S &amp; M SERVICES   ', '205', '0'),
('205LVN054', '', ' PAKISTAN CABLES LIMITED.   ', '205', '0'),
('205LVN055', '', ' NOBEL ENTERPRISE   ', '205', '0'),
('205LVN056', '', ' RAPID ENGINEERING SERVICES   ', '205', '0'),
('205LVN057', '', ' SHAH INTERNATIONAL   ', '205', '0'),
('205LVN058', '', ' HYDERI ENGINEERING SERVICES;   ', '205', '0'),
('205LVN059', '', ' 3 STAR WEIGHING ENTERPRISES   ', '205', '0'),
('205LVN060', '', ' FATIMA ENTERPRISES   ', '205', '0'),
('205LVN101', '', ' Z. BROTHERS   ', '205', '0'),
('205LVN102', '', ' INNO MATE   ', '205', '0'),
('205LVN103', '', ' TECHNO LINK SERVICES   ', '205', '0'),
('205LVN104', '', ' AMAFAHHA TRADING CO   ', '205', '0'),
('205LVN105', '', ' BURHANI PACKAGING MACHINERY   ', '205', '0'),
('205LVN106', '', ' MASTER SOCIETY MOTORS   ', '205', '0'),
('205LVN107', '', ' SAIFY IRON (PVT) LTD   ', '205', '0'),
('205LVN108', '', ' HAKIMI STEEL   ', '205', '0'),
('205LVN109', '', ' 3D PRINTERS   ', '205', '0'),
('207201 ', '', ' SALARY &amp; WAGES PAYABLE   ', '207', '0'),
('207205 ', '', ' SALARY TAX PAYABLE   ', '207', '0'),
('207210 ', '', ' EMPLOYEE OLD AGE BENEFIT   ', '207', '0'),
('207216 ', '', ' SINDH EMPLOYEES SOCIAL SECURITY   ', '207', '0'),
('207GSV001', '', ' ABBAS &amp; CO.   ', '207', '0'),
('207GSV002', '', ' SAIFY &amp; CO.   ', '207', '0'),
('207GSV011', '', ' SHERATON KARACHI HOTEL   ', '207', '0'),
('207GSV021', '', ' FOUR STAR CORPORATION   ', '207', '0'),
('207GSV022', '', ' HAROON TRADERS   ', '207', '0'),
('207GSV026', '', ' ATLAS INSURANCE   ', '207', '0'),
('207GSV031', '', ' REVOLUTION THE MARKETING CO.   ', '207', '0'),
('207GSV032', '', ' RSI ADVERTISING   ', '207', '0'),
('207GSV033', '', ' IAPEX   ', '207', '0'),
('207GSV034', '', ' HM DEVELOPERS   ', '207', '0'),
('207GSV040', '', ' HONDA   SITE  ', '207', '0'),
('207GSV041', '', ' MODERN MOTORS PVT. LTD.   ', '207', '0'),
('207GSV042', '', ' TPL DIRECT INSURANCE LTD.   ', '207', '0'),
('207GSV050', '', ' KOHISTAN TRANSPORT   ', '207', '0'),
('207UTL001', '', ' KARACHI ELECTRIC SUPPLY CO.   ', '207', '0'),
('207UTL006', '', ' SUI SOUTHERN GAS LTD   ', '207', '0'),
('207UTL008', '', ' SITE WATER SUPPLY  ', '207', '0'),
('207UTL011', '', ' PAKISTAN TELECOMMUNICATION LTD.   ', '207', '0'),
('207UTL012', '', ' WI TRIBE LIMITED  ', '207', '0'),
('207UTL013', '', ' PAKISTAN MOBILINK COMMUNICATION LTD.   ', '207', '0'),
('207UTL014', '', ' ZAKI BROTHERS   ', '207', '0'),
('2081 ', '', 'Accounts Payable Control A/C', '208', '0'),
('208GSP100', '', ' DESIGNMATTERS   ', '208', '0'),
('208GSP201', '', ' AL ZAIN PRINTERS  ', '208', '0'),
('208GSP301', '', ' NEW POINT STORE   ', '208', '0'),
('208GSP305', '', ' ALPHA BUSINESS  MACHINE   ', '208', '0'),
('208GSP310', '', ' MM TRADE SERVICES   ', '208', '0'),
('208GSP311', '', ' MUSTAFA METAL MART.   ', '208', '0'),
('208GSP320', '', ' AL HABIB ENTERPRISES  ', '208', '0'),
('208GSP340', '', ' BURHANI SYNDICATE   ', '208', '0'),
('208GSP350', '', ' UNITED PETROLEUM &amp; SVC STATION   ', '208', '0'),
('208GSP351', '', ' POLYMER ACCESS (PVT) LTD.   ', '208', '0'),
('208GSP352', '', ' RESSICHEM INTERNATIONAL VHL  ', '208', '0'),
('208GSP354', '', ' GHANDHARA INDUSTRIES LIMITED   ', '208', '0'),
('208GSP355', '', ' N.J.AUTO INDUSTRY (PRIVATE) LIMITED   ', '208', '0'),
('208GSP999', '', ' SUNDRY CREDITOR   ', '208', '0'),
('208GSV003', '', ' BADAMI LAW ASSOCIATES   ', '208', '0'),
('208GSV051', '', ' CHOUDARY BROTHERS TRANSPORT COMPANY   ', '208', '0'),
('208GSV052', '', ' AL MASKEEN AL HABIB GOODS TRANSPORT COMPANY ', '208', '0'),
('208GSV053', '', ' SOHAIL&#039;S COMMERCIAL STUDIO   ', '208', '0'),
('208GSV054', '', ' NATIONAL GRAPHICS   ', '208', '0'),
('208GSV056', '', ' ASB 2000   ', '208', '0'),
('208GSV057', '', ' HAJI DUR MUHAMMAD PALARI   ', '208', '0'),
('208GSV059', '', ' MUSAKHEL ENTERPRISES   ', '208', '0'),
('208LMS118', '', ' AHMED TRADERS   ', '208', '0'),
('208LMS135', '', ' SAIFY ENTERPRISES   ', '208', '0'),
('210110 ', '', ' PAYABLE TO ZH   ', '210', '0'),
('210310 ', '', ' LOAN FROM CHIEF EXECUTIVE   ', '210', '0'),
('210500 ', '', ' ADVANCE FROM CUSTOMERS   ', '210', '0'),
('210900 ', '', ' ZH (CASH INVESTMENT PKR)   ', '210', '0'),
('210902 ', '', ' ZH (FOREIGN CUR. INVESTMENT)   ', '210', '0'),
('210905 ', '', ' NS (CASH INVESTMENT PKR)   ', '210', '0'),
('210907 ', '', ' NS (FOREIGN CUR. INVESTMENT)   ', '210', '0'),
('210GSV055', '', ' MAIMOONTECH   ', '210', '0'),
('210GSV061', '', ' INDEPENDENT NEWSPAPERS CORPORATION (PRIVATE) LTD   ', '210', '0'),
('218101 ', '', ' INCOME TAX PAYABLE   ', '218', '0'),
('218201 ', '', ' SALES TAX PAYABLE   ', '218', '0'),
('218301 ', '', ' WH TAX PAYABLE SUPP/SVC   ', '218', '0'),
('218302 ', '', ' WH SALES TAX SPECIAL PROCEDURE   ', '218', '0'),
('225101 ', '', ' LOAN FROM ZH   ', '225', '0'),
('225201 ', '', ' LOAN FROM NS   ', '225', '0'),
('230101 ', '', ' PROVISION FOR AUDITOR FEE   ', '230', '0'),
('251101 ', '', ' PAID UP CAPITAL  ', '4011', '0'),
('251201 ', '', ' RETAINED EARNINGS   ', '4011', '0'),
('251900 ', '', ' ZH CAPITAL   ', '4011', '0'),
('251905 ', '', ' NS CAPITAL   ', '4011', '0'),
('259100 ', '', ' RI   INVESTMENT.  ', '259', '0'),
('30110 ', '', ' WATERPROOFING   ', '301', '0'),
('30110001 ', '', ' RESSICOAT X 491  ', '30110', '0'),
('30110002 ', '', ' RESSICOAT 3020  ', '30110', '0'),
('30110010 ', '', ' RESSI LURRY   ', '30110', '0'),
('30110051 ', '', ' MOYA PROOF CWL   ', '30110', '0'),
('30110056 ', '', ' MOYA SHIELD BE   ', '30110', '0'),
('30110061 ', '', ' MOYA PROOF CWP   ', '30110', '0'),
('30120 ', '', ' DAMP PROOFING   ', '301', '0'),
('30120001 ', '', ' SILBLOCK   ', '30120', '0'),
('30120002 ', '', ' SILBLOCK PR   ', '30120', '0'),
('30120011 ', '', ' SILDIP   ', '30120', '0'),
('30120021 ', '', ' SILMIX   ', '30120', '0'),
('30130 ', '', ' STAIN RESISTANT   ', '301', '0'),
('30130001 ', '', ' SILBLOCK AG   ', '30130', '0'),
('30140 ', '', ' PRE MIX MORTARS   ', '301', '0'),
('30140001 ', '', ' RESSI TA 210  ', '30140', '0'),
('30140002 ', '', ' RESSI TA 230  ', '30140', '0'),
('30140003 ', '', ' RESSI TA 240  ', '30140', '0'),
('30140004 ', '', ' RESSI TA 220  ', '30140', '0'),
('30140005 ', '', ' RESSI TA 250  ', '30140', '0'),
('30140006 ', '', ' RESSI TA 260  ', '30140', '0'),
('30140007 ', '', ' RESSI TA 230 G  ', '30140', '0'),
('30140101 ', '', ' RESSI PLASTOREND   ', '30140', '0'),
('30140102 ', '', ' RESSI PLASTOREND 110   ', '30140', '0'),
('30140103 ', '', ' RESSI PLASTOREND 120   ', '30140', '0'),
('30140104 ', '', ' RESSI GYPSOMIGHT 9010   ', '30140', '0'),
('30140105 ', '', ' RESSI PLASTOREND 120 R  ', '30140', '0'),
('30140106 ', '', ' RESSI  LIMOMIGHT 8000   ', '30140', '0'),
('30140150 ', '', ' RESSI SC 3009C  ', '30140', '0'),
('30140201 ', '', ' RESSI SLS 630  ', '30140', '0'),
('30140202 ', '', ' RESSI SLS 610  ', '30140', '0'),
('30140203 ', '', ' RESSI GROUT GP NSG 710  ', '30140', '0'),
('30140301 ', '', ' RESSI SC 310  ', '30140', '0'),
('30140401 ', '', ' PUMPABLE SCREED   ', '30140', '0'),
('30144 ', '', ' PREMIX REPAIR MORTAR   ', '301', '0'),
('30144001 ', '', ' RESSI RM 410  ', '30144', '0'),
('30144002 ', '', ' RESSI CFC 920  ', '30144', '0'),
('30144003 ', '', ' RESSI RM 430  ', '30144', '0'),
('30144101 ', '', ' RESSI CFM  910 ', '30144', '0'),
('30144201 ', '', ' RESSI RUSHCOAT 170  ', '30144', '0'),
('30146 ', '', ' PREMIX TILE GROUT   ', '301', '0'),
('30146001 ', '', ' TILE GROUT   ', '30146', '0'),
('30160 ', '', ' SPECIALITY &amp; PERFORMANCE MTRL   ', '301', '0'),
('30160001 ', '', ' RESSI SBR 1358  ', '30160', '0'),
('30160002 ', '', ' SILPRIME 3K  ', '30160', '0'),
('30160003 ', '', ' SILPRIME WB   ', '30160', '0'),
('30160200 ', '', ' RESSI PUTTY   ', '30160', '0'),
('30160300 ', '', ' INSULATION PRODUCT   ', '30160', '0'),
('30160400 ', '', ' RESSI GRAPHY   ', '30160', '0'),
('30160500 ', '', ' RESSI MUD   ', '30160', '0'),
('30160600 ', '', ' RESSI CFM FLEXI 2K   ', '30160', '0'),
('30160700 ', '', ' RESSI SASSOLTALIA   ', '30160', '0'),
('30160901 ', '', ' OTHER FINISH GOOD STOCK   ', '30160', '0'),
('30170 ', '', ' ADMIXTURES   ', '301', '0'),
('30170001 ', '', ' RESSI SP 088 N  ', '30170', '0'),
('30170002 ', '', ' RESSI SP 044 N  ', '30170', '0'),
('30170003 ', '', ' RESSI TILE LATEX 205   ', '30170', '0'),
('30180 ', '', ' MICRO TOPING   ', '301', '0'),
('30180010 ', '', ' MT   ', '30180', '0'),
('30181 ', '', ' Jali   ', '301', '0'),
('30181001 ', '', ' RESSI JALI   ', '30181', '0'),
('30190 ', '', ' APPLICATION AT SITE   ', '301', '0'),
('30190001 ', '', ' APPLICATION FOR WATER PROOF   ', '30190', '0'),
('30190010 ', '', ' APPLICATION FOR PLASTER WORK   ', '30190', '0'),
('30199 ', '', ' STOCK FOR SALE   RI  ', '301', '0'),
('30199001 ', '', ' STOCK FOR SALE   RI.  ', '30199', '0'),
('35110 ', '', ' CP WATERPROOFING  ', '351', '0'),
('35110001 ', '', ' CP RESSICOAT X 491 ', '35110', '0'),
('35110002 ', '', ' CO RESSICOAT 3020 ', '35110', '0'),
('35110010 ', '', ' CP RESSI LURRY  ', '35110', '0'),
('35110051 ', '', ' CP MOYA PROOF CWL  ', '35110', '0'),
('35110056 ', '', ' CP MOYA SHIELD BE  ', '35110', '0'),
('35110061 ', '', ' CP MOYA PROOF CWP  ', '35110', '0'),
('35120 ', '', ' CP DAMP PROOFING  ', '351', '0'),
('35120001 ', '', ' CP SILBLOCK  ', '35120', '0'),
('35120002 ', '', ' CP SILBLOCK PR  ', '35120', '0'),
('35120011 ', '', ' CP SILDIP  ', '35120', '0'),
('35120021 ', '', ' CP SILMIX  ', '35120', '0'),
('35130 ', '', ' CP STAIN RESISTANT  ', '351', '0'),
('35130001 ', '', ' CP SILBLOCK AG  ', '35130', '0'),
('35140 ', '', ' CP PREMIX MORTARS  ', '351', '0'),
('35140001 ', '', ' CP RESSI TA 210 ', '35140', '0'),
('35140002 ', '', ' CP RESSI TA 230 ', '35140', '0'),
('35140003 ', '', ' CP RESSI TA 240 ', '35140', '0'),
('35140004 ', '', ' CP RESSI TA 220 ', '35140', '0'),
('35140005 ', '', ' CP RESSI TA 250 ', '35140', '0'),
('35140006 ', '', ' CP RESSI TA 260 ', '35140', '0'),
('35140007 ', '', ' CP RESSI TA 230 G ', '35140', '0'),
('35140101 ', '', ' CP RESSI PLASTOREND  ', '35140', '0'),
('35140102 ', '', ' CP RESSI PLASTOREND 110  ', '35140', '0'),
('35140103 ', '', ' CP RESSI PLASTOREND 120  ', '35140', '0'),
('35140104 ', '', ' CP RESSI GYPSOMIGHT 9010  ', '35140', '0'),
('35140105 ', '', ' CP  RESSI PLASTOREND 120 R ', '35140', '0'),
('35140106 ', '', ' CP RESSI  LIMOMIGHT 8000  ', '35140', '0'),
('35140150 ', '', ' CP RESSI SC 3009C ', '35140', '0'),
('35140201 ', '', ' CP RESSI SLS 630 ', '35140', '0'),
('35140202 ', '', ' CP RESSI SLS 610 ', '35140', '0'),
('35140203 ', '', ' CP RESSI GROUT GP NSG 710 ', '35140', '0'),
('35140301 ', '', ' CP RESSI SC 310 ', '35140', '0'),
('35140401 ', '', ' CP PUMPABLE SCREED  ', '35140', '0'),
('35142 ', '', ' CP PREMIX PLASTOREND  ', '351', '0'),
('35144 ', '', ' CP PREMIX REPAIR MORTAR  ', '351', '0'),
('35144001 ', '', ' CP RESSI RM 410 ', '35144', '0'),
('35144002 ', '', ' CP RESSI CFC 920 ', '35144', '0'),
('35144003 ', '', ' CP RESSI RM 430 ', '35144', '0'),
('35144101 ', '', ' CP RESSI CFM  910', '35144', '0'),
('35144201 ', '', ' CP RESSI RUSHCOAT 170 ', '35144', '0'),
('35146 ', '', ' CP PREMIX TILE GROUT  ', '351', '0'),
('35146001 ', '', ' CP TILE GROUT  ', '35146', '0'),
('35160 ', '', ' CP SPECIALITY &amp; PERFORMANCE MTRL  ', '351', '0'),
('35160001 ', '', ' CP RESSI SBR 1358 ', '35160', '0'),
('35160002 ', '', ' CP SILPRIME 3K ', '35160', '0'),
('35160003 ', '', ' CP SILPRIME WB  ', '35160', '0'),
('35160200 ', '', ' CP RESSI PUTTY  ', '35160', '0'),
('35160300 ', '', ' CP INSULATION PRODUCT  ', '35160', '0'),
('35160400 ', '', ' CP RESSI GRAPHY  ', '35160', '0'),
('35160500 ', '', ' CP RESSI MUD  ', '35160', '0'),
('35160600 ', '', ' CP RESSI CFM FLEXI 2K  ', '35160', '0'),
('35160700 ', '', ' CP RESSI SASSOLTALIA  ', '35160', '0'),
('35160901 ', '', ' CP OTHER FINISH GOOD STOCK  ', '35160', '0'),
('35170 ', '', ' CP ADMIXTURES  ', '351', '0'),
('35170001 ', '', ' CP RESSI SP 088 N ', '35170', '0'),
('35170002 ', '', ' CP RESSI SP 044 N ', '35170', '0'),
('35170003 ', '', ' CP RESSI TILE LATEX 205  ', '35170', '0'),
('35180 ', '', ' CP SCP FINISHED GOODS ', '351', '0'),
('35180001 ', '', ' CP RELEASE AGENT(RENEW CRETE)  ', '35180', '0'),
('35180002 ', '', ' CP ANTIQUING RELEASE AGENT(SCP)  ', '35180', '0'),
('35180003 ', '', ' CP CHROME ETCH CONC ACID STONE  ', '35180', '0'),
('35180004 ', '', ' CP IRON PIGMENT  ', '35180', '0'),
('35180005 ', '', ' CP COLOR HARDNER(SCP&amp;RC)  ', '35180', '0'),
('35180006 ', '', ' CP CONCRETE COUNTER TOP MIX  ', '35180', '0'),
('35180007 ', '', ' CP STAMP OVERLAY MIX (SCP)  ', '35180', '0'),
('35180008 ', '', ' CP STENCIL COLOR GROUT  ', '35180', '0'),
('35180009 ', '', ' CP VERTICAL STAMP MIX (MAGNUM)  ', '35180', '0'),
('35180010 ', '', ' CP MICRO TOPING WHITE (SCP)  ', '35180', '0'),
('35180011 ', '', ' CP ELVACE CPS 720 (SCP) ', '35180', '0'),
('35180012 ', '', ' CP VARIOUS MATERIAL (SCP)  ', '35180', '0'),
('35181 ', '', ' CP Jali  ', '351', '0'),
('35181001 ', '', ' CP RESSI JALI  ', '35181', '0'),
('35190 ', '', ' INVENTORY COST   RI  ', '351', '0'),
('35190001 ', '', ' COST OF PRODUCT   RI  ', '35190', '0'),
('35190010 ', '', ' COST OF DRY MATERIAL   RI  ', '35190', '0'),
('35190015 ', '', ' COST OF LQD MATERIAL   RI  ', '35190', '0'),
('35199 ', '', ' PRODUCT SAMPLING COST   ', '351', '0'),
('35199100 ', '', ' LIQUID FINISH PRODUCT   ', '35199', '0'),
('35199200 ', '', ' DRY FINISH PRODUCT   ', '35199', '0'),
('35199300 ', '', ' LIQUID FINISH PRODUCT SAMPLE  ', '35199', '0'),
('35199310 ', '', ' DRY FINISH PRODUCT SAMPLE  ', '35199', '0'),
('35200 ', '', 'Purchase Price Variance', '351', '0'),
('35201 ', '', 'Discount Given', '351', '0'),
('355100 ', '', ' RAW MATERIAL COST   IMPORT  ', '355', '0'),
('355100010 ', '', ' DRY RAW MATERIALS   IMPORT  ', '355100', '0'),
('355100015 ', '', ' LIQUID RAW MATERIAL   IMPORT  ', '355100', '0'),
('355100020 ', '', ' SEMILIQUID RAW MATERIAL   IMPORT  ', '355100', '0'),
('355100080 ', '', ' RAW MATERIAL COST   SCP  ', '355100', '0'),
('355150 ', '', ' RAW MATERIAL COST   LOCAL  ', '355', '0'),
('355150010 ', '', ' CELLULOSE RAW MATERIAL   LOCAL  ', '355150', '0'),
('355150015 ', '', ' VINAPASS RAW MATERIAL   LOCAL  ', '355150', '0'),
('355150020 ', '', ' DRY RAW MATERIALS   LOCAL  ', '355150', '0'),
('355150025 ', '', ' LIQUID RAW MATERIAL   LOCAL  ', '355150', '0'),
('355200 ', '', ' PACKING MATERIAL COST   ', '355', '0'),
('355200100 ', '', ' PACKING BAGS   HDPE 20KG  ', '355200', '0'),
('355200110 ', '', ' PLASTIC BAGS LDPE 1 KG  ', '355200', '0'),
('355200116 ', '', ' PLASTIC BAGS LDPE 2 KG  ', '355200', '0'),
('355200190 ', '', ' PACKING MATERIAL   MISC.  ', '355200', '0'),
('355200200 ', '', ' PLASTIC BUCKET   16KG  ', '355200', '0'),
('355200600 ', '', ' PACKING BAGS   3PLY OPEN 50KG  ', '355200', '0'),
('355300 ', '', ' SALARIES &amp; ALLOWANCES FACTORY  ', '355', '0'),
('355300005 ', '', ' SALARIES FOR FACTORY   ', '355300', '0'),
('355300031 ', '', ' WAGES FOR LABOUR   ', '355300', '0'),
('355300035 ', '', ' CONVEYANCE ALLOW. AT SITE   ', '355300', '0'),
('355300037 ', '', ' TEA ALLOW. AT SITE   ', '355300', '0'),
('355300051 ', '', ' SESSI FOR FACTORY STAFF   ', '355300', '0'),
('355300055 ', '', ' LEAVE ENCASHMENT FACTORY  ', '355300', '0'),
('355300100 ', '', ' FUEL FOR STAFF VEHICLE   ', '355300', '0'),
('355300105 ', '', ' MAINTENANCE FOR STAFF VEHICLE   ', '355300', '0'),
('355300200 ', '', ' MOBILE PHONE CHARGES   ', '355300', '0'),
('355300201 ', '', ' BONUS EXPENSE (FACTORY)   ', '355300', '0'),
('355400 ', '', ' INDIRECT MATERIAL COST   ', '355', '0'),
('355410 ', '', ' INDIRECT LABOUR COST   ', '355', '0'),
('355420 ', '', ' OTHER INDIRECT COST   ', '355', '0'),
('355420005 ', '', ' ELECTRICTY FOR FACTORY   ', '355420', '0'),
('355420010 ', '', ' GAS CHARGES   ', '355420', '0'),
('355420015 ', '', ' FUEL FOR GENERATOR   ', '355420', '0'),
('355420016 ', '', ' FUEL FOR LIFTER   ', '355420', '0'),
('355420018 ', '', ' FUEL FOR SAND DRY   ', '355420', '0'),
('355420021 ', '', ' REPAIR &amp; MAINTENANCE GENSET  ', '355420', '0'),
('355420022 ', '', ' REPAIR &amp; MAINTENANCE LIFTER  ', '355420', '0'),
('355420050 ', '', ' CARRIAGE INWARD   ', '355420', '0'),
('355420051 ', '', ' CARRIAGE OUTWARD   ', '355420', '0'),
('355420100 ', '', ' REPAIR &amp; MAINTENANCE   ', '355420', '0'),
('355420201 ', '', ' UNIFORM FOR WORKERS   ', '355420', '0'),
('355420301 ', '', ' CONSUMABLE   ', '355420', '0'),
('355420304 ', '', ' TOOLS FOR FACTORY   ', '355420', '0'),
('355420305 ', '', ' MEDICAL EXPENSES   ', '355420', '0'),
('355420800 ', '', ' CONTRACTR COST AT SITE   ', '355420', '0'),
('355420900 ', '', ' PRODUCT RESEARCH &amp; DEVELOPMENT.   ', '355420', '0'),
('355420901 ', '', ' SALES TAX EXPENSES   ', '355420', '0'),
('355420902 ', '', ' EMPLOYEE OLD AGE BENEFIT APPLICATION  ', '355420', '0'),
('355420903 ', '', ' EMPLOYEE OLD AGE BENEFIT MFG  ', '355420', '0'),
('355500 ', '', ' DEPRECIATION   ', '355', '0'),
('355500900 ', '', ' DEPRECIATION EXPENSE MFG  ', '355500', '0'),
('355900 ', '', ' RAW MATERIAL COST  UOF  ', '355', '0'),
('355900950 ', '', ' RAW MATERIAL COST   UOF.  ', '355900', '0'),
('355900990 ', '', ' MANUFACTURING COST OTHER   ', '355900', '0'),
('400 ', '', ' PROJECT COST   ', '400', '0'),
('400100 ', '', ' APPLICATION COMMISSION   ', '400', '0'),
('400900 ', '', ' PROJECT COST AT SITE   ', '400', '0'),
('400900000 ', '', ' PROJ#NAEEM MOHIUDDIN/2011/000   ', '400900', '0'),
('400900001 ', '', ' PROJ#TOTAL CONS/DALDA/0112/001   ', '400900', '0'),
('400900007 ', '', ' PROJ#KHURAM INAM/0112/007   ', '400900', '0'),
('400900008 ', '', ' PROJ#IMRAN AHMED/2012/A 14  ', '400900', '0'),
('400900009 ', '', ' PROJ#DE COMFORT/2012/008   ', '400900', '0'),
('400900010 ', '', ' PROJ#HASANI MASJID/2012/009   ', '400900', '0'),
('400900011 ', '', ' PROJ#ASGHAR WAHEED   ', '400900', '0'),
('400900012 ', '', ' PROJ#PAN INDUSTRIES/2012   ', '400900', '0'),
('400900013 ', '', ' PROJ#A.G.GIGI (PVT) LTD/2012   ', '400900', '0'),
('400900014 ', '', ' PROJ#LIAQAT NATIONAL HOSPITAL   ', '400900', '0'),
('400900015 ', '', ' PROJ#IMRAN LOTIA   ', '400900', '0'),
('400900016 ', '', ' PROJ#BRIGHT STAR BUILDERS/ SPORTS COMPLEX   ', '400900', '0'),
('400900017 ', '', ' PROJ# ARCH. FARIHA UBAID   ', '400900', '0'),
('400900018 ', '', ' PROJ #.FAWWAD JAWWAD SITE   ', '400900', '0'),
('400900019 ', '', ' PROJ #.HUMAYUN USMAN   ', '400900', '0'),
('400900020 ', '', ' PROJ #.BLOW PLAST   ', '400900', '0'),
('400900021 ', '', ' PROJ#COMMANDAR ARSHAD GILANI   ', '400900', '0'),
('400900022 ', '', ' PROJ#ZH RESIDENCE   ', '400900', '0'),
('400904001 ', '', ' PROJ#SHAKEEL AHMED/2011   ', '400904', '0'),
('400904002 ', '', ' PROJ#SAMEER GULZAR/2011   ', '400904', '0'),
('400904003 ', '', ' PROJ#RIZWAN DEWAN/2011   ', '400904', '0'),
('400904004 ', '', ' PROJ#AHMED ZUBERI/2012/B.STREET   ', '400904', '0'),
('400905001 ', '', ' IQRA UNIVERSITY SITE SAMPLE  ', '400905', '0'),
('400905002 ', '', ' LAKHANI FANTASIA SITE SAMPLE  ', '400905', '0'),
('400905003 ', '', ' REHM PACK SITE SAMPLE  ', '400905', '0'),
('400905004 ', '', ' AL KHALEEJ TOWER SITE SAMPLE ', '400905', '0'),
('400905005 ', '', ' A.T BUILDERS SITE SAMPLE  ', '400905', '0'),
('400905006 ', '', ' QATAR HOUSE SITE SAMPLE  ', '400905', '0'),
('400905100 ', '', ' SAMPLING AT SITE   ', '400905', '0'),
('401 ', '', ' SAMPLING COST AT SITE   ', '400', '0'),
('501201 ', '', ' SALARIES   SALES STAFF  ', '501', '0'),
('501210 ', '', ' SESSI   SALES STAFF  ', '501', '0'),
('501212 ', '', ' LEAVE ENCASHMENT SALES  ', '501', '0'),
('501215 ', '', ' MEDICAL EXPENSES SALES  ', '501', '0'),
('501301 ', '', ' FUEL FOR STAFF VEHICLE   SALES  ', '501', '0'),
('501311 ', '', ' FUEL FOR STAFF M/CYCLE   SALES  ', '501', '0'),
('501325 ', '', ' MOBILE PHONE CHARGES   SALES  ', '501', '0'),
('501351 ', '', ' VRM FOR STAFF VEHICLE   SALES  ', '501', '0'),
('501361 ', '', ' VRM FOR STAFF M/CYCLE   SALES  ', '501', '0'),
('501401 ', '', ' EMAIL MARKETING EXPENSE   ', '501', '0'),
('501410 ', '', ' PRINTING &amp; STATIONARY   SALES  ', '501', '0'),
('501415 ', '', ' POSTAGE &amp; COURIER   SALES  ', '501', '0'),
('501416 ', '', ' BAD DEBT EXPENSE   ', '501', '0'),
('501501 ', '', ' SALES COMMISSION   ', '501', '0'),
('501601 ', '', ' CARRIAGE OUTWARD   SALES/MKT  ', '501', '0'),
('501605 ', '', ' VEHICLE REPAIR &amp; MAINTENANCE SELLING(KP 3560) ', '501', '0'),
('501606 ', '', ' VEHICLE REPAIR &amp; MAINTENANCE SELLING(JV 910) ', '501', '0'),
('501607 ', '', ' VEHICLE REPAIR &amp; MAINTENANCE SELLING(JU 5652) ', '501', '0'),
('501608 ', '', ' VEHICLE REPAIR &amp; MAINTENANCE SELLING(KP 5264) ', '501', '0'),
('501610 ', '', ' VEHICLE TAX &amp; INSURANCE SELLING  ', '501', '0'),
('501620 ', '', ' RENT EXPENSE (GODAM)   ', '501', '0'),
('501900 ', '', ' MARKETING &amp; SELLING EXP OTHER   ', '501', '0'),
('501901 ', '', ' TRAVELLING EXPENSES   ', '501', '0'),
('501902 ', '', ' EMPLOYEE OLD AGE BENEFIT MKT  ', '501', '0'),
('501903 ', '', ' BONUS EXPENSE (MARKETING &amp; SELLING)   ', '501', '0'),
('601605 ', '', ' BANK CHARGES   ', '601', '0'),
('601610 ', '', ' BANK COMMISSION CHGS   ', '601', '0'),
('601705 ', '', ' FOREIGN EXCHANGE GAIN/LOSS   ', '601', '0'),
('602005 ', '', ' PRELIMINARY EXPENSE   ', '602', '0'),
('602010 ', '', ' AUDIT FEE   ', '602', '0'),
('602015 ', '', ' PROFESSIONAL FEE   ', '602', '0'),
('602020 ', '', ' MEMBERSHIP FEE   ', '602', '0'),
('602025 ', '', ' FEES &amp; SUBSCRIPTION   ', '602', '0'),
('602050 ', '', ' TAX CONSULTANCY CHGS   ', '602', '0'),
('602105 ', '', ' DIRECTOR REMUNERATION   ', '602', '0'),
('602205 ', '', ' SALARIES   ADMIN &amp; OTHER  ', '602', '0'),
('602207 ', '', ' FUEL FOR STAFF VEHICLE   ADM  ', '602', '0'),
('602208 ', '', ' VEHICLE RUNNING &amp; MAINT.  ADM  ', '602', '0'),
('602209 ', '', ' VEHICLE TAX &amp; INSURANCE  ADMIN  ', '602', '0'),
('602210 ', '', ' SESSI   ADMIN &amp; OTHER  ', '602', '0'),
('602215 ', '', ' LEAVE ENCASHMENT ADM  ', '602', '0'),
('602220 ', '', ' EDUCATION CESS   ', '602', '0'),
('602304 ', '', ' COMPUTER ACCESSORIES   ', '602', '0'),
('602305 ', '', ' OFFICE EXPENSE   ', '602', '0'),
('602306 ', '', ' OFFICE ENTERTAINMENT   ', '602', '0'),
('602307 ', '', ' CONVEYANCE CHARGES   ', '602', '0'),
('602308 ', '', ' OFFICE EQP. REPAIR &amp; MAINT.   ', '602', '0'),
('602309 ', '', ' OFFICE REPAIR &amp; MAINTENACE   ', '602', '0'),
('602310 ', '', ' PRINTING &amp; STATIONARY   ', '602', '0'),
('602311 ', '', ' OFFICE FURNITURE REPAIR &amp; MAINT.   ', '602', '0'),
('602312 ', '', ' POSTAGE &amp; COURIER CHGS   ', '602', '0'),
('602313 ', '', ' CUSTOM CLEARANCE CHARGES   ', '602', '0'),
('602315 ', '', ' ADVERTISING EXPENSE   ', '602', '0'),
('602316 ', '', ' CANTEEN EXPENSES   ', '602', '0'),
('602399 ', '', ' OFFICE CONSUMABLE   ', '602', '0'),
('602505 ', '', ' TELEPHONE  COMMUNICATION  ', '602', '0'),
('602510 ', '', ' MOBILE PHONE CHARGES   ADM  ', '602', '0'),
('602511 ', '', ' MOBILE PHONE CHARGES   APPLICATION  ', '602', '0'),
('602515 ', '', ' INTERNET   COMMUNICATION  ', '602', '0'),
('602550 ', '', ' ELECTRICITY CHARGES   ', '602', '0'),
('602600 ', '', ' WATER CHARGES   ', '602', '0'),
('602900 ', '', ' ADMIN EXPENSE OTHER   ', '602', '0'),
('602950 ', '', ' DEPRECIATION EXPENSE ADM  ', '602', '0'),
('602951 ', '', ' INCOME TAX TURN OVER TAX  ', '602', '0'),
('602952 ', '', ' EMPLOYEE OLD AGE BENEFIT ADMIN  ', '602', '0'),
('602953 ', '', ' MISCELLANEOUS EXENSES   ', '602', '0'),
('602954 ', '', ' BONUS EXPENSE (ADMIN)   ', '602', '0'),
('602955 ', '', ' PROFESSIONAL TAX   ', '602', '0'),
('602956 ', '', ' MEDICAL EXPENSE   ', '602', '0'),
('701001 ', '', ' DISCOUNT   ', '701', '0'),
('701001001 ', '', ' DISCOUNT FROM VENDORS   ', '701001', '0'),
('701010 ', '', ' OTHER INCOME (DEBTORS)   ', '701', '0'),
('999999 ', '', 'Profit and Loss', '602', '0');

### Structure of table `0_chart_types` ###

DROP TABLE IF EXISTS `0_chart_types`;

CREATE TABLE `0_chart_types` (
  `id` varchar(10) COLLATE utf8_unicode_ci NOT NULL,
  `name` varchar(60) COLLATE utf8_unicode_ci NOT NULL DEFAULT '',
  `class_id` varchar(3) COLLATE utf8_unicode_ci NOT NULL DEFAULT '',
  `parent` varchar(10) COLLATE utf8_unicode_ci NOT NULL DEFAULT '-1',
  `inactive` tinyint(1) NOT NULL DEFAULT '0',
  PRIMARY KEY (`id`),
  KEY `name` (`name`),
  KEY `class_id` (`class_id`)
) ENGINE=InnoDB DEFAULT CHARSET=utf8 COLLATE=utf8_unicode_ci ;

### Data of table `0_chart_types` ###

INSERT INTO `0_chart_types` VALUES
('101', ' CASH IN HAND', '10', '', '0'),
('1016', 'STOCK IN HAND OTHER', '10', '', '0'),
('102', ' CASH AT BANK', '10', '101', '0'),
('103', ' PREPAID, DEPOSIT &amp; ADVANCE', '10', '101', '0'),
('103100', 'PREPAID EXPENSE', '10', '103', '0'),
('103200', 'DEPOSIT', '10', '103', '0'),
('103300', ' ADVANCE TO STAFF', '10', '103', '0'),
('103400', 'LOAN TO STAFF', '10', '103', '0'),
('104', ' IMPORT,  LC &amp; LOCAL', '10', '', '0'),
('105', ' ADVANCE TAXES', '10', '', '0'),
('106', ' OTHER RECEIVABLE', '10', '', '0'),
('108', ' TRADE DEBTORS', '10', '', '0'),
('109', ' TRADE DEBTORS  CASH', '10', '', '0'),
('114', ' SALES TAX RECEIVABLE', '10', '', '0'),
('115', ' STOCK IN HAND  RM', '10', '', '0'),
('117', ' STOCK IN HAND  WIP', '10', '', '0'),
('119', ' STOCK IN HAND  FG', '10', '', '0'),
('121', ' STOCK IN HAND  OTHER', '10', '', '0'),
('131', ' PROPERTY PLANT &amp; EQUIPMENTS', '10', '', '0'),
('135', ' WORK IN PROGRESS', '10', '', '0'),
('139', ' PRELIMINARY', '10', '', '0'),
('201', ' FOREIGN MATERIAL SUPPLIERS', '20', '', '0'),
('202', ' FOREIGN VENDROS &amp; CONTRACTORS', '20', '', '0'),
('204', ' LOCAL MATERIAL SUPPLIERS', '20', '', '0'),
('205', ' LOCAL VENDORS &amp; CONTRACTOR', '20', '', '0'),
('207', ' ACCRUDE LIABILITIES', '20', '', '0'),
('208', ' GENERAL SUPPLIERS', '20', '', '0'),
('209', ' UTILITY &amp; OTHERS', '20', '', '0'),
('210', ' OTHER PAYABLES', '20', '', '0'),
('218', ' TAX PAYABLE', '20', '', '0'),
('225', ' LOAN FROM DIRECTORS', '30', '', '0'),
('230', ' PROVISION FOR LIABILITY', '20', '', '0'),
('259', ' INVESTMENT', '10', '', '0'),
('301', ' SALES', '40', '', '0'),
('321', ' SALE RETURN', '40', '', '0'),
('331', ' SALES ALLOWANCE', '40', '', '0'),
('351', ' COST OF PRODUCT', '50', '', '0'),
('355', ' MANUFACTURING COST', '50', '', '0'),
('400', ' APPLICATION WORK AT SITE', '50', '', '0'),
('4011', ' EQUITY', '30', '', '0'),
('501', ' MARKETING &amp; SELLING EXPENSE', '50', '', '0'),
('601', ' FINANCIAL CHARGES', '50', '', '0'),
('602', ' ADMIN EXPENSE', '50', '', '0'),
('701', ' OTHER INCOME', '50', '', '0'),
('715', ' INCOME DEDUCTION', '50', '', '0');

### Structure of table `0_comments` ###

DROP TABLE IF EXISTS `0_comments`;

CREATE TABLE `0_comments` (
  `type` int(11) NOT NULL DEFAULT '0',
  `id` int(11) NOT NULL DEFAULT '0',
  `date_` date DEFAULT '0000-00-00',
  `memo_` tinytext COLLATE utf8_unicode_ci,
  KEY `type_and_id` (`type`,`id`)
) ENGINE=InnoDB DEFAULT CHARSET=utf8 COLLATE=utf8_unicode_ci ;

### Data of table `0_comments` ###

INSERT INTO `0_comments` VALUES
('20', '1', '2017-08-01', 'gfvsg');

### Structure of table `0_credit_status` ###

DROP TABLE IF EXISTS `0_credit_status`;

CREATE TABLE `0_credit_status` (
  `id` int(11) NOT NULL AUTO_INCREMENT,
  `reason_description` char(100) COLLATE utf8_unicode_ci NOT NULL DEFAULT '',
  `dissallow_invoices` tinyint(1) NOT NULL DEFAULT '0',
  `inactive` tinyint(1) NOT NULL DEFAULT '0',
  PRIMARY KEY (`id`),
  UNIQUE KEY `reason_description` (`reason_description`)
) ENGINE=InnoDB AUTO_INCREMENT=5 DEFAULT CHARSET=utf8 COLLATE=utf8_unicode_ci ;

### Data of table `0_credit_status` ###

INSERT INTO `0_credit_status` VALUES
('1', 'Good History', '0', '0'),
('3', 'No more work until payment received', '1', '0'),
('4', 'In liquidation', '1', '0');

### Structure of table `0_crm_categories` ###

DROP TABLE IF EXISTS `0_crm_categories`;

CREATE TABLE `0_crm_categories` (
  `id` int(11) NOT NULL AUTO_INCREMENT COMMENT 'pure technical key',
  `type` varchar(20) COLLATE utf8_unicode_ci NOT NULL COMMENT 'contact type e.g. customer',
  `action` varchar(20) COLLATE utf8_unicode_ci NOT NULL COMMENT 'detailed usage e.g. department',
  `name` varchar(30) COLLATE utf8_unicode_ci NOT NULL COMMENT 'for category selector',
  `description` tinytext COLLATE utf8_unicode_ci NOT NULL COMMENT 'usage description',
  `system` tinyint(1) NOT NULL DEFAULT '0' COMMENT 'nonzero for core system usage',
  `inactive` tinyint(1) NOT NULL DEFAULT '0',
  PRIMARY KEY (`id`),
  UNIQUE KEY `type` (`type`,`action`),
  UNIQUE KEY `type_2` (`type`,`name`)
) ENGINE=InnoDB AUTO_INCREMENT=13 DEFAULT CHARSET=utf8 COLLATE=utf8_unicode_ci ;

### Data of table `0_crm_categories` ###

INSERT INTO `0_crm_categories` VALUES
('1', 'cust_branch', 'general', 'General', 'General contact data for customer branch (overrides company setting)', '1', '0'),
('2', 'cust_branch', 'invoice', 'Invoices', 'Invoice posting (overrides company setting)', '1', '0'),
('3', 'cust_branch', 'order', 'Orders', 'Order confirmation (overrides company setting)', '1', '0'),
('4', 'cust_branch', 'delivery', 'Deliveries', 'Delivery coordination (overrides company setting)', '1', '0'),
('5', 'customer', 'general', 'General', 'General contact data for customer', '1', '0'),
('6', 'customer', 'order', 'Orders', 'Order confirmation', '1', '0'),
('7', 'customer', 'delivery', 'Deliveries', 'Delivery coordination', '1', '0'),
('8', 'customer', 'invoice', 'Invoices', 'Invoice posting', '1', '0'),
('9', 'supplier', 'general', 'General', 'General contact data for supplier', '1', '0'),
('10', 'supplier', 'order', 'Orders', 'Order confirmation', '1', '0'),
('11', 'supplier', 'delivery', 'Deliveries', 'Delivery coordination', '1', '0'),
('12', 'supplier', 'invoice', 'Invoices', 'Invoice posting', '1', '0');

### Structure of table `0_crm_contacts` ###

DROP TABLE IF EXISTS `0_crm_contacts`;

CREATE TABLE `0_crm_contacts` (
  `id` int(11) NOT NULL AUTO_INCREMENT,
  `person_id` int(11) NOT NULL DEFAULT '0' COMMENT 'foreign key to crm_contacts',
  `type` varchar(20) COLLATE utf8_unicode_ci NOT NULL COMMENT 'foreign key to crm_categories',
  `action` varchar(20) COLLATE utf8_unicode_ci NOT NULL COMMENT 'foreign key to crm_categories',
  `entity_id` varchar(11) COLLATE utf8_unicode_ci DEFAULT NULL COMMENT 'entity id in related class table',
  PRIMARY KEY (`id`),
  KEY `type` (`type`,`action`)
) ENGINE=InnoDB AUTO_INCREMENT=404 DEFAULT CHARSET=utf8 COLLATE=utf8_unicode_ci ;

### Data of table `0_crm_contacts` ###

INSERT INTO `0_crm_contacts` VALUES
('1', '1', 'customer', 'general', '1'),
('2', '2', 'customer', 'general', '2'),
('3', '3', 'customer', 'general', '3'),
('4', '4', 'customer', 'general', '4'),
('5', '5', 'customer', 'general', '5'),
('6', '6', 'customer', 'general', '6'),
('7', '7', 'customer', 'general', '7'),
('8', '8', 'customer', 'general', '8'),
('9', '9', 'customer', 'general', '9'),
('10', '10', 'customer', 'general', '10'),
('11', '11', 'customer', 'general', '11'),
('12', '12', 'customer', 'general', '12'),
('13', '13', 'customer', 'general', '13'),
('14', '14', 'customer', 'general', '14'),
('15', '15', 'customer', 'general', '15'),
('16', '16', 'customer', 'general', '16'),
('17', '17', 'customer', 'general', '17'),
('18', '18', 'customer', 'general', '18'),
('19', '19', 'customer', 'general', '19'),
('20', '20', 'customer', 'general', '20'),
('21', '21', 'customer', 'general', '21'),
('22', '22', 'customer', 'general', '22'),
('23', '23', 'customer', 'general', '23'),
('24', '24', 'customer', 'general', '24'),
('25', '25', 'customer', 'general', '25'),
('26', '26', 'customer', 'general', '26'),
('27', '27', 'customer', 'general', '27'),
('28', '28', 'customer', 'general', '28'),
('29', '29', 'customer', 'general', '29'),
('30', '30', 'customer', 'general', '30'),
('31', '31', 'customer', 'general', '31'),
('32', '32', 'customer', 'general', '32'),
('33', '33', 'customer', 'general', '33'),
('34', '34', 'customer', 'general', '34'),
('35', '35', 'customer', 'general', '35'),
('36', '36', 'customer', 'general', '36'),
('37', '37', 'customer', 'general', '37'),
('38', '38', 'customer', 'general', '38'),
('39', '39', 'customer', 'general', '39'),
('40', '40', 'customer', 'general', '40'),
('41', '41', 'customer', 'general', '41'),
('42', '42', 'customer', 'general', '42'),
('43', '43', 'customer', 'general', '43'),
('44', '44', 'customer', 'general', '44'),
('45', '45', 'customer', 'general', '45'),
('46', '46', 'customer', 'general', '46'),
('47', '47', 'customer', 'general', '47'),
('48', '48', 'customer', 'general', '48'),
('49', '49', 'customer', 'general', '49'),
('50', '50', 'customer', 'general', '50'),
('51', '51', 'customer', 'general', '51'),
('52', '52', 'customer', 'general', '52'),
('53', '53', 'customer', 'general', '53'),
('54', '54', 'customer', 'general', '54'),
('55', '55', 'customer', 'general', '55'),
('56', '56', 'customer', 'general', '56'),
('57', '57', 'customer', 'general', '57'),
('58', '58', 'customer', 'general', '58'),
('59', '59', 'customer', 'general', '59'),
('60', '60', 'customer', 'general', '60'),
('61', '61', 'customer', 'general', '61'),
('62', '62', 'customer', 'general', '62'),
('63', '63', 'customer', 'general', '63'),
('64', '64', 'customer', 'general', '64'),
('65', '65', 'customer', 'general', '65'),
('66', '66', 'customer', 'general', '66'),
('67', '67', 'customer', 'general', '67'),
('68', '68', 'customer', 'general', '68'),
('69', '69', 'customer', 'general', '69'),
('70', '70', 'customer', 'general', '70'),
('71', '71', 'customer', 'general', '71'),
('72', '72', 'customer', 'general', '72'),
('73', '73', 'customer', 'general', '73'),
('74', '74', 'customer', 'general', '74'),
('75', '75', 'customer', 'general', '75'),
('76', '76', 'customer', 'general', '76'),
('77', '77', 'customer', 'general', '77'),
('78', '78', 'customer', 'general', '78'),
('79', '79', 'customer', 'general', '79'),
('80', '80', 'customer', 'general', '80'),
('81', '81', 'customer', 'general', '81'),
('82', '82', 'customer', 'general', '82'),
('83', '83', 'customer', 'general', '83'),
('84', '84', 'customer', 'general', '84'),
('85', '85', 'customer', 'general', '85'),
('86', '86', 'customer', 'general', '86'),
('87', '87', 'customer', 'general', '87'),
('88', '88', 'customer', 'general', '88'),
('89', '89', 'customer', 'general', '89'),
('90', '90', 'customer', 'general', '90'),
('91', '91', 'customer', 'general', '91'),
('92', '92', 'customer', 'general', '92'),
('93', '93', 'customer', 'general', '93'),
('94', '94', 'customer', 'general', '94'),
('95', '95', 'customer', 'general', '95'),
('96', '96', 'customer', 'general', '96'),
('97', '97', 'customer', 'general', '97'),
('98', '98', 'customer', 'general', '98'),
('99', '99', 'customer', 'general', '99'),
('100', '100', 'customer', 'general', '100'),
('101', '101', 'customer', 'general', '101'),
('102', '102', 'customer', 'general', '102'),
('103', '103', 'customer', 'general', '103'),
('104', '104', 'customer', 'general', '104'),
('105', '105', 'customer', 'general', '105'),
('106', '106', 'customer', 'general', '106'),
('107', '107', 'customer', 'general', '107'),
('108', '108', 'customer', 'general', '108'),
('109', '109', 'customer', 'general', '109'),
('110', '110', 'customer', 'general', '110'),
('111', '111', 'customer', 'general', '111'),
('112', '112', 'customer', 'general', '112'),
('113', '113', 'customer', 'general', '113'),
('114', '114', 'customer', 'general', '114'),
('115', '115', 'customer', 'general', '115'),
('116', '116', 'customer', 'general', '116'),
('117', '117', 'customer', 'general', '117'),
('118', '118', 'customer', 'general', '118'),
('119', '119', 'customer', 'general', '119'),
('120', '120', 'customer', 'general', '120'),
('121', '121', 'customer', 'general', '121'),
('122', '122', 'customer', 'general', '122'),
('123', '123', 'customer', 'general', '123'),
('124', '124', 'customer', 'general', '124'),
('125', '125', 'customer', 'general', '125'),
('126', '126', 'customer', 'general', '126'),
('127', '127', 'customer', 'general', '127'),
('128', '128', 'customer', 'general', '128'),
('129', '129', 'customer', 'general', '129'),
('130', '130', 'customer', 'general', '130'),
('131', '131', 'customer', 'general', '131'),
('132', '132', 'customer', 'general', '132'),
('133', '133', 'customer', 'general', '133'),
('134', '134', 'customer', 'general', '134'),
('135', '135', 'customer', 'general', '135'),
('136', '136', 'customer', 'general', '136'),
('137', '137', 'customer', 'general', '137'),
('138', '138', 'customer', 'general', '138'),
('139', '139', 'customer', 'general', '139'),
('140', '140', 'customer', 'general', '140'),
('141', '141', 'customer', 'general', '141'),
('142', '142', 'customer', 'general', '142'),
('143', '143', 'customer', 'general', '143'),
('144', '144', 'customer', 'general', '144'),
('145', '145', 'customer', 'general', '145'),
('146', '146', 'customer', 'general', '146'),
('147', '147', 'customer', 'general', '147'),
('148', '148', 'customer', 'general', '148'),
('149', '149', 'customer', 'general', '149'),
('150', '150', 'customer', 'general', '150'),
('151', '151', 'customer', 'general', '151'),
('152', '152', 'customer', 'general', '152'),
('153', '153', 'customer', 'general', '153'),
('154', '154', 'customer', 'general', '154'),
('155', '155', 'customer', 'general', '155'),
('156', '156', 'customer', 'general', '156'),
('157', '157', 'customer', 'general', '157'),
('158', '158', 'customer', 'general', '158'),
('159', '159', 'customer', 'general', '159'),
('160', '160', 'customer', 'general', '160'),
('161', '161', 'customer', 'general', '161'),
('162', '162', 'customer', 'general', '162'),
('163', '163', 'customer', 'general', '163'),
('164', '164', 'customer', 'general', '164'),
('165', '165', 'customer', 'general', '165'),
('166', '166', 'customer', 'general', '166'),
('167', '167', 'customer', 'general', '167'),
('168', '168', 'customer', 'general', '168'),
('169', '169', 'customer', 'general', '169'),
('170', '170', 'customer', 'general', '170'),
('171', '171', 'customer', 'general', '171'),
('172', '172', 'customer', 'general', '172'),
('173', '173', 'customer', 'general', '173'),
('174', '174', 'customer', 'general', '174'),
('175', '175', 'customer', 'general', '175'),
('176', '176', 'customer', 'general', '176'),
('177', '177', 'customer', 'general', '177'),
('178', '178', 'customer', 'general', '178'),
('179', '179', 'customer', 'general', '179'),
('180', '180', 'customer', 'general', '180'),
('181', '181', 'customer', 'general', '181'),
('182', '182', 'customer', 'general', '182'),
('183', '183', 'customer', 'general', '183'),
('184', '184', 'customer', 'general', '184'),
('185', '185', 'customer', 'general', '185'),
('186', '186', 'customer', 'general', '186'),
('187', '187', 'customer', 'general', '187'),
('188', '188', 'customer', 'general', '188'),
('189', '189', 'customer', 'general', '189'),
('190', '190', 'customer', 'general', '190'),
('191', '191', 'customer', 'general', '191'),
('192', '192', 'customer', 'general', '192'),
('193', '193', 'customer', 'general', '193'),
('194', '194', 'customer', 'general', '194'),
('195', '195', 'customer', 'general', '195'),
('196', '196', 'customer', 'general', '196'),
('197', '197', 'customer', 'general', '197'),
('198', '198', 'customer', 'general', '198'),
('199', '199', 'customer', 'general', '199'),
('200', '200', 'customer', 'general', '200'),
('201', '201', 'customer', 'general', '201'),
('202', '202', 'customer', 'general', '202'),
('203', '203', 'customer', 'general', '203'),
('204', '204', 'customer', 'general', '204'),
('205', '205', 'customer', 'general', '205'),
('206', '206', 'customer', 'general', '206'),
('207', '207', 'customer', 'general', '207'),
('208', '208', 'customer', 'general', '208'),
('209', '209', 'customer', 'general', '209'),
('210', '210', 'customer', 'general', '210'),
('211', '211', 'customer', 'general', '211'),
('212', '212', 'customer', 'general', '212'),
('213', '213', 'customer', 'general', '213'),
('214', '214', 'customer', 'general', '214'),
('215', '215', 'customer', 'general', '215'),
('216', '216', 'customer', 'general', '216'),
('217', '217', 'customer', 'general', '217'),
('218', '218', 'customer', 'general', '218'),
('219', '219', 'customer', 'general', '219'),
('220', '220', 'customer', 'general', '220'),
('221', '221', 'customer', 'general', '221'),
('222', '222', 'customer', 'general', '222'),
('223', '223', 'customer', 'general', '223'),
('224', '224', 'customer', 'general', '224'),
('225', '225', 'customer', 'general', '225'),
('226', '226', 'customer', 'general', '226'),
('227', '227', 'customer', 'general', '227'),
('228', '228', 'customer', 'general', '228'),
('229', '229', 'customer', 'general', '229'),
('230', '230', 'cust_branch', 'general', '230'),
('231', '230', 'customer', 'general', '230'),
('232', '231', 'cust_branch', 'general', '231'),
('233', '231', 'customer', 'general', '231'),
('234', '232', 'cust_branch', 'general', '232'),
('235', '232', 'customer', 'general', '232'),
('236', '233', 'cust_branch', 'general', '233'),
('237', '233', 'customer', 'general', '233'),
('238', '234', 'cust_branch', 'general', '234'),
('239', '234', 'customer', 'general', '234'),
('240', '235', 'cust_branch', 'general', '235'),
('241', '235', 'customer', 'general', '235'),
('242', '236', 'cust_branch', 'general', '236'),
('243', '236', 'customer', 'general', '236'),
('244', '237', 'cust_branch', 'general', '237'),
('245', '237', 'customer', 'general', '237'),
('246', '238', 'cust_branch', 'general', '238'),
('247', '238', 'customer', 'general', '238'),
('248', '239', 'cust_branch', 'general', '239'),
('249', '239', 'customer', 'general', '240'),
('250', '240', 'cust_branch', 'general', '240'),
('251', '240', 'customer', 'general', '241'),
('252', '241', 'cust_branch', 'general', '241'),
('253', '241', 'customer', 'general', '242'),
('254', '242', 'cust_branch', 'general', '242'),
('255', '242', 'customer', 'general', '243'),
('256', '243', 'cust_branch', 'general', '243'),
('257', '243', 'customer', 'general', '244'),
('258', '244', 'cust_branch', 'general', '244'),
('259', '244', 'customer', 'general', '245'),
('260', '245', 'cust_branch', 'general', '245'),
('261', '245', 'customer', 'general', '246'),
('262', '246', 'cust_branch', 'general', '246'),
('263', '247', 'cust_branch', 'general', '247'),
('264', '247', 'customer', 'general', '247'),
('265', '248', 'cust_branch', 'general', '248'),
('266', '248', 'customer', 'general', '248'),
('267', '249', 'cust_branch', 'general', '249'),
('268', '249', 'customer', 'general', '249'),
('269', '250', 'cust_branch', 'general', '250'),
('270', '250', 'customer', 'general', '250'),
('271', '251', 'cust_branch', 'general', '251'),
('272', '251', 'customer', 'general', '251'),
('273', '252', 'cust_branch', 'general', '252'),
('274', '252', 'customer', 'general', '252'),
('275', '253', 'cust_branch', 'general', '253'),
('276', '253', 'customer', 'general', '253'),
('277', '254', 'cust_branch', 'general', '254'),
('278', '254', 'customer', 'general', '254'),
('279', '255', 'cust_branch', 'general', '255'),
('280', '255', 'customer', 'general', '255'),
('281', '256', 'cust_branch', 'general', '256'),
('282', '256', 'customer', 'general', '257'),
('283', '257', 'cust_branch', 'general', '257'),
('284', '257', 'customer', 'general', '258'),
('285', '258', 'cust_branch', 'general', '258'),
('286', '258', 'customer', 'general', '259'),
('287', '259', 'cust_branch', 'general', '259'),
('288', '259', 'customer', 'general', '260'),
('289', '260', 'cust_branch', 'general', '260'),
('290', '260', 'customer', 'general', '261'),
('291', '261', 'cust_branch', 'general', '261'),
('292', '261', 'customer', 'general', '262'),
('293', '262', 'cust_branch', 'general', '262'),
('294', '262', 'customer', 'general', '263'),
('295', '263', 'cust_branch', 'general', '263'),
('296', '263', 'customer', 'general', '264'),
('297', '264', 'cust_branch', 'general', '264'),
('298', '264', 'customer', 'general', '265'),
('299', '265', 'cust_branch', 'general', '265'),
('300', '265', 'customer', 'general', '266'),
('301', '266', 'cust_branch', 'general', '266'),
('302', '267', 'cust_branch', 'general', '267'),
('303', '268', 'cust_branch', 'general', '268'),
('304', '268', 'customer', 'general', '267'),
('305', '269', 'cust_branch', 'general', '269'),
('306', '269', 'customer', 'general', '268'),
('307', '270', 'cust_branch', 'general', '270'),
('308', '270', 'customer', 'general', '269'),
('309', '271', 'cust_branch', 'general', '271'),
('310', '271', 'customer', 'general', '270'),
('311', '272', 'cust_branch', 'general', '272'),
('312', '272', 'customer', 'general', '271'),
('313', '273', 'cust_branch', 'general', '273'),
('314', '273', 'customer', 'general', '272'),
('315', '274', 'cust_branch', 'general', '274'),
('316', '274', 'customer', 'general', '273'),
('317', '275', 'cust_branch', 'general', '275'),
('318', '275', 'customer', 'general', '274'),
('319', '276', 'cust_branch', 'general', '276'),
('320', '276', 'customer', 'general', '275'),
('321', '277', 'cust_branch', 'general', '277'),
('322', '277', 'customer', 'general', '276'),
('323', '278', 'cust_branch', 'general', '278'),
('324', '278', 'customer', 'general', '277'),
('325', '279', 'cust_branch', 'general', '279'),
('326', '279', 'customer', 'general', '280'),
('327', '280', 'cust_branch', 'general', '280'),
('328', '280', 'customer', 'general', '281'),
('329', '281', 'cust_branch', 'general', '281'),
('330', '281', 'customer', 'general', '282'),
('331', '282', 'cust_branch', 'general', '282'),
('332', '282', 'customer', 'general', '283'),
('333', '283', 'cust_branch', 'general', '283'),
('334', '283', 'customer', 'general', '284'),
('335', '284', 'cust_branch', 'general', '284'),
('336', '284', 'customer', 'general', '285'),
('337', '285', 'cust_branch', 'general', '285'),
('338', '285', 'customer', 'general', '286'),
('339', '286', 'cust_branch', 'general', '286'),
('340', '286', 'customer', 'general', '287'),
('341', '287', 'cust_branch', 'general', '287'),
('342', '287', 'customer', 'general', '288'),
('343', '288', 'cust_branch', 'general', '288'),
('344', '288', 'customer', 'general', '289'),
('345', '289', 'cust_branch', 'general', '289'),
('346', '289', 'customer', 'general', '290'),
('347', '290', 'cust_branch', 'general', '290'),
('348', '290', 'customer', 'general', '291'),
('349', '291', 'cust_branch', 'general', '291'),
('350', '292', 'cust_branch', 'general', '292'),
('351', '292', 'customer', 'general', '292'),
('352', '293', 'cust_branch', 'general', '293'),
('353', '293', 'customer', 'general', '293'),
('354', '294', 'cust_branch', 'general', '294'),
('355', '294', 'customer', 'general', '294'),
('356', '295', 'cust_branch', 'general', '295'),
('357', '295', 'customer', 'general', '295'),
('358', '296', 'cust_branch', 'general', '296'),
('359', '296', 'customer', 'general', '296'),
('360', '297', 'cust_branch', 'general', '297'),
('361', '297', 'customer', 'general', '297'),
('362', '298', 'cust_branch', 'general', '298'),
('363', '299', 'cust_branch', 'general', '299'),
('364', '299', 'customer', 'general', '298'),
('365', '300', 'cust_branch', 'general', '300'),
('366', '300', 'customer', 'general', '299'),
('367', '301', 'cust_branch', 'general', '301'),
('368', '301', 'customer', 'general', '300'),
('369', '302', 'cust_branch', 'general', '302'),
('370', '302', 'customer', 'general', '301'),
('371', '303', 'cust_branch', 'general', '303'),
('372', '303', 'customer', 'general', '302'),
('373', '304', 'cust_branch', 'general', '304'),
('374', '304', 'customer', 'general', '303'),
('375', '305', 'cust_branch', 'general', '305'),
('376', '305', 'customer', 'general', '304'),
('377', '306', 'cust_branch', 'general', '306'),
('378', '306', 'customer', 'general', '305'),
('379', '307', 'cust_branch', 'general', '307'),
('380', '307', 'customer', 'general', '306'),
('381', '308', 'cust_branch', 'general', '308'),
('382', '308', 'customer', 'general', '307'),
('383', '309', 'cust_branch', 'general', '309'),
('384', '309', 'customer', 'general', '308'),
('385', '310', 'cust_branch', 'general', '310'),
('386', '310', 'customer', 'general', '309'),
('387', '311', 'cust_branch', 'general', '311'),
('388', '311', 'customer', 'general', '310'),
('389', '312', 'cust_branch', 'general', '312'),
('390', '312', 'customer', 'general', '311'),
('391', '313', 'cust_branch', 'general', '313'),
('392', '313', 'customer', 'general', '312'),
('393', '314', 'cust_branch', 'general', '314'),
('394', '315', 'cust_branch', 'general', '315'),
('395', '315', 'customer', 'general', '313'),
('396', '316', 'cust_branch', 'general', '316'),
('397', '316', 'customer', 'general', '314'),
('398', '317', 'cust_branch', 'general', '317'),
('399', '317', 'customer', 'general', '315'),
('400', '318', 'cust_branch', 'general', '318'),
('401', '318', 'customer', 'general', '316'),
('402', '319', 'cust_branch', 'general', '319'),
('403', '319', 'customer', 'general', '317');

### Structure of table `0_crm_persons` ###

DROP TABLE IF EXISTS `0_crm_persons`;

CREATE TABLE `0_crm_persons` (
  `id` int(11) NOT NULL AUTO_INCREMENT,
  `ref` varchar(30) COLLATE utf8_unicode_ci NOT NULL,
  `name` varchar(60) COLLATE utf8_unicode_ci NOT NULL,
  `name2` varchar(60) COLLATE utf8_unicode_ci DEFAULT NULL,
  `address` tinytext COLLATE utf8_unicode_ci,
  `phone` varchar(30) COLLATE utf8_unicode_ci DEFAULT NULL,
  `phone2` varchar(30) COLLATE utf8_unicode_ci DEFAULT NULL,
  `fax` varchar(30) COLLATE utf8_unicode_ci DEFAULT NULL,
  `email` varchar(100) COLLATE utf8_unicode_ci DEFAULT NULL,
  `lang` char(5) COLLATE utf8_unicode_ci DEFAULT NULL,
  `notes` tinytext COLLATE utf8_unicode_ci NOT NULL,
  `inactive` tinyint(1) NOT NULL DEFAULT '0',
  PRIMARY KEY (`id`),
  KEY `ref` (`ref`)
) ENGINE=InnoDB AUTO_INCREMENT=320 DEFAULT CHARSET=utf8 COLLATE=utf8_unicode_ci ;

### Data of table `0_crm_persons` ###

INSERT INTO `0_crm_persons` VALUES
('1', '3G CONSTRUCTION', '3G CONSTRUCTION', NULL, 'BAHRIA HEIGHTS, BAHRIA TOWN,', '0347-7287606', NULL, NULL, NULL, NULL, '', '0'),
('2', 'A.G. GIGI (PVT) LTD', 'A.G. GIGI (PVT) LTD', NULL, 'NEAR BROOKS CHOWRANGI,', '0300-8294784', NULL, NULL, NULL, NULL, '', '0'),
('3', 'A.M HUSSAIN &amp; CO', 'A.M HUSSAIN &amp; CO', NULL, 'SHOP # 2 &amp; 3 ANUM ARCADE, SUNSET LANE-1 PHASE II EXT. DHA', '0300-9219126 ', NULL, NULL, NULL, NULL, '', '0'),
('4', 'AA QUALITY BUILDERS', 'AA QUALITY BUILDERS', NULL, 'C-6, BLOCK-7, Gulshan-e-Iqbal,', '0344-2830697,0303-2946982', NULL, NULL, NULL, NULL, '', '0'),
('5', 'AAA Associates', 'AAA Associates', NULL, 'D.H.A.', '0321-2674000', NULL, NULL, NULL, NULL, '', '0'),
('6', 'AAA FACILITY MANAGEMENT LTD', 'AAA FACILITY MANAGEMENT LTD', NULL, 'C-19, KH-E-BUKHARI, DHA,', '0321-8254009', NULL, NULL, NULL, NULL, '', '0'),
('7', 'ABASEEN CONSTRUCTION CO. PVT L', 'ABASEEN CONSTRUCTION CO. PVT LTD', NULL, 'Office No. 7, Afzal Apartments, Stadium Road, Karachi, ', '0333-2414481', NULL, NULL, NULL, NULL, '', '0'),
('8', 'ABDUL KAREEM', 'ABDUL KAREEM', NULL, 'GULSHAN', '0300-8247966', NULL, NULL, NULL, NULL, '', '0'),
('9', 'ABDUL QADIR', 'ABDUL QADIR', NULL, 'PLOT # 78, SABA AVENUE, NEAR IMAM BARGAH, DHA,', '0333-2145984', NULL, NULL, NULL, NULL, '', '0'),
('10', 'ABDUL QADIR JAAFRANI', 'ABDUL QADIR JAAFRANI', NULL, 'PLOT # C-43-10, BLOCK-6, PECHS, NEAR FEROZABAD POLICE STATION', '0300-8236110', NULL, NULL, NULL, NULL, '', '0'),
('11', 'ABDULLAH TILES', 'ABDULLAH TILES', NULL, '26TH STREET, TAUHEED COMMERCIAL, DHA,', '021-35362405-7', NULL, NULL, NULL, NULL, '', '0'),
('12', 'RAMZAN TRADERS', 'RAMZAN TRADERS', NULL, 'AEROMOTIVE', '0', NULL, NULL, NULL, NULL, '', '0'),
('13', 'AHMED ENGINEERING', 'AHMED ENGINEERING', NULL, 'CLARINAT CHEMICALS PAKISTAN,', '0301-8484041', NULL, NULL, NULL, NULL, '', '0'),
('14', 'AHMED SANITARY', 'AHMED SANITARY', NULL, 'CYCLE MARKET, LIGHT HOUSE,', '0', NULL, NULL, NULL, NULL, '', '0'),
('15', 'AL-ABBAS PAINT HOUSE', 'AL-ABBAS PAINT HOUSE', NULL, 'MAIN GIZRI, OPP. MUBARAK MASJID, KH-E-HAFEEZ,', '0322-2549351', NULL, NULL, NULL, NULL, '', '0'),
('16', 'AL-BURHAN SANITARY', 'AL-BURHAN SANITARY', NULL, 'SHOP # 4, JAVERIA MANSION, AKBAR ALI LANE, SADDAR,', '0300-0928052 / 0333-7235252', NULL, NULL, NULL, NULL, '', '0'),
('17', 'AL-HAIDER PAINT HOUSE', 'AL-HAIDER PAINT HOUSE', NULL, 'SHOP # 15-16, SAKINA ARCADE, OPP. MUBARAK MASJID, GIZRI,', '021-35876057', NULL, NULL, NULL, NULL, '', '0'),
('18', 'AL-HASNAIN HARDWARE', 'AL-HASNAIN HARDWARE', NULL, 'UPPER GIZRI RD, NEAR MUBARAK, MASJID,', '021-35372076', NULL, NULL, NULL, NULL, '', '0'),
('19', 'AL-HATEMI PAINT HOUSE', 'AL-HATEMI PAINT HOUSE', NULL, 'LOWER GIZRI, AVENUE ROAD, OPP. AL-KARIM PAINT, ', '0', NULL, NULL, NULL, NULL, '', '0'),
('20', 'AL-KARIM PAINT HOUSE', 'AL-KARIM PAINT HOUSE', NULL, 'LOWER GIZRI, AVENUE ROAD, NEAR ASIF CORP, ', '0333-2106878', NULL, NULL, NULL, NULL, '', '0'),
('21', 'AL-MADINA TILES', 'AL-MADINA TILES', NULL, 'R-413, SECTOR 11C-1, ADAM TOWN NORTH KARACHI', '0321-2557191', NULL, NULL, NULL, NULL, '', '0'),
('22', 'AL-MOHAMMADI TILE', 'AL-MOHAMMADI TILE', NULL, 'SADDAR, NEAR SHABBIR BIRYANI,', '0321-3041886 ', NULL, NULL, NULL, NULL, '', '0'),
('23', 'AL-MOIZ HARDWARE', 'AL-MOIZ HARDWARE', NULL, 'MAIN GIZRI,', '0302-8248151', NULL, NULL, NULL, NULL, '', '0'),
('24', 'AL-SIRAJ FARMHOUSE', 'AL-SIRAJ FARMHOUSE', NULL, 'GHAREEBABAD, NEAR PSO PUMP, ', '0300-8973341', NULL, NULL, NULL, NULL, '', '0'),
('25', 'ALVI HARDWARE', 'ALVI HARDWARE', NULL, 'PLOT # 30-C, LANE-8, BUKHARI COMMERCIAL, AHMAD APPARTMENT,DHA,', '0333-7981586', NULL, NULL, NULL, NULL, '', '0'),
('26', 'AMCORP CONSTRUCTION', 'AMCORP CONSTRUCTION', NULL, 'M.U.E.T., JAMSHORO,', '0322-2889608', NULL, NULL, NULL, NULL, '', '0'),
('27', 'AMIN DHOSA C/O THE ARCHITECT', 'AMIN DHOSA C/O THE ARCHITECT', NULL, 'PLOT # F-92, BATH ISLAND, NEAR AGA KHAN JAMAT KHANA,', '0', NULL, NULL, NULL, NULL, '', '0'),
('28', 'AMIR TOOLS', 'AMIR TOOLS', NULL, 'SHOP # 2/3, SHUJA MARKET, KATCHI GALI # 3, MARRIOT ROAD,', '0345-2217672', NULL, NULL, NULL, NULL, '', '0'),
('29', 'AMMAR HARDWARE &amp; KITCHEN', 'AMMAR HARDWARE &amp; KITCHEN', NULL, 'F-18, GRACE CENTRE, GIZRI,', '021-35831611', NULL, NULL, NULL, NULL, '', '0'),
('30', 'AMMAR HARDWARE STORE', 'AMMAR HARDWARE STORE', NULL, 'C-CH, REHMAT ALI RD, MANZOOR COLONY, GUJJAR CHOWK,', '0312-2023656', NULL, NULL, NULL, NULL, '', '0'),
('31', 'AMMAR PAINTS &amp; HARDWARE', 'AMMAR PAINTS &amp; HARDWARE', NULL, 'HYDERABAD,', '0333-2626052', NULL, NULL, NULL, NULL, '', '0'),
('32', 'ANSAR BROTHERS', 'ANSAR BROTHERS', NULL, 'ABDUL MAJID SIDHI STREET, MARRIOT ROAD,', '021-32414258', NULL, NULL, NULL, NULL, '', '0'),
('33', 'ANWER OK', 'ANWER OK', NULL, '11-C, MOHAMMAD ALI SOCIETY, NEAR KAYBEES,', '0312-3399978', NULL, NULL, NULL, NULL, '', '0'),
('34', 'A-ONE MARBLE', 'A-ONE MARBLE', NULL, 'K-22, JOHAR COLONY, MANGOPIR ROAD,', '0300-2114011', NULL, NULL, NULL, NULL, '', '0'),
('35', 'A-ONE PAINT HARDWARE &amp; ELE', 'A-ONE PAINT HARDWARE &amp; ELECTRIC STORE', NULL, 'SHOP # 21, KHAWAJA MANZIL, BAHADURABAD,', '0324-2006135', NULL, NULL, NULL, NULL, '', '0'),
('36', 'ARAISH', 'ARAISH', NULL, 'OFFICE # 210, TAYYAB ALI STREET, SADDAR,', '0333-2776396 ', NULL, NULL, NULL, NULL, '', '0'),
('37', 'ARCH. AFTAB ABBASI', 'ARCH. AFTAB ABBASI', NULL, 'GAWADAR,', '0321-2379862', NULL, NULL, NULL, NULL, '', '0'),
('38', 'ARCH. AHMED JUMANI', 'ARCH. AHMED JUMANI', NULL, '17A KDA SCHEME # 1 NEAR PEER PAGARA HOUSE', '0301-8222534', NULL, NULL, NULL, NULL, '', '0'),
('39', 'ARCH. AMBREEN', 'ARCH. AMBREEN', NULL, '912/9TH FLOOR, WEST POINT TOWER, PHASE-2, KORANGI ROAD,', '0', NULL, NULL, NULL, NULL, '', '0'),
('40', 'ARCH. FAROOQI', 'ARCH. FAROOQI', NULL, 'SHABBIRABAD, BLOCK A', '0301-2194604', NULL, NULL, NULL, NULL, '', '0'),
('41', 'ARCH. SHEHLA TASLEEM', 'ARCH. SHEHLA TASLEEM', NULL, 'PLOT # S22, STREET # 4, PH-VII, NEAR FATIMA MASJID, DHA,', '0300-7069436', NULL, NULL, NULL, NULL, '', '0'),
('42', 'ARCH. ZAHRA', 'ARCH. ZAHRA', NULL, 'ISLAMABAD,', '0302-8540446', NULL, NULL, NULL, NULL, '', '0'),
('43', 'ARIF HABIB RESIDENCY', 'ARIF HABIB RESIDENCY', NULL, 'A-116, BLOCK-A, NEW NAZIMABAD, MANGHOPIR ROAD,', '0334-0383919', NULL, NULL, NULL, NULL, '', '0'),
('44', 'ARIF SB', 'ARIF SB', NULL, 'SHAHEED-E-MILLAT ROAD, TIGER HOUSE,', '0333-2141821', NULL, NULL, NULL, NULL, '', '0'),
('45', 'ARMY OFFICER HOUSING SOCIETY', 'ARMY OFFICER HOUSING SOCIETY', NULL, 'ARMY OFFICER SOCIETY, NEAR STADIUM,', '0', NULL, NULL, NULL, NULL, '', '0'),
('46', 'ASIF BANGLES', 'ASIF BANGLES', NULL, 'KORANGI NEAR CHINIOT HOSPITAL', '0306-1837828', NULL, NULL, NULL, NULL, '', '0'),
('47', 'ASIF CORPORATION', 'ASIF CORPORATION', NULL, 'plot # 78, jam sadiq ali road, near pumping station, lower gizri,', '0300-2326395', NULL, NULL, NULL, NULL, '', '0'),
('48', 'ASIF DEVELOPERS', 'ASIF DEVELOPERS', NULL, 'BAHRIA TOWN IQBAL VILLA STREET 21', '0321-4268624', NULL, NULL, NULL, NULL, '', '0'),
('49', 'ASIF ISMAIL SB', 'ASIF ISMAIL SB', NULL, 'PLOT # 6-B, KH-E-HILAL, LANE-3, PHASE-6, DHA,', '0300-8211941', NULL, NULL, NULL, NULL, '', '0'),
('50', 'AWAAN CERAMICS (TOTO)', 'AWAAN CERAMICS (TOTO)', NULL, '95/3, NEAR LIAQAT LIBRARY, STADIUM ROAD,', '021-34920997 ', NULL, NULL, NULL, NULL, '', '0'),
('51', 'AZHAR PAINT HOUSE', 'AZHAR PAINT HOUSE', NULL, '6 INSHAD CENTRE, ARAM BAGH FURNITURE MARKET', '0322-2109441', NULL, NULL, NULL, NULL, '', '0'),
('52', 'AZIZ PAINTS', 'AZIZ PAINTS', NULL, 'BOHRAPIR,', '021-32725414', NULL, NULL, NULL, NULL, '', '0'),
('53', 'BHAI JEE BHAI PAINTS', 'BHAI JEE BHAI PAINTS', NULL, 'BEHIND BOHRA MAZAAR, BOHRAPIR,', '0', NULL, NULL, NULL, NULL, '', '0'),
('54', 'BILAL CEMENT DEPOT', 'BILAL CEMENT DEPOT', NULL, 'GOLIMAR #1, NAWAB SADDIQUE ALI KHAN RD, ', '0308-2489601', NULL, NULL, NULL, NULL, '', '0'),
('55', 'BISMILLAH PAINT &amp; HARDWARE', 'BISMILLAH PAINT &amp; HARDWARE', NULL, 'SHOP#8/A, ABDULLAH APPARTMENT, BLOCK-16, GULISTAN-E-JOHAR,', '0321-2463890 ', NULL, NULL, NULL, NULL, '', '0'),
('56', 'BMS GAWADER', 'BMS GAWADER', NULL, 'GAWADER', '0333-2020652', NULL, NULL, NULL, NULL, '', '0'),
('57', 'BOLAN ENTERPRISES', 'BOLAN ENTERPRISES', NULL, 'TARIQ ROAD, NEAR BOMBAY SWEETS,', '0300-3855627', NULL, NULL, NULL, NULL, '', '0'),
('58', 'BURHAN HARDWARE &amp; TOOLS CO', 'BURHAN HARDWARE &amp; TOOLS CO.', NULL, 'SHOP # 2, NIAZI MANZIL, MURAD KHAN ROAD, OPP. MARRIOT ROAD,', '021-32444184', NULL, NULL, NULL, NULL, '', '0'),
('59', 'BURHANI CHEMICALS', 'BURHANI CHEMICALS', NULL, 'PXS,', '0', NULL, NULL, NULL, NULL, '', '0'),
('60', 'BURHANI ENTERPRISES', 'BURHANI ENTERPRISES', NULL, 'JODIA BAZAAR, GHULAM SHAH STREET,', '0300-2371930', NULL, NULL, NULL, NULL, '', '0'),
('61', 'BURHANI HARDWARE STORE', 'BURHANI HARDWARE STORE', NULL, 'PAK COLONY, BADAR MARKET, MANGOPIR ROAD,', '021-35482171', NULL, NULL, NULL, NULL, '', '0'),
('62', 'BURHANI SANITARY', 'BURHANI SANITARY', NULL, 'KH-E-BUKHARI/CHOTA BUKHARI, BACK TO J.B.SAEED, DHA,', '0300-0926052', NULL, NULL, NULL, NULL, '', '0'),
('63', 'BURHANI TRADERS', 'BURHANI TRADERS', NULL, 'BOHRI BAZAR, SADDAR,', '0332-2177570', NULL, NULL, NULL, NULL, '', '0'),
('64', 'BURJ-E-DEENAR', 'BURJ-E-DEENAR', NULL, 'C-104 DHORAJEE COLONY NEAR AGA KHAN HOSPITAL', '0300-2218434', NULL, NULL, NULL, NULL, '', '0'),
('65', 'CDC-TRUSTEE DOLMEN CITY REIT', 'CDC-TRUSTEE DOLMEN CITY REIT', NULL, '1ST FLOOR, EXECUTIVE TOWER,  DOLMEN CITY, HC-3, BLOCK-4, MARINE DRIVE, CLIFTON,', '021-35296192-94', NULL, NULL, NULL, NULL, '', '0'),
('66', 'CHOICE CENTRE', 'CHOICE CENTRE', NULL, 'SHOP # 181, GOLIMAR,', '021-36603596', NULL, NULL, NULL, NULL, '', '0'),
('67', 'CLIFTON COMFORT', 'CLIFTON COMFORT', NULL, 'PLOT # D-12, BLOCK-9, KEHKASHAN, CLIFTON,', '0300-2673515', NULL, NULL, NULL, NULL, '', '0'),
('68', 'COAST GUARD', 'COAST GUARD', NULL, 'KORANGI 2 1/2', '0333-2227701', NULL, NULL, NULL, NULL, '', '0'),
('69', 'COLONEL MUSHTAQ C/O ARAISH', 'COLONEL MUSHTAQ C/O ARAISH', NULL, 'BILTY AT GHOTKI', 'HAFEEZ', NULL, NULL, NULL, NULL, '', '0'),
('70', 'COLOR BANK', 'COLOR BANK', NULL, 'SHOP # 8, NEAR MUBARAK MASJID, MAIN GIZRI,', '0300-2833655', NULL, NULL, NULL, NULL, '', '0'),
('71', 'COLOR CENTRE', 'COLOR CENTRE', NULL, 'SHOP # 9, CHAND BIBI CENTRE, BOHRAPIR,', '0300-2270481', NULL, NULL, NULL, NULL, '', '0'),
('72', 'COLOR WORLD', 'COLOR WORLD', NULL, 'SHOP # 44, CHAND BIBI CENTRE, BOHRAPIR, ', '0300-2442318', NULL, NULL, NULL, NULL, '', '0'),
('73', 'Concrete Concept', 'Concrete Concept', NULL, 'C-21, BLOCK N, North Nazimabad,', '021-36675534', NULL, NULL, NULL, NULL, '', '0'),
('74', 'CONT. AHSAN ALI', 'CONT. AHSAN ALI', NULL, 'ADJACENT TO INTER WOOD OFFICE DALMIA ROAD ', '0335-2208954  ', NULL, NULL, NULL, NULL, '', '0'),
('75', 'CONT. EHSAN', 'CONT. EHSAN', NULL, 'DHA,', '0302-2300032', NULL, NULL, NULL, NULL, '', '0'),
('76', 'CONT. NAEEM', 'CONT. NAEEM', NULL, 'HOUSE # 52/4, STREET 22H, MIRZA ADAM KHAN ROAD,', '0321-2026666', NULL, NULL, NULL, NULL, '', '0'),
('77', 'CONT. RAFAT', 'CONT. RAFAT', NULL, 'BANGLOW # E-38, BLOCK-7, GULSHAN-E-IQBAL,', '0321-2213309', NULL, NULL, NULL, NULL, '', '0'),
('78', 'CONTRACTOR MEHMOOD.', 'CONTRACTOR MEHMOOD.', NULL, 'Korangi Industrial Area, Near Salim Industries', '0300-2113603', NULL, NULL, NULL, NULL, '', '0'),
('79', 'DEECON (PVT) LTD.', 'DEECON (PVT) LTD.', NULL, '7C, CG HOUSE, MEZANINE FLOOR, PHASE 2, DHA,', '0300-8221978', NULL, NULL, NULL, NULL, '', '0'),
('80', 'DEENU CHACHA', 'DEENU CHACHA', NULL, 'PLOT # 240 SHABBIRABAD BLOCK B', '0300-8962773', NULL, NULL, NULL, NULL, '', '0'),
('81', 'DILKUSHA GOHAR RESIDENCIA', 'DILKUSHA GOHAR RESIDENCIA', NULL, 'BAHADURABAD, GOHAR COMFORTS,', '0345-9990744', NULL, NULL, NULL, NULL, '', '0'),
('82', 'DIN BROTHERS', 'DIN BROTHERS', NULL, 'D-50/C, SITE, WAREHOUSE,', '0333-2355574', NULL, NULL, NULL, NULL, '', '0'),
('83', 'DOLMEN MALL', 'DOLMEN MALL', NULL, 'DOLMEN MALL, TARIQ ROAD,', '0345-3096425', NULL, NULL, NULL, NULL, '', '0'),
('84', 'DOLMEN REAL ESTATE MANAGEMENT ', 'DOLMEN REAL ESTATE MANAGEMENT (PVT) LTD', NULL, 'Dolmen City, Clifton,', '021-35296192-4 ', NULL, NULL, NULL, NULL, '', '0'),
('85', 'DR. COLOR PAINT HOUSE', 'DR. COLOR PAINT HOUSE', NULL, 'NEAR BIN HASHIM, SAFORA GOTH,', '0333-2196820', NULL, NULL, NULL, NULL, '', '0'),
('86', 'EVERSHINE CONSTRUCTION', 'EVERSHINE CONSTRUCTION', NULL, 'SINDH ASSEMBLY NEW ART COUNCIL', '0331-2048439', NULL, NULL, NULL, NULL, '', '0'),
('87', 'FAISAL BILWANI', 'FAISAL BILWANI', NULL, 'PLOT # 183 GENERAL HOUSING SOCIETY ', '0300-8211684', NULL, NULL, NULL, NULL, '', '0'),
('88', 'FAISAL MALIK', 'FAISAL MALIK', NULL, 'BAHRIA TOWN, HOME-4', '0349-3647278 ', NULL, NULL, NULL, NULL, '', '0'),
('89', 'FAISAL PAINTS', 'FAISAL PAINTS', NULL, 'GIZRI, NEAR COLOR BANK,', '0', NULL, NULL, NULL, NULL, '', '0'),
('90', 'FAIZ-E-HAKIMI', 'FAIZ-E-HAKIMI', NULL, '245, 35TH STREET, PHASE VIII, P.D.H.O.A, ', '0333-3075752', NULL, NULL, NULL, NULL, '', '0'),
('91', 'FAR EASTERN IMPEX (PVT) LTD.', 'FAR EASTERN IMPEX (PVT) LTD.', NULL, 'Plot No. D-49, Hassan Disalwa Town, Memon Ghoot, Malir,', '0308-2228663', NULL, NULL, NULL, NULL, '', '0'),
('92', 'FARAZ CEMENT DEPOT', 'FARAZ CEMENT DEPOT', NULL, 'BOHRAPIR,', '0300-8298398', NULL, NULL, NULL, NULL, '', '0'),
('93', 'FAROOQ HARDWARE', 'FAROOQ HARDWARE', NULL, 'ALLAMA IQBAL RD, OPP AL-QUBA MASJID, NEAR GUJJAR CHOWK, MANZOOR COLONY, ', '0313-2253018 ', NULL, NULL, NULL, NULL, '', '0'),
('94', 'FATIMA DEVELOPERS', 'FATIMA DEVELOPERS', NULL, 'DHA,', '0321-8781636', NULL, NULL, NULL, NULL, '', '0'),
('95', 'FATIMIYAH HOSPITAL', 'FATIMIYAH HOSPITAL', NULL, 'JM-168, SHAH ABDUL LATIF ROAD, NEAR NISHTAR PARK,', '0300-8310968', NULL, NULL, NULL, NULL, '', '0'),
('96', 'FAZAIYA HOUSING SOCIETY', 'FAZAIYA HOUSING SOCIETY', NULL, 'NORTHERN BYPASS,  SCHEME-2,', '0321-2852270', NULL, NULL, NULL, NULL, '', '0'),
('97', 'FEDERAL SANITARY', 'FEDERAL SANITARY', NULL, 'G, C-22, OPP. KAUSAR WATER SUPPLY, GULBAHAR-2,', '0321-3212017', NULL, NULL, NULL, NULL, '', '0'),
('98', 'FEROZE 1888 MILLS LIMITED', 'FEROZE 1888 MILLS LIMITED', NULL, 'PLOT # C-3, SITE, MANGOPIR ROAD,', '0305-2220658', NULL, NULL, NULL, NULL, '', '0'),
('99', 'FOUR STAR CORPORATION', 'FOUR STAR CORPORATION', NULL, 'UNI PLAZA I.I CHUNDRIGAR ROAD ROOM # 506-507 5TH FLOOR', '021-32423543', NULL, NULL, NULL, NULL, '', '0'),
('100', 'G.N FUS', 'G.N FUS', NULL, 'MR 2/36-37, MARRIOT ROAD,', '0300-2206252', NULL, NULL, NULL, NULL, '', '0'),
('101', 'GHANDHARA NISSAN LTD', 'GHANDHARA NISSAN LTD', NULL, 'SITE, NEAR SHERSHAH CHOWRANGI,', '0300-5040527', NULL, NULL, NULL, NULL, '', '0'),
('102', 'Gogan Cement', 'Gogan Cement', NULL, '244/B, Lehra Square, Shop # 15, Opp. Karimi Mosque, Block-6, PECHS, ', '0300-8921330', NULL, NULL, NULL, NULL, '', '0'),
('103', 'Golden Tiles', 'Golden Tiles', NULL, 'Golimar No.1, Nawab Siddiq Ali Khan Road,', '021-38645733', NULL, NULL, NULL, NULL, '', '0'),
('104', 'GOMAL CEMENT', 'GOMAL CEMENT', NULL, 'OFFICE B-202 CHAPPAL GARDEN ABUL HASAN ISPAHANI ROAD', '0312-8978887', NULL, NULL, NULL, NULL, '', '0'),
('105', 'GRAVITY BUILDERS', 'GRAVITY BUILDERS', NULL, 'A-29, STREET # 8, CENTRAL AVENUE PHASE-2 DHA', '0300-2246445', NULL, NULL, NULL, NULL, '', '0'),
('106', 'H.H. TRADERS', 'H.H. TRADERS', NULL, 'GOLIMAAR, OPP. USAMA TILE,', '0343-5248564', NULL, NULL, NULL, NULL, '', '0'),
('107', 'H2O HOME TILES', 'H2O HOME TILES', NULL, 'GIZRI,', '0306-2441633', NULL, NULL, NULL, NULL, '', '0'),
('108', 'HAJI CHOHAN CEMENT', 'HAJI CHOHAN CEMENT', NULL, 'RC-4/372, SHOP#9, HAJI IQBAL HOTEL, BOHRAPIR.', '0333-2307801', NULL, NULL, NULL, NULL, '', '0'),
('109', 'HAJI NAEEM', 'HAJI NAEEM', NULL, 'HYDERABAD, BILTY FROM A-ONE GOODS TRANSPORT', '0300-3017916', NULL, NULL, NULL, NULL, '', '0'),
('110', 'HAJI SALEEM', 'HAJI SALEEM', NULL, 'HYDERABAD, BILTY FROM A-ONE GOODS TRANSPORT', '0300-9376413', NULL, NULL, NULL, NULL, '', '0'),
('111', 'HAKIMI TRADERS', 'HAKIMI TRADERS', NULL, 'SHOP#2, PLOT 54/C, STREET-7,BADAR COMMERCIAL, PH-5, DHA,', '0336-2462652', NULL, NULL, NULL, NULL, '', '0'),
('112', 'HATIMI HARDWARE &amp; SANITARY', 'HATIMI HARDWARE &amp; SANITARY', NULL, 'BABUJEE ARCADE, SHOP # 2, NEAR ASGHAR ALI SHAH STADIUM,', '021-36706295', NULL, NULL, NULL, NULL, '', '0'),
('113', 'HATIMI HARDWARE STORE', 'HATIMI HARDWARE STORE', NULL, 'SHOP # 4, WSA 20/16, WATER PUMP, F.B.AREA,', '0', NULL, NULL, NULL, NULL, '', '0'),
('114', 'HAZARI ENTERPRISE', 'HAZARI ENTERPRISE', NULL, '1/14, MARRIOT ROAD,', '021-32442711', NULL, NULL, NULL, NULL, '', '0'),
('115', 'Hazari Impex', 'Hazari Impex', NULL, 'Marriot Road,', '0300-9223490', NULL, NULL, NULL, NULL, '', '0'),
('116', 'HI-TECH CONSTRUCTION', 'HI-TECH CONSTRUCTION', NULL, '163/2, 23RD STREET, OFF. KH-E-IQBAL, PHASE-8, DHA,', '0315-2804813', NULL, NULL, NULL, NULL, '', '0'),
('117', 'HUSSAINI HARDWARE', 'HUSSAINI HARDWARE', NULL, 'MOHAMMAD SHAH STREET, JODIA BAZAR, OPP. Z.A TRADERS,', '021-32544417', NULL, NULL, NULL, NULL, '', '0'),
('118', 'IK ASSOCIATE', 'IK ASSOCIATE', NULL, 'PLOT # 111/111, 26TH STREET, KH-E-MUHAFIZ, DHA,', '0333-2131168', NULL, NULL, NULL, NULL, '', '0'),
('119', 'IMRAN NAVTAKIA', 'IMRAN NAVTAKIA', NULL, 'F-50, BLOCK-8, CLIFTON,', '0300-8236065', NULL, NULL, NULL, NULL, '', '0'),
('120', 'IMRAN SB PEARL ENGINEERING', 'IMRAN SB PEARL ENGINEERING', NULL, 'S.M.B  FATIMA GIRLS COLLEGE GARDEN ', '0300-2072435', NULL, NULL, NULL, NULL, '', '0'),
('121', 'IQBAL MOTIWALA', 'IQBAL MOTIWALA', NULL, 'DHA,', '0333-2108875', NULL, NULL, NULL, NULL, '', '0'),
('122', 'IQBAL SANITARY MART', 'IQBAL SANITARY MART', NULL, 'JOHAR STREET, NEAR CHOONA BHATTI, BOHRAPIR,', '021-32735023', NULL, NULL, NULL, NULL, '', '0'),
('123', 'IRSHAD ALI SLAB WORKS', 'IRSHAD ALI SLAB WORKS', NULL, 'HAJIALI BAGH BUILDING, AMBAJI VILLA RD, RANCHORLINE,', '0322-2399352', NULL, NULL, NULL, NULL, '', '0'),
('124', 'JAMA MASJID NOORANI', 'JAMA MASJID NOORANI', NULL, 'PAK COLONY,', ' 0333-2174591', NULL, NULL, NULL, NULL, '', '0'),
('125', 'JAWED &amp; BROTHERS', 'JAWED &amp; BROTHERS', NULL, '351-36/C, OPP. KORANGI STADIUM, KORANGI # 5,', '0307-2060791', NULL, NULL, NULL, NULL, '', '0'),
('126', 'K.M.A. TRADING EST.', 'K.M.A. TRADING EST.', NULL, 'AJA MAUJI STREET, BOHRAPIR,', '0300-8295062', NULL, NULL, NULL, NULL, '', '0'),
('127', 'KAKA TILES', 'KAKA TILES', NULL, 'TIMBER MARKET, STREET 7, SIDDIQUE WAHAB ROAD,', '0321-2981080', NULL, NULL, NULL, NULL, '', '0'),
('128', 'KAMRAN TILE', 'KAMRAN TILE', NULL, 'GALI # 11, TIMBER MARKET,', '0334-3093894 ', NULL, NULL, NULL, NULL, '', '0'),
('129', 'KARACHI PAINT HOUSE', 'KARACHI PAINT HOUSE', NULL, '12-147, AMBAJI VILLA ROAD, BOHRA PIR,', '0321-9259000 ', NULL, NULL, NULL, NULL, '', '0'),
('130', 'Karachi Trading', 'Karachi Trading', NULL, 'K-72, Golimar No.1', '36605911, 36687983', NULL, NULL, NULL, NULL, '', '0'),
('131', 'KHARADAR CEMENT DEPOT', 'KHARADAR CEMENT DEPOT', NULL, 'JAFFAR FIDR ROAD, NEAR KHARADAR PARK, KHARADAR,', '0345-2406383', NULL, NULL, NULL, NULL, '', '0'),
('132', 'KHURASAAN HEIGHT', 'KHURASAAN HEIGHT', NULL, 'NUMAISH, OPP. MAZAR-E-QUAID,', '0300-9285283', NULL, NULL, NULL, NULL, '', '0'),
('133', 'KHUWAJA RAFAY', 'KHUWAJA RAFAY', NULL, 'DHA,', '0331-2857328', NULL, NULL, NULL, NULL, '', '0'),
('134', 'KING BUILDERS', 'KING BUILDERS', NULL, 'PALM RESIDENCY, NEAR KAMRAN CHOWK, GULISTAN-E-JOHAR,', '0333-3487289', NULL, NULL, NULL, NULL, '', '0'),
('135', 'KING COTTAGES', 'KING COTTAGES', NULL, 'SURVEY # 197, OPP. JAUHAR COMPLEX, BLOCK-7, JAUHAR,', '0300-9255660 ', NULL, NULL, NULL, NULL, '', '0'),
('136', 'KOHINOOR PAINTS', 'KOHINOOR PAINTS', NULL, 'SHOP # 23, CHAND BIBI CENTRE, BOHRAPIR, OPP. MEHFOOZ SHERMAL,', '0300-2109555', NULL, NULL, NULL, NULL, '', '0'),
('137', 'LAKHANI PRESIDENCY', 'LAKHANI PRESIDENCY', NULL, 'SURVEY# 42 OLD DALMIA CEMENT FACTORY, DALMIA ROAD,', '0300-8984243 ', NULL, NULL, NULL, NULL, '', '0'),
('138', 'LALA SARWAR CERA', 'LALA SARWAR CERA', NULL, '1/8, FIRDOUS COLONY, GULBAHAR,', '0322-8254878', NULL, NULL, NULL, NULL, '', '0'),
('139', 'LASANI ENTERPRISES', 'LASANI ENTERPRISES', NULL, 'BARA BOARD, NEAR PSO PUMP,', '0300-2166407', NULL, NULL, NULL, NULL, '', '0'),
('140', 'LIFE STYLE', 'LIFE STYLE', NULL, 'STADIUM ROAD,', '0304-1200328 ', NULL, NULL, NULL, NULL, '', '0'),
('141', 'M.I.M. SIDDIQ &amp; CO.', 'M.I.M. SIDDIQ &amp; CO.', NULL, 'SHOP # 3, KHORI GARDEN, MEMON MASJID, KAMBHARTI STREET,', '021-32434334', NULL, NULL, NULL, NULL, '', '0'),
('142', 'M.M. ALAM', 'M.M. ALAM', NULL, 'KUTCHI GALI # 3, MARRIOT ROAD,', '021-32436633', NULL, NULL, NULL, NULL, '', '0'),
('143', 'M.RAFIQUE.IQBAL', 'M.RAFIQUE.IQBAL', NULL, 'F-48, BLOCK 8 CLIFTON', '0', NULL, NULL, NULL, NULL, '', '0'),
('144', 'M.S CONSTRUCTIONS', 'M.S CONSTRUCTIONS', NULL, 'PLOT # 166, 30TH STREET KHYABAN-E-IQBAL PH 8 DHA KHI', NULL, NULL, NULL, NULL, NULL, '', '0'),
('145', 'M.S. TOWER', 'M.S. TOWER', NULL, 'BAHADURABAD, NEAR UNITED BAKERY,', '0323-2627129', NULL, NULL, NULL, NULL, '', '0'),
('146', 'MACHIYARA SPRING FIELD', 'MACHIYARA SPRING FIELD', NULL, 'PLOT # D-2, BLOCK-8, CLIFTON, NEAR AGHA&#039;S SUPER MARKET,', '0321-8721457 ', NULL, NULL, NULL, NULL, '', '0'),
('147', 'MAIRAJ HOUSE', 'MAIRAJ HOUSE', NULL, '21ST STREET, KH-E-ROOMI, DHA,', '0333-2288949  ', NULL, NULL, NULL, NULL, '', '0'),
('148', 'Makka Tiles', 'Makka Tiles', NULL, 'Plot#14, Area G-31, Korangi Crossing,', '0345-2237620', NULL, NULL, NULL, NULL, '', '0'),
('149', 'MALIK BROTHERS', 'MALIK BROTHERS', NULL, '10-E, LANE-11, STREET # 21, KH-E-SEHAR, DHA,', '0321-2388661', NULL, NULL, NULL, NULL, '', '0'),
('150', 'MALIK BROTHERS-BUKHARI', 'MALIK BROTHERS-BUKHARI', NULL, 'BUKHARI COMMERCIAL, PHASE-6, DHA,', '0300-2342135  ', NULL, NULL, NULL, NULL, '', '0'),
('151', 'MANSOOR JOKHIO', 'MANSOOR JOKHIO', NULL, 'PLOT # 80, STREET # 15 KHAYABAN-E-SEHAR', NULL, NULL, NULL, NULL, NULL, '', '0'),
('152', 'MAQBOOL &amp; CO', 'MAQBOOL &amp; CO', NULL, 'NAWABSHAH', '0300-3200797  ', NULL, NULL, NULL, NULL, '', '0'),
('153', 'MAQSOOD AHMED', 'MAQSOOD AHMED', NULL, 'PLOT#50/II, KHAYABANE-MUJAHID, STREET#15, DHA', '0321-8976944', NULL, NULL, NULL, NULL, '', '0'),
('154', 'MARGALA MOTORS', 'MARGALA MOTORS', NULL, '72/4, SINDHI MUSLIM SOCIETY, NEAR SHAH LATIF SCHOOL,', '0300-8970210  ', NULL, NULL, NULL, NULL, '', '0'),
('155', 'MATRIX SYSTEM (PVT) LTD', 'MATRIX SYSTEM (PVT) LTD', NULL, '605, PROGRESSIVE SQUARE, SH-E-FAISAL,', '0333-2122756  ', NULL, NULL, NULL, NULL, '', '0'),
('156', 'MOEEN AHMED SB', 'MOEEN AHMED SB', NULL, 'H # 99, 27TH STREET, PHASE-6, KH-E-SEHAR, DHA,', '0333-2155818', NULL, NULL, NULL, NULL, '', '0'),
('157', 'MOIZ TOOLS', 'MOIZ TOOLS', NULL, 'SHOP # 2, CHAND BIBI CENTRE, BOHRAPIR,', '0', NULL, NULL, NULL, NULL, '', '0'),
('158', 'MOSAIC COLLECTION', 'MOSAIC COLLECTION', NULL, 'UNIT # 203, SEA BREEZE PLAZA, SHAHRAH-E-FAISAL,', '0300-2144299 ', NULL, NULL, NULL, NULL, '', '0'),
('159', 'MR AFAQ', 'MR AFAQ', NULL, '8 CHOWK LEE MARKET GAWADAR QARWAN', '0333-3368692  ', NULL, NULL, NULL, NULL, '', '0'),
('160', 'MR HAJI SHAKOOR', 'MR HAJI SHAKOOR', NULL, 'GENERAL HOUSING SOCIETY GATE # 5 PLOT # 128 STREET II', '0321-2840140  ', NULL, NULL, NULL, NULL, '', '0'),
('161', 'MR JAVAID', 'MR JAVAID', NULL, 'SELF PICK,', '0', NULL, NULL, NULL, NULL, '', '0'),
('162', 'MR ZEESHAN', 'MR ZEESHAN', NULL, 'C-55 BLOCK 8 BAIT UL MUKKARAM MASJID GULSHAN-E-IQBAL', '0321-2549532', NULL, NULL, NULL, NULL, '', '0'),
('163', 'MR FAISAL.', 'MR FAISAL.', NULL, 'SUKKUR,', '0300-8228082 ', NULL, NULL, NULL, NULL, '', '0'),
('164', 'MRA BUILDERS', 'MRA BUILDERS', NULL, 'NEW CHALI, NEAR TECHNO CITY,', '0321-3713418', NULL, NULL, NULL, NULL, '', '0'),
('165', 'MUGHAL CONSTRUCTION', 'MUGHAL CONSTRUCTION', NULL, 'PLOT # 114-A, COMMERCIAL AVENUE, PHASE-7 DHA', '0303-7543231  ', NULL, NULL, NULL, NULL, '', '0'),
('166', 'Mujeeb Traders', 'Mujeeb Traders', NULL, 'Neelam Colony, D.H.A.,', '0334-9549365', NULL, NULL, NULL, NULL, '', '0'),
('167', 'MUNIR IMPEX', 'MUNIR IMPEX', NULL, 'FAISALABAD, BILTY FROM NEW SITARA GOODS', '0300-2273652', NULL, NULL, NULL, NULL, '', '0'),
('168', 'MURAD HARDWARE', 'MURAD HARDWARE', NULL, 'SHOP # 5, PLOT 20/C, PH-4, NEAR REHMAN MASJID, DHA,', '0333-3714827 ', NULL, NULL, NULL, NULL, '', '0'),
('169', 'MURTAZA SB', 'MURTAZA SB', NULL, 'KORANGI INDUSTRIAL AREA, NEAR TRAFFIC LICENSE OFFICE,', '0300-8207552', NULL, NULL, NULL, NULL, '', '0'),
('170', 'MUSTAFA METAL MART', 'MUSTAFA METAL MART', NULL, '31, AL-HYDRI MEMORIAL MARKET, NORTH NAZIMABAD', '021-36671845', NULL, NULL, NULL, NULL, '', '0'),
('171', 'MUSTAQIM DYEING &amp; PRINTING', 'MUSTAQIM DYEING &amp; PRINTING IND. (PVT) LTD', NULL, 'D-14/A, BADA BOARD, SITE,', '0333-3637083  ', NULL, NULL, NULL, NULL, '', '0'),
('172', 'NADEEM BUKHARI', 'NADEEM BUKHARI', NULL, 'KHYABAN-E-MUSLIM', '0301-8281155', NULL, NULL, NULL, NULL, '', '0'),
('173', 'NASIR &amp; SONS', 'NASIR &amp; SONS', NULL, 'ALAMGIR ROAD, BAHADURABAD,', '021-34930052  ', NULL, NULL, NULL, NULL, '', '0'),
('174', 'NATIONAL PAINT HOUSE', 'NATIONAL PAINT HOUSE', NULL, 'KHARADAR', '0', NULL, NULL, NULL, NULL, '', '0'),
('175', 'NEW JILLANI CEMENT', 'NEW JILLANI CEMENT', NULL, '10/729, LIAQATABAD,', '0322-2145067  ', NULL, NULL, NULL, NULL, '', '0'),
('176', 'NEW KHATTAK HARDWARE &amp; PAI', 'NEW KHATTAK HARDWARE &amp; PAINT', NULL, 'SHOP#102, TIPU SULTAN ROAD,', '0342-2851786', NULL, NULL, NULL, NULL, '', '0'),
('177', 'NIAZI HARDWARE', 'NIAZI HARDWARE', NULL, 'PLOT # F-6, BOAT BUILDING YARD, NEAR KALA PANI, FISHRI,', '0333-3428761', NULL, NULL, NULL, NULL, '', '0'),
('178', 'NOOR MAHAL', 'NOOR MAHAL', NULL, 'SHOP # 10, BOHRAPIR,', '021-32737172 ', NULL, NULL, NULL, NULL, '', '0'),
('179', 'NOVOCHEM SPECIALITIES', 'NOVOCHEM SPECIALITIES', NULL, 'F-388, SITE,', '0345-8802586', NULL, NULL, NULL, NULL, '', '0'),
('180', 'PARAGON CONSTRUCTION.', 'PARAGON CONSTRUCTION.', NULL, 'BAHRIA APPARTMENT-2, SUPER HIGHWAY, BAHRIA TOWN,', '0346-8210834 ', NULL, NULL, NULL, NULL, '', '0'),
('181', 'PARSA TOWER', 'PARSA TOWER', NULL, 'PARSA TOWER, SHAHRAH-E-FAISAL,', '0346-8288823', NULL, NULL, NULL, NULL, '', '0'),
('182', 'POPULAR CEMENT WORK', 'POPULAR CEMENT WORK', NULL, 'SHOP # 5, JAMSHED ROAD # 3, NEAR YADGAR FISH,', '0321-2672215 ', NULL, NULL, NULL, NULL, '', '0'),
('183', 'Popular Marble', 'Popular Marble', NULL, '240-242, Badar Colony, Pak Colony,', '021-32570865 ', NULL, NULL, NULL, NULL, '', '0'),
('184', 'Progressive Marble', 'Progressive Marble', NULL, 'Plot#10-11, Sector 26, K.I.A', '0302-2338240 ', NULL, NULL, NULL, NULL, '', '0'),
('185', 'R &amp; H ENTERPRISES', 'R &amp; H ENTERPRISES', NULL, 'PARSA CITY, GARDEN, OPP. POLICE HEAD QUARTER,', '0321-8740216  ', NULL, NULL, NULL, NULL, '', '0'),
('186', 'R &amp; I ELECTRICAL APPLIANCE', 'R &amp; I ELECTRICAL APPLIANCES (PVT) LTD.', NULL, 'PARSA TOWER, SHAHRAH-E-FAISAL,', '0346-2262756  ', NULL, NULL, NULL, NULL, '', '0'),
('187', 'RAMZAN CEMENT DEPOT', 'RAMZAN CEMENT DEPOT', NULL, 'BOHRAPIR, NEAR IRSHAD ALI SLAB WORKS,', '0333-231749 0', NULL, NULL, NULL, NULL, '', '0'),
('188', 'RAWAL MASJID', 'RAWAL MASJID', NULL, 'NEAR HILL PARK,', '0321-9220969  ', NULL, NULL, NULL, NULL, '', '0'),
('189', 'RESSICHEM GODOWN', 'RESSICHEM GODOWN', NULL, 'GOLIMAR,', '0302-2289100', NULL, NULL, NULL, NULL, '', '0'),
('190', 'RESSICHEM INTERNATIONAL', 'RESSICHEM INTERNATIONAL', NULL, '309, PROGRESSIVE PLAZA, BEUMOUNT ROAD,', '021-111052052', NULL, NULL, NULL, NULL, '', '0'),
('191', 'SAIFEE HARDWARE STORE', 'SAIFEE HARDWARE STORE', NULL, 'SHOP # 5, 1-C, 27TH TAUHEED COMM. STREET, PHASE-5, DHA,', '021-35864864', NULL, NULL, NULL, NULL, '', '0'),
('192', 'SAIFEE INTERIOR WORKS', 'SAIFEE INTERIOR WORKS', NULL, 'U.P. MORE,', '0345-2747010', NULL, NULL, NULL, NULL, '', '0'),
('193', 'SAIFEE PAINT HOUSE', 'SAIFEE PAINT HOUSE', NULL, 'STREET-7,BADAR COMMERCIAL, PH-5, DHA, OPP. HAKIMI TRADERS,', '0345-2690372 ', NULL, NULL, NULL, NULL, '', '0'),
('194', 'SAIFY MASJID', 'SAIFY MASJID', NULL, 'SAIFY BAGH, CHAKIWARA,', '0', NULL, NULL, NULL, NULL, '', '0'),
('195', 'SALIM SHAMS SB', 'SALIM SHAMS SB', NULL, 'DHA,', '0300-2427014', NULL, NULL, NULL, NULL, '', '0'),
('196', 'SAMS HARDWARE', 'SAMS HARDWARE', NULL, 'SHOP # 2, PLOT # 8C, BUKHARI COMM., LANE-8, PHASE 6, DHA,', '0321-2423752 ', NULL, NULL, NULL, NULL, '', '0'),
('197', 'SHABBIR SONS', 'SHABBIR SONS', NULL, 'SHOP # 224, OPP. KASB BANK, SADDAR,', '022-2900807 ', NULL, NULL, NULL, NULL, '', '0'),
('198', 'SHAH HARDWARE', 'SHAH HARDWARE', NULL, 'PLOT # 18/D, MAIN KH-E-BUKHARI, NISHAT CORNER, DHA,', '0333-3190927', NULL, NULL, NULL, NULL, '', '0'),
('199', 'SHOAIB ISMAIL SB', 'SHOAIB ISMAIL SB', NULL, 'PLOT #30/1, STREET # 10, KH-E-HILAL, DHA,', '0321-3787609 ', NULL, NULL, NULL, NULL, '', '0'),
('200', 'SOHAIL SANITARY STORE', 'SOHAIL SANITARY STORE', NULL, 'PLOT # 1307/3M, SIDDIQABAD, F.B.AREA,', '0323-2787105  ', NULL, NULL, NULL, NULL, '', '0'),
('201', 'T.A.GULAMALLAY &amp; CO.', 'T.A.GULAMALLAY &amp; CO.', NULL, 'FIDRI CHAMBER, JEWANI STREET, OFF. AIWAN-E-TIJARAT RD,', '021-32414452 ', NULL, NULL, NULL, NULL, '', '0'),
('202', 'TAHER &amp; SONS HARDWARE HOUS', 'TAHER &amp; SONS HARDWARE HOUSE', NULL, 'PLOT # A-979 SECTOR 11/B SHOP # 1 JAMALI TRUST', '0333-6405252 ', NULL, NULL, NULL, NULL, '', '0'),
('203', 'TAHERI HARDWARE STORES', 'TAHERI HARDWARE STORES', NULL, 'SHOP # 6, LUCKY HOUSE, OPP. BOHRAPIR,', '0333-3377652 ', NULL, NULL, NULL, NULL, '', '0'),
('204', 'TAHERI SONS &amp; HARDWARE HOU', 'TAHERI SONS &amp; HARDWARE HOUSE', NULL, 'SHOP # 1 JAMALI TRUST BUILDING 4 UP MOOR', '0333-6405252', NULL, NULL, NULL, NULL, '', '0'),
('205', 'TANVEER BANGLES', 'TANVEER BANGLES', NULL, 'KORANGI # 2, ', '0321-2232560', NULL, NULL, NULL, NULL, '', '0'),
('206', 'TANZO INTERNATIONAL (PAKISTAN)', 'TANZO INTERNATIONAL (PAKISTAN)', NULL, 'PLOT # 566, Q BLOCK, JOHAR TOWN,', '0321-9991991 ', NULL, NULL, NULL, NULL, '', '0'),
('207', 'TECHNO CRATE', 'TECHNO CRATE', NULL, 'BAHRIA TOWN, SUPER HIGHWAY,', '0308-8617236  ', NULL, NULL, NULL, NULL, '', '0'),
('208', 'THE ARCHITECTS', 'THE ARCHITECTS', NULL, 'NEAR CAR DEAL, CLIFTON, 2 TALWAR,', '0', NULL, NULL, NULL, NULL, '', '0'),
('209', 'THE COMFORT', 'THE COMFORT', NULL, 'SB-3, BLOCK-8, YASEENABAD,', '0321-9214890 ', NULL, NULL, NULL, NULL, '', '0'),
('210', 'THE CONSTRUCT', 'THE CONSTRUCT', NULL, 'BAHRIA ICON TOWER, NEAR ABDULLAH SHAH GHAZI TOMB, CLIFTON,', '0334-6009005 ', NULL, NULL, NULL, NULL, '', '0'),
('211', 'TILE HOUSE', 'TILE HOUSE', NULL, 'TARIQ ROAD, NEAR BOMBAY SWEETS,', '0307-2222901 ', NULL, NULL, NULL, NULL, '', '0'),
('212', 'Tiles Centre', 'Tiles Centre', NULL, 'Shop# GC-63, Main Gulbahar Road, Golimar No.1', '0333-3642832', NULL, NULL, NULL, NULL, '', '0'),
('213', 'TIMES RESIDENCY', 'TIMES RESIDENCY', NULL, 'D-11, NORTH NAZIMABAD, NEAR BOARD OFFICE,', '0300-7005423 ', NULL, NULL, NULL, NULL, '', '0'),
('214', 'UNE ENTERPRISES', 'UNE ENTERPRISES', NULL, 'BAHRIA HOSPITAL, BAHRIA TOWN,', '0321-2021983 ', NULL, NULL, NULL, NULL, '', '0'),
('215', 'UNION STEEL', 'UNION STEEL', NULL, 'PLOT # D-1-56, MANGOPIR ROAD, SITE,', '0321-2887126', NULL, NULL, NULL, NULL, '', '0'),
('216', 'UNITED SANITARY', 'UNITED SANITARY', NULL, 'B.S 16, BLOCK 14, SHOP NO.3, UROOJ SQUARE, F.B. AREA, KARACHI', '021-36325490 ', NULL, NULL, NULL, NULL, '', '0'),
('217', 'United Tile Center', 'United Tile Center', NULL, 'A-26, Farhan Paradise, Block-14, Gulistan-e-Johar', '0314-2228190 ', NULL, NULL, NULL, NULL, '', '0'),
('218', 'UNIVERSAL TRADING / RASHID TIL', 'UNIVERSAL TRADING / RASHID TILE', NULL, 'NEAR UMER MASJID, OPP. H.M.SONS, GOLIMAAR,', '0315-3709042', NULL, NULL, NULL, NULL, '', '0'),
('219', 'VALI RANGOONWALA', 'VALI RANGOONWALA', NULL, '8/A, KDA SCHEME # 1, KARSAZ ROAD,', '0331-7531723 ', NULL, NULL, NULL, NULL, '', '0'),
('220', 'VIRTRACO TILES', 'VIRTRACO TILES', NULL, '15/139, SHOP # 3-4, FATIMA TOWER, BAHADURABAD, J. AFGHANI ROAD,', '021-34123666 ', NULL, NULL, NULL, NULL, '', '0'),
('221', 'Walls &amp; Woods', 'Walls &amp; Woods', NULL, 'Building#28-C, Mezzanine Floor,Sunset Lane, DHA', '021-353181414-5  ', NULL, NULL, NULL, NULL, '', '0'),
('222', 'YOUSUF ALI TAYABJI MUNDRAWALA ', 'YOUSUF ALI TAYABJI MUNDRAWALA &amp; SONS', NULL, 'SHOP#2, RAEES BUILDING, BOHRAPR', '0346-2398764 ', NULL, NULL, NULL, NULL, '', '0'),
('223', 'ZAFAR CEMENT', 'ZAFAR CEMENT', NULL, 'SHOP # 155/2, JOHAR ROAD, AMEER KHUSROO ROAD', '0300-9276606 ', NULL, NULL, NULL, NULL, '', '0'),
('224', 'ZAHID ALI SHAH', 'ZAHID ALI SHAH', NULL, 'COMMERCIAL AVENUE, PHASE-4, KH-E-HILAL, DHA,', '0300-2943738 ', NULL, NULL, NULL, NULL, '', '0'),
('225', 'ZAHID TILE', 'ZAHID TILE', NULL, 'BESIDE SUBHANALLAH TILE, BLOCK-16, WATER PUMP,', '0311-4999414 ', NULL, NULL, NULL, NULL, '', '0'),
('226', 'ZCL', 'ZCL', NULL, '501, BANK BUSINESS CENTRE, SULTAN AHMED SHAH ROAD, K.E.C.H.S,', '021-34528367', NULL, NULL, NULL, NULL, '', '0'),
('227', 'ZEENAT HARDWARE', 'ZEENAT HARDWARE', NULL, 'PAK COLONY, NEAR BISMILLAH HOTEL,', '0300-2299803 ', NULL, NULL, NULL, NULL, '', '0'),
('228', 'ZOAIB ALI &amp; COMPANY', 'ZOAIB ALI &amp; COMPANY', NULL, 'FATEH CHOWK NEAR BOULEVARD MALL', '022-2782644 45  ', NULL, NULL, NULL, NULL, '', '0'),
('229', 'ZULFIQAR HARDWARE', 'ZULFIQAR HARDWARE', NULL, 'SHOP # S-96, GROUND FLOOR, GRACE CENTRE, GIZRI, DHA,', '0321-9209150 ', NULL, NULL, NULL, NULL, '', '0'),
('230', 'hareem1', 'hareem', NULL, 'hareem3', NULL, NULL, NULL, NULL, NULL, '', '0'),
('231', 'NAEEM-E-MASJID', 'NAEEM-E-MASJID', NULL, 'Waterpump Block-15, ', '0321-2473600 ( M. SHOAIB )', '0321-2473600 ( M. SHOAIB )', NULL, NULL, NULL, '', '0'),
('232', 'WASEAL CONSTRUCTION', 'WASEAL CONSTRUCTION', NULL, 'Fire Station, Bahria Town, Near Bahria Height.', '0346-5224055', '0346-5224055', NULL, NULL, NULL, '', '0'),
('233', 'ITTEHAD CERAMIC', 'ITTEHAD CERAMIC', NULL, 'Sector # 7A, Plot # 89, Chamra Chowrangi, Korangi Industrial Area Khi.', '0300-2127389 ( NAEEM )', '0300-2127389 ( NAEEM )', NULL, NULL, NULL, '', '0'),
('234', 'M.I INDUSTRIES', 'M.I INDUSTRIES', NULL, 'F-186, SITE, Karachi.', '0320-9202010 ( ADNAN HAMEED )', '0320-9202010 ( ADNAN HAMEED )', NULL, NULL, NULL, '', '0'),
('235', 'MOBINA TRADERS', 'MOBINA TRADERS', NULL, 'KMC WORKSHOP KHI.', '32730552', '32730552', NULL, NULL, NULL, '', '0'),
('236', 'JILANI CEMENT', 'JILANI CEMENT', NULL, 'ON RECORD', 'ON RECORD', NULL, NULL, NULL, NULL, '', '0'),
('237', 'SAGA ONE', 'SAGA ONE', NULL, 'Clifton Near Ziauddin Hospital', '0333-2111069 ( Sher Ali )', '0333-2111069 ( Sher Ali )', NULL, NULL, NULL, '', '0'),
('238', 'SAWERA EXCELLENCY', 'SAWERA EXCELLENCY', NULL, 'PLOT # 07, BATH ISLAND, CLIFTON,\n', '0321-2601320', '0321-2601320', NULL, NULL, NULL, '', '0'),
('239', 'PACIFIC INTERNATIONAL', 'PACIFIC INTERNATIONAL', NULL, 'D-33, SITE, Super Highway Karachi,', '0302-2159262 ( Ahsan )', '0333-2167974 ( Yawar )', NULL, NULL, NULL, '', '0'),
('240', 'MUGHAL SANITARY', 'MUGHAL SANITARY', NULL, 'Golimar', 'ON RECORD', NULL, NULL, NULL, NULL, '', '0'),
('241', 'ASC CONSTRUCTION', 'ASC CONSTRUCTION', NULL, 'Ground Floor, Tanoli Tower, Street-8 Badar Commercial.', '0336-5525506 ( Sohail Ahmed )', '0336-5525506 ( Sohail Ahmed )', NULL, NULL, NULL, '', '0'),
('242', 'MUNEEB JANGDHA', 'MUNEEB JANGDHA', NULL, 'Plot # 184, Street -14, National Stadium', 'ON RECORD', 'ON RECORD', NULL, NULL, NULL, '', '0'),
('243', 'MASJID SYEDNA AHMED', 'MASJID SYEDNA AHMED', NULL, 'Hyderabad Bilty ( New Sartaj Good )', '0300-3492938 ( Milan Centre )', '0300-3492938 ( Milan Centre )', NULL, NULL, NULL, '', '0'),
('244', 'JAMIYAH TUS SAIFIYAH', 'JAMIYAH TUS SAIFIYAH', NULL, 'Hyderi North Nazimabad Karachi.', '0333-3075752  Hussain Shabbir', '0333-3075752  Hussain Shabbir', NULL, NULL, NULL, '', '0'),
('245', 'ICON TOWER ', 'ICON TOWER BHARIA', NULL, 'Abdullah Shah Gazi Mazar', 'ON RECORD', 'ON RECORD', NULL, NULL, NULL, '', '0'),
('246', '', '', NULL, NULL, NULL, NULL, NULL, NULL, NULL, '', '0'),
('247', 'MOHAMMADI CORPORATION', 'MOHAMMADI CORPORATION', NULL, 'CHOTA BUKHARI,  NEAR WATER TANK,\n', '0321-2026666 (MR. NAEEM)', '0321-2026666 (MR. NAEEM)', NULL, NULL, NULL, '', '0'),
('248', 'SAJJID DADHA BHAI', 'SAJJID DADHA BHAI', NULL, 'ON RECORD', 'ON RECORD', 'ON RECORD', NULL, NULL, NULL, '', '0'),
('249', 'AMMAR MOTTAN', 'AMMAR MOTTAN', NULL, 'LUCKY ONE', 'ON RECORD', 'ON RECORD', NULL, NULL, NULL, '', '0'),
('250', 'ZAREEN PAINT', 'ZAREEN PAINT', NULL, 'SELF PICK', '0313-2901897', '0313-2901897', NULL, NULL, NULL, '', '0'),
('251', 'RAJA BHAI ( STEEL CRETE )', 'RAJA BHAI ( STEEL CRETE )', NULL, 'Steel Crete Head Office.', '0300-2091525', '0300-2091525', NULL, NULL, NULL, '', '0'),
('252', 'SQUARE ONE MARBLE', 'SQUARE ONE MARBLE', NULL, 'SELF PICk', '0321-9220288 ( M. Ali )', '0321-9220288 ( M. Ali )', NULL, NULL, NULL, '', '0'),
('253', 'VARIOUS SHOP', 'VARIOUS SHOP', NULL, 'SELF PICK', NULL, NULL, NULL, NULL, NULL, '', '0'),
('254', 'MR. ABDUL QADIR', 'MR. ABDUL QADIR', NULL, 'SELF PICK', '0346-3525353', '0346-3525353', NULL, NULL, NULL, '', '0'),
('255', 'HUSSAIN SAJJANI', 'HUSSAIN SAJJANI', NULL, NULL, 'ON RECORD', 'ON RECORD', NULL, NULL, NULL, '', '0'),
('256', 'MEHBOOB ADAM JEE', 'MEHBOOB ADAM JEE', NULL, 'Plot # 57/2, Street-22, Main Badban', '0335-8194723 ( Mehboob Sb )', '0335-8194723 ( Mehboob Sb )', NULL, NULL, NULL, '', '0'),
('257', 'NAIK MOHAMMAD C/O ASFER CONEX', 'NAIK MOHAMMAD C/O ASFER CONEX', NULL, 'Khy-e-Qasim / Khy-e-Shujat Corner', '0321-2490310 ( ASFER )', '0321-2490310 ( ASFER )', NULL, NULL, NULL, '', '0'),
('258', 'CONTRACTOR RAFIQUE C/O SCHEMAT', 'CONTRACTOR RAFIQUE C/O SCHEMATIC', NULL, 'Plot # 53/11, Street-8, Phase 2 Ext Commercial', '0300-2362515', '0300-2362515', NULL, NULL, NULL, '', '0'),
('259', 'CONT. MUJEEB', 'CONT. MUJEEB', NULL, 'SELF PICK', '0321-2521637', '0321-2521637', NULL, NULL, NULL, '', '0'),
('260', 'JUZER BHAI', 'JUZER BHAI', NULL, 'SELF PICK', '0345-2464652', '0345-2464652', NULL, NULL, NULL, '', '0'),
('261', 'MURTAZA BHAI ( AHMEDABAD WALA ', 'MURTAZA BHAI ( AHMEDABAD WALA )', NULL, 'SELF PICK', '0334-0128752', '0334-0128752', NULL, NULL, NULL, '', '0'),
('262', 'MOHAMMAD', 'MOHAMMAD', NULL, 'SELF PICK', '0335-2210760 / 0333-3263325', '0335-2210760 / 0333-3263325', NULL, NULL, NULL, '', '0'),
('263', 'ASGHAR CARPENTER C/O STEEL CRE', 'ASGHAR CARPENTER C/O STEEL CRETE', NULL, '37-N, Block-06, PECHS, Karachi', '0300-2111364 ( ASGHAR )', '0300-2111364 ( ASGHAR )', NULL, NULL, NULL, '', '0'),
('264', 'PERL ENGINEERING &amp; TRADING', 'PERL ENGINEERING &amp; TRADING CO.', NULL, 'Office # C-2, Mezzanine Floor, Jallal Empire, Al Hilal Society, Universicty Road Khi.', '0321-2397240', '0321-2397240', NULL, NULL, NULL, '', '0'),
('265', 'DARUL SAKOON', 'DARUL SAKOON', NULL, '159, H/3 Kashmir Road Karachi.', 'Contact Faheem', 'Contact Faheem', NULL, NULL, NULL, '', '0'),
('266', '', '', NULL, NULL, NULL, NULL, NULL, NULL, NULL, '', '0'),
('267', '', '', NULL, NULL, NULL, NULL, NULL, NULL, NULL, '', '0'),
('268', 'S. ABDULLAH ( STEEL CRETE )', 'S. ABDULLAH ( STEEL CRETE )', NULL, 'Khada  Market DHA karachi', 'ON RECORD', 'ON RECORD', NULL, NULL, NULL, '', '0'),
('269', 'ARCH. BILAL ( SCHAMETICS )', 'ARCH. BILAL ( SCHAMETICS )', NULL, 'TARIQ  ROAD KARACHI', 'ON RECORD', 'ON RECORD', NULL, NULL, NULL, '', '0'),
('270', 'CONT. EHSAN ALI ( MES )', 'CONT. EHSAN ALI ( MES )', NULL, 'Near Interwood Office Dalmia Karachi', '0335-2208954', '0335-2208954', NULL, NULL, NULL, '', '0'),
('271', 'STEEL CRETE', 'STEEL CRETE', NULL, 'Basement Unit A-1, Cosy Homes, Block 13-A,Gulshan-e-Iqbal,\n', '021-34822670/ 0300-8276371 ', '021-34822670/ 0300-8276371 ', NULL, NULL, NULL, '', '0'),
('272', 'MR. SHAKEEL', 'MR. SHAKEEL', NULL, 'DHA Karachi.', '0345-2916981', '0345-2916981', NULL, NULL, NULL, '', '0'),
('273', 'MR. SHAFQAT ', 'MR. SHAFQAT ', NULL, 'D-62, Block 6, F.B Area Karachi.', 'ON RECORD', 'ON RECORD', NULL, NULL, NULL, '', '0'),
('274', 'MR. IDREES', 'MR. IDREES', NULL, 'Club House 37/A, Muhammad Ali Society', '0300-2925356 ( Idrees )', '0320-2070021 ( Asif Majeed )', NULL, NULL, NULL, '', '0'),
('275', 'M. USMAN', 'M. USMAN', NULL, 'Plot # 51/2, 23 Street, Khy-e-Badban, Ph-5, DHA Karachi.', '0344-4264140', '0344-4264140', NULL, NULL, NULL, '', '0'),
('276', 'IZHAR CONSTRUCTION', 'IZHAR CONSTRUCTION', NULL, 'DG Cement Factory, Balochistan.', '0334-3006460 ( Rizwan )', '0334-3006460 ( Rizwan )', NULL, NULL, NULL, '', '0'),
('277', 'KING TOWER', 'KING TOWER', NULL, 'PLOT # FL-2, BLOCK-15, CONTINENTAL BAKERY, GULISTAN-E-JOHAR,\n', '0302-2272236 (YOUNUS SB)', '0302-2272236 (YOUNUS SB)', NULL, NULL, NULL, '', '0'),
('278', 'JAMAL HUSSAIN C/O LASANI ENTER', 'JAMAL HUSSAIN C/O LASANI ENTERPRISES', NULL, 'Delivery At Lasani Enterprises', 'ON RECORD', 'ON RECORD', NULL, NULL, NULL, '', '0'),
('279', 'HANIF BANGLES', 'HANIF BANGLES', NULL, 'KORANGI, NEAR CHINIOT HOSPITAL, OPP. SAJJAD BANGLES,\n', '0316-2516103 (IDRESS SB)', '0316-2516103 (IDRESS SB)', NULL, NULL, NULL, '', '0'),
('280', 'JAMIA FAROOQIA', 'JAMIA FAROOQIA', NULL, 'HUB RIVER ROAD,\n', '0333-3460114 ( Mufti Usman )', '0333-3460114 ( Mufti Usman )', NULL, NULL, NULL, '', '0'),
('281', 'MOHSIN AUTOS', 'MOHSIN AUTOS', NULL, 'Paposh Market', '0333-6033503', '0333-6033503', NULL, NULL, NULL, '', '0'),
('282', 'NEW SPARES AUTOS', 'NEW SPARES AUTOS', NULL, 'Paposh Market', '0345-0278282 ( Faisal )', '0345-0278282 ( Faisal )', NULL, NULL, NULL, '', '0'),
('283', 'HADEEQA  AUTOS', 'HADEEQA  AUTOS', NULL, 'Paposh Market', '0321-3935243', '0321-3935243', NULL, NULL, NULL, '', '0'),
('284', 'A.A  AUTOS', 'A.A  AUTOS', NULL, 'Paposh Market', '0321-3820728 ( M. Anus )', '0321-3820728 ( M. Anus )', NULL, NULL, NULL, '', '0'),
('285', 'MUSTAFA AUTOS', 'MUSTAFA AUTOS', NULL, 'Paposh Market', '0343-2205452 ( Mustafa )', '0343-2205452 ( Mustafa )', NULL, NULL, NULL, '', '0'),
('286', 'RAJA AUTOS', 'RAJA AUTOS', NULL, 'Paposh Market', '0345-2468474 ( Amir )', '0345-2468474 ( Amir )', NULL, NULL, NULL, '', '0'),
('287', 'MUMTAZ ENGINEERING', 'MUMTAZ ENGINEERING', NULL, 'Paposh Market', 'Contact Zain', 'Contact Zain', NULL, NULL, NULL, '', '0'),
('288', 'SARFARAZ ENGINEERING', 'SARFARAZ ENGINEERING', NULL, 'Paposh Market', 'Contact Zain', 'Contact Zain', NULL, NULL, NULL, '', '0'),
('289', 'MAKKAH AUTOS', 'MAKKAH AUTOS', NULL, 'Paposh Market', 'Contact Zain', 'Contact Zain', NULL, NULL, NULL, '', '0'),
('290', 'DUA AUTOS', 'DUA AUTOS', NULL, 'Paposh Market', '0344-2295518 ( Arsalan )', '0344-2295518 ( Arsalan )', NULL, NULL, NULL, '', '0'),
('291', '', '', NULL, NULL, NULL, NULL, NULL, NULL, NULL, '', '0'),
('292', 'CITY AUTOS', 'CITY AUTOS', NULL, 'Soldier Bazar # 2 Karachi.', '0335-2349467 ( Raju )', '0335-2349467 ( Raju )', NULL, NULL, NULL, '', '0'),
('293', 'MUSTAFA HARDWARE', 'MUSTAFA HARDWARE', NULL, 'KASHAN-E-AMINA, NEAR POST OFFICE, SOLDIER BAZAR # 1,\n', '0322-2525285', '0322-2525285', NULL, NULL, NULL, '', '0'),
('294', 'M. RASHID C/O FAISAL BILWANI', 'M. RASHID C/O FAISAL BILWANI', NULL, 'C-11, Navy Housing Scheme, Ph-2, Opp Dalmia', 'Contact Faheem', 'Contact Faheem', NULL, NULL, NULL, '', '0'),
('295', 'ABDULLAH BUILDERS', 'ABDULLAH BUILDERS', NULL, 'Abdullah Sport Tower, Near Wadwah Gate Bypass, Qasimabad.', '0333-2668078 / 0311-3730042 ', '0333-2668078 / 0311-3730042 ', NULL, NULL, NULL, '', '0'),
('296', 'UNIVERSAL TRADING ( OLD LIFE S', 'UNIVERSAL TRADING ( OLD LIFE STYLE )', NULL, 'Stadium Market Karachi.', 'ON RECORD', 'ON RECORD', NULL, NULL, NULL, '', '0'),
('297', 'BRIGHT ASSOCIATE', 'BRIGHT ASSOCIATE', NULL, '7C Al Murtaza Lane-2, Phase-8 Khy-e-Hafiz.', '0307-2247712-( Jawaid Sb )', '0307-2247712-( Jawaid Sb )', NULL, NULL, NULL, '', '0'),
('298', '', '', NULL, NULL, NULL, NULL, NULL, NULL, NULL, '', '0'),
('299', 'WASEEM AHMED', 'WASEEM AHMED', NULL, 'MANZOOR COLONY, NEAR EIDGAH CHOWK\n', '0321-3760063', '0321-3760063', NULL, NULL, NULL, '', '0'),
('300', 'ELSONS CORPORATION', 'ELSONS CORPORATION', NULL, 'SELF PICK', 'Contact Faheem', 'Contact Faheem', NULL, NULL, NULL, '', '0'),
('301', 'ZEESHAN SB C/O CONT. EHSAN', 'ZEESHAN SB C/O CONT. EHSAN', NULL, 'Gulshan Site', '0321-2549532 ( Salman )', '0321-2549532 ( Salman )', NULL, NULL, NULL, '', '0'),
('302', 'AHSANULLAH SB', 'AHSANULLAH SB', NULL, 'Korangi Industrial Area,\n', '0300-8287082', '0300-8287082', NULL, NULL, NULL, '', '0'),
('303', 'VARIOUS CLIENT', 'VARIOUS CLIENT', NULL, 'Different Site / Shop ', 'Contact Zain', 'Contact Zain', NULL, NULL, NULL, '', '0'),
('304', 'TAI BUILDERS &amp; DEVELOPERS', 'TAI BUILDERS &amp; DEVELOPERS', NULL, 'Suit # 306, 3rd Floor, Progressive Centre Near Parsa Tower Shara-e-Faisal', '021-34322043-4 / 0301-8295174', '021-34322043-4 / 0301-8295174', NULL, NULL, NULL, '', '0'),
('305', 'LEYERS ENTERPRISES', 'LEYERS ENTERPRISES', NULL, 'Bilty at Sukkar Via Blue Line Bus Stand', 'Contact Muhammad Hussain', 'Contact Muhammad Hussain', NULL, NULL, NULL, '', '0'),
('306', 'MASHALLAH CEMENT DEPO', 'MASHALLAH CEMENT DEPO', NULL, 'B-35, Kausar Town, Khokhrapar # 1, Malir Karachi.', '0346-3420043 ( Hussain Shah )', '0346-3420043 ( Hussain Shah )', NULL, NULL, NULL, '', '0'),
('307', 'MR. AYUB', 'MR. AYUB', NULL, 'B-73/4, KDA Scheme Karachi.', '0300-8235455', '0300-8235455', NULL, NULL, NULL, '', '0'),
('308', 'DR. SHEZAD', 'DR. SHEZAD', NULL, 'Schematic Bahadurabad Karachi.', '0320-8242292', '0320-8242292', NULL, NULL, NULL, '', '0'),
('309', 'IMRAN BALOCH SB', 'IMRAN BALOCH SB', NULL, 'GULSHAN-E-MILLAT, OPP. KORANGI INDUSTRIAL AREA,\n', '0333-3033489', '0333-3033489', NULL, NULL, NULL, '', '0'),
('310', 'MS BUILDER', 'MS BUILDER', NULL, 'ON RECORD', 'ON RECORD', 'ON RECORD', NULL, NULL, NULL, '', '0'),
('311', 'USMAN  C/O SALEEM SHAMS', 'USMAN  C/O SALEEM SHAMS', NULL, 'Plot # 176/1, Street # 20, Phase-8 DHA.', '0331-2779841 ( Usman )', '0331-2779841 ( Usman )', NULL, NULL, NULL, '', '0'),
('312', 'SHAFQAT SB', 'SHAFQAT SB', NULL, 'Plot # D/62, Block-6, F.B Area Karachi.', 'ON RECORD', 'ON RECORD', NULL, NULL, NULL, '', '0'),
('313', 'YOUNUS ABDUL AZIZ C/O IQBAL MO', 'YOUNUS ABDUL AZIZ C/O IQBAL MOTIWALA', NULL, 'PLOT # 62 13TH LANE KH-E-BADBAN\n', '0333-3101031 (ABDUL REHMAN SUP', '0333-3101031 (ABDUL REHMAN SUP', NULL, NULL, NULL, '', '0'),
('314', '', '', NULL, NULL, NULL, NULL, NULL, NULL, NULL, '', '0'),
('315', 'UNITED AUTOS', 'UNITED AUTOS', NULL, 'Shop # 16, Ali Center, Waterpump Market, Block-4, F.B Area Karachi.', '0311-2227421 ( Nadeem )', '0311-2227421 ( Nadeem )', NULL, NULL, NULL, '', '0'),
('316', 'Saleem International', 'Saleem International', NULL, 'OFF# C/213,SHOP # 4,MAIN SHAHRA-E-QUAIDEEN\n', '0333-2440602', '0333-2440602', NULL, NULL, NULL, '', '0'),
('317', 'GHAZI BROTHERS', 'GHAZI BROTHERS', NULL, 'Plot # 335/15, Teh-DIH-Tappo, Godown Chowrangi Korangi.', '0300-0402846 ( kashif )', '0300-0402846 ( kashif )', NULL, NULL, NULL, '', '0'),
('318', 'TANZEEL AHMED', 'TANZEEL AHMED', NULL, 'M-39 STREET 7 KHY-E-ITEHAD\n', '0333-2210774', '0333-2210774', NULL, NULL, NULL, '', '0'),
('319', 'AHMED WAHEED SB', 'AHMED WAHEED SB', NULL, 'PLOT # 12, STREET # 2, ARMY OFFICER SOCIETY,\n', 'Contact Faheem', 'Contact Faheem', NULL, NULL, NULL, '', '0');

### Structure of table `0_currencies` ###

DROP TABLE IF EXISTS `0_currencies`;

CREATE TABLE `0_currencies` (
  `currency` varchar(60) COLLATE utf8_unicode_ci NOT NULL DEFAULT '',
  `curr_abrev` char(3) COLLATE utf8_unicode_ci NOT NULL DEFAULT '',
  `curr_symbol` varchar(10) COLLATE utf8_unicode_ci NOT NULL DEFAULT '',
  `country` varchar(100) COLLATE utf8_unicode_ci NOT NULL DEFAULT '',
  `hundreds_name` varchar(15) COLLATE utf8_unicode_ci NOT NULL DEFAULT '',
  `auto_update` tinyint(1) NOT NULL DEFAULT '1',
  `inactive` tinyint(1) NOT NULL DEFAULT '0',
  PRIMARY KEY (`curr_abrev`)
) ENGINE=InnoDB DEFAULT CHARSET=utf8 COLLATE=utf8_unicode_ci ;

### Data of table `0_currencies` ###

INSERT INTO `0_currencies` VALUES
('Pakistani Rupee', 'PKR', 'Rs.', 'Pakistan', 'Paisa', '0', '0'),
('US Dollars', 'USD', '$', 'United States', 'Cents', '0', '0');

### Structure of table `0_cust_allocations` ###

DROP TABLE IF EXISTS `0_cust_allocations`;

CREATE TABLE `0_cust_allocations` (
  `id` int(11) NOT NULL AUTO_INCREMENT,
  `person_id` int(11) DEFAULT NULL,
  `amt` double unsigned DEFAULT NULL,
  `date_alloc` date NOT NULL DEFAULT '0000-00-00',
  `trans_no_from` int(11) DEFAULT NULL,
  `trans_type_from` int(11) DEFAULT NULL,
  `trans_no_to` int(11) DEFAULT NULL,
  `trans_type_to` int(11) DEFAULT NULL,
  PRIMARY KEY (`id`),
  UNIQUE KEY `trans_type_from` (`person_id`,`trans_type_from`,`trans_no_from`,`trans_type_to`,`trans_no_to`),
  KEY `From` (`trans_type_from`,`trans_no_from`),
  KEY `To` (`trans_type_to`,`trans_no_to`)
) ENGINE=InnoDB DEFAULT CHARSET=utf8 COLLATE=utf8_unicode_ci ;

### Data of table `0_cust_allocations` ###


### Structure of table `0_cust_branch` ###

DROP TABLE IF EXISTS `0_cust_branch`;

CREATE TABLE `0_cust_branch` (
  `branch_code` int(11) NOT NULL AUTO_INCREMENT,
  `debtor_no` int(11) NOT NULL DEFAULT '0',
  `br_name` varchar(60) COLLATE utf8_unicode_ci NOT NULL DEFAULT '',
  `branch_ref` varchar(30) COLLATE utf8_unicode_ci NOT NULL DEFAULT '',
  `br_address` tinytext COLLATE utf8_unicode_ci NOT NULL,
  `area` int(11) DEFAULT NULL,
  `salesman` int(11) NOT NULL DEFAULT '0',
  `default_location` varchar(5) COLLATE utf8_unicode_ci NOT NULL DEFAULT '',
  `tax_group_id` int(11) DEFAULT NULL,
  `sales_account` varchar(15) COLLATE utf8_unicode_ci NOT NULL DEFAULT '',
  `sales_discount_account` varchar(15) COLLATE utf8_unicode_ci NOT NULL DEFAULT '',
  `receivables_account` varchar(15) COLLATE utf8_unicode_ci NOT NULL DEFAULT '',
  `payment_discount_account` varchar(15) COLLATE utf8_unicode_ci NOT NULL DEFAULT '',
  `default_ship_via` int(11) NOT NULL DEFAULT '1',
  `br_post_address` tinytext COLLATE utf8_unicode_ci NOT NULL,
  `group_no` int(11) NOT NULL DEFAULT '0',
  `notes` tinytext COLLATE utf8_unicode_ci NOT NULL,
  `bank_account` varchar(60) COLLATE utf8_unicode_ci DEFAULT NULL,
  `inactive` tinyint(1) NOT NULL DEFAULT '0',
  PRIMARY KEY (`branch_code`,`debtor_no`),
  KEY `branch_ref` (`branch_ref`),
  KEY `group_no` (`group_no`)
) ENGINE=InnoDB AUTO_INCREMENT=320 DEFAULT CHARSET=utf8 COLLATE=utf8_unicode_ci ;

### Data of table `0_cust_branch` ###

INSERT INTO `0_cust_branch` VALUES
('1', '1', '3G CONSTRUCTION', '3G CONSTRUCTION', 'BAHRIA HEIGHTS, BAHRIA TOWN', '1', '1', 'DEF', '1', '', '101001 ', '1081 ', '101001 ', '1', 'BAHRIA HEIGHTS, BAHRIA TOWN,\n', '0', '', NULL, '0'),
('2', '2', 'A.G. GIGI (PVT) LTD', 'A.G. GIGI (PVT) LTD', 'NEAR BROOKS CHOWRANGI,', '1', '1', 'DEF', '1', '', '35201', '1081', '35201', '1', 'BAHRIA HEIGHTS, BAHRIA TOWN,\n', '0', '', NULL, '0'),
('3', '3', 'A.M HUSSAIN &amp; CO', 'A.M HUSSAIN &amp; CO', 'SHOP # 2 &amp; 3 ANUM ARCADE, SUNSET LANE-1 PHASE II EXT. DHA', '1', '1', 'DEF', '1', '', '35201', '1081', '35201', '1', 'BAHRIA HEIGHTS, BAHRIA TOWN,\n', '0', '', NULL, '0'),
('4', '4', 'AA QUALITY BUILDERS', 'AA QUALITY BUILDERS', 'C-6, BLOCK-7, Gulshan-e-Iqbal,', '1', '1', 'DEF', '1', '', '35201', '1081', '35201', '1', 'BAHRIA HEIGHTS, BAHRIA TOWN,\n', '0', '', NULL, '0'),
('5', '5', 'AAA Associates', 'AAA Associates', 'D.H.A.', '1', '1', 'DEF', '1', '', '35201', '1081', '35201', '1', 'BAHRIA HEIGHTS, BAHRIA TOWN,\n', '0', '', NULL, '0'),
('6', '6', 'AAA FACILITY MANAGEMENT LTD', 'AAA FACILITY MANAGEMENT LTD', 'C-19, KH-E-BUKHARI, DHA,', '1', '1', 'DEF', '1', '', '35201', '1081', '35201', '1', 'BAHRIA HEIGHTS, BAHRIA TOWN,\n', '0', '', NULL, '0'),
('7', '7', 'ABASEEN CONSTRUCTION CO. PVT LTD', 'ABASEEN CONSTRUCTION CO. PVT L', 'Office No. 7, Afzal Apartments, Stadium Road, Karachi, ', '1', '1', 'DEF', '1', '', '35201', '1081', '35201', '1', 'BAHRIA HEIGHTS, BAHRIA TOWN,\n', '0', '', NULL, '0'),
('8', '8', 'ABDUL KAREEM', 'ABDUL KAREEM', 'GULSHAN', '1', '1', 'DEF', '1', '', '35201', '1081', '35201', '1', 'BAHRIA HEIGHTS, BAHRIA TOWN,\n', '0', '', NULL, '0'),
('9', '9', 'ABDUL QADIR', 'ABDUL QADIR', 'PLOT # 78, SABA AVENUE, NEAR IMAM BARGAH, DHA,', '1', '1', 'DEF', '1', '', '35201', '1081', '35201', '1', 'BAHRIA HEIGHTS, BAHRIA TOWN,\n', '0', '', NULL, '0'),
('10', '10', 'ABDUL QADIR JAAFRANI', 'ABDUL QADIR JAAFRANI', 'PLOT # C-43-10, BLOCK-6, PECHS, NEAR FEROZABAD POLICE STATION', '1', '1', 'DEF', '1', '', '35201', '1081', '35201', '1', 'BAHRIA HEIGHTS, BAHRIA TOWN,\n', '0', '', NULL, '0'),
('11', '11', 'ABDULLAH TILES', 'ABDULLAH TILES', '26TH STREET, TAUHEED COMMERCIAL, DHA,', '1', '1', 'DEF', '1', '', '35201', '1081', '35201', '1', 'BAHRIA HEIGHTS, BAHRIA TOWN,\n', '0', '', NULL, '0'),
('12', '12', 'RAMZAN TRADERS', 'RAMZAN TRADERS', 'AEROMOTIVE', '3', '1', 'DEF', '1', '', '35201', '1081', '35201', '1', 'BAHRIA HEIGHTS, BAHRIA TOWN,\n', '0', '', NULL, '0'),
('13', '13', 'AHMED ENGINEERING', 'AHMED ENGINEERING', 'CLARINAT CHEMICALS PAKISTAN,', '4', '1', 'DEF', '1', '', '35201', '1081', '35201', '1', 'BAHRIA HEIGHTS, BAHRIA TOWN,\n', '0', '', NULL, '0'),
('14', '14', 'AHMED SANITARY', 'AHMED SANITARY', 'CYCLE MARKET, LIGHT HOUSE,', '1', '1', 'DEF', '1', '', '35201', '1081', '35201', '1', 'BAHRIA HEIGHTS, BAHRIA TOWN,\n', '0', '', NULL, '0'),
('15', '15', 'AL-ABBAS PAINT HOUSE', 'AL-ABBAS PAINT HOUSE', 'MAIN GIZRI, OPP. MUBARAK MASJID, KH-E-HAFEEZ,', '1', '1', 'DEF', '1', '', '35201', '1081', '35201', '1', 'BAHRIA HEIGHTS, BAHRIA TOWN,\n', '0', '', NULL, '0'),
('16', '16', 'AL-BURHAN SANITARY', 'AL-BURHAN SANITARY', 'SHOP # 4, JAVERIA MANSION, AKBAR ALI LANE, SADDAR,', '1', '1', 'DEF', '1', '', '35201', '1081', '35201', '1', 'BAHRIA HEIGHTS, BAHRIA TOWN,\n', '0', '', NULL, '0'),
('17', '17', 'AL-HAIDER PAINT HOUSE', 'AL-HAIDER PAINT HOUSE', 'SHOP # 15-16, SAKINA ARCADE, OPP. MUBARAK MASJID, GIZRI,', '1', '1', 'DEF', '1', '', '35201', '1081', '35201', '1', 'BAHRIA HEIGHTS, BAHRIA TOWN,\n', '0', '', NULL, '0'),
('18', '18', 'AL-HASNAIN HARDWARE', 'AL-HASNAIN HARDWARE', 'UPPER GIZRI RD, NEAR MUBARAK, MASJID,', '1', '1', 'DEF', '1', '', '35201', '1081', '35201', '1', 'BAHRIA HEIGHTS, BAHRIA TOWN,\n', '0', '', NULL, '0'),
('19', '19', 'AL-HATEMI PAINT HOUSE', 'AL-HATEMI PAINT HOUSE', 'LOWER GIZRI, AVENUE ROAD, OPP. AL-KARIM PAINT, ', '1', '1', 'DEF', '1', '', '35201', '1081', '35201', '1', 'BAHRIA HEIGHTS, BAHRIA TOWN,\n', '0', '', NULL, '0'),
('20', '20', 'AL-KARIM PAINT HOUSE', 'AL-KARIM PAINT HOUSE', 'LOWER GIZRI, AVENUE ROAD, NEAR ASIF CORP, ', '1', '1', 'DEF', '1', '', '35201', '1081', '35201', '1', 'BAHRIA HEIGHTS, BAHRIA TOWN,\n', '0', '', NULL, '0'),
('21', '21', 'AL-MADINA TILES', 'AL-MADINA TILES', 'R-413, SECTOR 11C-1, ADAM TOWN NORTH KARACHI', '1', '1', 'DEF', '1', '', '35201', '1081', '35201', '1', 'BAHRIA HEIGHTS, BAHRIA TOWN,\n', '0', '', NULL, '0'),
('22', '22', 'AL-MOHAMMADI TILE', 'AL-MOHAMMADI TILE', 'SADDAR, NEAR SHABBIR BIRYANI,', '5', '1', 'DEF', '1', '', '35201', '1081', '35201', '1', 'BAHRIA HEIGHTS, BAHRIA TOWN,\n', '0', '', NULL, '0'),
('23', '23', 'AL-MOIZ HARDWARE', 'AL-MOIZ HARDWARE', 'MAIN GIZRI,', '1', '1', 'DEF', '1', '', '35201', '1081', '35201', '1', 'BAHRIA HEIGHTS, BAHRIA TOWN,\n', '0', '', NULL, '0'),
('24', '24', 'AL-SIRAJ FARMHOUSE', 'AL-SIRAJ FARMHOUSE', 'GHAREEBABAD, NEAR PSO PUMP, ', '1', '1', 'DEF', '1', '', '35201', '1081', '35201', '1', 'BAHRIA HEIGHTS, BAHRIA TOWN,\n', '0', '', NULL, '0'),
('25', '25', 'ALVI HARDWARE', 'ALVI HARDWARE', 'PLOT # 30-C, LANE-8, BUKHARI COMMERCIAL, AHMAD APPARTMENT,DHA,', '1', '1', 'DEF', '1', '', '35201', '1081', '35201', '1', 'BAHRIA HEIGHTS, BAHRIA TOWN,\n', '0', '', NULL, '0'),
('26', '26', 'AMCORP CONSTRUCTION', 'AMCORP CONSTRUCTION', 'M.U.E.T., JAMSHORO,', '6', '1', 'DEF', '1', '', '35201', '1081', '35201', '1', 'BAHRIA HEIGHTS, BAHRIA TOWN,\n', '0', '', NULL, '0'),
('27', '27', 'AMIN DHOSA C/O THE ARCHITECT', 'AMIN DHOSA C/O THE ARCHITECT', 'PLOT # F-92, BATH ISLAND, NEAR AGA KHAN JAMAT KHANA,', '1', '1', 'DEF', '1', '', '35201', '1081', '35201', '1', 'BAHRIA HEIGHTS, BAHRIA TOWN,\n', '0', '', NULL, '0'),
('28', '28', 'AMIR TOOLS', 'AMIR TOOLS', 'SHOP # 2/3, SHUJA MARKET, KATCHI GALI # 3, MARRIOT ROAD,', '1', '1', 'DEF', '1', '', '35201', '1081', '35201', '1', 'BAHRIA HEIGHTS, BAHRIA TOWN,\n', '0', '', NULL, '0'),
('29', '29', 'AMMAR HARDWARE &amp; KITCHEN', 'AMMAR HARDWARE &amp; KITCHEN', 'F-18, GRACE CENTRE, GIZRI,', '1', '1', 'DEF', '1', '', '35201', '1081', '35201', '1', 'BAHRIA HEIGHTS, BAHRIA TOWN,\n', '0', '', NULL, '0'),
('30', '30', 'AMMAR HARDWARE STORE', 'AMMAR HARDWARE STORE', 'C-CH, REHMAT ALI RD, MANZOOR COLONY, GUJJAR CHOWK,', '1', '1', 'DEF', '1', '', '35201', '1081', '35201', '1', 'BAHRIA HEIGHTS, BAHRIA TOWN,\n', '0', '', NULL, '0'),
('31', '31', 'AMMAR PAINTS &amp; HARDWARE', 'AMMAR PAINTS &amp; HARDWARE', 'HYDERABAD,', '5', '1', 'DEF', '1', '', '35201', '1081', '35201', '1', 'BAHRIA HEIGHTS, BAHRIA TOWN,\n', '0', '', NULL, '0'),
('32', '32', 'ANSAR BROTHERS', 'ANSAR BROTHERS', 'ABDUL MAJID SIDHI STREET, MARRIOT ROAD,', '1', '1', 'DEF', '1', '', '35201', '1081', '35201', '1', 'BAHRIA HEIGHTS, BAHRIA TOWN,\n', '0', '', NULL, '0'),
('33', '33', 'ANWER OK', 'ANWER OK', '11-C, MOHAMMAD ALI SOCIETY, NEAR KAYBEES,', '1', '1', 'DEF', '1', '', '35201', '1081', '35201', '1', 'BAHRIA HEIGHTS, BAHRIA TOWN,\n', '0', '', NULL, '0'),
('34', '34', 'A-ONE MARBLE', 'A-ONE MARBLE', 'K-22, JOHAR COLONY, MANGOPIR ROAD,', '1', '1', 'DEF', '1', '', '35201', '1081', '35201', '1', 'BAHRIA HEIGHTS, BAHRIA TOWN,\n', '0', '', NULL, '0'),
('35', '35', 'A-ONE PAINT HARDWARE &amp; ELECTRIC STORE', 'A-ONE PAINT HARDWARE &amp; ELE', 'SHOP # 21, KHAWAJA MANZIL, BAHADURABAD,', '1', '1', 'DEF', '1', '', '35201', '1081', '35201', '1', 'BAHRIA HEIGHTS, BAHRIA TOWN,\n', '0', '', NULL, '0'),
('36', '36', 'ARAISH', 'ARAISH', 'OFFICE # 210, TAYYAB ALI STREET, SADDAR,', '5', '1', 'DEF', '1', '', '35201', '1081', '35201', '1', 'BAHRIA HEIGHTS, BAHRIA TOWN,\n', '0', '', NULL, '0'),
('37', '37', 'ARCH. AFTAB ABBASI', 'ARCH. AFTAB ABBASI', 'GAWADAR,', '7', '1', 'DEF', '1', '', '35201', '1081', '35201', '1', 'BAHRIA HEIGHTS, BAHRIA TOWN,\n', '0', '', NULL, '0'),
('38', '38', 'ARCH. AHMED JUMANI', 'ARCH. AHMED JUMANI', '17A KDA SCHEME # 1 NEAR PEER PAGARA HOUSE', '1', '1', 'DEF', '1', '', '35201', '1081', '35201', '1', 'BAHRIA HEIGHTS, BAHRIA TOWN,\n', '0', '', NULL, '0'),
('39', '39', 'ARCH. AMBREEN', 'ARCH. AMBREEN', '912/9TH FLOOR, WEST POINT TOWER, PHASE-2, KORANGI ROAD,', '1', '1', 'DEF', '1', '', '35201', '1081', '35201', '1', 'BAHRIA HEIGHTS, BAHRIA TOWN,\n', '0', '', NULL, '0'),
('40', '40', 'ARCH. FAROOQI', 'ARCH. FAROOQI', 'SHABBIRABAD, BLOCK A', '1', '1', 'DEF', '1', '', '35201', '1081', '35201', '1', 'BAHRIA HEIGHTS, BAHRIA TOWN,\n', '0', '', NULL, '0'),
('41', '41', 'ARCH. SHEHLA TASLEEM', 'ARCH. SHEHLA TASLEEM', 'PLOT # S22, STREET # 4, PH-VII, NEAR FATIMA MASJID, DHA,', '1', '1', 'DEF', '1', '', '35201', '1081', '35201', '1', 'BAHRIA HEIGHTS, BAHRIA TOWN,\n', '0', '', NULL, '0'),
('42', '42', 'ARCH. ZAHRA', 'ARCH. ZAHRA', 'ISLAMABAD,', '3', '1', 'DEF', '1', '', '35201', '1081', '35201', '1', 'BAHRIA HEIGHTS, BAHRIA TOWN,\n', '0', '', NULL, '0'),
('43', '43', 'ARIF HABIB RESIDENCY', 'ARIF HABIB RESIDENCY', 'A-116, BLOCK-A, NEW NAZIMABAD, MANGHOPIR ROAD,', '1', '1', 'DEF', '1', '', '35201', '1081', '35201', '1', 'BAHRIA HEIGHTS, BAHRIA TOWN,\n', '0', '', NULL, '0'),
('44', '44', 'ARIF SB', 'ARIF SB', 'SHAHEED-E-MILLAT ROAD, TIGER HOUSE,', '1', '1', 'DEF', '1', '', '35201', '1081', '35201', '1', 'BAHRIA HEIGHTS, BAHRIA TOWN,\n', '0', '', NULL, '0'),
('45', '45', 'ARMY OFFICER HOUSING SOCIETY', 'ARMY OFFICER HOUSING SOCIETY', 'ARMY OFFICER SOCIETY, NEAR STADIUM,', '1', '1', 'DEF', '1', '', '35201', '1081', '35201', '1', 'BAHRIA HEIGHTS, BAHRIA TOWN,\n', '0', '', NULL, '0'),
('46', '46', 'ASIF BANGLES', 'ASIF BANGLES', 'KORANGI NEAR CHINIOT HOSPITAL', '1', '1', 'DEF', '1', '', '35201', '1081', '35201', '1', 'BAHRIA HEIGHTS, BAHRIA TOWN,\n', '0', '', NULL, '0'),
('47', '47', 'ASIF CORPORATION', 'ASIF CORPORATION', 'plot # 78, jam sadiq ali road, near pumping station, lower gizri,', '1', '1', 'DEF', '1', '', '35201', '1081', '35201', '1', 'BAHRIA HEIGHTS, BAHRIA TOWN,\n', '0', '', NULL, '0'),
('48', '48', 'ASIF DEVELOPERS', 'ASIF DEVELOPERS', 'BAHRIA TOWN IQBAL VILLA STREET 21', '1', '1', 'DEF', '1', '', '35201', '1081', '35201', '1', 'BAHRIA HEIGHTS, BAHRIA TOWN,\n', '0', '', NULL, '0'),
('49', '49', 'ASIF ISMAIL SB', 'ASIF ISMAIL SB', 'PLOT # 6-B, KH-E-HILAL, LANE-3, PHASE-6, DHA,', '1', '1', 'DEF', '1', '', '35201', '1081', '35201', '1', 'BAHRIA HEIGHTS, BAHRIA TOWN,\n', '0', '', NULL, '0'),
('50', '50', 'AWAAN CERAMICS (TOTO)', 'AWAAN CERAMICS (TOTO)', '95/3, NEAR LIAQAT LIBRARY, STADIUM ROAD,', '1', '1', 'DEF', '1', '', '35201', '1081', '35201', '1', 'BAHRIA HEIGHTS, BAHRIA TOWN,\n', '0', '', NULL, '0'),
('51', '51', 'AZHAR PAINT HOUSE', 'AZHAR PAINT HOUSE', '6 INSHAD CENTRE, ARAM BAGH FURNITURE MARKET', '1', '1', 'DEF', '1', '', '35201', '1081', '35201', '1', 'BAHRIA HEIGHTS, BAHRIA TOWN,\n', '0', '', NULL, '0'),
('52', '52', 'AZIZ PAINTS', 'AZIZ PAINTS', 'BOHRAPIR,', '1', '1', 'DEF', '1', '', '35201', '1081', '35201', '1', 'BAHRIA HEIGHTS, BAHRIA TOWN,\n', '0', '', NULL, '0'),
('53', '53', 'BHAI JEE BHAI PAINTS', 'BHAI JEE BHAI PAINTS', 'BEHIND BOHRA MAZAAR, BOHRAPIR,', '1', '1', 'DEF', '1', '', '35201', '1081', '35201', '1', 'BAHRIA HEIGHTS, BAHRIA TOWN,\n', '0', '', NULL, '0'),
('54', '54', 'BILAL CEMENT DEPOT', 'BILAL CEMENT DEPOT', 'GOLIMAR #1, NAWAB SADDIQUE ALI KHAN RD, ', '1', '1', 'DEF', '1', '', '35201', '1081', '35201', '1', 'BAHRIA HEIGHTS, BAHRIA TOWN,\n', '0', '', NULL, '0'),
('55', '55', 'BISMILLAH PAINT &amp; HARDWARE', 'BISMILLAH PAINT &amp; HARDWARE', 'SHOP#8/A, ABDULLAH APPARTMENT, BLOCK-16, GULISTAN-E-JOHAR,', '1', '1', 'DEF', '1', '', '35201', '1081', '35201', '1', 'BAHRIA HEIGHTS, BAHRIA TOWN,\n', '0', '', NULL, '0'),
('56', '56', 'BMS 7', 'BMS 7', 'GAWADER', '7', '1', 'DEF', '1', '', '35201', '1081', '35201', '1', 'BAHRIA HEIGHTS, BAHRIA TOWN,\n', '0', '', NULL, '0'),
('57', '57', 'BOLAN ENTERPRISES', 'BOLAN ENTERPRISES', 'TARIQ ROAD, NEAR BOMBAY SWEETS,', '1', '1', 'DEF', '1', '', '35201', '1081', '35201', '1', 'BAHRIA HEIGHTS, BAHRIA TOWN,\n', '0', '', NULL, '0'),
('58', '58', 'BURHAN HARDWARE &amp; TOOLS CO.', 'BURHAN HARDWARE &amp; TOOLS CO', 'SHOP # 2, NIAZI MANZIL, MURAD KHAN ROAD, OPP. MARRIOT ROAD,', '1', '1', 'DEF', '1', '', '35201', '1081', '35201', '1', 'BAHRIA HEIGHTS, BAHRIA TOWN,\n', '0', '', NULL, '0'),
('59', '59', 'BURHANI CHEMICALS', 'BURHANI CHEMICALS', 'PXS,', '1', '1', 'DEF', '1', '', '35201', '1081', '35201', '1', 'BAHRIA HEIGHTS, BAHRIA TOWN,\n', '0', '', NULL, '0'),
('60', '60', 'BURHANI ENTERPRISES', 'BURHANI ENTERPRISES', 'JODIA BAZAAR, GHULAM SHAH STREET,', '1', '1', 'DEF', '1', '', '35201', '1081', '35201', '1', 'BAHRIA HEIGHTS, BAHRIA TOWN,\n', '0', '', NULL, '0'),
('61', '61', 'BURHANI HARDWARE STORE', 'BURHANI HARDWARE STORE', 'PAK COLONY, BADAR MARKET, MANGOPIR ROAD,', '1', '1', 'DEF', '1', '', '35201', '1081', '35201', '1', 'BAHRIA HEIGHTS, BAHRIA TOWN,\n', '0', '', NULL, '0'),
('62', '62', 'BURHANI SANITARY', 'BURHANI SANITARY', 'KH-E-BUKHARI/CHOTA BUKHARI, BACK TO J.B.SAEED, DHA,', '1', '1', 'DEF', '1', '', '35201', '1081', '35201', '1', 'BAHRIA HEIGHTS, BAHRIA TOWN,\n', '0', '', NULL, '0'),
('63', '63', 'BURHANI TRADERS', 'BURHANI TRADERS', 'BOHRI BAZAR, SADDAR,', '1', '1', 'DEF', '1', '', '35201', '1081', '35201', '1', 'BAHRIA HEIGHTS, BAHRIA TOWN,\n', '0', '', NULL, '0'),
('64', '64', 'BURJ-E-DEENAR', 'BURJ-E-DEENAR', 'C-104 DHORAJEE COLONY NEAR AGA KHAN HOSPITAL', '1', '1', 'DEF', '1', '', '35201', '1081', '35201', '1', 'BAHRIA HEIGHTS, BAHRIA TOWN,\n', '0', '', NULL, '0'),
('65', '65', 'CDC-TRUSTEE DOLMEN CITY REIT', 'CDC-TRUSTEE DOLMEN CITY REIT', '1ST FLOOR, EXECUTIVE TOWER,  DOLMEN CITY, HC-3, BLOCK-4, MARINE DRIVE, CLIFTON,', '1', '1', 'DEF', '1', '', '35201', '1081', '35201', '1', 'BAHRIA HEIGHTS, BAHRIA TOWN,\n', '0', '', NULL, '0'),
('66', '66', 'CHOICE CENTRE', 'CHOICE CENTRE', 'SHOP # 181, GOLIMAR,', '1', '1', 'DEF', '1', '', '35201', '1081', '35201', '1', 'BAHRIA HEIGHTS, BAHRIA TOWN,\n', '0', '', NULL, '0'),
('67', '67', 'CLIFTON COMFORT', 'CLIFTON COMFORT', 'PLOT # D-12, BLOCK-9, KEHKASHAN, CLIFTON,', '1', '1', 'DEF', '1', '', '35201', '1081', '35201', '1', 'BAHRIA HEIGHTS, BAHRIA TOWN,\n', '0', '', NULL, '0'),
('68', '68', 'COAST GUARD', 'COAST GUARD', 'KORANGI 2 1/2', '1', '1', 'DEF', '1', '', '35201', '1081', '35201', '1', 'BAHRIA HEIGHTS, BAHRIA TOWN,\n', '0', '', NULL, '0'),
('69', '69', 'COLONEL MUSHTAQ C/O ARAISH', 'COLONEL MUSHTAQ C/O ARAISH', 'BILTY AT GHOTKI', '8', '1', 'DEF', '1', '', '35201', '1081', '35201', '1', 'BAHRIA HEIGHTS, BAHRIA TOWN,\n', '0', '', NULL, '0'),
('70', '70', 'COLOR BANK', 'COLOR BANK', 'SHOP # 8, NEAR MUBARAK MASJID, MAIN GIZRI,', '1', '1', 'DEF', '1', '', '35201', '1081', '35201', '1', 'BAHRIA HEIGHTS, BAHRIA TOWN,\n', '0', '', NULL, '0'),
('71', '71', 'COLOR CENTRE', 'COLOR CENTRE', 'SHOP # 9, CHAND BIBI CENTRE, BOHRAPIR,', '1', '1', 'DEF', '1', '', '35201', '1081', '35201', '1', 'BAHRIA HEIGHTS, BAHRIA TOWN,\n', '0', '', NULL, '0'),
('72', '72', 'COLOR WORLD', 'COLOR WORLD', 'SHOP # 44, CHAND BIBI CENTRE, BOHRAPIR, ', '1', '1', 'DEF', '1', '', '35201', '1081', '35201', '1', 'BAHRIA HEIGHTS, BAHRIA TOWN,\n', '0', '', NULL, '0'),
('73', '73', 'Concrete Concept', 'Concrete Concept', 'C-21, BLOCK N, North Nazimabad,', '1', '1', 'DEF', '1', '', '35201', '1081', '35201', '1', 'BAHRIA HEIGHTS, BAHRIA TOWN,\n', '0', '', NULL, '0'),
('74', '74', 'CONT. AHSAN ALI', 'CONT. AHSAN ALI', 'ADJACENT TO INTER WOOD OFFICE DALMIA ROAD ', '1', '1', 'DEF', '1', '', '35201', '1081', '35201', '1', 'BAHRIA HEIGHTS, BAHRIA TOWN,\n', '0', '', NULL, '0'),
('75', '75', 'CONT. EHSAN', 'CONT. EHSAN', 'DHA,', '1', '1', 'DEF', '1', '', '35201', '1081', '35201', '1', 'BAHRIA HEIGHTS, BAHRIA TOWN,\n', '0', '', NULL, '0'),
('76', '76', 'CONT. NAEEM', 'CONT. NAEEM', 'HOUSE # 52/4, STREET 22H, MIRZA ADAM KHAN ROAD,', '1', '1', 'DEF', '1', '', '35201', '1081', '35201', '1', 'BAHRIA HEIGHTS, BAHRIA TOWN,\n', '0', '', NULL, '0'),
('77', '77', 'CONT. RAFAT', 'CONT. RAFAT', 'BANGLOW # E-38, BLOCK-7, GULSHAN-E-IQBAL,', '1', '1', 'DEF', '1', '', '35201', '1081', '35201', '1', 'BAHRIA HEIGHTS, BAHRIA TOWN,\n', '0', '', NULL, '0'),
('78', '78', 'CONTRACTOR MEHMOOD.', 'CONTRACTOR MEHMOOD.', 'Korangi Industrial Area, Near Salim Industries', '1', '1', 'DEF', '1', '', '35201', '1081', '35201', '1', 'BAHRIA HEIGHTS, BAHRIA TOWN,\n', '0', '', NULL, '0'),
('79', '79', 'DEECON (PVT) LTD.', 'DEECON (PVT) LTD.', '7C, CG HOUSE, MEZANINE FLOOR, PHASE 2, DHA,', '1', '1', 'DEF', '1', '', '35201', '1081', '35201', '1', 'BAHRIA HEIGHTS, BAHRIA TOWN,\n', '0', '', NULL, '0'),
('80', '80', 'DEENU CHACHA', 'DEENU CHACHA', 'PLOT # 240 SHABBIRABAD BLOCK B', '1', '1', 'DEF', '1', '', '35201', '1081', '35201', '1', 'BAHRIA HEIGHTS, BAHRIA TOWN,\n', '0', '', NULL, '0'),
('81', '81', 'DILKUSHA GOHAR RESIDENCIA', 'DILKUSHA GOHAR RESIDENCIA', 'BAHADURABAD, GOHAR COMFORTS,', '1', '1', 'DEF', '1', '', '35201', '1081', '35201', '1', 'BAHRIA HEIGHTS, BAHRIA TOWN,\n', '0', '', NULL, '0'),
('82', '82', 'DIN BROTHERS', 'DIN BROTHERS', 'D-50/C, SITE, WAREHOUSE,', '1', '1', 'DEF', '1', '', '35201', '1081', '35201', '1', 'BAHRIA HEIGHTS, BAHRIA TOWN,\n', '0', '', NULL, '0'),
('83', '83', 'DOLMEN MALL', 'DOLMEN MALL', 'DOLMEN MALL, TARIQ ROAD,', '1', '1', 'DEF', '1', '', '35201', '1081', '35201', '1', 'BAHRIA HEIGHTS, BAHRIA TOWN,\n', '0', '', NULL, '0'),
('84', '84', 'DOLMEN REAL ESTATE MANAGEMENT (PVT) LTD', 'DOLMEN REAL ESTATE MANAGEMENT ', 'Dolmen City, Clifton,', '1', '1', 'DEF', '1', '', '35201', '1081', '35201', '1', 'BAHRIA HEIGHTS, BAHRIA TOWN,\n', '0', '', NULL, '0'),
('85', '85', 'DR. COLOR PAINT HOUSE', 'DR. COLOR PAINT HOUSE', 'NEAR BIN HASHIM, SAFORA GOTH,', '1', '1', 'DEF', '1', '', '35201', '1081', '35201', '1', 'BAHRIA HEIGHTS, BAHRIA TOWN,\n', '0', '', NULL, '0'),
('86', '86', 'EVERSHINE CONSTRUCTION', 'EVERSHINE CONSTRUCTION', 'SINDH ASSEMBLY NEW ART COUNCIL', '1', '1', 'DEF', '1', '', '35201', '1081', '35201', '1', 'BAHRIA HEIGHTS, BAHRIA TOWN,\n', '0', '', NULL, '0'),
('87', '87', 'FAISAL BILWANI', 'FAISAL BILWANI', 'PLOT # 183 GENERAL HOUSING SOCIETY ', '1', '1', 'DEF', '1', '', '35201', '1081', '35201', '1', 'BAHRIA HEIGHTS, BAHRIA TOWN,\n', '0', '', NULL, '0'),
('88', '88', 'FAISAL MALIK', 'FAISAL MALIK', 'BAHRIA TOWN, HOME-4', '1', '1', 'DEF', '1', '', '35201', '1081', '35201', '1', 'BAHRIA HEIGHTS, BAHRIA TOWN,\n', '0', '', NULL, '0'),
('89', '89', 'FAISAL PAINTS', 'FAISAL PAINTS', 'GIZRI, NEAR COLOR BANK,', '1', '1', 'DEF', '1', '', '35201', '1081', '35201', '1', 'BAHRIA HEIGHTS, BAHRIA TOWN,\n', '0', '', NULL, '0'),
('90', '90', 'FAIZ-E-HAKIMI', 'FAIZ-E-HAKIMI', '245, 35TH STREET, PHASE VIII, P.D.H.O.A, ', '1', '1', 'DEF', '1', '', '35201', '1081', '35201', '1', 'BAHRIA HEIGHTS, BAHRIA TOWN,\n', '0', '', NULL, '0'),
('91', '91', 'FAR EASTERN IMPEX (PVT) LTD.', 'FAR EASTERN IMPEX (PVT) LTD.', 'Plot No. D-49, Hassan Disalwa Town, Memon Ghoot, Malir,', '1', '1', 'DEF', '1', '', '35201', '1081', '35201', '1', 'BAHRIA HEIGHTS, BAHRIA TOWN,\n', '0', '', NULL, '0'),
('92', '92', 'FARAZ CEMENT DEPOT', 'FARAZ CEMENT DEPOT', 'BOHRAPIR,', '1', '1', 'DEF', '1', '', '35201', '1081', '35201', '1', 'BAHRIA HEIGHTS, BAHRIA TOWN,\n', '0', '', NULL, '0'),
('93', '93', 'FAROOQ HARDWARE', 'FAROOQ HARDWARE', 'ALLAMA IQBAL RD, OPP AL-QUBA MASJID, NEAR GUJJAR CHOWK, MANZOOR COLONY, ', '1', '1', 'DEF', '1', '', '35201', '1081', '35201', '1', 'BAHRIA HEIGHTS, BAHRIA TOWN,\n', '0', '', NULL, '0'),
('94', '94', 'FATIMA DEVELOPERS', 'FATIMA DEVELOPERS', 'DHA,', '1', '1', 'DEF', '1', '', '35201', '1081', '35201', '1', 'BAHRIA HEIGHTS, BAHRIA TOWN,\n', '0', '', NULL, '0'),
('95', '95', 'FATIMIYAH HOSPITAL', 'FATIMIYAH HOSPITAL', 'JM-168, SHAH ABDUL LATIF ROAD, NEAR NISHTAR PARK,', '1', '1', 'DEF', '1', '', '35201', '1081', '35201', '1', 'BAHRIA HEIGHTS, BAHRIA TOWN,\n', '0', '', NULL, '0'),
('96', '96', 'FAZAIYA HOUSING SOCIETY', 'FAZAIYA HOUSING SOCIETY', 'NORTHERN BYPASS,  SCHEME-2,', '1', '1', 'DEF', '1', '', '35201', '1081', '35201', '1', 'BAHRIA HEIGHTS, BAHRIA TOWN,\n', '0', '', NULL, '0'),
('97', '97', 'FEDERAL SANITARY', 'FEDERAL SANITARY', 'G, C-22, OPP. KAUSAR WATER SUPPLY, GULBAHAR-2,', '1', '1', 'DEF', '1', '', '35201', '1081', '35201', '1', 'BAHRIA HEIGHTS, BAHRIA TOWN,\n', '0', '', NULL, '0'),
('98', '98', 'FEROZE 1888 MILLS LIMITED', 'FEROZE 1888 MILLS LIMITED', 'PLOT # C-3, SITE, MANGOPIR ROAD,', '1', '1', 'DEF', '1', '', '35201', '1081', '35201', '1', 'BAHRIA HEIGHTS, BAHRIA TOWN,\n', '0', '', NULL, '0'),
('99', '99', 'FOUR STAR CORPORATION', 'FOUR STAR CORPORATION', 'UNI PLAZA I.I CHUNDRIGAR ROAD ROOM # 506-507 5TH FLOOR', '1', '1', 'DEF', '1', '', '35201', '1081', '35201', '1', 'BAHRIA HEIGHTS, BAHRIA TOWN,\n', '0', '', NULL, '0'),
('100', '100', 'G.N FUS', 'G.N FUS', 'MR 2/36-37, MARRIOT ROAD,', '1', '1', 'DEF', '1', '', '35201', '1081', '35201', '1', 'BAHRIA HEIGHTS, BAHRIA TOWN,\n', '0', '', NULL, '0'),
('101', '101', 'GHANDHARA NISSAN LTD', 'GHANDHARA NISSAN LTD', 'SITE, NEAR SHERSHAH CHOWRANGI,', '1', '1', 'DEF', '1', '', '35201', '1081', '35201', '1', 'BAHRIA HEIGHTS, BAHRIA TOWN,\n', '0', '', NULL, '0'),
('102', '102', 'Gogan Cement', 'Gogan Cement', '244/B, Lehra Square, Shop # 15, Opp. Karimi Mosque, Block-6, PECHS, ', '1', '1', 'DEF', '1', '', '35201', '1081', '35201', '1', 'BAHRIA HEIGHTS, BAHRIA TOWN,\n', '0', '', NULL, '0'),
('103', '103', 'Golden Tiles', 'Golden Tiles', 'Golimar No.1, Nawab Siddiq Ali Khan Road,', '1', '1', 'DEF', '1', '', '35201', '1081', '35201', '1', 'BAHRIA HEIGHTS, BAHRIA TOWN,\n', '0', '', NULL, '0'),
('104', '104', 'GOMAL CEMENT', 'GOMAL CEMENT', 'OFFICE B-202 CHAPPAL GARDEN ABUL HASAN ISPAHANI ROAD', '1', '1', 'DEF', '1', '', '35201', '1081', '35201', '1', 'BAHRIA HEIGHTS, BAHRIA TOWN,\n', '0', '', NULL, '0'),
('105', '105', 'GRAVITY BUILDERS', 'GRAVITY BUILDERS', 'A-29, STREET # 8, CENTRAL AVENUE PHASE-2 DHA', '1', '1', 'DEF', '1', '', '35201', '1081', '35201', '1', 'BAHRIA HEIGHTS, BAHRIA TOWN,\n', '0', '', NULL, '0'),
('106', '106', 'H.H. TRADERS', 'H.H. TRADERS', 'GOLIMAAR, OPP. USAMA TILE,', '1', '1', 'DEF', '1', '', '35201', '1081', '35201', '1', 'BAHRIA HEIGHTS, BAHRIA TOWN,\n', '0', '', NULL, '0'),
('107', '107', 'H2O HOME TILES', 'H2O HOME TILES', 'GIZRI,', '1', '1', 'DEF', '1', '', '35201', '1081', '35201', '1', 'BAHRIA HEIGHTS, BAHRIA TOWN,\n', '0', '', NULL, '0'),
('108', '108', 'HAJI CHOHAN CEMENT', 'HAJI CHOHAN CEMENT', 'RC-4/372, SHOP#9, HAJI IQBAL HOTEL, BOHRAPIR.', '1', '1', 'DEF', '1', '', '35201', '1081', '35201', '1', 'BAHRIA HEIGHTS, BAHRIA TOWN,\n', '0', '', NULL, '0'),
('109', '109', 'HAJI NAEEM', 'HAJI NAEEM', 'HYDERABAD, BILTY FROM A-ONE GOODS TRANSPORT', '5', '1', 'DEF', '1', '', '35201', '1081', '35201', '1', 'BAHRIA HEIGHTS, BAHRIA TOWN,\n', '0', '', NULL, '0'),
('110', '110', 'HAJI SALEEM', 'HAJI SALEEM', 'HYDERABAD, BILTY FROM A-ONE GOODS TRANSPORT', '5', '1', 'DEF', '1', '', '35201', '1081', '35201', '1', 'BAHRIA HEIGHTS, BAHRIA TOWN,\n', '0', '', NULL, '0'),
('111', '111', 'HAKIMI TRADERS', 'HAKIMI TRADERS', 'SHOP#2, PLOT 54/C, STREET-7,BADAR COMMERCIAL, PH-5, DHA,', '1', '1', 'DEF', '1', '', '35201', '1081', '35201', '1', 'BAHRIA HEIGHTS, BAHRIA TOWN,\n', '0', '', NULL, '0'),
('112', '112', 'HATIMI HARDWARE &amp; SANITARY', 'HATIMI HARDWARE &amp; SANITARY', 'BABUJEE ARCADE, SHOP # 2, NEAR ASGHAR ALI SHAH STADIUM,', '1', '1', 'DEF', '1', '', '35201', '1081', '35201', '1', 'BAHRIA HEIGHTS, BAHRIA TOWN,\n', '0', '', NULL, '0'),
('113', '113', 'HATIMI HARDWARE STORE', 'HATIMI HARDWARE STORE', 'SHOP # 4, WSA 20/16, WATER PUMP, F.B.AREA,', '1', '1', 'DEF', '1', '', '35201', '1081', '35201', '1', 'BAHRIA HEIGHTS, BAHRIA TOWN,\n', '0', '', NULL, '0'),
('114', '114', 'HAZARI ENTERPRISE', 'HAZARI ENTERPRISE', '1/14, MARRIOT ROAD,', '1', '1', 'DEF', '1', '', '35201', '1081', '35201', '1', 'BAHRIA HEIGHTS, BAHRIA TOWN,\n', '0', '', NULL, '0'),
('115', '115', 'Hazari Impex', 'Hazari Impex', 'Marriot Road,', '1', '1', 'DEF', '1', '', '35201', '1081', '35201', '1', 'BAHRIA HEIGHTS, BAHRIA TOWN,\n', '0', '', NULL, '0'),
('116', '116', 'HI-TECH CONSTRUCTION', 'HI-TECH CONSTRUCTION', '163/2, 23RD STREET, OFF. KH-E-IQBAL, PHASE-8, DHA,', '1', '1', 'DEF', '1', '', '35201', '1081', '35201', '1', 'BAHRIA HEIGHTS, BAHRIA TOWN,\n', '0', '', NULL, '0'),
('117', '117', 'HUSSAINI HARDWARE', 'HUSSAINI HARDWARE', 'MOHAMMAD SHAH STREET, JODIA BAZAR, OPP. Z.A TRADERS,', '1', '1', 'DEF', '1', '', '35201', '1081', '35201', '1', 'BAHRIA HEIGHTS, BAHRIA TOWN,\n', '0', '', NULL, '0'),
('118', '118', 'IK ASSOCIATE', 'IK ASSOCIATE', 'PLOT # 111/111, 26TH STREET, KH-E-MUHAFIZ, DHA,', '1', '1', 'DEF', '1', '', '35201', '1081', '35201', '1', 'BAHRIA HEIGHTS, BAHRIA TOWN,\n', '0', '', NULL, '0'),
('119', '119', 'IMRAN NAVTAKIA', 'IMRAN NAVTAKIA', 'F-50, BLOCK-8, CLIFTON,', '1', '1', 'DEF', '1', '', '35201', '1081', '35201', '1', 'BAHRIA HEIGHTS, BAHRIA TOWN,\n', '0', '', NULL, '0'),
('120', '120', 'IMRAN SB PEARL ENGINEERING', 'IMRAN SB PEARL ENGINEERING', 'S.M.B  FATIMA GIRLS COLLEGE GARDEN ', '1', '1', 'DEF', '1', '', '35201', '1081', '35201', '1', 'BAHRIA HEIGHTS, BAHRIA TOWN,\n', '0', '', NULL, '0'),
('121', '121', 'IQBAL MOTIWALA', 'IQBAL MOTIWALA', 'DHA,', '1', '1', 'DEF', '1', '', '35201', '1081', '35201', '1', 'BAHRIA HEIGHTS, BAHRIA TOWN,\n', '0', '', NULL, '0'),
('122', '122', 'IQBAL SANITARY MART', 'IQBAL SANITARY MART', 'JOHAR STREET, NEAR CHOONA BHATTI, BOHRAPIR,', '1', '1', 'DEF', '1', '', '35201', '1081', '35201', '1', 'BAHRIA HEIGHTS, BAHRIA TOWN,\n', '0', '', NULL, '0'),
('123', '123', 'IRSHAD ALI SLAB WORKS', 'IRSHAD ALI SLAB WORKS', 'HAJIALI BAGH BUILDING, AMBAJI VILLA RD, RANCHORLINE,', '1', '1', 'DEF', '1', '', '35201', '1081', '35201', '1', 'BAHRIA HEIGHTS, BAHRIA TOWN,\n', '0', '', NULL, '0'),
('124', '124', 'JAMA MASJID NOORANI', 'JAMA MASJID NOORANI', 'PAK COLONY,', '1', '1', 'DEF', '1', '', '35201', '1081', '35201', '1', 'BAHRIA HEIGHTS, BAHRIA TOWN,\n', '0', '', NULL, '0'),
('125', '125', 'JAWED &amp; BROTHERS', 'JAWED &amp; BROTHERS', '351-36/C, OPP. KORANGI STADIUM, KORANGI # 5,', '1', '1', 'DEF', '1', '', '35201', '1081', '35201', '1', 'BAHRIA HEIGHTS, BAHRIA TOWN,\n', '0', '', NULL, '0'),
('126', '126', 'K.M.A. TRADING EST.', 'K.M.A. TRADING EST.', 'AJA MAUJI STREET, BOHRAPIR,', '1', '1', 'DEF', '1', '', '35201', '1081', '35201', '1', 'BAHRIA HEIGHTS, BAHRIA TOWN,\n', '0', '', NULL, '0'),
('127', '127', 'KAKA TILES', 'KAKA TILES', 'TIMBER MARKET, STREET 7, SIDDIQUE WAHAB ROAD,', '1', '1', 'DEF', '1', '', '35201', '1081', '35201', '1', 'BAHRIA HEIGHTS, BAHRIA TOWN,\n', '0', '', NULL, '0'),
('128', '128', 'KAMRAN TILE', 'KAMRAN TILE', 'GALI # 11, TIMBER MARKET,', '1', '1', 'DEF', '1', '', '35201', '1081', '35201', '1', 'BAHRIA HEIGHTS, BAHRIA TOWN,\n', '0', '', NULL, '0'),
('129', '129', '1 PAINT HOUSE', '1 PAINT HOUSE', '12-147, AMBAJI VILLA ROAD, BOHRA PIR,', '1', '1', 'DEF', '1', '', '35201', '1081', '35201', '1', 'BAHRIA HEIGHTS, BAHRIA TOWN,\n', '0', '', NULL, '0'),
('130', '130', '1 Trading', '1 Trading', 'K-72, Golimar No.1', '1', '1', 'DEF', '1', '', '35201', '1081', '35201', '1', 'BAHRIA HEIGHTS, BAHRIA TOWN,\n', '0', '', NULL, '0'),
('131', '131', 'KHARADAR CEMENT DEPOT', 'KHARADAR CEMENT DEPOT', 'JAFFAR FIDR ROAD, NEAR KHARADAR PARK, KHARADAR,', '1', '1', 'DEF', '1', '', '35201', '1081', '35201', '1', 'BAHRIA HEIGHTS, BAHRIA TOWN,\n', '0', '', NULL, '0'),
('132', '132', 'KHURASAAN HEIGHT', 'KHURASAAN HEIGHT', 'NUMAISH, OPP. MAZAR-E-QUAID,', '1', '1', 'DEF', '1', '', '35201', '1081', '35201', '1', 'BAHRIA HEIGHTS, BAHRIA TOWN,\n', '0', '', NULL, '0'),
('133', '133', 'KHUWAJA RAFAY', 'KHUWAJA RAFAY', 'DHA,', '1', '1', 'DEF', '1', '', '35201', '1081', '35201', '1', 'BAHRIA HEIGHTS, BAHRIA TOWN,\n', '0', '', NULL, '0'),
('134', '134', 'KING BUILDERS', 'KING BUILDERS', 'PALM RESIDENCY, NEAR KAMRAN CHOWK, GULISTAN-E-JOHAR,', '1', '1', 'DEF', '1', '', '35201', '1081', '35201', '1', 'BAHRIA HEIGHTS, BAHRIA TOWN,\n', '0', '', NULL, '0'),
('135', '135', 'KING COTTAGES', 'KING COTTAGES', 'SURVEY # 197, OPP. JAUHAR COMPLEX, BLOCK-7, JAUHAR,', '1', '1', 'DEF', '1', '', '35201', '1081', '35201', '1', 'BAHRIA HEIGHTS, BAHRIA TOWN,\n', '0', '', NULL, '0'),
('136', '136', 'KOHINOOR PAINTS', 'KOHINOOR PAINTS', 'SHOP # 23, CHAND BIBI CENTRE, BOHRAPIR, OPP. MEHFOOZ SHERMAL,', '1', '1', 'DEF', '1', '', '35201', '1081', '35201', '1', 'BAHRIA HEIGHTS, BAHRIA TOWN,\n', '0', '', NULL, '0'),
('137', '137', 'LAKHANI PRESIDENCY', 'LAKHANI PRESIDENCY', 'SURVEY# 42 OLD DALMIA CEMENT FACTORY, DALMIA ROAD,', '1', '1', 'DEF', '1', '', '35201', '1081', '35201', '1', 'BAHRIA HEIGHTS, BAHRIA TOWN,\n', '0', '', NULL, '0'),
('138', '138', 'LALA SARWAR CERA', 'LALA SARWAR CERA', '1/8, FIRDOUS COLONY, GULBAHAR,', '1', '1', 'DEF', '1', '', '35201', '1081', '35201', '1', 'BAHRIA HEIGHTS, BAHRIA TOWN,\n', '0', '', NULL, '0'),
('139', '139', 'LASANI ENTERPRISES', 'LASANI ENTERPRISES', 'BARA BOARD, NEAR PSO PUMP,', '1', '1', 'DEF', '1', '', '35201', '1081', '35201', '1', 'BAHRIA HEIGHTS, BAHRIA TOWN,\n', '0', '', NULL, '0'),
('140', '140', 'LIFE STYLE', 'LIFE STYLE', 'STADIUM ROAD,', '1', '1', 'DEF', '1', '', '35201', '1081', '35201', '1', 'BAHRIA HEIGHTS, BAHRIA TOWN,\n', '0', '', NULL, '0'),
('141', '141', 'M.I.M. SIDDIQ &amp; CO.', 'M.I.M. SIDDIQ &amp; CO.', 'SHOP # 3, KHORI GARDEN, MEMON MASJID, KAMBHARTI STREET,', '1', '1', 'DEF', '1', '', '35201', '1081', '35201', '1', 'BAHRIA HEIGHTS, BAHRIA TOWN,\n', '0', '', NULL, '0'),
('142', '142', 'M.M. ALAM', 'M.M. ALAM', 'KUTCHI GALI # 3, MARRIOT ROAD,', '1', '1', 'DEF', '1', '', '35201', '1081', '35201', '1', 'BAHRIA HEIGHTS, BAHRIA TOWN,\n', '0', '', NULL, '0'),
('143', '143', 'M.RAFIQUE.IQBAL', 'M.RAFIQUE.IQBAL', 'F-48, BLOCK 8 CLIFTON', '1', '1', 'DEF', '1', '', '35201', '1081', '35201', '1', 'BAHRIA HEIGHTS, BAHRIA TOWN,\n', '0', '', NULL, '0'),
('144', '144', 'M.S CONSTRUCTIONS', 'M.S CONSTRUCTIONS', 'PLOT # 166, 30TH STREET KHYABAN-E-IQBAL PH 8 DHA KHI', '1', '1', 'DEF', '1', '', '35201', '1081', '35201', '1', 'BAHRIA HEIGHTS, BAHRIA TOWN,\n', '0', '', NULL, '0'),
('145', '145', 'M.S. TOWER', 'M.S. TOWER', 'BAHADURABAD, NEAR UNITED BAKERY,', '1', '1', 'DEF', '1', '', '35201', '1081', '35201', '1', 'BAHRIA HEIGHTS, BAHRIA TOWN,\n', '0', '', NULL, '0'),
('146', '146', 'MACHIYARA SPRING FIELD', 'MACHIYARA SPRING FIELD', 'PLOT # D-2, BLOCK-8, CLIFTON, NEAR AGHA&#039;S SUPER MARKET,', '1', '1', 'DEF', '1', '', '35201', '1081', '35201', '1', 'BAHRIA HEIGHTS, BAHRIA TOWN,\n', '0', '', NULL, '0'),
('147', '147', 'MAIRAJ HOUSE', 'MAIRAJ HOUSE', '21ST STREET, KH-E-ROOMI, DHA,', '1', '1', 'DEF', '1', '', '35201', '1081', '35201', '1', 'BAHRIA HEIGHTS, BAHRIA TOWN,\n', '0', '', NULL, '0'),
('148', '148', 'Makka Tiles', 'Makka Tiles', 'Plot#14, Area G-31, Korangi Crossing,', '1', '1', 'DEF', '1', '', '35201', '1081', '35201', '1', 'BAHRIA HEIGHTS, BAHRIA TOWN,\n', '0', '', NULL, '0'),
('149', '149', 'MALIK BROTHERS', 'MALIK BROTHERS', '10-E, LANE-11, STREET # 21, KH-E-SEHAR, DHA,', '1', '1', 'DEF', '1', '', '35201', '1081', '35201', '1', 'BAHRIA HEIGHTS, BAHRIA TOWN,\n', '0', '', NULL, '0'),
('150', '150', 'MALIK BROTHERS-BUKHARI', 'MALIK BROTHERS-BUKHARI', 'BUKHARI COMMERCIAL, PHASE-6, DHA,', '1', '1', 'DEF', '1', '', '35201', '1081', '35201', '1', 'BAHRIA HEIGHTS, BAHRIA TOWN,\n', '0', '', NULL, '0'),
('151', '151', 'MANSOOR JOKHIO', 'MANSOOR JOKHIO', 'PLOT # 80, STREET # 15 KHAYABAN-E-SEHAR', '1', '1', 'DEF', '1', '', '35201', '1081', '35201', '1', 'BAHRIA HEIGHTS, BAHRIA TOWN,\n', '0', '', NULL, '0'),
('152', '152', 'MAQBOOL &amp; CO', 'MAQBOOL &amp; CO', 'NAWABSHAH', '9', '1', 'DEF', '1', '', '35201', '1081', '35201', '1', 'BAHRIA HEIGHTS, BAHRIA TOWN,\n', '0', '', NULL, '0'),
('153', '153', 'MAQSOOD AHMED', 'MAQSOOD AHMED', 'PLOT#50/II, KHAYABANE-MUJAHID, STREET#15, DHA', '1', '1', 'DEF', '1', '', '35201', '1081', '35201', '1', 'BAHRIA HEIGHTS, BAHRIA TOWN,\n', '0', '', NULL, '0'),
('154', '154', 'MARGALA MOTORS', 'MARGALA MOTORS', '72/4, SINDHI MUSLIM SOCIETY, NEAR SHAH LATIF SCHOOL,', '1', '1', 'DEF', '1', '', '35201', '1081', '35201', '1', 'BAHRIA HEIGHTS, BAHRIA TOWN,\n', '0', '', NULL, '0'),
('155', '155', 'MATRIX SYSTEM (PVT) LTD', 'MATRIX SYSTEM (PVT) LTD', '605, PROGRESSIVE SQUARE, SH-E-FAISAL,', '1', '1', 'DEF', '1', '', '35201', '1081', '35201', '1', 'BAHRIA HEIGHTS, BAHRIA TOWN,\n', '0', '', NULL, '0'),
('156', '156', 'MOEEN AHMED SB', 'MOEEN AHMED SB', 'H # 99, 27TH STREET, PHASE-6, KH-E-SEHAR, DHA,', '1', '1', 'DEF', '1', '', '35201', '1081', '35201', '1', 'BAHRIA HEIGHTS, BAHRIA TOWN,\n', '0', '', NULL, '0'),
('157', '157', 'MOIZ TOOLS', 'MOIZ TOOLS', 'SHOP # 2, CHAND BIBI CENTRE, BOHRAPIR,', '1', '1', 'DEF', '1', '', '35201', '1081', '35201', '1', 'BAHRIA HEIGHTS, BAHRIA TOWN,\n', '0', '', NULL, '0'),
('158', '158', 'MOSAIC COLLECTION', 'MOSAIC COLLECTION', 'UNIT # 203, SEA BREEZE PLAZA, SHAHRAH-E-FAISAL,', '1', '1', 'DEF', '1', '', '35201', '1081', '35201', '1', 'BAHRIA HEIGHTS, BAHRIA TOWN,\n', '0', '', NULL, '0'),
('159', '159', 'MR AFAQ', 'MR AFAQ', '8 CHOWK LEE MARKET GAWADAR QARWAN', '7', '1', 'DEF', '1', '', '35201', '1081', '35201', '1', 'BAHRIA HEIGHTS, BAHRIA TOWN,\n', '0', '', NULL, '0'),
('160', '160', 'MR HAJI SHAKOOR', 'MR HAJI SHAKOOR', 'GENERAL HOUSING SOCIETY GATE # 5 PLOT # 128 STREET II', '1', '1', 'DEF', '1', '', '35201', '1081', '35201', '1', 'BAHRIA HEIGHTS, BAHRIA TOWN,\n', '0', '', NULL, '0'),
('161', '161', 'MR JAVAID', 'MR JAVAID', 'SELF PICK,', '1', '1', 'DEF', '1', '', '35201', '1081', '35201', '1', 'BAHRIA HEIGHTS, BAHRIA TOWN,\n', '0', '', NULL, '0'),
('162', '162', 'MR ZEESHAN', 'MR ZEESHAN', 'C-55 BLOCK 8 BAIT UL MUKKARAM MASJID GULSHAN-E-IQBAL', '1', '1', 'DEF', '1', '', '35201', '1081', '35201', '1', 'BAHRIA HEIGHTS, BAHRIA TOWN,\n', '0', '', NULL, '0'),
('163', '163', 'MR FAISAL.', 'MR FAISAL.', 'SUKKUR,', '11', '1', 'DEF', '1', '', '35201', '1081', '35201', '1', 'BAHRIA HEIGHTS, BAHRIA TOWN,\n', '0', '', NULL, '0'),
('164', '164', 'MRA BUILDERS', 'MRA BUILDERS', 'NEW CHALI, NEAR TECHNO CITY,', '1', '1', 'DEF', '1', '', '35201', '1081', '35201', '1', 'BAHRIA HEIGHTS, BAHRIA TOWN,\n', '0', '', NULL, '0'),
('165', '165', 'MUGHAL CONSTRUCTION', 'MUGHAL CONSTRUCTION', 'PLOT # 114-A, COMMERCIAL AVENUE, PHASE-7 DHA', '1', '1', 'DEF', '1', '', '35201', '1081', '35201', '1', 'BAHRIA HEIGHTS, BAHRIA TOWN,\n', '0', '', NULL, '0'),
('166', '166', 'Mujeeb Traders', 'Mujeeb Traders', 'Neelam Colony, D.H.A.,', '1', '1', 'DEF', '1', '', '35201', '1081', '35201', '1', 'BAHRIA HEIGHTS, BAHRIA TOWN,\n', '0', '', NULL, '0'),
('167', '167', 'MUNIR IMPEX', 'MUNIR IMPEX', 'FAISALABAD, BILTY FROM NEW SITARA GOODS', '12', '1', 'DEF', '1', '', '35201', '1081', '35201', '1', 'BAHRIA HEIGHTS, BAHRIA TOWN,\n', '0', '', NULL, '0'),
('168', '168', 'MURAD HARDWARE', 'MURAD HARDWARE', 'SHOP # 5, PLOT 20/C, PH-4, NEAR REHMAN MASJID, DHA,', '1', '1', 'DEF', '1', '', '35201', '1081', '35201', '1', 'BAHRIA HEIGHTS, BAHRIA TOWN,\n', '0', '', NULL, '0'),
('169', '169', 'MURTAZA SB', 'MURTAZA SB', 'KORANGI INDUSTRIAL AREA, NEAR TRAFFIC LICENSE OFFICE,', '1', '1', 'DEF', '1', '', '35201', '1081', '35201', '1', 'BAHRIA HEIGHTS, BAHRIA TOWN,\n', '0', '', NULL, '0'),
('170', '170', 'MUSTAFA METAL MART', 'MUSTAFA METAL MART', '31, AL-HYDRI MEMORIAL MARKET, NORTH NAZIMABAD', '1', '1', 'DEF', '1', '', '35201', '1081', '35201', '1', 'BAHRIA HEIGHTS, BAHRIA TOWN,\n', '0', '', NULL, '0'),
('171', '171', 'MUSTAQIM DYEING &amp; PRINTING IND. (PVT) LTD', 'MUSTAQIM DYEING &amp; PRINTING', 'D-14/A, BADA BOARD, SITE,', '1', '1', 'DEF', '1', '', '35201', '1081', '35201', '1', 'BAHRIA HEIGHTS, BAHRIA TOWN,\n', '0', '', NULL, '0'),
('172', '172', 'NADEEM BUKHARI', 'NADEEM BUKHARI', 'KHYABAN-E-MUSLIM', '1', '1', 'DEF', '1', '', '35201', '1081', '35201', '1', 'BAHRIA HEIGHTS, BAHRIA TOWN,\n', '0', '', NULL, '0'),
('173', '173', 'NASIR &amp; SONS', 'NASIR &amp; SONS', 'ALAMGIR ROAD, BAHADURABAD,', '1', '1', 'DEF', '1', '', '35201', '1081', '35201', '1', 'BAHRIA HEIGHTS, BAHRIA TOWN,\n', '0', '', NULL, '0'),
('174', '174', 'NATIONAL PAINT HOUSE', 'NATIONAL PAINT HOUSE', 'KHARADAR', '1', '1', 'DEF', '1', '', '35201', '1081', '35201', '1', 'BAHRIA HEIGHTS, BAHRIA TOWN,\n', '0', '', NULL, '0'),
('175', '175', 'NEW JILLANI CEMENT', 'NEW JILLANI CEMENT', '10/729, LIAQATABAD,', '1', '1', 'DEF', '1', '', '35201', '1081', '35201', '1', 'BAHRIA HEIGHTS, BAHRIA TOWN,\n', '0', '', NULL, '0'),
('176', '176', 'NEW KHATTAK HARDWARE &amp; PAINT', 'NEW KHATTAK HARDWARE &amp; PAI', 'SHOP#102, TIPU SULTAN ROAD,', '1', '1', 'DEF', '1', '', '35201', '1081', '35201', '1', 'BAHRIA HEIGHTS, BAHRIA TOWN,\n', '0', '', NULL, '0'),
('177', '177', 'NIAZI HARDWARE', 'NIAZI HARDWARE', 'PLOT # F-6, BOAT BUILDING YARD, NEAR KALA PANI, FISHRI,', '1', '1', 'DEF', '1', '', '35201', '1081', '35201', '1', 'BAHRIA HEIGHTS, BAHRIA TOWN,\n', '0', '', NULL, '0'),
('178', '178', 'NOOR MAHAL', 'NOOR MAHAL', 'SHOP # 10, BOHRAPIR,', '1', '1', 'DEF', '1', '', '35201', '1081', '35201', '1', 'BAHRIA HEIGHTS, BAHRIA TOWN,\n', '0', '', NULL, '0'),
('179', '179', 'NOVOCHEM SPECIALITIES', 'NOVOCHEM SPECIALITIES', 'F-388, SITE,', '1', '1', 'DEF', '1', '', '35201', '1081', '35201', '1', 'BAHRIA HEIGHTS, BAHRIA TOWN,\n', '0', '', NULL, '0'),
('180', '180', 'PARAGON CONSTRUCTION.', 'PARAGON CONSTRUCTION.', 'BAHRIA APPARTMENT-2, SUPER HIGHWAY, BAHRIA TOWN,', '1', '1', 'DEF', '1', '', '35201', '1081', '35201', '1', 'BAHRIA HEIGHTS, BAHRIA TOWN,\n', '0', '', NULL, '0'),
('181', '181', 'PARSA TOWER', 'PARSA TOWER', 'PARSA TOWER, SHAHRAH-E-FAISAL,', '1', '1', 'DEF', '1', '', '35201', '1081', '35201', '1', 'BAHRIA HEIGHTS, BAHRIA TOWN,\n', '0', '', NULL, '0'),
('182', '182', 'POPULAR CEMENT WORK', 'POPULAR CEMENT WORK', 'SHOP # 5, JAMSHED ROAD # 3, NEAR YADGAR FISH,', '1', '1', 'DEF', '1', '', '35201', '1081', '35201', '1', 'BAHRIA HEIGHTS, BAHRIA TOWN,\n', '0', '', NULL, '0'),
('183', '183', 'Popular Marble', 'Popular Marble', '240-242, Badar Colony, Pak Colony,', '1', '1', 'DEF', '1', '', '35201', '1081', '35201', '1', 'BAHRIA HEIGHTS, BAHRIA TOWN,\n', '0', '', NULL, '0'),
('184', '184', 'Progressive Marble', 'Progressive Marble', 'Plot#10-11, Sector 26, K.I.A', '1', '1', 'DEF', '1', '', '35201', '1081', '35201', '1', 'BAHRIA HEIGHTS, BAHRIA TOWN,\n', '0', '', NULL, '0'),
('185', '185', 'R &amp; H ENTERPRISES', 'R &amp; H ENTERPRISES', 'PARSA CITY, GARDEN, OPP. POLICE HEAD QUARTER,', '1', '1', 'DEF', '1', '', '35201', '1081', '35201', '1', 'BAHRIA HEIGHTS, BAHRIA TOWN,\n', '0', '', NULL, '0'),
('186', '186', 'R &amp; I ELECTRICAL APPLIANCES (PVT) LTD.', 'R &amp; I ELECTRICAL APPLIANCE', 'PARSA TOWER, SHAHRAH-E-FAISAL,', '1', '1', 'DEF', '1', '', '35201', '1081', '35201', '1', 'BAHRIA HEIGHTS, BAHRIA TOWN,\n', '0', '', NULL, '0'),
('187', '187', 'RAMZAN CEMENT DEPOT', 'RAMZAN CEMENT DEPOT', 'BOHRAPIR, NEAR IRSHAD ALI SLAB WORKS,', '1', '1', 'DEF', '1', '', '35201', '1081', '35201', '1', 'BAHRIA HEIGHTS, BAHRIA TOWN,\n', '0', '', NULL, '0'),
('188', '188', 'RAWAL MASJID', 'RAWAL MASJID', 'BILTY FROM ABBAS &amp; CO TO MULTAN,', '1', '1', 'DEF', '1', '', '35201', '1081', '35201', '1', 'BAHRIA HEIGHTS, BAHRIA TOWN,\n', '0', '', NULL, '0'),
('189', '189', 'RESSICHEM GODOWN', 'RESSICHEM GODOWN', 'NEAR HILL PARK,', '1', '1', 'DEF', '1', '', '35201', '1081', '35201', '1', 'BAHRIA HEIGHTS, BAHRIA TOWN,\n', '0', '', NULL, '0'),
('190', '190', 'RESSICHEM INTERNATIONAL', 'RESSICHEM INTERNATIONAL', 'GOLIMAR,', '1', '1', 'DEF', '1', '', '35201', '1081', '35201', '1', 'BAHRIA HEIGHTS, BAHRIA TOWN,\n', '0', '', NULL, '0'),
('191', '191', 'SAIFEE HARDWARE STORE', 'SAIFEE HARDWARE STORE', '309, PROGRESSIVE PLAZA, BEUMOUNT ROAD,', '1', '1', 'DEF', '1', '', '35201', '1081', '35201', '1', 'BAHRIA HEIGHTS, BAHRIA TOWN,\n', '0', '', NULL, '0'),
('192', '192', 'SAIFEE INTERIOR WORKS', 'SAIFEE INTERIOR WORKS', 'SHOP # 5, 1-C, 27TH TAUHEED COMM. STREET, PHASE-5, DHA,', '1', '1', 'DEF', '1', '', '35201', '1081', '35201', '1', 'BAHRIA HEIGHTS, BAHRIA TOWN,\n', '0', '', NULL, '0'),
('193', '193', 'SAIFEE PAINT HOUSE', 'SAIFEE PAINT HOUSE', 'U.P. MORE,', '1', '1', 'DEF', '1', '', '35201', '1081', '35201', '1', 'BAHRIA HEIGHTS, BAHRIA TOWN,\n', '0', '', NULL, '0'),
('194', '194', 'SAIFY MASJID', 'SAIFY MASJID', 'STREET-7,BADAR COMMERCIAL, PH-5, DHA, OPP. HAKIMI TRADERS,', '1', '1', 'DEF', '1', '', '35201', '1081', '35201', '1', 'BAHRIA HEIGHTS, BAHRIA TOWN,\n', '0', '', NULL, '0'),
('195', '195', 'SALIM SHAMS SB', 'SALIM SHAMS SB', 'SAIFY BAGH, CHAKIWARA,', '1', '1', 'DEF', '1', '', '35201', '1081', '35201', '1', 'BAHRIA HEIGHTS, BAHRIA TOWN,\n', '0', '', NULL, '0'),
('196', '196', 'SAMS HARDWARE', 'SAMS HARDWARE', 'DHA,', '1', '1', 'DEF', '1', '', '35201', '1081', '35201', '1', 'BAHRIA HEIGHTS, BAHRIA TOWN,\n', '0', '', NULL, '0'),
('197', '197', 'SHABBIR SONS', 'SHABBIR SONS', 'SHOP # 2, PLOT # 8C, BUKHARI COMM., LANE-8, PHASE 6, DHA,', '5', '1', 'DEF', '1', '', '35201', '1081', '35201', '1', 'BAHRIA HEIGHTS, BAHRIA TOWN,\n', '0', '', NULL, '0'),
('198', '198', 'SHAH HARDWARE', 'SHAH HARDWARE', 'SHOP # 224, OPP. KASB BANK, SADDAR,', '1', '1', 'DEF', '1', '', '35201', '1081', '35201', '1', 'BAHRIA HEIGHTS, BAHRIA TOWN,\n', '0', '', NULL, '0'),
('199', '199', 'SHOAIB ISMAIL SB', 'SHOAIB ISMAIL SB', 'PLOT # 18/D, MAIN KH-E-BUKHARI, NISHAT CORNER, DHA,', '1', '1', 'DEF', '1', '', '35201', '1081', '35201', '1', 'BAHRIA HEIGHTS, BAHRIA TOWN,\n', '0', '', NULL, '0'),
('200', '200', 'SOHAIL SANITARY STORE', 'SOHAIL SANITARY STORE', 'PLOT #30/1, STREET # 10, KH-E-HILAL, DHA,', '1', '1', 'DEF', '1', '', '35201', '1081', '35201', '1', 'BAHRIA HEIGHTS, BAHRIA TOWN,\n', '0', '', NULL, '0'),
('201', '201', 'T.A.GULAMALLAY &amp; CO.', 'T.A.GULAMALLAY &amp; CO.', 'PLOT # 1307/3M, SIDDIQABAD, F.B.AREA,', '1', '1', 'DEF', '1', '', '35201', '1081', '35201', '1', 'BAHRIA HEIGHTS, BAHRIA TOWN,\n', '0', '', NULL, '0'),
('202', '202', 'TAHER &amp; SONS HARDWARE HOUSE', 'TAHER &amp; SONS HARDWARE HOUS', 'FIDRI CHAMBER, JEWANI STREET, OFF. AIWAN-E-TIJARAT RD,', '1', '1', 'DEF', '1', '', '35201', '1081', '35201', '1', 'BAHRIA HEIGHTS, BAHRIA TOWN,\n', '0', '', NULL, '0'),
('203', '203', 'TAHERI HARDWARE STORES', 'TAHERI HARDWARE STORES', 'PLOT # A-979 SECTOR 11/B SHOP # 1 JAMALI TRUST', '1', '1', 'DEF', '1', '', '35201', '1081', '35201', '1', 'BAHRIA HEIGHTS, BAHRIA TOWN,\n', '0', '', NULL, '0'),
('204', '204', 'TAHERI SONS &amp; HARDWARE HOUSE', 'TAHERI SONS &amp; HARDWARE HOU', 'SHOP # 6, LUCKY HOUSE, OPP. BOHRAPIR,', '1', '1', 'DEF', '1', '', '35201', '1081', '35201', '1', 'BAHRIA HEIGHTS, BAHRIA TOWN,\n', '0', '', NULL, '0'),
('205', '205', 'TANVEER BANGLES', 'TANVEER BANGLES', 'SHOP # 1 JAMALI TRUST BUILDING 4 UP MOOR', '1', '1', 'DEF', '1', '', '35201', '1081', '35201', '1', 'BAHRIA HEIGHTS, BAHRIA TOWN,\n', '0', '', NULL, '0'),
('206', '206', 'TANZO INTERNATIONAL (PAKISTAN)', 'TANZO INTERNATIONAL (PAKISTAN)', 'KORANGI # 2, ', '4', '1', 'DEF', '1', '', '35201', '1081', '35201', '1', 'BAHRIA HEIGHTS, BAHRIA TOWN,\n', '0', '', NULL, '0'),
('207', '207', 'TECHNO CRATE', 'TECHNO CRATE', 'PLOT # 566, Q BLOCK, JOHAR TOWN,', '1', '1', 'DEF', '1', '', '35201', '1081', '35201', '1', 'BAHRIA HEIGHTS, BAHRIA TOWN,\n', '0', '', NULL, '0'),
('208', '208', 'THE ARCHITECTS', 'THE ARCHITECTS', 'BAHRIA TOWN, SUPER HIGHWAY,', '1', '1', 'DEF', '1', '', '35201', '1081', '35201', '1', 'BAHRIA HEIGHTS, BAHRIA TOWN,\n', '0', '', NULL, '0'),
('209', '209', 'THE COMFORT', 'THE COMFORT', 'NEAR CAR DEAL, CLIFTON, 2 TALWAR,', '1', '1', 'DEF', '1', '', '35201', '1081', '35201', '1', 'BAHRIA HEIGHTS, BAHRIA TOWN,\n', '0', '', NULL, '0'),
('210', '210', 'THE CONSTRUCT', 'THE CONSTRUCT', 'SB-3, BLOCK-8, YASEENABAD,', '1', '1', 'DEF', '1', '', '35201', '1081', '35201', '1', 'BAHRIA HEIGHTS, BAHRIA TOWN,\n', '0', '', NULL, '0'),
('211', '211', 'TILE HOUSE', 'TILE HOUSE', 'BAHRIA ICON TOWER, NEAR ABDULLAH SHAH GHAZI TOMB, CLIFTON,', '1', '1', 'DEF', '1', '', '35201', '1081', '35201', '1', 'BAHRIA HEIGHTS, BAHRIA TOWN,\n', '0', '', NULL, '0'),
('212', '212', 'Tiles Centre', 'Tiles Centre', 'TARIQ ROAD, NEAR BOMBAY SWEETS,', '1', '1', 'DEF', '1', '', '35201', '1081', '35201', '1', 'BAHRIA HEIGHTS, BAHRIA TOWN,\n', '0', '', NULL, '0'),
('213', '213', 'TIMES RESIDENCY', 'TIMES RESIDENCY', 'Shop# GC-63, Main Gulbahar Road, Golimar No.1', '1', '1', 'DEF', '1', '', '35201', '1081', '35201', '1', 'BAHRIA HEIGHTS, BAHRIA TOWN,\n', '0', '', NULL, '0'),
('214', '214', 'UNE ENTERPRISES', 'UNE ENTERPRISES', 'D-11, NORTH NAZIMABAD, NEAR BOARD OFFICE,', '1', '1', 'DEF', '1', '', '35201', '1081', '35201', '1', 'BAHRIA HEIGHTS, BAHRIA TOWN,\n', '0', '', NULL, '0'),
('215', '215', 'UNION STEEL', 'UNION STEEL', 'BAHRIA HOSPITAL, BAHRIA TOWN,', '1', '1', 'DEF', '1', '', '35201', '1081', '35201', '1', 'BAHRIA HEIGHTS, BAHRIA TOWN,\n', '0', '', NULL, '0'),
('216', '216', 'UNITED SANITARY', 'UNITED SANITARY', 'PLOT # D-1-56, MANGOPIR ROAD, SITE,', '1', '1', 'DEF', '1', '', '35201', '1081', '35201', '1', 'BAHRIA HEIGHTS, BAHRIA TOWN,\n', '0', '', NULL, '0'),
('217', '217', 'United Tile Center', 'United Tile Center', 'B.S 16, BLOCK 14, SHOP NO.3, UROOJ SQUARE, F.B. AREA, KARACHI', '1', '1', 'DEF', '1', '', '35201', '1081', '35201', '1', 'BAHRIA HEIGHTS, BAHRIA TOWN,\n', '0', '', NULL, '0'),
('218', '218', 'UNIVERSAL TRADING / RASHID TILE', 'UNIVERSAL TRADING / RASHID TIL', 'A-26, Farhan Paradise, Block-14, Gulistan-e-Johar', '1', '1', 'DEF', '1', '', '35201', '1081', '35201', '1', 'BAHRIA HEIGHTS, BAHRIA TOWN,\n', '0', '', NULL, '0'),
('219', '219', 'VALI RANGOONWALA', 'VALI RANGOONWALA', 'NEAR UMER MASJID, OPP. H.M.SONS, GOLIMAAR,', '1', '1', 'DEF', '1', '', '35201', '1081', '35201', '1', 'BAHRIA HEIGHTS, BAHRIA TOWN,\n', '0', '', NULL, '0'),
('220', '220', 'VIRTRACO TILES', 'VIRTRACO TILES', '8/A, KDA SCHEME # 1, KARSAZ ROAD,', '1', '1', 'DEF', '1', '', '35201', '1081', '35201', '1', 'BAHRIA HEIGHTS, BAHRIA TOWN,\n', '0', '', NULL, '0'),
('221', '221', 'Walls &amp; Woods', 'Walls &amp; Woods', '15/139, SHOP # 3-4, FATIMA TOWER, BAHADURABAD, J. AFGHANI ROAD,', '1', '1', 'DEF', '1', '', '35201', '1081', '35201', '1', 'BAHRIA HEIGHTS, BAHRIA TOWN,\n', '0', '', NULL, '0'),
('222', '222', 'YOUSUF ALI TAYABJI MUNDRAWALA &amp; SONS', 'YOUSUF ALI TAYABJI MUNDRAWALA ', 'Building#28-C, Mezzanine Floor,Sunset Lane, DHA', '1', '1', 'DEF', '1', '', '35201', '1081', '35201', '1', 'BAHRIA HEIGHTS, BAHRIA TOWN,\n', '0', '', NULL, '0'),
('223', '223', 'ZAFAR CEMENT', 'ZAFAR CEMENT', 'SHOP#2, RAEES BUILDING, BOHRAPR', '1', '1', 'DEF', '1', '', '35201', '1081', '35201', '1', 'BAHRIA HEIGHTS, BAHRIA TOWN,\n', '0', '', NULL, '0'),
('224', '224', 'ZAHID ALI SHAH', 'ZAHID ALI SHAH', 'SHOP # 155/2, JOHAR ROAD, AMEER KHUSROO ROAD', '1', '1', 'DEF', '1', '', '35201', '1081', '35201', '1', 'BAHRIA HEIGHTS, BAHRIA TOWN,\n', '0', '', NULL, '0'),
('225', '225', 'ZAHID TILE', 'ZAHID TILE', 'COMMERCIAL AVENUE, PHASE-4, KH-E-HILAL, DHA,', '1', '1', 'DEF', '1', '', '35201', '1081', '35201', '1', 'BAHRIA HEIGHTS, BAHRIA TOWN,\n', '0', '', NULL, '0'),
('226', '226', 'ZCL', 'ZCL', 'BESIDE SUBHANALLAH TILE, BLOCK-16, WATER PUMP,', '1', '1', 'DEF', '1', '', '35201', '1081', '35201', '1', 'BAHRIA HEIGHTS, BAHRIA TOWN,\n', '0', '', NULL, '0'),
('227', '227', 'ZEENAT HARDWARE', 'ZEENAT HARDWARE', '501, BANK BUSINESS CENTRE, SULTAN AHMED SHAH ROAD, K.E.C.H.S,', '1', '1', 'DEF', '1', '', '35201', '1081', '35201', '1', 'BAHRIA HEIGHTS, BAHRIA TOWN,\n', '0', '', NULL, '0'),
('228', '228', 'ZOAIB ALI &amp; COMPANY', 'ZOAIB ALI &amp; COMPANY', 'PAK COLONY, NEAR BISMILLAH HOTEL,', '5', '1', 'DEF', '1', '', '35201', '1081', '35201', '1', 'BAHRIA HEIGHTS, BAHRIA TOWN,\n', '0', '', NULL, '0'),
('229', '229', 'ZULFIQAR HARDWARE', 'ZULFIQAR HARDWARE', 'FATEH CHOWK NEAR BOULEVARD MALL', '1', '1', 'DEF', '1', '', '35201', '1081', '35201', '1', 'BAHRIA HEIGHTS, BAHRIA TOWN,\n', '0', '', NULL, '0'),
('230', '230', 'hareem', 'hareem1', 'hareem3', '1', '1', 'DEF', '1', '', '35201', '1081', '35201', '1', 'hareem3', '0', '', NULL, '0'),
('231', '231', 'NAEEM-E-MASJID', 'NAEEM-E-MASJID', 'Waterpump Block-15, ', '1', '3', 'DEF', '1', '', '35201 ', '1081 ', '35201 ', '1', 'Waterpump Block-15, ', '0', '', NULL, '0'),
('232', '232', 'WASEAL CONSTRUCTION', 'WASEAL CONSTRUCTION', 'Fire Station, Bahria Town, Near Bahria Height.', '1', '3', 'DEF', '1', '', '35201 ', '1081 ', '35201 ', '1', 'Fire Station, Bahria Town, Near Bahria Height.', '0', '', NULL, '0'),
('233', '233', 'ITTEHAD CERAMIC', 'ITTEHAD CERAMIC', 'Sector # 7A, Plot # 89, Chamra Chowrangi, Korangi Industrial Area Khi.', '1', '3', 'DEF', '1', '', '35201 ', '1081 ', '35201 ', '1', 'Sector # 7A, Plot # 89, Chamra Chowrangi, Korangi Industrial Area Khi.', '0', '', NULL, '0'),
('234', '234', 'M.I INDUSTRIES', 'M.I INDUSTRIES', 'F-186, SITE, Karachi.', '1', '3', 'DEF', '1', '', '35201 ', '1081 ', '35201 ', '1', 'F-186, SITE, Karachi.', '0', '', NULL, '0'),
('235', '235', 'MOBINA TRADERS', 'MOBINA TRADERS', 'KMC WORKSHOP KHI.', '1', '11', 'DEF', '1', '', '35201 ', '1081 ', '35201 ', '1', 'KMC WORKSHOP KHI.', '0', '', NULL, '0'),
('236', '236', 'JILANI CEMENT', 'JILANI CEMENT', 'ON RECORD', '1', '3', 'DEF', '1', '', '35201 ', '1081 ', '35201 ', '1', 'ON RECORD', '0', '', NULL, '0'),
('237', '237', 'SAGA ONE', 'SAGA ONE', 'Clifton Near Ziauddin Hospital', '1', '5', 'DEF', '1', '', '35201 ', '1081 ', '35201 ', '1', 'Clifton Near Ziauddin Hospital', '0', '', NULL, '0'),
('238', '238', 'SAWERA EXCELLENCY', 'SAWERA EXCELLENCY', 'PLOT # 07, BATH ISLAND, CLIFTON,\n', '1', '3', 'DEF', '1', '', '35201 ', '1081 ', '35201 ', '1', 'PLOT # 07, BATH ISLAND, CLIFTON,\n', '0', '', NULL, '0'),
('239', '240', 'PACIFIC INTERNATIONAL', 'PACIFIC INTERNATIONAL', 'D-33, SITE, Super Highway Karachi,', '1', '3', 'DEF', '1', '', '35201 ', '1081 ', '35201 ', '1', 'D-33, SITE, Super Highway Karachi,', '0', '', NULL, '0'),
('240', '241', 'MUGHAL SANITARY', 'MUGHAL SANITARY', 'Golimar', '1', '3', 'DEF', '1', '', '35201 ', '1081 ', '35201 ', '1', 'Golimar', '0', '', NULL, '0'),
('241', '242', 'ASC CONSTRUCTION', 'ASC CONSTRUCTION', 'Ground Floor, Tanoli Tower, Street-8 Badar Commercial.', '1', '3', 'DEF', '1', '', '35201 ', '1081 ', '35201 ', '1', 'Ground Floor, Tanoli Tower, Street-8 Badar Commercial.', '0', '', NULL, '0'),
('242', '243', 'MUNEEB JANGDHA', 'MUNEEB JANGDHA', 'Plot # 184, Street -14, National Stadium', '1', '3', 'DEF', '1', '', '35201 ', '1081 ', '35201 ', '1', 'Plot # 184, Street -14, National Stadium', '0', '', NULL, '0'),
('243', '244', 'MASJID SYEDNA AHMED', 'MASJID SYEDNA AHMED', 'Hyderabad Bilty ( New Sartaj Good )', '1', '3', 'DEF', '1', '', '35201 ', '1081 ', '35201 ', '1', 'Hyderabad Bilty ( New Sartaj Good )', '0', '', NULL, '0');
INSERT INTO `0_cust_branch` VALUES
('244', '245', 'JAMIYAH TUS SAIFIYAH', 'JAMIYAH TUS SAIFIYAH', 'Hyderi North Nazimabad Karachi.', '1', '4', 'DEF', '1', '', '35201 ', '1081 ', '35201 ', '1', 'Hyderi North Nazimabad Karachi.', '0', '', NULL, '0'),
('245', '246', 'ICON TOWER BHARIA', 'ICON TOWER ', 'Abdullah Shah Gazi Mazar', '1', '5', 'DEF', '1', '', '35201 ', '1081 ', '35201 ', '1', 'Abdullah Shah Gazi Mazar', '0', '', NULL, '0'),
('246', '1', 'HOME-4 ( OWAIS )', 'HOME-4 ( OWAIS )', '', '1', '3', 'DEF', '1', '', '35201 ', '1081 ', '35201 ', '1', '', '0', '', NULL, '0'),
('247', '247', 'MOHAMMADI CORPORATION', 'MOHAMMADI CORPORATION', 'CHOTA BUKHARI,  NEAR WATER TANK,\n', '1', '3', 'DEF', '1', '', '35201 ', '1081 ', '35201 ', '1', 'CHOTA BUKHARI,  NEAR WATER TANK,\n', '0', '', NULL, '0'),
('248', '248', 'SAJJID DADHA BHAI', 'SAJJID DADHA BHAI', 'ON RECORD', '1', '5', 'DEF', '1', '', '35201 ', '1081 ', '35201 ', '1', 'ON RECORD', '0', '', NULL, '0'),
('249', '249', 'AMMAR MOTTAN', 'AMMAR MOTTAN', 'LUCKY ONE', '1', '5', 'DEF', '1', '', '35201 ', '1081 ', '35201 ', '1', 'LUCKY ONE', '0', '', NULL, '0'),
('250', '250', 'ZAREEN PAINT', 'ZAREEN PAINT', 'SELF PICK', '1', '4', 'DEF', '1', '', '35201 ', '1081 ', '35201 ', '1', 'SELF PICK', '0', '', NULL, '0'),
('251', '251', 'RAJA BHAI ( STEEL CRETE )', 'RAJA BHAI ( STEEL CRETE )', 'Steel Crete Head Office.', '1', '4', 'DEF', '1', '', '35201 ', '1081 ', '35201 ', '1', 'Steel Crete Head Office.', '0', '', NULL, '0'),
('252', '252', 'SQUARE ONE MARBLE', 'SQUARE ONE MARBLE', 'SELF PICk', '1', '4', 'DEF', '1', '', '35201 ', '1081 ', '35201 ', '1', 'SELF PICk', '0', '', NULL, '0'),
('253', '253', 'VARIOUS SHOP', 'VARIOUS SHOP', 'SELF PICK', '1', '11', 'DEF', '1', '', '35201 ', '1081 ', '35201 ', '1', 'SELF PICK', '0', '', NULL, '0'),
('254', '254', 'MR. ABDUL QADIR', 'MR. ABDUL QADIR', 'SELF PICK', '1', '4', 'DEF', '1', '', '35201 ', '1081 ', '35201 ', '1', 'SELF PICK', '0', '', NULL, '0'),
('255', '255', 'HUSSAIN SAJJANI', 'HUSSAIN SAJJANI', '', '1', '9', 'DEF', '1', '', '35201 ', '1081 ', '35201 ', '1', '', '0', '', NULL, '0'),
('256', '257', 'MEHBOOB ADAM JEE', 'MEHBOOB ADAM JEE', 'Plot # 57/2, Street-22, Main Badban', '1', '5', 'DEF', '1', '', '35201 ', '1081 ', '35201 ', '1', 'Plot # 57/2, Street-22, Main Badban', '0', '', NULL, '0'),
('257', '258', 'NAIK MOHAMMAD C/O ASFER CONEX', 'NAIK MOHAMMAD C/O ASFER CONEX', 'Khy-e-Qasim / Khy-e-Shujat Corner', '1', '5', 'DEF', '1', '', '35201 ', '1081 ', '35201 ', '1', 'Khy-e-Qasim / Khy-e-Shujat Corner', '0', '', NULL, '0'),
('258', '259', 'CONTRACTOR RAFIQUE C/O SCHEMATIC', 'CONTRACTOR RAFIQUE C/O SCHEMAT', 'Plot # 53/11, Street-8, Phase 2 Ext Commercial', '1', '5', 'DEF', '1', '', '35201 ', '1081 ', '35201 ', '1', 'Plot # 53/11, Street-8, Phase 2 Ext Commercial', '0', '', NULL, '0'),
('259', '260', 'CONT. MUJEEB', 'CONT. MUJEEB', 'SELF PICK', '1', '7', 'DEF', '1', '', '35201 ', '1081 ', '35201 ', '1', 'SELF PICK', '0', '', NULL, '0'),
('260', '261', 'JUZER BHAI', 'JUZER BHAI', 'SELF PICK', '1', '4', 'DEF', '1', '', '35201 ', '1081 ', '35201 ', '1', 'SELF PICK', '0', '', NULL, '0'),
('261', '262', 'MURTAZA BHAI ( AHMEDABAD WALA )', 'MURTAZA BHAI ( AHMEDABAD WALA ', 'SELF PICK', '1', '4', 'DEF', '1', '', '35201 ', '1081 ', '35201 ', '1', 'SELF PICK', '0', '', NULL, '0'),
('262', '263', 'MOHAMMAD', 'MOHAMMAD', 'SELF PICK', '1', '4', 'DEF', '1', '', '35201 ', '1081 ', '35201 ', '1', 'SELF PICK', '0', '', NULL, '0'),
('263', '264', 'ASGHAR CARPENTER C/O STEEL CRETE', 'ASGHAR CARPENTER C/O STEEL CRE', '37-N, Block-06, PECHS, Karachi', '1', '4', 'DEF', '1', '', '35201 ', '1081 ', '35201 ', '1', '37-N, Block-06, PECHS, Karachi', '0', '', NULL, '0'),
('264', '265', 'PERL ENGINEERING &amp; TRADING CO.', 'PERL ENGINEERING &amp; TRADING', 'Office # C-2, Mezzanine Floor, Jallal Empire, Al Hilal Society, Universicty Road Khi.', '1', '3', 'DEF', '1', '', '35201 ', '1081 ', '35201 ', '1', 'Office # C-2, Mezzanine Floor, Jallal Empire, Al Hilal Society, Universicty Road Khi.', '0', '', NULL, '0'),
('265', '266', 'DARUL SAKOON', 'DARUL SAKOON', '159, H/3 Kashmir Road Karachi.', '1', '5', 'DEF', '1', '', '35201 ', '1081 ', '35201 ', '1', '159, H/3 Kashmir Road Karachi.', '0', '', NULL, '0'),
('266', '1', 'APPARTMENT', 'APPARTMENT', '', '1', '3', 'DEF', '1', '', '35201 ', '1081 ', '35201 ', '1', '', '0', '', NULL, '0'),
('267', '1', 'HOME- 3  ( BILAL )', 'HOME- 3  ( BILAL )', '', '1', '3', 'DEF', '1', '', '35201 ', '1081 ', '35201 ', '1', '', '0', '', NULL, '0'),
('268', '267', 'S. ABDULLAH ( STEEL CRETE )', 'S. ABDULLAH ( STEEL CRETE )', 'Khada  Market DHA karachi', '1', '4', 'DEF', '1', '', '35201 ', '1081 ', '35201 ', '1', 'Khada  Market DHA karachi', '0', '', NULL, '0'),
('269', '268', 'ARCH. BILAL ( SCHAMETICS )', 'ARCH. BILAL ( SCHAMETICS )', 'TARIQ  ROAD KARACHI', '1', '5', 'DEF', '1', '', '35201 ', '1081 ', '35201 ', '1', 'TARIQ  ROAD KARACHI', '0', '', NULL, '0'),
('270', '269', 'CONT. EHSAN ALI ( MES )', 'CONT. EHSAN ALI ( MES )', 'Near Interwood Office Dalmia Karachi', '1', '4', 'DEF', '1', '', '35201 ', '1081 ', '35201 ', '1', 'Near Interwood Office Dalmia Karachi', '0', '', NULL, '0'),
('271', '270', 'STEEL CRETE', 'STEEL CRETE', 'Basement Unit A-1, Cosy Homes, Block 13-A,Gulshan-e-Iqbal,\n', '1', '4', 'DEF', '1', '', '35201 ', '1081 ', '35201 ', '1', 'Basement Unit A-1, Cosy Homes, Block 13-A,Gulshan-e-Iqbal,\n', '0', '', NULL, '0'),
('272', '271', 'MR. SHAKEEL', 'MR. SHAKEEL', 'DHA Karachi.', '1', '4', 'DEF', '1', '', '35201 ', '1081 ', '35201 ', '1', 'DHA Karachi.', '0', '', NULL, '0'),
('273', '272', 'MR. SHAFQAT ', 'MR. SHAFQAT ', 'D-62, Block 6, F.B Area Karachi.', '1', '3', 'DEF', '1', '', '35201 ', '1081 ', '35201 ', '1', 'D-62, Block 6, F.B Area Karachi.', '0', '', NULL, '0'),
('274', '273', 'MR. IDREES', 'MR. IDREES', 'Club House 37/A, Muhammad Ali Society', '1', '3', 'DEF', '1', '', '35201 ', '1081 ', '35201 ', '1', 'Club House 37/A, Muhammad Ali Society', '0', '', NULL, '0'),
('275', '274', 'M. USMAN', 'M. USMAN', 'Plot # 51/2, 23 Street, Khy-e-Badban, Ph-5, DHA Karachi.', '1', '3', 'DEF', '1', '', '35201 ', '1081 ', '35201 ', '1', 'Plot # 51/2, 23 Street, Khy-e-Badban, Ph-5, DHA Karachi.', '0', '', NULL, '0'),
('276', '275', 'IZHAR CONSTRUCTION', 'IZHAR CONSTRUCTION', 'DG Cement Factory, Balochistan.', '1', '5', 'DEF', '1', '', '35201 ', '1081 ', '35201 ', '1', 'DG Cement Factory, Balochistan.', '0', '', NULL, '0'),
('277', '276', 'KING TOWER', 'KING TOWER', 'PLOT # FL-2, BLOCK-15, CONTINENTAL BAKERY, GULISTAN-E-JOHAR,\n', '1', '3', 'DEF', '1', '', '35201 ', '1081 ', '35201 ', '1', 'PLOT # FL-2, BLOCK-15, CONTINENTAL BAKERY, GULISTAN-E-JOHAR,\n', '0', '', NULL, '0'),
('278', '277', 'JAMAL HUSSAIN C/O LASANI ENTERPRISES', 'JAMAL HUSSAIN C/O LASANI ENTER', 'Delivery At Lasani Enterprises', '1', '3', 'DEF', '1', '', '35201 ', '1081 ', '35201 ', '1', 'Delivery At Lasani Enterprises', '0', '', NULL, '0'),
('279', '280', 'HANIF BANGLES', 'HANIF BANGLES', 'KORANGI, NEAR CHINIOT HOSPITAL, OPP. SAJJAD BANGLES,\n', '1', '7', 'DEF', '1', '', '35201 ', '1081 ', '35201 ', '1', 'KORANGI, NEAR CHINIOT HOSPITAL, OPP. SAJJAD BANGLES,\n', '0', '', NULL, '0'),
('280', '281', 'JAMIA FAROOQIA', 'JAMIA FAROOQIA', 'HUB RIVER ROAD,\n', '1', '4', 'DEF', '1', '', '35201 ', '1081 ', '35201 ', '1', 'HUB RIVER ROAD,\n', '0', '', NULL, '0'),
('281', '282', 'MOHSIN AUTOS', 'MOHSIN AUTOS', 'Paposh Market', '1', '4', 'DEF', '1', '', '35201 ', '1081 ', '35201 ', '1', 'Paposh Market', '0', '', NULL, '0'),
('282', '283', 'NEW SPARES AUTOS', 'NEW SPARES AUTOS', 'Paposh Market', '1', '4', 'DEF', '1', '', '35201 ', '1081 ', '35201 ', '1', 'Paposh Market', '0', '', NULL, '0'),
('283', '284', 'HADEEQA  AUTOS', 'HADEEQA  AUTOS', 'Paposh Market', '1', '4', 'DEF', '1', '', '35201 ', '1081 ', '35201 ', '1', 'Paposh Market', '0', '', NULL, '0'),
('284', '285', 'A.A  AUTOS', 'A.A  AUTOS', 'Paposh Market', '1', '4', 'DEF', '1', '', '35201 ', '1081 ', '35201 ', '1', 'Paposh Market', '0', '', NULL, '0'),
('285', '286', 'MUSTAFA AUTOS', 'MUSTAFA AUTOS', 'Paposh Market', '1', '4', 'DEF', '1', '', '35201 ', '1081 ', '35201 ', '1', 'Paposh Market', '0', '', NULL, '0'),
('286', '287', 'RAJA AUTOS', 'RAJA AUTOS', 'Paposh Market', '1', '4', 'DEF', '1', '', '35201 ', '1081 ', '35201 ', '1', 'Paposh Market', '0', '', NULL, '0'),
('287', '288', 'MUMTAZ ENGINEERING', 'MUMTAZ ENGINEERING', 'Paposh Market', '1', '4', 'DEF', '1', '', '35201 ', '1081 ', '35201 ', '1', 'Paposh Market', '0', '', NULL, '0'),
('288', '289', 'SARFARAZ ENGINEERING', 'SARFARAZ ENGINEERING', 'Paposh Market', '1', '4', 'DEF', '1', '', '35201 ', '1081 ', '35201 ', '1', 'Paposh Market', '0', '', NULL, '0'),
('289', '290', 'MAKKAH AUTOS', 'MAKKAH AUTOS', 'Paposh Market', '1', '4', 'DEF', '1', '', '35201 ', '1081 ', '35201 ', '1', 'Paposh Market', '0', '', NULL, '0'),
('290', '291', 'DUA AUTOS', 'DUA AUTOS', 'Paposh Market', '1', '4', 'DEF', '1', '', '35201 ', '1081 ', '35201 ', '1', 'Paposh Market', '0', '', NULL, '0'),
('291', '269', 'PNS MEHRAN ( PAF MUESEUM )', 'PNS MEHRAN ( PAF MUESEUM )', '', '1', '4', 'DEF', '1', '', '35201 ', '1081 ', '35201 ', '1', '', '0', '', NULL, '0'),
('292', '292', 'CITY AUTOS', 'CITY AUTOS', 'Soldier Bazar # 2 Karachi.', '1', '4', 'DEF', '1', '', '35201 ', '1081 ', '35201 ', '1', 'Soldier Bazar # 2 Karachi.', '0', '', NULL, '0'),
('293', '293', 'MUSTAFA HARDWARE', 'MUSTAFA HARDWARE', 'KASHAN-E-AMINA, NEAR POST OFFICE, SOLDIER BAZAR # 1,\n', '1', '7', 'DEF', '1', '', '35201 ', '1081 ', '35201 ', '1', 'KASHAN-E-AMINA, NEAR POST OFFICE, SOLDIER BAZAR # 1,\n', '0', '', NULL, '0'),
('294', '294', 'M. RASHID C/O FAISAL BILWANI', 'M. RASHID C/O FAISAL BILWANI', 'C-11, Navy Housing Scheme, Ph-2, Opp Dalmia', '1', '5', 'DEF', '1', '', '35201 ', '1081 ', '35201 ', '1', 'C-11, Navy Housing Scheme, Ph-2, Opp Dalmia', '0', '', NULL, '0'),
('295', '295', 'ABDULLAH BUILDERS', 'ABDULLAH BUILDERS', 'Abdullah Sport Tower, Near Wadwah Gate Bypass, Qasimabad.', '1', '3', 'DEF', '1', '', '35201 ', '1081 ', '35201 ', '1', 'Abdullah Sport Tower, Near Wadwah Gate Bypass, Qasimabad.', '0', '', NULL, '0'),
('296', '296', 'UNIVERSAL TRADING ( OLD LIFE STYLE )', 'UNIVERSAL TRADING ( OLD LIFE S', 'Stadium Market Karachi.', '1', '3', 'DEF', '1', '', '35201 ', '1081 ', '35201 ', '1', 'Stadium Market Karachi.', '0', '', NULL, '0'),
('297', '297', 'BRIGHT ASSOCIATE', 'BRIGHT ASSOCIATE', '7C Al Murtaza Lane-2, Phase-8 Khy-e-Hafiz.', '1', '3', 'DEF', '1', '', '35201 ', '1081 ', '35201 ', '1', '7C Al Murtaza Lane-2, Phase-8 Khy-e-Hafiz.', '0', '', NULL, '0'),
('298', '297', '7C Al Murtaza Lane-2 Ph-8, Khy-e-Hafiz', '7C Al Murtaza Lane-2 Ph-8, Khy', '', '1', '3', 'DEF', '1', '', '35201 ', '1081 ', '35201 ', '1', '', '0', '', NULL, '0'),
('299', '298', 'WASEEM AHMED', 'WASEEM AHMED', 'MANZOOR COLONY, NEAR EIDGAH CHOWK\n', '1', '6', 'DEF', '1', '', '35201 ', '1081 ', '35201 ', '1', 'MANZOOR COLONY, NEAR EIDGAH CHOWK\n', '0', '', NULL, '0'),
('300', '299', 'ELSONS CORPORATION', 'ELSONS CORPORATION', 'SELF PICK', '1', '5', 'DEF', '1', '', '35201 ', '1081 ', '35201 ', '1', 'SELF PICK', '0', '', NULL, '0'),
('301', '300', 'ZEESHAN SB C/O CONT. EHSAN', 'ZEESHAN SB C/O CONT. EHSAN', 'Gulshan Site', '1', '3', 'DEF', '1', '', '35201 ', '1081 ', '35201 ', '1', 'Gulshan Site', '0', '', NULL, '0'),
('302', '301', 'AHSANULLAH SB', 'AHSANULLAH SB', 'Korangi Industrial Area,\n', '1', '4', 'DEF', '1', '', '35201 ', '1081 ', '35201 ', '1', 'Korangi Industrial Area,\n', '0', '', NULL, '0'),
('303', '302', 'VARIOUS CLIENT', 'VARIOUS CLIENT', 'Different Site / Shop ', '1', '4', 'DEF', '1', '', '35201 ', '1081 ', '35201 ', '1', 'Different Site / Shop ', '0', '', NULL, '0'),
('304', '303', 'TAI BUILDERS &amp; DEVELOPERS', 'TAI BUILDERS &amp; DEVELOPERS', 'Suit # 306, 3rd Floor, Progressive Centre Near Parsa Tower Shara-e-Faisal', '1', '3', 'DEF', '1', '', '35201 ', '1081 ', '35201 ', '1', 'Suit # 306, 3rd Floor, Progressive Centre Near Parsa Tower Shara-e-Faisal', '0', '', NULL, '0'),
('305', '304', 'LEYERS ENTERPRISES', 'LEYERS ENTERPRISES', 'Bilty at Sukkar Via Blue Line Bus Stand', '1', '11', 'DEF', '1', '', '35201 ', '1081 ', '35201 ', '1', 'Bilty at Sukkar Via Blue Line Bus Stand', '0', '', NULL, '0'),
('306', '305', 'MASHALLAH CEMENT DEPO', 'MASHALLAH CEMENT DEPO', 'B-35, Kausar Town, Khokhrapar # 1, Malir Karachi.', '1', '3', 'DEF', '1', '', '35201 ', '1081 ', '35201 ', '1', 'B-35, Kausar Town, Khokhrapar # 1, Malir Karachi.', '0', '', NULL, '0'),
('307', '306', 'MR. AYUB', 'MR. AYUB', 'B-73/4, KDA Scheme Karachi.', '1', '4', 'DEF', '1', '', '35201 ', '1081 ', '35201 ', '1', 'B-73/4, KDA Scheme Karachi.', '0', '', NULL, '0'),
('308', '307', 'DR. SHEZAD', 'DR. SHEZAD', 'Schematic Bahadurabad Karachi.', '1', '4', 'DEF', '1', '', '35201 ', '1081 ', '35201 ', '1', 'Schematic Bahadurabad Karachi.', '0', '', NULL, '0'),
('309', '308', 'IMRAN BALOCH SB', 'IMRAN BALOCH SB', 'GULSHAN-E-MILLAT, OPP. KORANGI INDUSTRIAL AREA,\n', '1', '5', 'DEF', '1', '', '35201 ', '1081 ', '35201 ', '1', 'GULSHAN-E-MILLAT, OPP. KORANGI INDUSTRIAL AREA,\n', '0', '', NULL, '0'),
('310', '309', 'MS BUILDER', 'MS BUILDER', 'ON RECORD', '1', '3', 'DEF', '1', '', '35201 ', '1081 ', '35201 ', '1', 'ON RECORD', '0', '', NULL, '0'),
('311', '310', 'USMAN  C/O SALEEM SHAMS', 'USMAN  C/O SALEEM SHAMS', 'Plot # 176/1, Street # 20, Phase-8 DHA.', '1', '3', 'DEF', '1', '', '35201 ', '1081 ', '35201 ', '1', 'Plot # 176/1, Street # 20, Phase-8 DHA.', '0', '', NULL, '0'),
('312', '311', 'SHAFQAT SB', 'SHAFQAT SB', 'Plot # D/62, Block-6, F.B Area Karachi.', '1', '3', 'DEF', '1', '', '35201 ', '1081 ', '35201 ', '1', 'Plot # D/62, Block-6, F.B Area Karachi.', '0', '', NULL, '0'),
('313', '312', 'YOUNUS ABDUL AZIZ C/O IQBAL MOTIWALA', 'YOUNUS ABDUL AZIZ C/O IQBAL MO', 'PLOT # 62 13TH LANE KH-E-BADBAN\n', '1', '1', 'DEF', '1', '', '35201 ', '1081 ', '35201 ', '1', 'PLOT # 62 13TH LANE KH-E-BADBAN\n', '0', '', NULL, '0'),
('314', '187', 'ANUS CEMENT ( RAMZAN CEMENT )', 'ANUS CEMENT ( RAMZAN CEMENT )', '', '1', '3', 'DEF', '1', '', '35201 ', '1081 ', '35201 ', '1', '', '0', '', NULL, '0'),
('315', '313', 'UNITED AUTOS', 'UNITED AUTOS', 'Shop # 16, Ali Center, Waterpump Market, Block-4, F.B Area Karachi.', '1', '11', 'DEF', '1', '', '35201 ', '1081 ', '35201 ', '1', 'Shop # 16, Ali Center, Waterpump Market, Block-4, F.B Area Karachi.', '0', '', NULL, '0'),
('316', '314', 'Saleem International', 'Saleem International', 'OFF# C/213,SHOP # 4,MAIN SHAHRA-E-QUAIDEEN\n', '1', '3', 'DEF', '1', '', '35201 ', '1081 ', '35201 ', '1', 'OFF# C/213,SHOP # 4,MAIN SHAHRA-E-QUAIDEEN\n', '0', '', NULL, '0'),
('317', '315', 'GHAZI BROTHERS', 'GHAZI BROTHERS', 'Plot # 335/15, Teh-DIH-Tappo, Godown Chowrangi Korangi.', '1', '4', 'DEF', '1', '', '35201 ', '1081 ', '35201 ', '1', 'Plot # 335/15, Teh-DIH-Tappo, Godown Chowrangi Korangi.', '0', '', NULL, '0'),
('318', '316', 'TANZEEL AHMED', 'TANZEEL AHMED', 'M-39 STREET 7 KHY-E-ITEHAD\n', '1', '5', 'DEF', '1', '', '35201 ', '1081 ', '35201 ', '1', 'M-39 STREET 7 KHY-E-ITEHAD\n', '0', '', NULL, '0'),
('319', '317', 'AHMED WAHEED SB', 'AHMED WAHEED SB', 'PLOT # 12, STREET # 2, ARMY OFFICER SOCIETY,\n', '1', '5', 'DEF', '1', '', '35201 ', '1081 ', '35201 ', '1', 'PLOT # 12, STREET # 2, ARMY OFFICER SOCIETY,\n', '0', '', NULL, '0');

### Structure of table `0_dashboard_reminders` ###

DROP TABLE IF EXISTS `0_dashboard_reminders`;

CREATE TABLE `0_dashboard_reminders` (
  `id` int(11) NOT NULL AUTO_INCREMENT,
  `role_id` int(11) NOT NULL,
  `next_date` date NOT NULL,
  `description` text,
  `frequency` varchar(20) NOT NULL,
  `param` text,
  PRIMARY KEY (`id`)
) ENGINE=InnoDB DEFAULT CHARSET=utf8 ;

### Data of table `0_dashboard_reminders` ###


### Structure of table `0_dashboard_widgets` ###

DROP TABLE IF EXISTS `0_dashboard_widgets`;

CREATE TABLE `0_dashboard_widgets` (
  `id` int(11) NOT NULL AUTO_INCREMENT,
  `user_id` int(11) NOT NULL,
  `app` varchar(50) NOT NULL,
  `column_id` int(11) NOT NULL,
  `sort_no` int(11) NOT NULL,
  `collapsed` tinyint(1) NOT NULL,
  `widget` varchar(100) NOT NULL,
  `description` varchar(100) NOT NULL,
  `param` text,
  PRIMARY KEY (`id`)
) ENGINE=InnoDB AUTO_INCREMENT=40 DEFAULT CHARSET=utf8 ;

### Data of table `0_dashboard_widgets` ###

INSERT INTO `0_dashboard_widgets` VALUES
('1', '1', 'AP', '1', '1', '0', 'weeklysales', 'Top 10 Sales Weeks', '{&quot;top&quot;:&quot;10&quot;,&quot;orderby&quot;:&quot;Gross Sales&quot;,&quot;orderby_seq&quot;:&quot;desc&quot;,&quot;graph_type&quot;:&quot;Table&quot;,&quot;data_filter&quot;:&quot;dm.payment_terms = -1&quot;}'),
('2', '1', 'AP', '1', '0', '0', 'weeklysales', 'Weekly Sales', '{&quot;top&quot;:&quot;&quot;,&quot;orderby&quot;:&quot;Week End&quot;,&quot;orderby_seq&quot;:&quot;asc&quot;,&quot;graph_type&quot;:&quot;LineChart&quot;,&quot;data_filter&quot;:&quot;&quot;}'),
('3', '1', 'AP', '2', '1', '0', 'weeklysales', 'Lowest weeks sales', '{&quot;top&quot;:&quot;10&quot;,&quot;orderby&quot;:&quot;Gross Sales&quot;,&quot;orderby_seq&quot;:&quot;asc&quot;,&quot;graph_type&quot;:&quot;Table&quot;,&quot;data_filter&quot;:&quot;&quot;}'),
('6', '1', 'AP', '2', '0', '0', 'dailysales', 'Daily Sales', '{&quot;top&quot;:&quot;10&quot;,&quot;data_filter&quot;:&quot;dm.payment_terms = -1&quot;,&quot;graph_type&quot;:&quot;LineChart&quot;}'),
('7', '1', 'orders', '1', '0', '0', 'customers', 'Top 10 Customers', '{&quot;top&quot;:&quot;10&quot;,&quot;data_filter&quot;:&quot;&quot;,&quot;graph_type&quot;:&quot;Table&quot;}'),
('9', '1', 'orders', '1', '1', '0', 'salesinvoices', 'Overdue invoices', '{&quot;data_filter&quot;:&quot;&quot;}'),
('10', '1', 'AP', '1', '0', '0', 'suppliers', 'Top 10 Suppliers', '{&quot;top&quot;:&quot;&quot;,&quot;data_filter&quot;:&quot;&quot;,&quot;graph_type&quot;:&quot;Table&quot;}'),
('11', '1', 'AP', '2', '0', '0', 'suppliers', 'Top 10 Suppliers', '{&quot;top&quot;:&quot;&quot;,&quot;data_filter&quot;:&quot;&quot;,&quot;graph_type&quot;:&quot;ColumnChart&quot;}'),
('12', '1', 'GL', '2', '1', '0', 'glreturn', 'Return', '{&quot;graph_type&quot;:&quot;Table&quot;,&quot;data_filter&quot;:&quot;&quot;}'),
('13', '1', 'GL', '2', '0', '0', 'glreturn', 'Return', '{&quot;graph_type&quot;:&quot;PieChart&quot;,&quot;data_filter&quot;:&quot;&quot;}'),
('14', '1', 'stock', '1', '0', '0', 'items', 'Top 10 Items', '{&quot;top&quot;:&quot;&quot;,&quot;item_type&quot;:&quot;stock&quot;,&quot;graph_type&quot;:&quot;Table&quot;,&quot;data_filter&quot;:&quot;&quot;}'),
('15', '1', 'stock', '2', '0', '0', 'items', 'Top 10 Items', '{&quot;top&quot;:&quot;&quot;,&quot;item_type&quot;:&quot;stock&quot;,&quot;graph_type&quot;:&quot;PieChart&quot;,&quot;data_filter&quot;:&quot;&quot;}'),
('16', '1', 'manuf', '1', '0', '0', 'items', 'Top 10 items', '{&quot;top&quot;:&quot;&quot;,&quot;item_type&quot;:&quot;manuf&quot;,&quot;graph_type&quot;:&quot;Table&quot;,&quot;data_filter&quot;:&quot;&quot;}'),
('17', '1', 'manuf', '2', '0', '0', 'items', 'Top 10 Items', '{&quot;top&quot;:&quot;&quot;,&quot;item_type&quot;:&quot;manuf&quot;,&quot;graph_type&quot;:&quot;PieChart&quot;,&quot;data_filter&quot;:&quot;&quot;}'),
('18', '1', 'orders', '2', '0', '0', 'customers', 'Top 10 Customers', '{&quot;top&quot;:&quot;&quot;,&quot;data_filter&quot;:&quot;&quot;,&quot;graph_type&quot;:&quot;ColumnChart&quot;}'),
('19', '1', 'GL', '2', '2', '0', 'bankbalances', 'Bank Balances', '{&quot;data_filter&quot;:&quot;&quot;}'),
('20', '1', 'GL', '1', '1', '0', 'dailybankbalances', 'Daily Current Account Balance', '{&quot;days_past&quot;:&quot;&quot;,&quot;days_future&quot;:&quot;&quot;,&quot;bank_act&quot;:&quot;0&quot;,&quot;graph_type&quot;:&quot;ColumnChart&quot;}'),
('21', '1', 'GL', '1', '0', '0', 'banktransactions', 'Current Account Transactions', '{&quot;days_past&quot;:&quot;15&quot;,&quot;days_future&quot;:&quot;15&quot;,&quot;bank_act&quot;:&quot;0&quot;,&quot;data_filter&quot;:&quot;&quot;}'),
('22', '2', 'AP', '1', '1', '0', 'weeklysales', 'Top 10 Sales Weeks', '{&quot;top&quot;:&quot;10&quot;,&quot;orderby&quot;:&quot;Gross Sales&quot;,&quot;orderby_seq&quot;:&quot;desc&quot;,&quot;graph_type&quot;:&quot;Table&quot;,&quot;data_filter&quot;:&quot;dm.payment_terms = -1&quot;}'),
('23', '2', 'AP', '1', '0', '0', 'weeklysales', 'Weekly Sales', '{&quot;top&quot;:&quot;&quot;,&quot;orderby&quot;:&quot;Week End&quot;,&quot;orderby_seq&quot;:&quot;asc&quot;,&quot;graph_type&quot;:&quot;LineChart&quot;,&quot;data_filter&quot;:&quot;&quot;}'),
('24', '2', 'AP', '2', '1', '0', 'weeklysales', 'Lowest weeks sales', '{&quot;top&quot;:&quot;10&quot;,&quot;orderby&quot;:&quot;Gross Sales&quot;,&quot;orderby_seq&quot;:&quot;asc&quot;,&quot;graph_type&quot;:&quot;Table&quot;,&quot;data_filter&quot;:&quot;&quot;}'),
('25', '2', 'AP', '2', '0', '0', 'dailysales', 'Daily Sales', '{&quot;top&quot;:&quot;10&quot;,&quot;data_filter&quot;:&quot;dm.payment_terms = -1&quot;,&quot;graph_type&quot;:&quot;LineChart&quot;}'),
('26', '2', 'orders', '1', '0', '0', 'customers', 'Top 10 Customers', '{&quot;top&quot;:&quot;10&quot;,&quot;data_filter&quot;:&quot;&quot;,&quot;graph_type&quot;:&quot;Table&quot;}'),
('27', '2', 'orders', '1', '1', '0', 'salesinvoices', 'Overdue invoices', '{&quot;data_filter&quot;:&quot;&quot;}'),
('28', '2', 'AP', '1', '0', '0', 'suppliers', 'Top 10 Suppliers', '{&quot;top&quot;:&quot;&quot;,&quot;data_filter&quot;:&quot;&quot;,&quot;graph_type&quot;:&quot;Table&quot;}'),
('29', '2', 'AP', '2', '0', '0', 'suppliers', 'Top 10 Suppliers', '{&quot;top&quot;:&quot;&quot;,&quot;data_filter&quot;:&quot;&quot;,&quot;graph_type&quot;:&quot;ColumnChart&quot;}'),
('30', '2', 'GL', '2', '1', '0', 'glreturn', 'Return', '{&quot;graph_type&quot;:&quot;Table&quot;,&quot;data_filter&quot;:&quot;&quot;}'),
('31', '2', 'GL', '2', '0', '0', 'glreturn', 'Return', '{&quot;graph_type&quot;:&quot;PieChart&quot;,&quot;data_filter&quot;:&quot;&quot;}'),
('32', '2', 'stock', '1', '0', '0', 'items', 'Top 10 Items', '{&quot;top&quot;:&quot;&quot;,&quot;item_type&quot;:&quot;stock&quot;,&quot;graph_type&quot;:&quot;Table&quot;,&quot;data_filter&quot;:&quot;&quot;}'),
('33', '2', 'stock', '2', '0', '0', 'items', 'Top 10 Items', '{&quot;top&quot;:&quot;&quot;,&quot;item_type&quot;:&quot;stock&quot;,&quot;graph_type&quot;:&quot;PieChart&quot;,&quot;data_filter&quot;:&quot;&quot;}'),
('34', '2', 'manuf', '1', '0', '0', 'items', 'Top 10 items', '{&quot;top&quot;:&quot;&quot;,&quot;item_type&quot;:&quot;manuf&quot;,&quot;graph_type&quot;:&quot;Table&quot;,&quot;data_filter&quot;:&quot;&quot;}'),
('35', '2', 'manuf', '2', '0', '0', 'items', 'Top 10 Items', '{&quot;top&quot;:&quot;&quot;,&quot;item_type&quot;:&quot;manuf&quot;,&quot;graph_type&quot;:&quot;PieChart&quot;,&quot;data_filter&quot;:&quot;&quot;}'),
('36', '2', 'orders', '2', '0', '0', 'customers', 'Top 10 Customers', '{&quot;top&quot;:&quot;&quot;,&quot;data_filter&quot;:&quot;&quot;,&quot;graph_type&quot;:&quot;ColumnChart&quot;}'),
('37', '2', 'GL', '2', '2', '0', 'bankbalances', 'Bank Balances', '{&quot;data_filter&quot;:&quot;&quot;}'),
('38', '2', 'GL', '1', '1', '0', 'dailybankbalances', 'Daily Current Account Balance', '{&quot;days_past&quot;:&quot;&quot;,&quot;days_future&quot;:&quot;&quot;,&quot;bank_act&quot;:&quot;0&quot;,&quot;graph_type&quot;:&quot;ColumnChart&quot;}'),
('39', '2', 'GL', '1', '0', '0', 'banktransactions', 'Current Account Transactions', '{&quot;days_past&quot;:&quot;15&quot;,&quot;days_future&quot;:&quot;15&quot;,&quot;bank_act&quot;:&quot;0&quot;,&quot;data_filter&quot;:&quot;&quot;}');

### Structure of table `0_debtor_trans` ###

DROP TABLE IF EXISTS `0_debtor_trans`;

CREATE TABLE `0_debtor_trans` (
  `trans_no` int(11) unsigned NOT NULL DEFAULT '0',
  `type` smallint(6) unsigned NOT NULL DEFAULT '0',
  `version` tinyint(1) unsigned NOT NULL DEFAULT '0',
  `debtor_no` int(11) unsigned DEFAULT NULL,
  `branch_code` int(11) NOT NULL DEFAULT '-1',
  `tran_date` date NOT NULL DEFAULT '0000-00-00',
  `due_date` date NOT NULL DEFAULT '0000-00-00',
  `reference` varchar(60) COLLATE utf8_unicode_ci NOT NULL DEFAULT '',
  `tpe` int(11) NOT NULL DEFAULT '0',
  `order_` int(11) NOT NULL DEFAULT '0',
  `ov_amount` double NOT NULL DEFAULT '0',
  `ov_gst` double NOT NULL DEFAULT '0',
  `gst_wh` double NOT NULL,
  `ov_freight` double NOT NULL DEFAULT '0',
  `ov_freight_tax` double NOT NULL DEFAULT '0',
  `ov_discount` double NOT NULL DEFAULT '0',
  `alloc` double NOT NULL DEFAULT '0',
  `prep_amount` double NOT NULL DEFAULT '0',
  `rate` double NOT NULL DEFAULT '1',
  `ship_via` int(11) DEFAULT NULL,
  `dimension_id` int(11) NOT NULL DEFAULT '0',
  `dimension2_id` int(11) NOT NULL DEFAULT '0',
  `payment_terms` int(11) DEFAULT NULL,
  `tax_included` tinyint(1) unsigned NOT NULL DEFAULT '0',
  `supply_disc` int(11) NOT NULL,
  `service_disc` int(11) NOT NULL,
  `fbr_disc` int(11) NOT NULL,
  `srb_disc` int(11) NOT NULL,
  `write_back` int(11) NOT NULL,
  `supply_tax_id` int(11) NOT NULL,
  `service_tax_id` int(11) NOT NULL,
  `fbr_tax_id` int(11) NOT NULL,
  `srb_tax_id` int(11) NOT NULL,
  PRIMARY KEY (`type`,`trans_no`),
  KEY `debtor_no` (`debtor_no`,`branch_code`),
  KEY `tran_date` (`tran_date`),
  KEY `order_` (`order_`)
) ENGINE=InnoDB DEFAULT CHARSET=utf8 COLLATE=utf8_unicode_ci ;

### Data of table `0_debtor_trans` ###

INSERT INTO `0_debtor_trans` VALUES
('1', '10', '2', '1', '1', '2017-07-04', '2017-10-02', '001/2017', '1', '1', '0', '0', '0', '0', '0', '0', '0', '0', '1', '1', '0', '0', '5', '1', '0', '0', '0', '0', '0', '0', '0', '0', '0'),
('2', '10', '2', '1', '1', '2017-07-04', '2017-08-17', '002/2017', '1', '2', '0', '0', '0', '0', '0', '0', '0', '0', '1', '1', '0', '0', '1', '1', '0', '0', '0', '0', '0', '0', '0', '0', '0'),
('3', '10', '2', '1', '1', '2017-07-04', '2017-08-17', '003/2017', '1', '3', '0', '0', '0', '0', '0', '0', '0', '0', '1', '1', '0', '0', '1', '1', '0', '0', '0', '0', '0', '0', '0', '0', '0'),
('4', '10', '0', '1', '1', '2017-06-30', '2017-07-03', 'SI001/2017', '1', '54', '8888', '0', '0', '0', '0', '0', '0', '0', '1', '1', '0', '0', '5', '1', '0', '0', '0', '0', '0', '0', '0', '0', '0'),
('1', '11', '0', '1', '1', '2017-06-30', '0000-00-00', '001/2017', '1', '0', '112', '0', '0', '0', '0', '0', '0', '0', '1', '1', '0', '0', '5', '1', '0', '0', '0', '0', '0', '0', '0', '0', '0'),
('1', '13', '2', '1', '1', '2017-07-04', '2017-10-02', 'auto', '1', '1', '0', '0', '0', '0', '0', '0', '0', '0', '1', '1', '0', '0', '5', '1', '0', '0', '0', '0', '0', '0', '0', '0', '0'),
('2', '13', '2', '1', '1', '2017-07-04', '2017-08-17', 'auto', '1', '2', '0', '0', '0', '0', '0', '0', '0', '0', '1', '1', '0', '0', '1', '1', '0', '0', '0', '0', '0', '0', '0', '0', '0'),
('3', '13', '2', '1', '1', '2017-07-04', '2017-08-17', 'auto', '1', '3', '0', '0', '0', '0', '0', '0', '0', '0', '1', '1', '0', '0', '1', '1', '0', '0', '0', '0', '0', '0', '0', '0', '0'),
('4', '13', '1', '1', '1', '2017-06-30', '2017-07-03', 'auto', '1', '54', '8888', '0', '0', '0', '0', '0', '0', '0', '1', '1', '0', '0', '5', '1', '0', '0', '0', '0', '0', '0', '0', '0', '0');

### Structure of table `0_debtor_trans_details` ###

DROP TABLE IF EXISTS `0_debtor_trans_details`;

CREATE TABLE `0_debtor_trans_details` (
  `id` int(11) NOT NULL AUTO_INCREMENT,
  `debtor_trans_no` int(11) DEFAULT NULL,
  `debtor_trans_type` int(11) DEFAULT NULL,
  `stock_id` varchar(20) COLLATE utf8_unicode_ci NOT NULL DEFAULT '',
  `description` tinytext COLLATE utf8_unicode_ci,
  `unit_price` double NOT NULL DEFAULT '0',
  `unit_tax` double NOT NULL DEFAULT '0',
  `quantity` double NOT NULL DEFAULT '0',
  `discount_percent` double NOT NULL DEFAULT '0',
  `standard_cost` double NOT NULL DEFAULT '0',
  `qty_done` double NOT NULL DEFAULT '0',
  `src_id` int(11) NOT NULL,
  PRIMARY KEY (`id`),
  KEY `Transaction` (`debtor_trans_type`,`debtor_trans_no`),
  KEY `src_id` (`src_id`)
) ENGINE=InnoDB AUTO_INCREMENT=12 DEFAULT CHARSET=utf8 COLLATE=utf8_unicode_ci ;

### Data of table `0_debtor_trans_details` ###

INSERT INTO `0_debtor_trans_details` VALUES
('1', '1', '13', '1', 'Test Item', '0', '0', '0', '0', '0', '1400', '0'),
('2', '1', '10', '1', 'Test Item', '0', '0', '0', '0', '0', '0', '0'),
('3', '2', '13', '1', 'Test Item', '0', '0', '0', '0', '0', '1', '0'),
('4', '2', '10', '1', 'Test Item', '0', '0', '0', '0', '0', '0', '0'),
('5', '3', '13', '1', 'Test Item', '0', '0', '0', '0', '0', '100', '0'),
('6', '3', '10', '1', 'Test Item', '0', '0', '0', '0', '0', '0', '0'),
('7', '1', '11', '141FG', 'ZHITE GLUE FULL', '112', '17.88', '1', '0', '0', '0', '0'),
('8', '4', '13', '161FG', 'RESSI CFM 920 2K', '4444', '709.55', '1', '0', '0', '1', '117'),
('9', '4', '13', '13 DML', 'TATRIC ACID', '4444', '709.55', '1', '0', '0', '1', '118'),
('10', '4', '10', '161FG', 'RESSI CFM 920 2K', '4444', '709.55', '1', '0', '0', '0', '8'),
('11', '4', '10', '13 DML', 'TATRIC ACID', '4444', '709.55', '1', '0', '0', '0', '9');

### Structure of table `0_debtors_master` ###

DROP TABLE IF EXISTS `0_debtors_master`;

CREATE TABLE `0_debtors_master` (
  `debtor_no` int(11) NOT NULL AUTO_INCREMENT,
  `name` varchar(100) COLLATE utf8_unicode_ci NOT NULL DEFAULT '',
  `debtor_ref` varchar(30) COLLATE utf8_unicode_ci NOT NULL,
  `address` tinytext COLLATE utf8_unicode_ci,
  `tax_id` varchar(55) COLLATE utf8_unicode_ci NOT NULL DEFAULT '',
  `ntn_no` varchar(55) COLLATE utf8_unicode_ci NOT NULL,
  `curr_code` char(3) COLLATE utf8_unicode_ci NOT NULL DEFAULT '',
  `sales_type` int(11) NOT NULL DEFAULT '1',
  `dimension_id` int(11) NOT NULL DEFAULT '0',
  `dimension2_id` int(11) NOT NULL DEFAULT '0',
  `credit_status` int(11) NOT NULL DEFAULT '0',
  `payment_terms` int(11) DEFAULT NULL,
  `discount` double NOT NULL DEFAULT '0',
  `pymt_discount` double NOT NULL DEFAULT '0',
  `credit_limit` float NOT NULL DEFAULT '1000',
  `notes` tinytext COLLATE utf8_unicode_ci NOT NULL,
  `inactive` tinyint(1) NOT NULL DEFAULT '0',
  PRIMARY KEY (`debtor_no`),
  UNIQUE KEY `debtor_ref` (`debtor_ref`),
  KEY `name` (`name`)
) ENGINE=InnoDB AUTO_INCREMENT=319 DEFAULT CHARSET=utf8 COLLATE=utf8_unicode_ci ;

### Data of table `0_debtors_master` ###

INSERT INTO `0_debtors_master` VALUES
('1', '3G CONSTRUCTION', '3G CONSTRUCTION', NULL, '', '', 'PKR', '1', '0', '0', '1', '5', '0', '0', '0', '', '0'),
('2', 'A.G. GIGI (PVT) LTD', 'A.G. GIGI (PVT) LTD', 'NEAR BROOKS CHOWRANGI,', '', '', 'PKR', '1', '0', '0', '1', '5', '0', '0', '0', '', '0'),
('3', 'A.M HUSSAIN &amp; CO', 'A.M HUSSAIN &amp; CO', 'SHOP # 2 &amp; 3 ANUM ARCADE, SUNSET LANE-1 PHASE II EXT. DHA', '', '', 'PKR', '1', '0', '0', '1', '5', '0', '0', '0', '', '0'),
('4', 'AA QUALITY BUILDERS', 'AA QUALITY BUILDERS', 'C-6, BLOCK-7, Gulshan-e-Iqbal,', '', '1439182-1', 'PKR', '1', '0', '0', '1', '5', '0', '0', '0', '', '0'),
('5', 'AAA Associates', 'AAA Associates', 'D.H.A.', '', '', 'PKR', '1', '0', '0', '1', '5', '0', '0', '0', '', '0'),
('6', 'AAA FACILITY MANAGEMENT LTD', 'AAA FACILITY MANAGEMENT LTD', 'C-19, KH-E-BUKHARI, DHA,', '', '', 'PKR', '1', '0', '0', '1', '5', '0', '0', '0', '', '0'),
('7', 'ABASEEN CONSTRUCTION CO. PVT LTD', 'ABASEEN CONSTRUCTION CO. PVT L', 'Office No. 7, Afzal Apartments, Stadium Road, Karachi, ', '', '', 'PKR', '1', '0', '0', '1', '5', '0', '0', '0', '', '0'),
('8', 'ABDUL KAREEM', 'ABDUL KAREEM', 'GULSHAN', '', '', 'PKR', '1', '0', '0', '1', '5', '0', '0', '0', '', '0'),
('9', 'ABDUL QADIR', 'ABDUL QADIR', 'PLOT # 78, SABA AVENUE, NEAR IMAM BARGAH, DHA,', '', '', 'PKR', '1', '0', '0', '1', '5', '0', '0', '0', '', '0'),
('10', 'ABDUL QADIR JAAFRANI', 'ABDUL QADIR JAAFRANI', 'PLOT # C-43-10, BLOCK-6, PECHS, NEAR FEROZABAD POLICE STATION', '', '', 'PKR', '1', '0', '0', '1', '5', '0', '0', '0', '', '0'),
('11', 'ABDULLAH TILES', 'ABDULLAH TILES', '26TH STREET, TAUHEED COMMERCIAL, DHA,', '', '', 'PKR', '1', '0', '0', '1', '5', '0', '0', '0', '', '0'),
('12', 'RAMZAN TRADERS', 'RAMZAN TRADERS', 'AEROMOTIVE', '', '', 'PKR', '1', '0', '0', '1', '5', '0', '0', '0', '', '0'),
('13', 'AHMED ENGINEERING', 'AHMED ENGINEERING', 'CLARINAT CHEMICALS PAKISTAN,', '', '', 'PKR', '1', '0', '0', '1', '5', '0', '0', '0', '', '0'),
('14', 'AHMED SANITARY', 'AHMED SANITARY', 'CYCLE MARKET, LIGHT HOUSE,', '', '', 'PKR', '1', '0', '0', '1', '5', '0', '0', '0', '', '0'),
('15', 'AL-ABBAS PAINT HOUSE', 'AL-ABBAS PAINT HOUSE', 'MAIN GIZRI, OPP. MUBARAK MASJID, KH-E-HAFEEZ,', '', '', 'PKR', '1', '0', '0', '1', '5', '0', '0', '0', '', '0'),
('16', 'AL-BURHAN SANITARY', 'AL-BURHAN SANITARY', 'SHOP # 4, JAVERIA MANSION, AKBAR ALI LANE, SADDAR,', '', '', 'PKR', '1', '0', '0', '1', '5', '0', '0', '0', '', '0'),
('17', 'AL-HAIDER PAINT HOUSE', 'AL-HAIDER PAINT HOUSE', 'SHOP # 15-16, SAKINA ARCADE, OPP. MUBARAK MASJID, GIZRI,', '', '', 'PKR', '1', '0', '0', '1', '5', '0', '0', '0', '', '0'),
('18', 'AL-HASNAIN HARDWARE', 'AL-HASNAIN HARDWARE', 'UPPER GIZRI RD, NEAR MUBARAK, MASJID,', '', '', 'PKR', '1', '0', '0', '1', '5', '0', '0', '0', '', '0'),
('19', 'AL-HATEMI PAINT HOUSE', 'AL-HATEMI PAINT HOUSE', 'LOWER GIZRI, AVENUE ROAD, OPP. AL-KARIM PAINT, ', '', '', 'PKR', '1', '0', '0', '1', '5', '0', '0', '0', '', '0'),
('20', 'AL-KARIM PAINT HOUSE', 'AL-KARIM PAINT HOUSE', 'LOWER GIZRI, AVENUE ROAD, NEAR ASIF CORP, ', '', '', 'PKR', '1', '0', '0', '1', '5', '0', '0', '0', '', '0'),
('21', 'AL-MADINA TILES', 'AL-MADINA TILES', 'R-413, SECTOR 11C-1, ADAM TOWN NORTH KARACHI', '', '', 'PKR', '1', '0', '0', '1', '5', '0', '0', '0', '', '0'),
('22', 'AL-MOHAMMADI TILE', 'AL-MOHAMMADI TILE', 'SADDAR, NEAR SHABBIR BIRYANI,', '', '', 'PKR', '1', '0', '0', '1', '5', '0', '0', '0', '', '0'),
('23', 'AL-MOIZ HARDWARE', 'AL-MOIZ HARDWARE', 'MAIN GIZRI,', '', '', 'PKR', '1', '0', '0', '1', '5', '0', '0', '0', '', '0'),
('24', 'AL-SIRAJ FARMHOUSE', 'AL-SIRAJ FARMHOUSE', 'GHAREEBABAD, NEAR PSO PUMP, ', '', '', 'PKR', '1', '0', '0', '1', '5', '0', '0', '0', '', '0'),
('25', 'ALVI HARDWARE', 'ALVI HARDWARE', 'PLOT # 30-C, LANE-8, BUKHARI COMMERCIAL, AHMAD APPARTMENT,DHA,', '', '', 'PKR', '1', '0', '0', '1', '5', '0', '0', '0', '', '0'),
('26', 'AMCORP CONSTRUCTION', 'AMCORP CONSTRUCTION', 'M.U.E.T., JAMSHORO,', '', '', 'PKR', '1', '0', '0', '1', '5', '0', '0', '0', '', '0'),
('27', 'AMIN DHOSA C/O THE ARCHITECT', 'AMIN DHOSA C/O THE ARCHITECT', 'PLOT # F-92, BATH ISLAND, NEAR AGA KHAN JAMAT KHANA,', '', '', 'PKR', '1', '0', '0', '1', '5', '0', '0', '0', '', '0'),
('28', 'AMIR TOOLS', 'AMIR TOOLS', 'SHOP # 2/3, SHUJA MARKET, KATCHI GALI # 3, MARRIOT ROAD,', '', '', 'PKR', '1', '0', '0', '1', '5', '0', '0', '0', '', '0'),
('29', 'AMMAR HARDWARE &amp; KITCHEN', 'AMMAR HARDWARE &amp; KITCHEN', 'F-18, GRACE CENTRE, GIZRI,', '', '', 'PKR', '1', '0', '0', '1', '5', '0', '0', '0', '', '0'),
('30', 'AMMAR HARDWARE STORE', 'AMMAR HARDWARE STORE', 'C-CH, REHMAT ALI RD, MANZOOR COLONY, GUJJAR CHOWK,', '', '', 'PKR', '1', '0', '0', '1', '5', '0', '0', '0', '', '0'),
('31', 'AMMAR PAINTS &amp; HARDWARE', 'AMMAR PAINTS &amp; HARDWARE', 'HYDERABAD,', '', '', 'PKR', '1', '0', '0', '1', '5', '0', '0', '0', '', '0'),
('32', 'ANSAR BROTHERS', 'ANSAR BROTHERS', 'ABDUL MAJID SIDHI STREET, MARRIOT ROAD,', '', '', 'PKR', '1', '0', '0', '1', '5', '0', '0', '0', '', '0'),
('33', 'ANWER OK', 'ANWER OK', '11-C, MOHAMMAD ALI SOCIETY, NEAR KAYBEES,', '', '', 'PKR', '1', '0', '0', '1', '5', '0', '0', '0', '', '0'),
('34', 'A-ONE MARBLE', 'A-ONE MARBLE', 'K-22, JOHAR COLONY, MANGOPIR ROAD,', '', '', 'PKR', '1', '0', '0', '1', '5', '0', '0', '0', '', '0'),
('35', 'A-ONE PAINT HARDWARE &amp; ELECTRIC STORE', 'A-ONE PAINT HARDWARE &amp; ELE', 'SHOP # 21, KHAWAJA MANZIL, BAHADURABAD,', '', '', 'PKR', '1', '0', '0', '1', '5', '0', '0', '0', '', '0'),
('36', 'ARAISH', 'ARAISH', 'OFFICE # 210, TAYYAB ALI STREET, SADDAR,', '', '', 'PKR', '1', '0', '0', '1', '5', '0', '0', '0', '', '0'),
('37', 'ARCH. AFTAB ABBASI', 'ARCH. AFTAB ABBASI', 'GAWADAR,', '', '', 'PKR', '1', '0', '0', '1', '5', '0', '0', '0', '', '0'),
('38', 'ARCH. AHMED JUMANI', 'ARCH. AHMED JUMANI', '17A KDA SCHEME # 1 NEAR PEER PAGARA HOUSE', '', '', 'PKR', '1', '0', '0', '1', '5', '0', '0', '0', '', '0'),
('39', 'ARCH. AMBREEN', 'ARCH. AMBREEN', '912/9TH FLOOR, WEST POINT TOWER, PHASE-2, KORANGI ROAD,', '', '', 'PKR', '1', '0', '0', '1', '5', '0', '0', '0', '', '0'),
('40', 'ARCH. FAROOQI', 'ARCH. FAROOQI', 'SHABBIRABAD, BLOCK A', '', '', 'PKR', '1', '0', '0', '1', '5', '0', '0', '0', '', '0'),
('41', 'ARCH. SHEHLA TASLEEM', 'ARCH. SHEHLA TASLEEM', 'PLOT # S22, STREET # 4, PH-VII, NEAR FATIMA MASJID, DHA,', '', '', 'PKR', '1', '0', '0', '1', '5', '0', '0', '0', '', '0'),
('42', 'ARCH. ZAHRA', 'ARCH. ZAHRA', 'ISLAMABAD,', '', '', 'PKR', '1', '0', '0', '1', '5', '0', '0', '0', '', '0'),
('43', 'ARIF HABIB RESIDENCY', 'ARIF HABIB RESIDENCY', 'A-116, BLOCK-A, NEW NAZIMABAD, MANGHOPIR ROAD,', '', '', 'PKR', '1', '0', '0', '1', '5', '0', '0', '0', '', '0'),
('44', 'ARIF SB', 'ARIF SB', 'SHAHEED-E-MILLAT ROAD, TIGER HOUSE,', '', '', 'PKR', '1', '0', '0', '1', '5', '0', '0', '0', '', '0'),
('45', 'ARMY OFFICER HOUSING SOCIETY', 'ARMY OFFICER HOUSING SOCIETY', 'ARMY OFFICER SOCIETY, NEAR STADIUM,', '', '', 'PKR', '1', '0', '0', '1', '5', '0', '0', '0', '', '0'),
('46', 'ASIF BANGLES', 'ASIF BANGLES', 'KORANGI NEAR CHINIOT HOSPITAL', '', '', 'PKR', '1', '0', '0', '1', '5', '0', '0', '0', '', '0'),
('47', 'ASIF CORPORATION', 'ASIF CORPORATION', 'plot # 78, jam sadiq ali road, near pumping station, lower gizri,', '', '', 'PKR', '1', '0', '0', '1', '5', '0', '0', '0', '', '0'),
('48', 'ASIF DEVELOPERS', 'ASIF DEVELOPERS', 'BAHRIA TOWN IQBAL VILLA STREET 21', '', '', 'PKR', '1', '0', '0', '1', '5', '0', '0', '0', '', '0'),
('49', 'ASIF ISMAIL SB', 'ASIF ISMAIL SB', 'PLOT # 6-B, KH-E-HILAL, LANE-3, PHASE-6, DHA,', '', '', 'PKR', '1', '0', '0', '1', '5', '0', '0', '0', '', '0'),
('50', 'AWAAN CERAMICS (TOTO)', 'AWAAN CERAMICS (TOTO)', '95/3, NEAR LIAQAT LIBRARY, STADIUM ROAD,', '', '', 'PKR', '1', '0', '0', '1', '5', '0', '0', '0', '', '0'),
('51', 'AZHAR PAINT HOUSE', 'AZHAR PAINT HOUSE', '6 INSHAD CENTRE, ARAM BAGH FURNITURE MARKET', '', '', 'PKR', '1', '0', '0', '1', '5', '0', '0', '0', '', '0'),
('52', 'AZIZ PAINTS', 'AZIZ PAINTS', 'BOHRAPIR,', '', '', 'PKR', '1', '0', '0', '1', '5', '0', '0', '0', '', '0'),
('53', 'BHAI JEE BHAI PAINTS', 'BHAI JEE BHAI PAINTS', 'BEHIND BOHRA MAZAAR, BOHRAPIR,', '', '', 'PKR', '1', '0', '0', '1', '5', '0', '0', '0', '', '0'),
('54', 'BILAL CEMENT DEPOT', 'BILAL CEMENT DEPOT', 'GOLIMAR #1, NAWAB SADDIQUE ALI KHAN RD, ', '', '', 'PKR', '1', '0', '0', '1', '5', '0', '0', '0', '', '0'),
('55', 'BISMILLAH PAINT &amp; HARDWARE', 'BISMILLAH PAINT &amp; HARDWARE', 'SHOP#8/A, ABDULLAH APPARTMENT, BLOCK-16, GULISTAN-E-JOHAR,', '', '', 'PKR', '1', '0', '0', '1', '5', '0', '0', '0', '', '0'),
('56', 'BMS GAWADER', 'BMS GAWADER', 'GAWADER', '', '', 'PKR', '1', '0', '0', '1', '5', '0', '0', '0', '', '0'),
('57', 'BOLAN ENTERPRISES', 'BOLAN ENTERPRISES', 'TARIQ ROAD, NEAR BOMBAY SWEETS,', '', '', 'PKR', '1', '0', '0', '1', '5', '0', '0', '0', '', '0'),
('58', 'BURHAN HARDWARE &amp; TOOLS CO.', 'BURHAN HARDWARE &amp; TOOLS CO', 'SHOP # 2, NIAZI MANZIL, MURAD KHAN ROAD, OPP. MARRIOT ROAD,', '', '', 'PKR', '1', '0', '0', '1', '5', '0', '0', '0', '', '0'),
('59', 'BURHANI CHEMICALS', 'BURHANI CHEMICALS', 'PXS,', '', '', 'PKR', '1', '0', '0', '1', '5', '0', '0', '0', '', '0'),
('60', 'BURHANI ENTERPRISES', 'BURHANI ENTERPRISES', 'JODIA BAZAAR, GHULAM SHAH STREET,', '', '', 'PKR', '1', '0', '0', '1', '5', '0', '0', '0', '', '0'),
('61', 'BURHANI HARDWARE STORE', 'BURHANI HARDWARE STORE', 'PAK COLONY, BADAR MARKET, MANGOPIR ROAD,', '', '', 'PKR', '1', '0', '0', '1', '5', '0', '0', '0', '', '0'),
('62', 'BURHANI SANITARY', 'BURHANI SANITARY', 'KH-E-BUKHARI/CHOTA BUKHARI, BACK TO J.B.SAEED, DHA,', '', '', 'PKR', '1', '0', '0', '1', '5', '0', '0', '0', '', '0'),
('63', 'BURHANI TRADERS', 'BURHANI TRADERS', 'BOHRI BAZAR, SADDAR,', '', '', 'PKR', '1', '0', '0', '1', '5', '0', '0', '0', '', '0'),
('64', 'BURJ-E-DEENAR', 'BURJ-E-DEENAR', 'C-104 DHORAJEE COLONY NEAR AGA KHAN HOSPITAL', '', '', 'PKR', '1', '0', '0', '1', '5', '0', '0', '0', '', '0'),
('65', 'CDC-TRUSTEE DOLMEN CITY REIT', 'CDC-TRUSTEE DOLMEN CITY REIT', '1ST FLOOR, EXECUTIVE TOWER,  DOLMEN CITY, HC-3, BLOCK-4, MARINE DRIVE, CLIFTON,', '', '4386954-8', 'PKR', '1', '0', '0', '1', '5', '0', '0', '0', '', '0'),
('66', 'CHOICE CENTRE', 'CHOICE CENTRE', 'SHOP # 181, GOLIMAR,', '', '', 'PKR', '1', '0', '0', '1', '5', '0', '0', '0', '', '0'),
('67', 'CLIFTON COMFORT', 'CLIFTON COMFORT', 'PLOT # D-12, BLOCK-9, KEHKASHAN, CLIFTON,', '', '', 'PKR', '1', '0', '0', '1', '5', '0', '0', '0', '', '0'),
('68', 'COAST GUARD', 'COAST GUARD', 'KORANGI 2 1/2', '', '', 'PKR', '1', '0', '0', '1', '5', '0', '0', '0', '', '0'),
('69', 'COLONEL MUSHTAQ C/O ARAISH', 'COLONEL MUSHTAQ C/O ARAISH', 'BILTY AT GHOTKI', '', '', 'PKR', '1', '0', '0', '1', '5', '0', '0', '0', '', '0'),
('70', 'COLOR BANK', 'COLOR BANK', 'SHOP # 8, NEAR MUBARAK MASJID, MAIN GIZRI,', '', '', 'PKR', '1', '0', '0', '1', '5', '0', '0', '0', '', '0'),
('71', 'COLOR CENTRE', 'COLOR CENTRE', 'SHOP # 9, CHAND BIBI CENTRE, BOHRAPIR,', '', '', 'PKR', '1', '0', '0', '1', '5', '0', '0', '0', '', '0'),
('72', 'COLOR WORLD', 'COLOR WORLD', 'SHOP # 44, CHAND BIBI CENTRE, BOHRAPIR, ', '', '', 'PKR', '1', '0', '0', '1', '5', '0', '0', '0', '', '0'),
('73', 'Concrete Concept', 'Concrete Concept', 'C-21, BLOCK N, North Nazimabad,', '', '', 'PKR', '1', '0', '0', '1', '5', '0', '0', '0', '', '0'),
('74', 'CONT. AHSAN ALI', 'CONT. AHSAN ALI', 'ADJACENT TO INTER WOOD OFFICE DALMIA ROAD ', '', '', 'PKR', '1', '0', '0', '1', '5', '0', '0', '0', '', '0'),
('75', 'CONT. EHSAN', 'CONT. EHSAN', 'DHA,', '', '', 'PKR', '1', '0', '0', '1', '5', '0', '0', '0', '', '0'),
('76', 'CONT. NAEEM', 'CONT. NAEEM', 'HOUSE # 52/4, STREET 22H, MIRZA ADAM KHAN ROAD,', '', '', 'PKR', '1', '0', '0', '1', '5', '0', '0', '0', '', '0'),
('77', 'CONT. RAFAT', 'CONT. RAFAT', 'BANGLOW # E-38, BLOCK-7, GULSHAN-E-IQBAL,', '', '', 'PKR', '1', '0', '0', '1', '5', '0', '0', '0', '', '0'),
('78', 'CONTRACTOR MEHMOOD.', 'CONTRACTOR MEHMOOD.', 'Korangi Industrial Area, Near Salim Industries', '', '', 'PKR', '1', '0', '0', '1', '5', '0', '0', '0', '', '0'),
('79', 'DEECON (PVT) LTD.', 'DEECON (PVT) LTD.', '7C, CG HOUSE, MEZANINE FLOOR, PHASE 2, DHA,', '99-99-9999-999-99', '2136301-3', 'PKR', '1', '0', '0', '1', '5', '0', '0', '0', '', '0'),
('80', 'DEENU CHACHA', 'DEENU CHACHA', 'PLOT # 240 SHABBIRABAD BLOCK B', '', '', 'PKR', '1', '0', '0', '1', '5', '0', '0', '0', '', '0'),
('81', 'DILKUSHA GOHAR RESIDENCIA', 'DILKUSHA GOHAR RESIDENCIA', 'BAHADURABAD, GOHAR COMFORTS,', '', '', 'PKR', '1', '0', '0', '1', '5', '0', '0', '0', '', '0'),
('82', 'DIN BROTHERS', 'DIN BROTHERS', 'D-50/C, SITE, WAREHOUSE,', '', '', 'PKR', '1', '0', '0', '1', '5', '0', '0', '0', '', '0'),
('83', 'DOLMEN MALL', 'DOLMEN MALL', 'DOLMEN MALL, TARIQ ROAD,', '', '', 'PKR', '1', '0', '0', '1', '5', '0', '0', '0', '', '0'),
('84', 'DOLMEN REAL ESTATE MANAGEMENT (PVT) LTD', 'DOLMEN REAL ESTATE MANAGEMENT ', 'Dolmen City, Clifton,', '32-77-8761-204-81', '4386954-8', 'PKR', '1', '0', '0', '1', '5', '0', '0', '0', '', '0'),
('85', 'DR. COLOR PAINT HOUSE', 'DR. COLOR PAINT HOUSE', 'NEAR BIN HASHIM, SAFORA GOTH,', '', '', 'PKR', '1', '0', '0', '1', '5', '0', '0', '0', '', '0'),
('86', 'EVERSHINE CONSTRUCTION', 'EVERSHINE CONSTRUCTION', 'SINDH ASSEMBLY NEW ART COUNCIL', '', '', 'PKR', '1', '0', '0', '1', '5', '0', '0', '0', '', '0'),
('87', 'FAISAL BILWANI', 'FAISAL BILWANI', 'PLOT # 183 GENERAL HOUSING SOCIETY ', '', '', 'PKR', '1', '0', '0', '1', '5', '0', '0', '0', '', '0'),
('88', 'FAISAL MALIK', 'FAISAL MALIK', 'BAHRIA TOWN, HOME-4', '', '', 'PKR', '1', '0', '0', '1', '5', '0', '0', '0', '', '0'),
('89', 'FAISAL PAINTS', 'FAISAL PAINTS', 'GIZRI, NEAR COLOR BANK,', '', '', 'PKR', '1', '0', '0', '1', '5', '0', '0', '0', '', '0'),
('90', 'FAIZ-E-HAKIMI', 'FAIZ-E-HAKIMI', '245, 35TH STREET, PHASE VIII, P.D.H.O.A, ', '', '', 'PKR', '1', '0', '0', '1', '5', '0', '0', '0', '', '0'),
('91', 'FAR EASTERN IMPEX (PVT) LTD.', 'FAR EASTERN IMPEX (PVT) LTD.', 'Plot No. D-49, Hassan Disalwa Town, Memon Ghoot, Malir,', '', '', 'PKR', '1', '0', '0', '1', '5', '0', '0', '0', '', '0'),
('92', 'FARAZ CEMENT DEPOT', 'FARAZ CEMENT DEPOT', 'BOHRAPIR,', '', '', 'PKR', '1', '0', '0', '1', '5', '0', '0', '0', '', '0'),
('93', 'FAROOQ HARDWARE', 'FAROOQ HARDWARE', 'ALLAMA IQBAL RD, OPP AL-QUBA MASJID, NEAR GUJJAR CHOWK, MANZOOR COLONY, ', '', '', 'PKR', '1', '0', '0', '1', '5', '0', '0', '0', '', '0'),
('94', 'FATIMA DEVELOPERS', 'FATIMA DEVELOPERS', 'DHA,', '', '', 'PKR', '1', '0', '0', '1', '5', '0', '0', '0', '', '0'),
('95', 'FATIMIYAH HOSPITAL', 'FATIMIYAH HOSPITAL', 'JM-168, SHAH ABDUL LATIF ROAD, NEAR NISHTAR PARK,', '', '', 'PKR', '1', '0', '0', '1', '5', '0', '0', '0', '', '0'),
('96', 'FAZAIYA HOUSING SOCIETY', 'FAZAIYA HOUSING SOCIETY', 'NORTHERN BYPASS,  SCHEME-2,', '', '', 'PKR', '1', '0', '0', '1', '5', '0', '0', '0', '', '0'),
('97', 'FEDERAL SANITARY', 'FEDERAL SANITARY', 'G, C-22, OPP. KAUSAR WATER SUPPLY, GULBAHAR-2,', '', '', 'PKR', '1', '0', '0', '1', '5', '0', '0', '0', '', '0'),
('98', 'FEROZE 1888 MILLS LIMITED', 'FEROZE 1888 MILLS LIMITED', 'PLOT # C-3, SITE, MANGOPIR ROAD,', '', '', 'PKR', '1', '0', '0', '1', '5', '0', '0', '0', '', '0'),
('99', 'FOUR STAR CORPORATION', 'FOUR STAR CORPORATION', 'UNI PLAZA I.I CHUNDRIGAR ROAD ROOM # 506-507 5TH FLOOR', '', '', 'PKR', '1', '0', '0', '1', '5', '0', '0', '0', '', '0'),
('100', 'G.N FUS', 'G.N FUS', 'MR 2/36-37, MARRIOT ROAD,', '', '', 'PKR', '1', '0', '0', '1', '5', '0', '0', '0', '', '0'),
('101', 'GHANDHARA NISSAN LTD', 'GHANDHARA NISSAN LTD', 'SITE, NEAR SHERSHAH CHOWRANGI,', '', '', 'PKR', '1', '0', '0', '1', '5', '0', '0', '0', '', '0'),
('102', 'Gogan Cement', 'Gogan Cement', '244/B, Lehra Square, Shop # 15, Opp. Karimi Mosque, Block-6, PECHS, ', '', '', 'PKR', '1', '0', '0', '1', '5', '0', '0', '0', '', '0'),
('103', 'Golden Tiles', 'Golden Tiles', 'Golimar No.1, Nawab Siddiq Ali Khan Road,', '', '', 'PKR', '1', '0', '0', '1', '5', '0', '0', '0', '', '0'),
('104', 'GOMAL CEMENT', 'GOMAL CEMENT', 'OFFICE B-202 CHAPPAL GARDEN ABUL HASAN ISPAHANI ROAD', '', '', 'PKR', '1', '0', '0', '1', '5', '0', '0', '0', '', '0'),
('105', 'GRAVITY BUILDERS', 'GRAVITY BUILDERS', 'A-29, STREET # 8, CENTRAL AVENUE PHASE-2 DHA', '', '', 'PKR', '1', '0', '0', '1', '5', '0', '0', '0', '', '0'),
('106', 'H.H. TRADERS', 'H.H. TRADERS', 'GOLIMAAR, OPP. USAMA TILE,', '', '', 'PKR', '1', '0', '0', '1', '5', '0', '0', '0', '', '0'),
('107', 'H2O HOME TILES', 'H2O HOME TILES', 'GIZRI,', '', '', 'PKR', '1', '0', '0', '1', '5', '0', '0', '0', '', '0'),
('108', 'HAJI CHOHAN CEMENT', 'HAJI CHOHAN CEMENT', 'RC-4/372, SHOP#9, HAJI IQBAL HOTEL, BOHRAPIR.', '', '', 'PKR', '1', '0', '0', '1', '5', '0', '0', '0', '', '0'),
('109', 'HAJI NAEEM', 'HAJI NAEEM', 'HYDERABAD, BILTY FROM A-ONE GOODS TRANSPORT', '', '', 'PKR', '1', '0', '0', '1', '5', '0', '0', '0', '', '0'),
('110', 'HAJI SALEEM', 'HAJI SALEEM', 'HYDERABAD, BILTY FROM A-ONE GOODS TRANSPORT', '', '', 'PKR', '1', '0', '0', '1', '5', '0', '0', '0', '', '0'),
('111', 'HAKIMI TRADERS', 'HAKIMI TRADERS', 'SHOP#2, PLOT 54/C, STREET-7,BADAR COMMERCIAL, PH-5, DHA,', '', '', 'PKR', '1', '0', '0', '1', '5', '0', '0', '0', '', '0'),
('112', 'HATIMI HARDWARE &amp; SANITARY', 'HATIMI HARDWARE &amp; SANITARY', 'BABUJEE ARCADE, SHOP # 2, NEAR ASGHAR ALI SHAH STADIUM,', '', '', 'PKR', '1', '0', '0', '1', '5', '0', '0', '0', '', '0'),
('113', 'HATIMI HARDWARE STORE', 'HATIMI HARDWARE STORE', 'SHOP # 4, WSA 20/16, WATER PUMP, F.B.AREA,', '', '', 'PKR', '1', '0', '0', '1', '5', '0', '0', '0', '', '0'),
('114', 'HAZARI ENTERPRISE', 'HAZARI ENTERPRISE', '1/14, MARRIOT ROAD,', '', '', 'PKR', '1', '0', '0', '1', '5', '0', '0', '0', '', '0'),
('115', 'Hazari Impex', 'Hazari Impex', 'Marriot Road,', '', '', 'PKR', '1', '0', '0', '1', '5', '0', '0', '0', '', '0'),
('116', 'HI-TECH CONSTRUCTION', 'HI-TECH CONSTRUCTION', '163/2, 23RD STREET, OFF. KH-E-IQBAL, PHASE-8, DHA,', '', '', 'PKR', '1', '0', '0', '1', '5', '0', '0', '0', '', '0'),
('117', 'HUSSAINI HARDWARE', 'HUSSAINI HARDWARE', 'MOHAMMAD SHAH STREET, JODIA BAZAR, OPP. Z.A TRADERS,', '', '', 'PKR', '1', '0', '0', '1', '5', '0', '0', '0', '', '0'),
('118', 'IK ASSOCIATE', 'IK ASSOCIATE', 'PLOT # 111/111, 26TH STREET, KH-E-MUHAFIZ, DHA,', '', '', 'PKR', '1', '0', '0', '1', '5', '0', '0', '0', '', '0'),
('119', 'IMRAN NAVTAKIA', 'IMRAN NAVTAKIA', 'F-50, BLOCK-8, CLIFTON,', '', '', 'PKR', '1', '0', '0', '1', '5', '0', '0', '0', '', '0'),
('120', 'IMRAN SB PEARL ENGINEERING', 'IMRAN SB PEARL ENGINEERING', 'S.M.B  FATIMA GIRLS COLLEGE GARDEN ', '', '', 'PKR', '1', '0', '0', '1', '5', '0', '0', '0', '', '0'),
('121', 'IQBAL MOTIWALA', 'IQBAL MOTIWALA', 'DHA,', '', '', 'PKR', '1', '0', '0', '1', '5', '0', '0', '0', '', '0'),
('122', 'IQBAL SANITARY MART', 'IQBAL SANITARY MART', 'JOHAR STREET, NEAR CHOONA BHATTI, BOHRAPIR,', '', '', 'PKR', '1', '0', '0', '1', '5', '0', '0', '0', '', '0'),
('123', 'IRSHAD ALI SLAB WORKS', 'IRSHAD ALI SLAB WORKS', 'HAJIALI BAGH BUILDING, AMBAJI VILLA RD, RANCHORLINE,', '', '', 'PKR', '1', '0', '0', '1', '5', '0', '0', '0', '', '0'),
('124', 'JAMA MASJID NOORANI', 'JAMA MASJID NOORANI', 'PAK COLONY,', '', '', 'PKR', '1', '0', '0', '1', '5', '0', '0', '0', '', '0'),
('125', 'JAWED &amp; BROTHERS', 'JAWED &amp; BROTHERS', '351-36/C, OPP. KORANGI STADIUM, KORANGI # 5,', '', '', 'PKR', '1', '0', '0', '1', '5', '0', '0', '0', '', '0'),
('126', 'K.M.A. TRADING EST.', 'K.M.A. TRADING EST.', 'AJA MAUJI STREET, BOHRAPIR,', '', '', 'PKR', '1', '0', '0', '1', '5', '0', '0', '0', '', '0'),
('127', 'KAKA TILES', 'KAKA TILES', 'TIMBER MARKET, STREET 7, SIDDIQUE WAHAB ROAD,', '', '', 'PKR', '1', '0', '0', '1', '5', '0', '0', '0', '', '0'),
('128', 'KAMRAN TILE', 'KAMRAN TILE', 'GALI # 11, TIMBER MARKET,', '', '', 'PKR', '1', '0', '0', '1', '5', '0', '0', '0', '', '0'),
('129', 'KARACHI PAINT HOUSE', 'KARACHI PAINT HOUSE', '12-147, AMBAJI VILLA ROAD, BOHRA PIR,', '', '', 'PKR', '1', '0', '0', '1', '5', '0', '0', '0', '', '0'),
('130', 'Karachi Trading', 'Karachi Trading', 'K-72, Golimar No.1', '', '', 'PKR', '1', '0', '0', '1', '5', '0', '0', '0', '', '0'),
('131', 'KHARADAR CEMENT DEPOT', 'KHARADAR CEMENT DEPOT', 'JAFFAR FIDR ROAD, NEAR KHARADAR PARK, KHARADAR,', '', '', 'PKR', '1', '0', '0', '1', '5', '0', '0', '0', '', '0'),
('132', 'KHURASAAN HEIGHT', 'KHURASAAN HEIGHT', 'NUMAISH, OPP. MAZAR-E-QUAID,', '', '', 'PKR', '1', '0', '0', '1', '5', '0', '0', '0', '', '0'),
('133', 'KHUWAJA RAFAY', 'KHUWAJA RAFAY', 'DHA,', '', '', 'PKR', '1', '0', '0', '1', '5', '0', '0', '0', '', '0'),
('134', 'KING BUILDERS', 'KING BUILDERS', 'PALM RESIDENCY, NEAR KAMRAN CHOWK, GULISTAN-E-JOHAR,', '', '', 'PKR', '1', '0', '0', '1', '5', '0', '0', '0', '', '0'),
('135', 'KING COTTAGES', 'KING COTTAGES', 'SURVEY # 197, OPP. JAUHAR COMPLEX, BLOCK-7, JAUHAR,', '', '', 'PKR', '1', '0', '0', '1', '5', '0', '0', '0', '', '0'),
('136', 'KOHINOOR PAINTS', 'KOHINOOR PAINTS', 'SHOP # 23, CHAND BIBI CENTRE, BOHRAPIR, OPP. MEHFOOZ SHERMAL,', '', '', 'PKR', '1', '0', '0', '1', '5', '0', '0', '0', '', '0'),
('137', 'LAKHANI PRESIDENCY', 'LAKHANI PRESIDENCY', 'SURVEY# 42 OLD DALMIA CEMENT FACTORY, DALMIA ROAD,', '', '', 'PKR', '1', '0', '0', '1', '5', '0', '0', '0', '', '0'),
('138', 'LALA SARWAR CERA', 'LALA SARWAR CERA', '1/8, FIRDOUS COLONY, GULBAHAR,', '', '', 'PKR', '1', '0', '0', '1', '5', '0', '0', '0', '', '0'),
('139', 'LASANI ENTERPRISES', 'LASANI ENTERPRISES', 'BARA BOARD, NEAR PSO PUMP,', '', '', 'PKR', '1', '0', '0', '1', '5', '0', '0', '0', '', '0'),
('140', 'LIFE STYLE', 'LIFE STYLE', 'STADIUM ROAD,', '', '', 'PKR', '1', '0', '0', '1', '5', '0', '0', '0', '', '0'),
('141', 'M.I.M. SIDDIQ &amp; CO.', 'M.I.M. SIDDIQ &amp; CO.', 'SHOP # 3, KHORI GARDEN, MEMON MASJID, KAMBHARTI STREET,', '', '', 'PKR', '1', '0', '0', '1', '5', '0', '0', '0', '', '0'),
('142', 'M.M. ALAM', 'M.M. ALAM', 'KUTCHI GALI # 3, MARRIOT ROAD,', '', '', 'PKR', '1', '0', '0', '1', '5', '0', '0', '0', '', '0'),
('143', 'M.RAFIQUE.IQBAL', 'M.RAFIQUE.IQBAL', 'F-48, BLOCK 8 CLIFTON', '', '', 'PKR', '1', '0', '0', '1', '5', '0', '0', '0', '', '0'),
('144', 'M.S CONSTRUCTIONS', 'M.S CONSTRUCTIONS', 'PLOT # 166, 30TH STREET KHYABAN-E-IQBAL PH 8 DHA KHI', '', '', 'PKR', '1', '0', '0', '1', '5', '0', '0', '0', '', '0'),
('145', 'M.S. TOWER', 'M.S. TOWER', 'BAHADURABAD, NEAR UNITED BAKERY,', '', '', 'PKR', '1', '0', '0', '1', '5', '0', '0', '0', '', '0'),
('146', 'MACHIYARA SPRING FIELD', 'MACHIYARA SPRING FIELD', 'PLOT # D-2, BLOCK-8, CLIFTON, NEAR AGHA&#039;S SUPER MARKET,', '', '', 'PKR', '1', '0', '0', '1', '5', '0', '0', '0', '', '0'),
('147', 'MAIRAJ HOUSE', 'MAIRAJ HOUSE', '21ST STREET, KH-E-ROOMI, DHA,', '', '', 'PKR', '1', '0', '0', '1', '5', '0', '0', '0', '', '0'),
('148', 'Makka Tiles', 'Makka Tiles', 'Plot#14, Area G-31, Korangi Crossing,', '', '', 'PKR', '1', '0', '0', '1', '5', '0', '0', '0', '', '0'),
('149', 'MALIK BROTHERS', 'MALIK BROTHERS', '10-E, LANE-11, STREET # 21, KH-E-SEHAR, DHA,', '', '', 'PKR', '1', '0', '0', '1', '5', '0', '0', '0', '', '0'),
('150', 'MALIK BROTHERS-BUKHARI', 'MALIK BROTHERS-BUKHARI', 'BUKHARI COMMERCIAL, PHASE-6, DHA,', '', '', 'PKR', '1', '0', '0', '1', '5', '0', '0', '0', '', '0'),
('151', 'MANSOOR JOKHIO', 'MANSOOR JOKHIO', 'PLOT # 80, STREET # 15 KHAYABAN-E-SEHAR', '', '', 'PKR', '1', '0', '0', '1', '5', '0', '0', '0', '', '0'),
('152', 'MAQBOOL &amp; CO', 'MAQBOOL &amp; CO', 'NAWABSHAH', '', '', 'PKR', '1', '0', '0', '1', '5', '0', '0', '0', '', '0'),
('153', 'MAQSOOD AHMED', 'MAQSOOD AHMED', 'PLOT#50/II, KHAYABANE-MUJAHID, STREET#15, DHA', '', '', 'PKR', '1', '0', '0', '1', '5', '0', '0', '0', '', '0'),
('154', 'MARGALA MOTORS', 'MARGALA MOTORS', '72/4, SINDHI MUSLIM SOCIETY, NEAR SHAH LATIF SCHOOL,', '', '', 'PKR', '1', '0', '0', '1', '5', '0', '0', '0', '', '0'),
('155', 'MATRIX SYSTEM (PVT) LTD', 'MATRIX SYSTEM (PVT) LTD', '605, PROGRESSIVE SQUARE, SH-E-FAISAL,', '', '', 'PKR', '1', '0', '0', '1', '5', '0', '0', '0', '', '0'),
('156', 'MOEEN AHMED SB', 'MOEEN AHMED SB', 'H # 99, 27TH STREET, PHASE-6, KH-E-SEHAR, DHA,', '', '', 'PKR', '1', '0', '0', '1', '5', '0', '0', '0', '', '0'),
('157', 'MOIZ TOOLS', 'MOIZ TOOLS', 'SHOP # 2, CHAND BIBI CENTRE, BOHRAPIR,', '', '', 'PKR', '1', '0', '0', '1', '5', '0', '0', '0', '', '0'),
('158', 'MOSAIC COLLECTION', 'MOSAIC COLLECTION', 'UNIT # 203, SEA BREEZE PLAZA, SHAHRAH-E-FAISAL,', '', '', 'PKR', '1', '0', '0', '1', '5', '0', '0', '0', '', '0'),
('159', 'MR AFAQ', 'MR AFAQ', '8 CHOWK LEE MARKET GAWADAR QARWAN', '', '', 'PKR', '1', '0', '0', '1', '5', '0', '0', '0', '', '0'),
('160', 'MR HAJI SHAKOOR', 'MR HAJI SHAKOOR', 'GENERAL HOUSING SOCIETY GATE # 5 PLOT # 128 STREET II', '', '', 'PKR', '1', '0', '0', '1', '5', '0', '0', '0', '', '0'),
('161', 'MR JAVAID', 'MR JAVAID', 'SELF PICK,', '', '', 'PKR', '1', '0', '0', '1', '5', '0', '0', '0', '', '0'),
('162', 'MR ZEESHAN', 'MR ZEESHAN', 'C-55 BLOCK 8 BAIT UL MUKKARAM MASJID GULSHAN-E-IQBAL', '', '', 'PKR', '1', '0', '0', '1', '5', '0', '0', '0', '', '0'),
('163', 'MR FAISAL.', 'MR FAISAL.', 'SUKKUR,', '', '', 'PKR', '1', '0', '0', '1', '5', '0', '0', '0', '', '0'),
('164', 'MRA BUILDERS', 'MRA BUILDERS', 'NEW CHALI, NEAR TECHNO CITY,', '', '', 'PKR', '1', '0', '0', '1', '5', '0', '0', '0', '', '0'),
('165', 'MUGHAL CONSTRUCTION', 'MUGHAL CONSTRUCTION', 'PLOT # 114-A, COMMERCIAL AVENUE, PHASE-7 DHA', '', '', 'PKR', '1', '0', '0', '1', '5', '0', '0', '0', '', '0'),
('166', 'Mujeeb Traders', 'Mujeeb Traders', 'Neelam Colony, D.H.A.,', '', '', 'PKR', '1', '0', '0', '1', '5', '0', '0', '0', '', '0'),
('167', 'MUNIR IMPEX', 'MUNIR IMPEX', 'FAISALABAD, BILTY FROM NEW SITARA GOODS', '', '', 'PKR', '1', '0', '0', '1', '5', '0', '0', '0', '', '0'),
('168', 'MURAD HARDWARE', 'MURAD HARDWARE', 'SHOP # 5, PLOT 20/C, PH-4, NEAR REHMAN MASJID, DHA,', '', '', 'PKR', '1', '0', '0', '1', '5', '0', '0', '0', '', '0'),
('169', 'MURTAZA SB', 'MURTAZA SB', 'KORANGI INDUSTRIAL AREA, NEAR TRAFFIC LICENSE OFFICE,', '', '', 'PKR', '1', '0', '0', '1', '5', '0', '0', '0', '', '0'),
('170', 'MUSTAFA METAL MART', 'MUSTAFA METAL MART', '31, AL-HYDRI MEMORIAL MARKET, NORTH NAZIMABAD', '', '', 'PKR', '1', '0', '0', '1', '5', '0', '0', '0', '', '0'),
('171', 'MUSTAQIM DYEING &amp; PRINTING IND. (PVT) LTD', 'MUSTAQIM DYEING &amp; PRINTING', 'D-14/A, BADA BOARD, SITE,', '', '', 'PKR', '1', '0', '0', '1', '5', '0', '0', '0', '', '0'),
('172', 'NADEEM BUKHARI', 'NADEEM BUKHARI', 'Khy-e-Muslim', '', '', 'PKR', '1', '0', '0', '1', '5', '0', '0', '0', '', '0'),
('173', 'NASIR &amp; SONS', 'NASIR &amp; SONS', 'ALAMGIR ROAD, BAHADURABAD,', '', '', 'PKR', '1', '0', '0', '1', '5', '0', '0', '0', '', '0'),
('174', 'NATIONAL PAINT HOUSE', 'NATIONAL PAINT HOUSE', 'KHARADAR', '', '', 'PKR', '1', '0', '0', '1', '5', '0', '0', '0', '', '0'),
('175', 'NEW JILLANI CEMENT', 'NEW JILLANI CEMENT', '10/729, LIAQATABAD,', '', '', 'PKR', '1', '0', '0', '1', '5', '0', '0', '0', '', '0'),
('176', 'NEW KHATTAK HARDWARE &amp; PAINT', 'NEW KHATTAK HARDWARE &amp; PAI', 'SHOP#102, TIPU SULTAN ROAD,', '', '', 'PKR', '1', '0', '0', '1', '5', '0', '0', '0', '', '0'),
('177', 'NIAZI HARDWARE', 'NIAZI HARDWARE', 'PLOT # F-6, BOAT BUILDING YARD, NEAR KALA PANI, FISHRI,', '', '', 'PKR', '1', '0', '0', '1', '5', '0', '0', '0', '', '0'),
('178', 'NOOR MAHAL', 'NOOR MAHAL', 'SHOP # 10, BOHRAPIR,', '', '', 'PKR', '1', '0', '0', '1', '5', '0', '0', '0', '', '0'),
('179', 'NOVOCHEM SPECIALITIES', 'NOVOCHEM SPECIALITIES', 'F-388, SITE,', '17-50-3800-083-28', '3091636-4', 'PKR', '1', '0', '0', '1', '5', '0', '0', '0', '', '0'),
('180', 'PARAGON CONSTRUCTION.', 'PARAGON CONSTRUCTION.', 'BAHRIA APPARTMENT-2, SUPER HIGHWAY, BAHRIA TOWN,', '', '', 'PKR', '1', '0', '0', '1', '5', '0', '0', '0', '', '0'),
('181', 'PARSA TOWER', 'PARSA TOWER', 'PARSA TOWER, SHAHRAH-E-FAISAL,', '', '', 'PKR', '1', '0', '0', '1', '5', '0', '0', '0', '', '0'),
('182', 'POPULAR CEMENT WORK', 'POPULAR CEMENT WORK', 'SHOP # 5, JAMSHED ROAD # 3, NEAR YADGAR FISH,', '', '', 'PKR', '1', '0', '0', '1', '5', '0', '0', '0', '', '0'),
('183', 'Popular Marble', 'Popular Marble', '240-242, Badar Colony, Pak Colony,', '', '', 'PKR', '1', '0', '0', '1', '5', '0', '0', '0', '', '0'),
('184', 'Progressive Marble', 'Progressive Marble', 'Plot#10-11, Sector 26, K.I.A', '', '', 'PKR', '1', '0', '0', '1', '5', '0', '0', '0', '', '0'),
('185', 'R &amp; H ENTERPRISES', 'R &amp; H ENTERPRISES', 'PARSA CITY, GARDEN, OPP. POLICE HEAD QUARTER,', '', '', 'PKR', '1', '0', '0', '1', '5', '0', '0', '0', '', '0'),
('186', 'R &amp; I ELECTRICAL APPLIANCES (PVT) LTD.', 'R &amp; I ELECTRICAL APPLIANCE', 'PARSA TOWER, SHAHRAH-E-FAISAL,', '', '', 'PKR', '1', '0', '0', '1', '5', '0', '0', '0', '', '0'),
('187', 'ANUS CEMENT  ( RAMZAN CEMENT )', 'ANUS CEMENT', 'BOHRAPIR, NEAR IRSHAD ALI SLAB WORKS,', '', '', 'PKR', '1', '0', '0', '1', '2', '0', '0', '0', '', '0'),
('188', 'RAWAL MASJID', 'RAWAL MASJID', 'NEAR HILL PARK,', '', '', 'PKR', '1', '0', '0', '1', '5', '0', '0', '0', '', '0'),
('189', 'RESSICHEM GODOWN', 'RESSICHEM GODOWN', 'GOLIMAR,', '', '', 'PKR', '1', '0', '0', '1', '5', '0', '0', '0', '', '0'),
('190', 'RESSICHEM INTERNATIONAL', 'RESSICHEM INTERNATIONAL', '309, PROGRESSIVE PLAZA, BEUMOUNT ROAD,', '', '', 'PKR', '1', '0', '0', '1', '5', '0', '0', '0', '', '0'),
('191', 'SAIFEE HARDWARE STORE', 'SAIFEE HARDWARE STORE', 'SHOP # 5, 1-C, 27TH TAUHEED COMM. STREET, PHASE-5, DHA,', '', '', 'PKR', '1', '0', '0', '1', '5', '0', '0', '0', '', '0'),
('192', 'SAIFEE INTERIOR WORKS', 'SAIFEE INTERIOR WORKS', 'U.P. MORE,', '', '', 'PKR', '1', '0', '0', '1', '5', '0', '0', '0', '', '0'),
('193', 'SAIFEE PAINT HOUSE', 'SAIFEE PAINT HOUSE', 'STREET-7,BADAR COMMERCIAL, PH-5, DHA, OPP. HAKIMI TRADERS,', '', '', 'PKR', '1', '0', '0', '1', '5', '0', '0', '0', '', '0'),
('194', 'SAIFY MASJID', 'SAIFY MASJID', 'SAIFY BAGH, CHAKIWARA,', '', '', 'PKR', '1', '0', '0', '1', '5', '0', '0', '0', '', '0'),
('195', 'SALIM SHAMS SB', 'SALIM SHAMS SB', 'DHA,', '', '', 'PKR', '1', '0', '0', '1', '5', '0', '0', '0', '', '0'),
('196', 'SAMS HARDWARE', 'SAMS HARDWARE', 'SHOP # 2, PLOT # 8C, BUKHARI COMM., LANE-8, PHASE 6, DHA,', '', '', 'PKR', '1', '0', '0', '1', '5', '0', '0', '0', '', '0'),
('197', 'SHABBIR SONS', 'SHABBIR SONS', 'SHOP # 224, OPP. KASB BANK, SADDAR,', '', '', 'PKR', '1', '0', '0', '1', '5', '0', '0', '0', '', '0'),
('198', 'SHAH HARDWARE', 'SHAH HARDWARE', 'PLOT # 18/D, MAIN KH-E-BUKHARI, NISHAT CORNER, DHA,', '', '', 'PKR', '1', '0', '0', '1', '5', '0', '0', '0', '', '0'),
('199', 'SHOAIB ISMAIL SB', 'SHOAIB ISMAIL SB', 'PLOT #30/1, STREET # 10, KH-E-HILAL, DHA,', '', '', 'PKR', '1', '0', '0', '1', '5', '0', '0', '0', '', '0'),
('200', 'SOHAIL SANITARY STORE', 'SOHAIL SANITARY STORE', 'PLOT # 1307/3M, SIDDIQABAD, F.B.AREA,', '', '', 'PKR', '1', '0', '0', '1', '5', '0', '0', '0', '', '0'),
('201', 'T.A.GULAMALLAY &amp; CO.', 'T.A.GULAMALLAY &amp; CO.', 'FIDRI CHAMBER, JEWANI STREET, OFF. AIWAN-E-TIJARAT RD,', '', '', 'PKR', '1', '0', '0', '1', '5', '0', '0', '0', '', '0'),
('202', 'TAHER &amp; SONS HARDWARE HOUSE', 'TAHER &amp; SONS HARDWARE HOUS', 'PLOT # A-979 SECTOR 11/B SHOP # 1 JAMALI TRUST', '', '', 'PKR', '1', '0', '0', '1', '5', '0', '0', '0', '', '0'),
('203', 'TAHERI HARDWARE STORES', 'TAHERI HARDWARE STORES', 'SHOP # 6, LUCKY HOUSE, OPP. BOHRAPIR,', '', '', 'PKR', '1', '0', '0', '1', '5', '0', '0', '0', '', '0'),
('204', 'TAHERI SONS &amp; HARDWARE HOUSE', 'TAHERI SONS &amp; HARDWARE HOU', 'SHOP # 1 JAMALI TRUST BUILDING 4 UP MOOR', '', '', 'PKR', '1', '0', '0', '1', '5', '0', '0', '0', '', '0'),
('205', 'TANVEER BANGLES', 'TANVEER BANGLES', 'KORANGI # 2, ', '', '', 'PKR', '1', '0', '0', '1', '5', '0', '0', '0', '', '0'),
('206', 'TANZO INTERNATIONAL (PAKISTAN)', 'TANZO INTERNATIONAL (PAKISTAN)', 'PLOT # 566, Q BLOCK, JOHAR TOWN,', '', '', 'PKR', '1', '0', '0', '1', '5', '0', '0', '0', '', '0'),
('207', 'TECHNO CRATE', 'TECHNO CRATE', 'BAHRIA TOWN, SUPER HIGHWAY,', '', '', 'PKR', '1', '0', '0', '1', '5', '0', '0', '0', '', '0'),
('208', 'THE ARCHITECTS', 'THE ARCHITECTS', 'NEAR CAR DEAL, CLIFTON, 2 TALWAR,', '', '', 'PKR', '1', '0', '0', '1', '5', '0', '0', '0', '', '0'),
('209', 'THE COMFORT', 'THE COMFORT', 'SB-3, BLOCK-8, YASEENABAD,', '', '', 'PKR', '1', '0', '0', '1', '5', '0', '0', '0', '', '0'),
('210', 'THE CONSTRUCT', 'THE CONSTRUCT', 'BAHRIA ICON TOWER, NEAR ABDULLAH SHAH GHAZI TOMB, CLIFTON,', '', '', 'PKR', '1', '0', '0', '1', '5', '0', '0', '0', '', '0'),
('211', 'TILE HOUSE', 'TILE HOUSE', 'TARIQ ROAD, NEAR BOMBAY SWEETS,', '', '', 'PKR', '1', '0', '0', '1', '5', '0', '0', '0', '', '0'),
('212', 'Tiles Centre', 'Tiles Centre', 'Shop# GC-63, Main Gulbahar Road, Golimar No.1', '', '', 'PKR', '1', '0', '0', '1', '5', '0', '0', '0', '', '0'),
('213', 'TIMES RESIDENCY', 'TIMES RESIDENCY', 'D-11, NORTH NAZIMABAD, NEAR BOARD OFFICE,', '', '', 'PKR', '1', '0', '0', '1', '5', '0', '0', '0', '', '0'),
('214', 'UNE ENTERPRISES', 'UNE ENTERPRISES', 'BAHRIA HOSPITAL, BAHRIA TOWN,', '', '', 'PKR', '1', '0', '0', '1', '5', '0', '0', '0', '', '0'),
('215', 'UNION STEEL', 'UNION STEEL', 'PLOT # D-1-56, MANGOPIR ROAD, SITE,', '', '', 'PKR', '1', '0', '0', '1', '5', '0', '0', '0', '', '0'),
('216', 'UNITED SANITARY', 'UNITED SANITARY', 'B.S 16, BLOCK 14, SHOP NO.3, UROOJ SQUARE, F.B. AREA, KARACHI', '', '', 'PKR', '1', '0', '0', '1', '5', '0', '0', '0', '', '0'),
('217', 'United Tile Center', 'United Tile Center', 'A-26, Farhan Paradise, Block-14, Gulistan-e-Johar', '', '', 'PKR', '1', '0', '0', '1', '5', '0', '0', '0', '', '0'),
('218', 'UNIVERSAL TRADING / RASHID TILE', 'UNIVERSAL TRADING / RASHID TIL', 'NEAR UMER MASJID, OPP. H.M.SONS, GOLIMAAR,', '', '', 'PKR', '1', '0', '0', '1', '5', '0', '0', '0', '', '0'),
('219', 'VALI RANGOONWALA', 'VALI RANGOONWALA', '8/A, KDA SCHEME # 1, KARSAZ ROAD,', '', '', 'PKR', '1', '0', '0', '1', '5', '0', '0', '0', '', '0'),
('220', 'VIRTRACO TILES', 'VIRTRACO TILES', '15/139, SHOP # 3-4, FATIMA TOWER, BAHADURABAD, J. AFGHANI ROAD,', '', '', 'PKR', '1', '0', '0', '1', '5', '0', '0', '0', '', '0'),
('221', 'Walls &amp; Woods', 'Walls &amp; Woods', 'Building#28-C, Mezzanine Floor,Sunset Lane, DHA', '', '', 'PKR', '1', '0', '0', '1', '5', '0', '0', '0', '', '0'),
('222', 'YOUSUF ALI TAYABJI MUNDRAWALA &amp; SONS', 'YOUSUF ALI TAYABJI MUNDRAWALA ', 'SHOP#2, RAEES BUILDING, BOHRAPR', '', '', 'PKR', '1', '0', '0', '1', '5', '0', '0', '0', '', '0'),
('223', 'ZAFAR CEMENT', 'ZAFAR CEMENT', 'SHOP # 155/2, JOHAR ROAD, AMEER KHUSROO ROAD', '', '', 'PKR', '1', '0', '0', '1', '5', '0', '0', '0', '', '0'),
('224', 'ZAHID ALI SHAH', 'ZAHID ALI SHAH', 'COMMERCIAL AVENUE, PHASE-4, KH-E-HILAL, DHA,', '', '', 'PKR', '1', '0', '0', '1', '5', '0', '0', '0', '', '0'),
('225', 'ZAHID TILE', 'ZAHID TILE', 'BESIDE SUBHANALLAH TILE, BLOCK-16, WATER PUMP,', '', '', 'PKR', '1', '0', '0', '1', '5', '0', '0', '0', '', '0'),
('226', 'ZCL', 'ZCL', '501, BANK BUSINESS CENTRE, SULTAN AHMED SHAH ROAD, K.E.C.H.S,', '', '', 'PKR', '1', '0', '0', '1', '5', '0', '0', '0', '', '0'),
('227', 'ZEENAT HARDWARE', 'ZEENAT HARDWARE', 'PAK COLONY, NEAR BISMILLAH HOTEL,', '', '', 'PKR', '1', '0', '0', '1', '5', '0', '0', '0', '', '0'),
('228', 'ZOAIB ALI &amp; COMPANY', 'ZOAIB ALI &amp; COMPANY', 'FATEH CHOWK NEAR BOULEVARD MALL', '', '', 'PKR', '1', '0', '0', '1', '5', '0', '0', '0', '', '0'),
('229', 'ZULFIQAR HARDWARE', 'ZULFIQAR HARDWARE', 'SHOP # S-96, GROUND FLOOR, GRACE CENTRE, GIZRI, DHA,', '', '', 'PKR', '1', '0', '0', '1', '5', '0', '0', '0', '', '0'),
('230', 'hareem', 'hareem1', 'hareem3', 'strn', 'ntn', 'PKR', '1', '0', '0', '1', '5', '0', '0', '0', '', '0'),
('231', 'NAEEM-E-MASJID', 'NAEEM-E-MASJID', 'Waterpump Block-15, ', '', '', 'PKR', '1', '0', '0', '1', '5', '0', '0', '0', '', '0'),
('232', 'WASEAL CONSTRUCTION', 'WASEAL CONSTRUCTION', 'Fire Station, Bahria Town, Near Bahria Height.', '', '', 'PKR', '1', '0', '0', '1', '4', '0', '0', '0', '', '0'),
('233', 'ITTEHAD CERAMIC', 'ITTEHAD CERAMIC', 'Sector # 7A, Plot # 89, Chamra Chowrangi, Korangi Industrial Area Khi.', '', '', 'PKR', '1', '0', '0', '1', '5', '0', '0', '0', '', '0'),
('234', 'M.I INDUSTRIES', 'M.I INDUSTRIES', 'F-186, SITE, Karachi.', '', '', 'PKR', '1', '0', '0', '1', '4', '0', '0', '0', '', '0'),
('235', 'MOBINA TRADERS', 'MOBINA TRADERS', 'KMC WORKSHOP KHI.', '', '', 'PKR', '1', '0', '0', '1', '4', '0', '0', '0', '', '0'),
('236', 'JILANI CEMENT', 'JILANI CEMENT', 'ON RECORD', '', '', 'PKR', '1', '0', '0', '1', '5', '0', '0', '0', '', '0'),
('237', 'SAGA ONE', 'SAGA ONE', 'Clifton Near Ziauddin Hospital', '', '', 'PKR', '1', '0', '0', '1', '5', '0', '0', '0', '', '0'),
('238', 'SAWERA EXCELLENCY', 'SAWERA EXCELLENCY', 'PLOT # 07, BATH ISLAND, CLIFTON,\n', '', '', 'PKR', '1', '0', '0', '1', '5', '0', '0', '0', '', '0'),
('240', 'PACIFIC INTERNATIONAL', 'PACIFIC INTERNATIONAL', 'D-33, SITE, Super Highway Karachi,', '', '', 'PKR', '1', '0', '0', '1', '4', '0', '0', '0', '', '0'),
('241', 'MUGHAL SANITARY', 'MUGHAL SANITARY', 'Golimar', '', '', 'PKR', '1', '0', '0', '1', '5', '0', '0', '0', '', '0'),
('242', 'ASC CONSTRUCTION', 'ASC CONSTRUCTION', 'Ground Floor, Tanoli Tower, Street-8 Badar Commercial.', '', '', 'PKR', '1', '0', '0', '1', '4', '0', '0', '0', '', '0'),
('243', 'MUNEEB JANGDHA', 'MUNEEB JANGDHA', 'Plot # 184, Street -14, National Stadium', '', '', 'PKR', '1', '0', '0', '1', '5', '0', '0', '0', '', '0'),
('244', 'MASJID SYEDNA AHMED', 'MASJID SYEDNA AHMED', 'Hyderabad Bilty ( New Sartaj Good )', '', '', 'PKR', '1', '0', '0', '1', '5', '0', '0', '0', '', '0'),
('245', 'JAMIYAH TUS SAIFIYAH', 'JAMIYAH TUS SAIFIYAH', 'Hyderi North Nazimabad karachi', '', '', 'PKR', '1', '0', '0', '1', '5', '0', '0', '0', '', '0'),
('246', 'ICON TOWER BHARIA', 'ICON TOWER ', 'Abdullah Shah Gazi Mazar', '', '', 'PKR', '1', '0', '0', '1', '1', '0', '0', '0', '', '0'),
('247', 'MOHAMMADI CORPORATION', 'MOHAMMADI CORPORATION', 'CHOTA BUKHARI,  NEAR WATER TANK,\n', '', '', 'PKR', '1', '0', '0', '1', '2', '0', '0', '0', '', '0'),
('248', 'SAJJID DADHA BHAI', 'SAJJID DADHA BHAI', 'ON RECORD', '', '', 'PKR', '1', '0', '0', '1', '1', '0', '0', '0', '', '0'),
('249', 'AMMAR MOTTAN', 'AMMAR MOTTAN', 'LUCKY ONE', '', '', 'PKR', '1', '0', '0', '1', '1', '0', '0', '0', '', '0'),
('250', 'ZAREEN PAINT', 'ZAREEN PAINT', 'SELF PICK', '', '', 'PKR', '1', '0', '0', '1', '5', '0', '0', '0', '', '0'),
('251', 'RAJA BHAI ( STEEL CRETE )', 'RAJA BHAI ( STEEL CRETE )', 'Steel Crete Head Office.', '', '', 'PKR', '1', '0', '0', '1', '5', '0', '0', '0', '', '0'),
('252', 'SQUARE ONE MARBLE', 'SQUARE ONE MARBLE', 'SELF PICk', '', '', 'PKR', '1', '0', '0', '1', '5', '0', '0', '0', '', '0'),
('253', 'VARIOUS SHOP', 'VARIOUS SHOP', 'Lalukhait, Waterpump &amp; Liaqatabad', '', '', 'PKR', '1', '0', '0', '1', '5', '0', '0', '0', '', '0'),
('254', 'MR. ABDUL QADIR', 'MR. ABDUL QADIR', 'SELF PICK', '', '', 'PKR', '1', '0', '0', '1', '5', '0', '0', '0', '', '0'),
('255', 'HUSSAIN SAJJANI', 'HUSSAIN SAJJANI', NULL, '', '', 'PKR', '1', '0', '0', '1', '5', '0', '0', '0', '', '0'),
('257', 'MEHBOOB ADAM JEE', 'MEHBOOB ADAM JEE', 'Plot # 57/2, Street-22, Main Badban', '', '', 'PKR', '1', '0', '0', '1', '1', '0', '0', '0', '', '0'),
('258', 'NAIK MOHAMMAD C/O ASFER CONEX', 'NAIK MOHAMMAD C/O ASFER CONEX', 'Khy-e-Qasim / Khy-e-Shujat Corner', '', '', 'PKR', '1', '0', '0', '1', '5', '0', '0', '0', '', '0'),
('259', 'CONTRACTOR ATIQUE C/O SCHEMATIC', 'CONTRACTOR ATIQUE C/O SCHEMATI', 'Plot # 53/11, Street-8, Phase 2 Ext Commercial', '', '', 'PKR', '1', '0', '0', '1', '5', '0', '0', '0', '', '0'),
('260', 'CONT. MUJEEB', 'CONT. MUJEEB', 'SELF PICK', '', '', 'PKR', '1', '0', '0', '1', '6', '0', '0', '0', '', '0'),
('261', 'JUZER BHAI', 'JUZER BHAI', 'SELF PICK', '', '', 'PKR', '1', '0', '0', '1', '5', '0', '0', '0', '', '0'),
('262', 'MURTAZA BHAI ( AHMEDABAD WALA )', 'MURTAZA BHAI ( AHMEDABAD WALA ', 'SELF PICK', '', '', 'PKR', '1', '0', '0', '1', '5', '0', '0', '0', '', '0'),
('263', 'MOHAMMAD', 'MOHAMMAD', 'SELF PICK', '', '', 'PKR', '1', '0', '0', '1', '5', '0', '0', '0', '', '0'),
('264', 'ASGHAR CARPENTER C/O STEEL CRETE', 'ASGHAR CARPENTER C/O STEEL CRE', '37-N, Block-06, PECHS, Karachi', '', '', 'PKR', '1', '0', '0', '1', '3', '0', '0', '0', '', '0'),
('265', 'PERL ENGINEERING &amp; TRADING CO.', 'PERL ENGINEERING &amp; TRADING', 'Office # C-2, Mezzanine Floor, Jallal Empire, Al Hilal Society, Universicty Road Khi.', '', '', 'PKR', '1', '0', '0', '1', '5', '0', '0', '0', '', '0'),
('266', 'DARUL SAKOON', 'DARUL SAKOON', '159, H/3 Kashmir Road Karachi.', '', '', 'PKR', '1', '0', '0', '1', '5', '0', '0', '0', '', '0'),
('267', 'S. ABDULLAH ( STEEL CRETE )', 'S. ABDULLAH ( STEEL CRETE )', 'Khada  Market DHA karachi', '', '', 'PKR', '1', '0', '0', '1', '5', '0', '0', '0', '', '0'),
('268', 'ARCH. BILAL ( SCHAMETICS )', 'ARCH. BILAL ( SCHAMETICS )', 'TARIQ  ROAD KARACHI', '', '', 'PKR', '1', '0', '0', '1', '5', '0', '0', '0', '', '0'),
('269', 'CONT. EHSAN ALI ( MES )', 'CONT. EHSAN ALI ( MES )', 'Near Interwood Office Dalmia Karachi', '', '', 'PKR', '1', '0', '0', '1', '5', '0', '0', '0', '', '0'),
('270', 'STEEL CRETE', 'STEEL CRETE', 'Basement Unit A-1, Cosy Homes, Block 13-A,Gulshan-e-Iqbal,\n', '', '', 'PKR', '1', '0', '0', '1', '3', '0', '0', '0', '', '0'),
('271', 'MR. SHAKEEL', 'MR. SHAKEEL', 'DHA Karachi.', '', '', 'PKR', '1', '0', '0', '1', '5', '0', '0', '0', '', '0'),
('272', 'MR. SHAFQAT ', 'MR. SHAFQAT ', 'D-62, Block 6, F.B Area Karachi.', '', '', 'PKR', '1', '0', '0', '1', '3', '0', '0', '0', '', '0'),
('273', 'MR. IDREES', 'MR. IDREES', 'Club House 37/A, Muhammad Ali Society', '', '', 'PKR', '1', '0', '0', '1', '4', '0', '0', '0', '', '0'),
('274', 'M. USMAN', 'M. USMAN', 'Plot # 51/2, 23 Street, Khy-e-Badban, Ph-5, DHA Karachi.', '', '', 'PKR', '1', '0', '0', '1', '5', '0', '0', '0', '', '0'),
('275', 'IZHAR CONSTRUCTION', 'IZHAR CONSTRUCTION', 'DG Cement Factory, Balochistan.', '', '', 'PKR', '1', '0', '0', '1', '5', '0', '0', '0', '', '0'),
('276', 'KING TOWER', 'KING TOWER', 'PLOT # FL-2, BLOCK-15, CONTINENTAL BAKERY, GULISTAN-E-JOHAR,\n', '', '', 'PKR', '1', '0', '0', '1', '3', '0', '0', '0', '', '0'),
('277', 'JAMAL HUSSAIN C/O LASANI ENTERPRISES', 'JAMAL HUSSAIN C/O LASANI ENTER', 'Delivery At Lasani Enterprises', '', '', 'PKR', '1', '0', '0', '1', '4', '0', '0', '0', '', '0'),
('280', 'HANIF BANGLES', 'HANIF BANGLES', 'KORANGI, NEAR CHINIOT HOSPITAL, OPP. SAJJAD BANGLES,\n', '', '', 'PKR', '1', '0', '0', '1', '5', '0', '0', '0', '', '0'),
('281', 'JAMIA FAROOQIA', 'JAMIA FAROOQIA', 'HUB RIVER ROAD,\n', '', '', 'PKR', '1', '0', '0', '1', '4', '0', '0', '0', '', '0'),
('282', 'MOHSIN AUTOS', 'MOHSIN AUTOS', 'Paposh Market', '', '', 'PKR', '1', '0', '0', '1', '4', '0', '0', '0', '', '0'),
('283', 'NEW SPARES AUTOS', 'NEW SPARES AUTOS', 'Paposh Market', '', '', 'PKR', '1', '0', '0', '1', '4', '0', '0', '0', '', '0'),
('284', 'HADEEQA  AUTOS', 'HADEEQA  AUTOS', 'Paposh Market', '', '', 'PKR', '1', '0', '0', '1', '4', '0', '0', '0', '', '0'),
('285', 'A.A  AUTOS', 'A.A  AUTOS', 'Paposh Market', '', '', 'PKR', '1', '0', '0', '1', '4', '0', '0', '0', '', '0'),
('286', 'MUSTAFA AUTOS', 'MUSTAFA AUTOS', 'Paposh Market', '', '', 'PKR', '1', '0', '0', '1', '4', '0', '0', '0', '', '0'),
('287', 'RAJA AUTOS', 'RAJA AUTOS', 'Paposh Market', '', '', 'PKR', '1', '0', '0', '1', '4', '0', '0', '0', '', '0'),
('288', 'MUMTAZ ENGINEERING', 'MUMTAZ ENGINEERING', 'Paposh Market', '', '', 'PKR', '1', '0', '0', '1', '4', '0', '0', '0', '', '0'),
('289', 'SARFARAZ ENGINEERING', 'SARFARAZ ENGINEERING', 'Paposh Market', '', '', 'PKR', '1', '0', '0', '1', '4', '0', '0', '0', '', '0'),
('290', 'MAKKAH AUTOS', 'MAKKAH AUTOS', 'Paposh Market', '', '', 'PKR', '1', '0', '0', '1', '4', '0', '0', '0', '', '0'),
('291', 'DUA AUTOS', 'DUA AUTOS', 'Paposh Market', '', '', 'PKR', '1', '0', '0', '1', '4', '0', '0', '0', '', '0'),
('292', 'CITY AUTOS', 'CITY AUTOS', 'Soldier Bazar # 2 Karachi.', '', '', 'PKR', '1', '0', '0', '1', '5', '0', '0', '0', '', '0'),
('293', 'MUSTAFA HARDWARE', 'MUSTAFA HARDWARE', 'KASHAN-E-AMINA, NEAR POST OFFICE, SOLDIER BAZAR # 1,\n', '', '', 'PKR', '1', '0', '0', '1', '5', '0', '0', '0', '', '0'),
('294', 'M. RASHID C/O FAISAL BILWANI', 'M. RASHID C/O FAISAL BILWANI', 'C-11, Navy Housing Scheme, Ph-2, Opp Dalmia', '', '', 'PKR', '1', '0', '0', '1', '5', '0', '0', '0', '', '0'),
('295', 'ABDULLAH BUILDERS', 'ABDULLAH BUILDERS', 'Abdullah Sport Tower, Near Wadwah Gate Bypass, Qasimabad.', '', '', 'PKR', '1', '0', '0', '1', '4', '0', '0', '0', '', '0'),
('296', 'UNIVERSAL TRADING ( OLD LIFE STYLE )', 'UNIVERSAL TRADING ( OLD LIFE S', 'Stadium Market Karachi.', '', '', 'PKR', '1', '0', '0', '1', '4', '0', '0', '0', '', '0'),
('297', 'BRIGHT ASSOCIATE', 'BRIGHT ASSOCIATE', '7C Al Murtaza Lane-2, Phase-8 Khy-e-Hafiz.', '', '', 'PKR', '1', '0', '0', '1', '3', '0', '0', '0', '', '0'),
('298', 'WASEEM AHMED', 'WASEEM AHMED', 'MANZOOR COLONY, NEAR EIDGAH CHOWK\n', '', '', 'PKR', '1', '0', '0', '1', '5', '0', '0', '0', '', '0'),
('299', 'ELSONS CORPORATION', 'ELSONS CORPORATION', 'SELF PICK', '', '', 'PKR', '1', '0', '0', '1', '5', '0', '0', '0', '', '0'),
('300', 'ZEESHAN SB C/O CONT. EHSAN', 'ZEESHAN SB C/O CONT. EHSAN', 'Gulshan Site', '', '', 'PKR', '1', '0', '0', '1', '5', '0', '0', '0', '', '0'),
('301', 'AHSANULLAH SB', 'AHSANULLAH SB', 'Korangi Industrial Area,\n', '', '', 'PKR', '1', '0', '0', '1', '5', '0', '0', '0', '', '0'),
('302', 'VARIOUS CLIENT', 'VARIOUS CLIENT', 'Different Site / Shop ', '', '', 'PKR', '1', '0', '0', '1', '6', '0', '0', '0', '', '0'),
('303', 'TAI BUILDERS &amp; DEVELOPERS', 'TAI BUILDERS &amp; DEVELOPERS', 'Suit # 306, 3rd Floor, Progressive Centre Near Parsa Tower Shara-e-Faisal', '', '', 'PKR', '1', '0', '0', '1', '5', '0', '0', '0', '', '0'),
('304', 'LEYERS ENTERPRISES', 'LEYERS ENTERPRISES', 'Bilty at Sukkar Via Blue Line Bus Stand', '', '', 'PKR', '1', '0', '0', '1', '5', '0', '0', '0', '', '0'),
('305', 'MASHALLAH CEMENT DEPO', 'MASHALLAH CEMENT DEPO', 'B-35, Kausar Town, Khokhrapar # 1, Malir Karachi.', '', '', 'PKR', '1', '0', '0', '1', '4', '0', '0', '0', '', '0'),
('306', 'MR. AYUB', 'MR. AYUB', 'B-73/4, KDA Scheme Karachi.', '', '', 'PKR', '1', '0', '0', '1', '4', '0', '0', '0', '', '0'),
('307', 'DR. SHEZAD', 'DR. SHEZAD', 'Schematic Bahadurabad Karachi.', '', '', 'PKR', '1', '0', '0', '1', '5', '0', '0', '0', '', '0'),
('308', 'IMRAN BALOCH SB', 'IMRAN BALOCH SB', 'GULSHAN-E-MILLAT, OPP. KORANGI INDUSTRIAL AREA,\n', '', '', 'PKR', '1', '0', '0', '1', '5', '0', '0', '0', '', '0'),
('309', 'MS BUILDER', 'MS BUILDER', 'ON RECORD', '', '', 'PKR', '1', '0', '0', '1', '5', '0', '0', '0', '', '0'),
('310', 'USMAN  C/O SALEEM SHAMS', 'USMAN  C/O SALEEM SHAMS', 'Plot # 176/1, Street # 20, Phase-8 DHA.', '', '', 'PKR', '1', '0', '0', '1', '4', '0', '0', '0', '', '0'),
('311', 'SHAFQAT SB', 'SHAFQAT SB', 'Plot # D/62, Block-6, F.B Area Karachi.', '', '', 'PKR', '1', '0', '0', '1', '5', '0', '0', '0', '', '0'),
('312', 'YOUNUS ABDUL AZIZ C/O IQBAL MOTIWALA', 'YOUNUS ABDUL AZIZ C/O IQBAL MO', 'PLOT # 62 13TH LANE KH-E-BADBAN\n', '', '', 'PKR', '1', '0', '0', '1', '3', '0', '0', '0', '', '0'),
('313', 'UNITED AUTOS', 'UNITED AUTOS', 'Shop # 16, Ali Center, Waterpump Market, Block-4, F.B Area Karachi.', '', '', 'PKR', '1', '0', '0', '1', '5', '0', '0', '0', '', '0'),
('314', 'Saleem International', 'Saleem International', 'OFF# C/213,SHOP # 4,MAIN SHAHRA-E-QUAIDEEN\n', '', '', 'PKR', '1', '0', '0', '1', '4', '0', '0', '0', '', '0'),
('315', 'GHAZI BROTHERS', 'GHAZI BROTHERS', 'Plot # 335/15, Teh-DIH-Tappo, Godown Chowrangi Korangi.', '', '', 'PKR', '1', '0', '0', '1', '5', '0', '0', '0', '', '0'),
('316', 'TANZEEL AHMED', 'TANZEEL AHMED', 'M-39 STREET 7 KHY-E-ITEHAD\n', '', '', 'PKR', '1', '0', '0', '1', '4', '0', '0', '0', '', '0'),
('317', 'AHMED WAHEED SB', 'AHMED WAHEED SB', 'PLOT # 12, STREET # 2, ARMY OFFICER SOCIETY,\n', '', '', 'PKR', '1', '0', '0', '1', '5', '0', '0', '0', '', '0');

### Structure of table `0_dimensions` ###

DROP TABLE IF EXISTS `0_dimensions`;

CREATE TABLE `0_dimensions` (
  `id` int(11) NOT NULL AUTO_INCREMENT,
  `reference` varchar(60) COLLATE utf8_unicode_ci NOT NULL DEFAULT '',
  `name` varchar(60) COLLATE utf8_unicode_ci NOT NULL DEFAULT '',
  `type_` tinyint(1) NOT NULL DEFAULT '1',
  `closed` tinyint(1) NOT NULL DEFAULT '0',
  `date_` date NOT NULL DEFAULT '0000-00-00',
  `due_date` date NOT NULL DEFAULT '0000-00-00',
  PRIMARY KEY (`id`),
  UNIQUE KEY `reference` (`reference`),
  KEY `date_` (`date_`),
  KEY `due_date` (`due_date`),
  KEY `type_` (`type_`)
) ENGINE=InnoDB DEFAULT CHARSET=utf8 COLLATE=utf8_unicode_ci ;

### Data of table `0_dimensions` ###


### Structure of table `0_exchange_rates` ###

DROP TABLE IF EXISTS `0_exchange_rates`;

CREATE TABLE `0_exchange_rates` (
  `id` int(11) NOT NULL AUTO_INCREMENT,
  `curr_code` char(3) COLLATE utf8_unicode_ci NOT NULL DEFAULT '',
  `rate_buy` double NOT NULL DEFAULT '0',
  `rate_sell` double NOT NULL DEFAULT '0',
  `date_` date NOT NULL DEFAULT '0000-00-00',
  PRIMARY KEY (`id`),
  UNIQUE KEY `curr_code` (`curr_code`,`date_`)
) ENGINE=InnoDB AUTO_INCREMENT=3 DEFAULT CHARSET=utf8 COLLATE=utf8_unicode_ci ;

### Data of table `0_exchange_rates` ###

INSERT INTO `0_exchange_rates` VALUES
('2', 'USD', '105', '105', '2017-02-17');

### Structure of table `0_fiscal_year` ###

DROP TABLE IF EXISTS `0_fiscal_year`;

CREATE TABLE `0_fiscal_year` (
  `id` int(11) NOT NULL AUTO_INCREMENT,
  `begin` date DEFAULT '0000-00-00',
  `end` date DEFAULT '0000-00-00',
  `closed` tinyint(1) NOT NULL DEFAULT '0',
  PRIMARY KEY (`id`),
  UNIQUE KEY `begin` (`begin`),
  UNIQUE KEY `end` (`end`)
) ENGINE=InnoDB AUTO_INCREMENT=4 DEFAULT CHARSET=utf8 COLLATE=utf8_unicode_ci ;

### Data of table `0_fiscal_year` ###

INSERT INTO `0_fiscal_year` VALUES
('1', '2015-07-01', '2016-06-30', '0'),
('2', '2016-07-01', '2017-06-30', '0'),
('3', '2017-07-01', '2018-06-30', '0');

### Structure of table `0_gl_trans` ###

DROP TABLE IF EXISTS `0_gl_trans`;

CREATE TABLE `0_gl_trans` (
  `counter` int(11) NOT NULL AUTO_INCREMENT,
  `type` smallint(6) NOT NULL DEFAULT '0',
  `type_no` int(11) NOT NULL DEFAULT '0',
  `tran_date` date NOT NULL DEFAULT '0000-00-00',
  `account` varchar(15) COLLATE utf8_unicode_ci NOT NULL DEFAULT '',
  `memo_` tinytext COLLATE utf8_unicode_ci NOT NULL,
  `amount` double NOT NULL DEFAULT '0',
  `dimension_id` int(11) NOT NULL DEFAULT '0',
  `dimension2_id` int(11) NOT NULL DEFAULT '0',
  `person_type_id` int(11) DEFAULT NULL,
  `person_id` tinyblob,
  `cheque` int(11) NOT NULL,
  `inactive` tinyint(4) NOT NULL DEFAULT '0',
  PRIMARY KEY (`counter`),
  KEY `Type_and_Number` (`type`,`type_no`),
  KEY `dimension_id` (`dimension_id`),
  KEY `dimension2_id` (`dimension2_id`),
  KEY `tran_date` (`tran_date`),
  KEY `account_and_tran_date` (`account`,`tran_date`)
) ENGINE=InnoDB AUTO_INCREMENT=244 DEFAULT CHARSET=utf8 COLLATE=utf8_unicode_ci ;

### Data of table `0_gl_trans` ###

INSERT INTO `0_gl_trans` VALUES
('1', '1', '1', '2017-07-04', '5038', 'jhjhsjkdchjkdshjkhsjfkh', '0', '0', '0', NULL, NULL, '0', '0'),
('2', '1', '1', '2017-07-04', '5040', 'gffhghgjhkj', '0', '0', '0', NULL, NULL, '0', '0'),
('3', '1', '1', '2017-07-04', '10122', '', '0', '0', '0', NULL, NULL, '0', '0'),
('4', '10', '1', '2017-07-04', '4011', '', '0', '0', '0', NULL, NULL, '0', '0'),
('5', '10', '1', '2017-07-04', '1013', '', '0', '0', '0', '2', '1', '0', '0'),
('6', '10', '1', '2017-07-04', '2013', '', '0', '0', '0', NULL, NULL, '0', '0'),
('7', '10', '2', '2017-07-04', '4011', '', '0', '0', '0', NULL, NULL, '0', '0'),
('8', '10', '2', '2017-07-04', '1013', '', '0', '0', '0', '2', '1', '0', '0'),
('9', '10', '2', '2017-07-04', '2013', '', '0', '0', '0', NULL, NULL, '0', '0'),
('10', '10', '3', '2017-07-04', '4011', '', '0', '0', '0', NULL, NULL, '0', '0'),
('11', '10', '3', '2017-07-04', '1013', '', '0', '0', '0', '2', '1', '0', '0'),
('12', '10', '3', '2017-07-04', '2013', '', '0', '0', '0', NULL, NULL, '0', '0'),
('13', '0', '17', '2017-07-04', '5015', '', '0', '0', '0', NULL, NULL, '0', '0'),
('14', '0', '17', '2017-07-04', '5034', '', '0', '0', '0', NULL, NULL, '0', '0'),
('15', '1', '2', '2017-07-11', '35190', '', '0', '0', '0', NULL, NULL, '0', '0'),
('16', '1', '2', '2017-07-11', '102001', '', '0', '0', '0', NULL, NULL, '0', '0'),
('17', '0', '18', '2017-06-30', '101005 ', '', '66291', '0', '0', NULL, NULL, '0', '0'),
('18', '0', '18', '2017-06-30', '251201 ', '', '-66291', '0', '0', NULL, NULL, '0', '0'),
('19', '0', '19', '2017-06-30', '101005 ', '', '21200', '0', '0', NULL, NULL, '0', '0'),
('20', '0', '19', '2017-06-30', '101900 ', '', '2511998', '0', '0', NULL, NULL, '0', '0'),
('21', '0', '19', '2017-06-30', '102001 ', '', '4690411.69', '0', '0', NULL, NULL, '0', '0'),
('22', '0', '19', '2017-06-30', '102002 ', '', '670577.85', '0', '0', NULL, NULL, '0', '0'),
('23', '0', '19', '2017-06-30', '102900 ', '', '14068.77', '0', '0', NULL, NULL, '0', '0'),
('24', '0', '19', '2017-06-30', '102905 ', '', '74542.59', '0', '0', NULL, NULL, '0', '0'),
('25', '0', '19', '2017-06-30', '102910 ', '', '154302.76', '0', '0', NULL, NULL, '0', '0'),
('26', '0', '19', '2017-06-30', '103100005 ', '', '12500', '0', '0', NULL, NULL, '0', '0'),
('27', '0', '19', '2017-06-30', '103200005 ', '', '20000', '0', '0', NULL, NULL, '0', '0'),
('28', '0', '19', '2017-06-30', '103300 ', '', '43940', '0', '0', NULL, NULL, '0', '0'),
('29', '0', '19', '2017-06-30', '10340003 ', '', '2000', '0', '0', NULL, NULL, '0', '0'),
('30', '0', '19', '2017-06-30', '103400031 ', '', '4000', '0', '0', NULL, NULL, '0', '0'),
('31', '0', '19', '2017-06-30', '103400039 ', '', '10000', '0', '0', NULL, NULL, '0', '0'),
('32', '0', '19', '2017-06-30', '103400042 ', '', '4000', '0', '0', NULL, NULL, '0', '0'),
('33', '0', '19', '2017-06-30', '103400043 ', '', '24000', '0', '0', NULL, NULL, '0', '0'),
('34', '0', '19', '2017-06-30', '103400045 ', '', '4000', '0', '0', NULL, NULL, '0', '0'),
('35', '0', '19', '2017-06-30', '103400053 ', '', '6000', '0', '0', NULL, NULL, '0', '0'),
('36', '0', '19', '2017-06-30', '103400056 ', '', '8000', '0', '0', NULL, NULL, '0', '0'),
('37', '0', '19', '2017-06-30', '103400057 ', '', '15000', '0', '0', NULL, NULL, '0', '0'),
('38', '0', '19', '2017-06-30', '103400058 ', '', '115000', '0', '0', NULL, NULL, '0', '0'),
('39', '0', '19', '2017-06-30', '103400059 ', '', '20000', '0', '0', NULL, NULL, '0', '0'),
('40', '0', '19', '2017-06-30', '103400060 ', '', '4000', '0', '0', NULL, NULL, '0', '0'),
('41', '0', '19', '2017-06-30', '103400061 ', '', '4000', '0', '0', NULL, NULL, '0', '0'),
('42', '0', '19', '2017-06-30', '104003 ', '', '50000', '0', '0', NULL, NULL, '0', '0'),
('43', '0', '19', '2017-06-30', '104004 ', '', '-50000', '0', '0', NULL, NULL, '0', '0'),
('44', '0', '19', '2017-06-30', '10401016 ', '', '324000', '0', '0', NULL, NULL, '0', '0'),
('45', '0', '19', '2017-06-30', '10401017 ', '', '3000', '0', '0', NULL, NULL, '0', '0'),
('46', '0', '19', '2017-06-30', '10401018 ', '', '11475', '0', '0', NULL, NULL, '0', '0'),
('47', '0', '19', '2017-06-30', '10401024 ', '', '-92', '0', '0', NULL, NULL, '0', '0'),
('48', '0', '19', '2017-06-30', '251201 ', '', '-8771924.66', '0', '0', NULL, NULL, '0', '0'),
('133', '0', '20', '2017-06-30', '10401029 ', '', '0.4', '0', '0', NULL, NULL, '0', '0'),
('134', '0', '20', '2017-06-30', '10401035 ', '', '32300', '0', '0', NULL, NULL, '0', '0'),
('135', '0', '20', '2017-06-30', '10401038 ', '', '372812', '0', '0', NULL, NULL, '0', '0'),
('136', '0', '20', '2017-06-30', '10411002 ', '', '8000', '0', '0', NULL, NULL, '0', '0'),
('137', '0', '20', '2017-06-30', '10411003 ', '', '65000', '0', '0', NULL, NULL, '0', '0'),
('138', '0', '20', '2017-06-30', '10411004 ', '', '85000', '0', '0', NULL, NULL, '0', '0'),
('139', '0', '20', '2017-06-30', '10411006 ', '', '125000', '0', '0', NULL, NULL, '0', '0'),
('140', '0', '20', '2017-06-30', '105010 ', '', '992524.03', '0', '0', NULL, NULL, '0', '0'),
('141', '0', '20', '2017-06-30', '105015 ', '', '2105170.38', '0', '0', NULL, NULL, '0', '0'),
('142', '0', '20', '2017-06-30', '105020 ', '', '84213.85', '0', '0', NULL, NULL, '0', '0'),
('143', '0', '20', '2017-06-30', '105025 ', '', '133674', '0', '0', NULL, NULL, '0', '0'),
('144', '0', '20', '2017-06-30', '105030 ', '', '121494', '0', '0', NULL, NULL, '0', '0'),
('145', '0', '20', '2017-06-30', '251201 ', '', '-4125188.66', '0', '0', NULL, NULL, '0', '0'),
('146', '0', '21', '2017-06-30', '114005 ', '', '29251231.37', '0', '0', NULL, NULL, '0', '0'),
('147', '0', '21', '2017-06-30', '114010 ', '', '435', '0', '0', NULL, NULL, '0', '0'),
('148', '0', '21', '2017-06-30', '114016 ', '', '15309', '0', '0', NULL, NULL, '0', '0'),
('149', '0', '21', '2017-06-30', '115100 ', '', '-2245485.93', '0', '0', NULL, NULL, '0', '0'),
('150', '0', '21', '2017-06-30', '115190 ', '', '1856848.93', '0', '0', NULL, NULL, '0', '0'),
('151', '0', '21', '2017-06-30', '115300 ', '', '19573972.19', '0', '0', NULL, NULL, '0', '0'),
('152', '0', '21', '2017-06-30', '115910 ', '', '60650', '0', '0', NULL, NULL, '0', '0'),
('153', '0', '21', '2017-06-30', '115950 ', '', '14746444.25', '0', '0', NULL, NULL, '0', '0'),
('154', '0', '21', '2017-06-30', '115951 ', '', '-675427', '0', '0', NULL, NULL, '0', '0'),
('155', '0', '21', '2017-06-30', '251201 ', '', '-62583977.81', '0', '0', NULL, NULL, '0', '0'),
('156', '0', '22', '2017-06-30', '11960001', '', '-165.71', '0', '0', NULL, NULL, '0', '0'),
('157', '0', '22', '2017-06-30', '11960902', '', '-234218', '0', '0', NULL, NULL, '0', '0'),
('158', '0', '22', '2017-06-30', '13105100 ', '', '13608482', '0', '0', NULL, NULL, '0', '0'),
('159', '0', '22', '2017-06-30', '13105300 ', '', '-614481', '0', '0', NULL, NULL, '0', '0'),
('160', '0', '22', '2017-06-30', '13105302 ', '', '9537112', '0', '0', NULL, NULL, '0', '0'),
('161', '0', '22', '2017-06-30', '13110100 ', '', '56811695.5', '0', '0', NULL, NULL, '0', '0'),
('162', '0', '22', '2017-06-30', '13110300 ', '', '-5353957', '0', '0', NULL, NULL, '0', '0'),
('163', '0', '22', '2017-06-30', '13115100 ', '', '2727862.85', '0', '0', NULL, NULL, '0', '0'),
('164', '0', '22', '2017-06-30', '13115300 ', '', '-337948', '0', '0', NULL, NULL, '0', '0'),
('165', '0', '22', '2017-06-30', '13115301 ', '', '43420', '0', '0', NULL, NULL, '0', '0'),
('166', '0', '22', '2017-06-30', '13118100 ', '', '6681684', '0', '0', NULL, NULL, '0', '0'),
('167', '0', '22', '2017-06-30', '13118300 ', '', '-2247002', '0', '0', NULL, NULL, '0', '0'),
('168', '0', '22', '2017-06-30', '13120100 ', '', '1524767.39', '0', '0', NULL, NULL, '0', '0'),
('169', '0', '22', '2017-06-30', '13120300 ', '', '-258101', '0', '0', NULL, NULL, '0', '0'),
('170', '0', '22', '2017-06-30', '13122100 ', '', '310795', '0', '0', NULL, NULL, '0', '0'),
('171', '0', '22', '2017-06-30', '13122300 ', '', '-84908', '0', '0', NULL, NULL, '0', '0'),
('172', '0', '22', '2017-06-30', '13125100 ', '', '10893531', '0', '0', NULL, NULL, '0', '0'),
('173', '0', '22', '2017-06-30', '13125300 ', '', '-1247600', '0', '0', NULL, NULL, '0', '0'),
('174', '0', '22', '2017-06-30', '13130100 ', '', '1098820', '0', '0', NULL, NULL, '0', '0'),
('175', '0', '22', '2017-06-30', '13130300 ', '', '-58261', '0', '0', NULL, NULL, '0', '0'),
('176', '0', '22', '2017-06-30', '13135300 ', '', '-940', '0', '0', NULL, NULL, '0', '0'),
('177', '0', '22', '2017-06-30', '13140100 ', '', '1747697', '0', '0', NULL, NULL, '0', '0'),
('178', '0', '22', '2017-06-30', '13140300 ', '', '-86965', '0', '0', NULL, NULL, '0', '0'),
('179', '0', '22', '2017-06-30', '13145100 ', '', '712368', '0', '0', NULL, NULL, '0', '0'),
('180', '0', '22', '2017-06-30', '13145300 ', '', '-154258', '0', '0', NULL, NULL, '0', '0'),
('181', '0', '22', '2017-06-30', '13155100 ', '', '4389140', '0', '0', NULL, NULL, '0', '0'),
('182', '0', '22', '2017-06-30', '13155300 ', '', '-489820', '0', '0', NULL, NULL, '0', '0'),
('183', '0', '22', '2017-06-30', '13160100 ', '', '921758', '0', '0', NULL, NULL, '0', '0'),
('184', '0', '22', '2017-06-30', '13160300 ', '', '-46088', '0', '0', NULL, NULL, '0', '0'),
('185', '0', '22', '2017-06-30', '13510 ', '', '-2790340.56', '0', '0', NULL, NULL, '0', '0'),
('186', '0', '22', '2017-06-30', '13525 ', '', '-616481', '0', '0', NULL, NULL, '0', '0'),
('187', '0', '22', '2017-06-30', '210500 ', '', '-37640.11', '0', '0', NULL, NULL, '0', '0'),
('188', '0', '22', '2017-06-30', '210900 ', '', '-5587347', '0', '0', NULL, NULL, '0', '0'),
('189', '0', '22', '2017-06-30', '210902 ', '', '-30114984', '0', '0', NULL, NULL, '0', '0'),
('190', '0', '22', '2017-06-30', '210905 ', '', '-9137240', '0', '0', NULL, NULL, '0', '0'),
('191', '0', '22', '2017-06-30', '210907 ', '', '-10061017', '0', '0', NULL, NULL, '0', '0'),
('192', '0', '22', '2017-06-30', '210GSV055', '', '-15000', '0', '0', NULL, NULL, '0', '0'),
('193', '0', '22', '2017-06-30', '210GSV061', '', '251081', '0', '0', NULL, NULL, '0', '0'),
('194', '0', '22', '2017-06-30', '218201 ', '', '-31986888.54', '0', '0', NULL, NULL, '0', '0'),
('195', '0', '22', '2017-06-30', '218302 ', '', '-137545', '0', '0', NULL, NULL, '0', '0'),
('196', '0', '22', '2017-06-30', '225101 ', '', '-34430997.2', '0', '0', NULL, NULL, '0', '0'),
('197', '0', '22', '2017-06-30', '225201 ', '', '-58340000', '0', '0', NULL, NULL, '0', '0'),
('198', '0', '22', '2017-06-30', '251101 ', '', '-2500000', '0', '0', NULL, NULL, '0', '0'),
('199', '0', '22', '2017-06-30', '251900 ', '', '-16300346', '0', '0', NULL, NULL, '0', '0'),
('200', '0', '22', '2017-06-30', '251905 ', '', '-8777109', '0', '0', NULL, NULL, '0', '0'),
('201', '0', '22', '2017-06-30', '251201 ', '', '110787434.38', '0', '0', NULL, NULL, '0', '0'),
('202', '0', '23', '2017-06-30', '121100', '', '7369424.54', '0', '0', NULL, NULL, '0', '0'),
('203', '0', '23', '2017-06-30', '121501', '', '64349.66', '0', '0', NULL, NULL, '0', '0'),
('204', '0', '23', '2017-06-30', '121600', '', '-12696', '0', '0', NULL, NULL, '0', '0'),
('205', '0', '23', '2017-06-30', '121905', '', '6980000', '0', '0', NULL, NULL, '0', '0'),
('206', '0', '23', '2017-06-30', '121910', '', '-415.65', '0', '0', NULL, NULL, '0', '0'),
('207', '0', '23', '2017-06-30', '121915', '', '-1010.42', '0', '0', NULL, NULL, '0', '0'),
('208', '0', '23', '2017-06-30', '121916', '', '-22327', '0', '0', NULL, NULL, '0', '0'),
('209', '0', '23', '2017-06-30', '251201 ', '', '-14377325.13', '0', '0', NULL, NULL, '0', '0'),
('226', '20', '1', '2017-08-01', '2014', '', '0', '0', '0', NULL, NULL, '0', '0'),
('227', '20', '1', '2017-08-01', '2081', '', '0', '0', '0', '3', '60', '0', '0'),
('228', '20', '1', '2017-08-01', '501601 ', 'fsdsafdsa', '0', '0', '0', NULL, NULL, '0', '0'),
('229', '20', '1', '2017-08-01', '1191', '', '0', '0', '0', NULL, NULL, '0', '0'),
('230', '11', '1', '2017-06-30', '101001 ', '', '-84.03', '0', '0', NULL, NULL, '0', '0'),
('231', '11', '1', '2017-06-30', '101001 ', '', '84.03', '0', '0', NULL, NULL, '0', '0'),
('232', '11', '1', '2017-06-30', '101001 ', '', '94.12', '0', '0', NULL, NULL, '0', '0'),
('233', '11', '1', '2017-06-30', '1081 ', '', '-112', '0', '0', '2', '1', '0', '0'),
('234', '11', '1', '2017-06-30', '2013', '', '17.88', '0', '0', NULL, NULL, '0', '0'),
('235', '10', '4', '2017-06-30', '101001 ', '', '-3734.45', '0', '0', NULL, NULL, '0', '0'),
('236', '10', '4', '2017-06-30', '30199', '', '-3734.45', '0', '0', NULL, NULL, '0', '0'),
('237', '10', '4', '2017-06-30', '1081 ', '', '8888', '0', '0', '2', '1', '0', '0'),
('238', '10', '4', '2017-06-30', '2013', '', '-1419.09', '0', '0', NULL, NULL, '0', '0'),
('239', '10', '4', '2017-06-30', '601705 ', '', '-0.01', '0', '0', NULL, NULL, '0', '0'),
('240', '1', '3', '2017-08-22', '35190 ', 'adwer', '10', '0', '0', NULL, NULL, '0', '1'),
('241', '1', '3', '2017-08-22', '102900', '', '-10', '0', '0', NULL, NULL, '0', '1'),
('242', '1', '4', '2017-08-22', '501620 ', 'asssa', '100', '0', '0', NULL, NULL, '0', '0'),
('243', '1', '4', '2017-08-22', '102900', '', '-100', '0', '0', NULL, NULL, '0', '0');

### Structure of table `0_grn_batch` ###

DROP TABLE IF EXISTS `0_grn_batch`;

CREATE TABLE `0_grn_batch` (
  `id` int(11) NOT NULL AUTO_INCREMENT,
  `supplier_id` int(11) NOT NULL DEFAULT '0',
  `purch_order_no` int(11) DEFAULT NULL,
  `reference` varchar(60) COLLATE utf8_unicode_ci NOT NULL DEFAULT '',
  `delivery_date` date NOT NULL DEFAULT '0000-00-00',
  `loc_code` varchar(5) COLLATE utf8_unicode_ci DEFAULT NULL,
  `rate` double DEFAULT '1',
  PRIMARY KEY (`id`),
  KEY `delivery_date` (`delivery_date`),
  KEY `purch_order_no` (`purch_order_no`)
) ENGINE=InnoDB AUTO_INCREMENT=2 DEFAULT CHARSET=utf8 COLLATE=utf8_unicode_ci ;

### Data of table `0_grn_batch` ###

INSERT INTO `0_grn_batch` VALUES
('1', '60', '4', '001/2017', '2017-08-01', 'DEF', '1');

### Structure of table `0_grn_items` ###

DROP TABLE IF EXISTS `0_grn_items`;

CREATE TABLE `0_grn_items` (
  `id` int(11) NOT NULL AUTO_INCREMENT,
  `grn_batch_id` int(11) DEFAULT NULL,
  `po_detail_item` int(11) NOT NULL DEFAULT '0',
  `item_code` varchar(20) COLLATE utf8_unicode_ci NOT NULL DEFAULT '',
  `description` tinytext COLLATE utf8_unicode_ci,
  `qty_recd` double NOT NULL DEFAULT '0',
  `quantity_inv` double NOT NULL DEFAULT '0',
  PRIMARY KEY (`id`),
  KEY `grn_batch_id` (`grn_batch_id`)
) ENGINE=InnoDB AUTO_INCREMENT=2 DEFAULT CHARSET=utf8 COLLATE=utf8_unicode_ci ;

### Data of table `0_grn_items` ###

INSERT INTO `0_grn_items` VALUES
('1', '1', '4', '141FG', 'ZHITE GLUE FULL', '100', '0');

### Structure of table `0_groups` ###

DROP TABLE IF EXISTS `0_groups`;

CREATE TABLE `0_groups` (
  `id` smallint(6) unsigned NOT NULL AUTO_INCREMENT,
  `description` varchar(60) COLLATE utf8_unicode_ci NOT NULL DEFAULT '',
  `inactive` tinyint(1) NOT NULL DEFAULT '0',
  PRIMARY KEY (`id`),
  UNIQUE KEY `description` (`description`)
) ENGINE=InnoDB AUTO_INCREMENT=4 DEFAULT CHARSET=utf8 COLLATE=utf8_unicode_ci ;

### Data of table `0_groups` ###

INSERT INTO `0_groups` VALUES
('1', 'Small', '0'),
('2', 'Medium', '0'),
('3', 'Large', '0');

### Structure of table `0_item_codes` ###

DROP TABLE IF EXISTS `0_item_codes`;

CREATE TABLE `0_item_codes` (
  `id` int(11) unsigned NOT NULL AUTO_INCREMENT,
  `item_code` varchar(20) COLLATE utf8_unicode_ci NOT NULL,
  `stock_id` varchar(20) COLLATE utf8_unicode_ci NOT NULL,
  `description` varchar(200) COLLATE utf8_unicode_ci NOT NULL DEFAULT '',
  `category_id` smallint(6) unsigned NOT NULL,
  `quantity` double NOT NULL DEFAULT '1',
  `is_foreign` tinyint(1) NOT NULL DEFAULT '0',
  `inactive` tinyint(1) NOT NULL DEFAULT '0',
  PRIMARY KEY (`id`),
  UNIQUE KEY `stock_id` (`stock_id`,`item_code`),
  KEY `item_code` (`item_code`)
) ENGINE=InnoDB AUTO_INCREMENT=310 DEFAULT CHARSET=utf8 COLLATE=utf8_unicode_ci ;

### Data of table `0_item_codes` ###

INSERT INTO `0_item_codes` VALUES
('1', '01FG', '01FG', 'RESSI TA 210', '1', '1', '0', '0'),
('2', '02FG', '02FG', 'RESSI TA 220', '1', '1', '0', '0'),
('3', '03FG', '03FG', 'RESSI TA 230', '1', '1', '0', '0'),
('4', '04FG', '04FG', 'RESSI TA 240', '1', '1', '0', '0'),
('5', '05FG', '05FG', 'RESSI TA 250', '1', '1', '0', '0'),
('6', '06FG', '06FG', 'RESSI TA 260', '1', '1', '0', '0'),
('7', '07FG', '07FG', 'RESSI TA 270', '1', '1', '0', '0'),
('8', '08FG', '08FG', 'RESSI TA 280', '1', '1', '0', '0'),
('9', '09FG', '09FG', 'RESSI TA 290', '1', '1', '0', '0'),
('10', '10FG', '10FG', 'RESSI TA 0001 B', '1', '1', '0', '0'),
('11', '11FG', '11FG', 'RESSI ETA', '1', '1', '0', '0'),
('12', '12FG', '12FG', 'RESSI TA 2K', '1', '1', '0', '0'),
('13', '13FG', '13FG', 'RESSI TA HPA', '1', '1', '0', '0'),
('14', '14FG', '14FG', 'RESSI TG 810', '2', '1', '0', '0'),
('15', '15FG', '15FG', 'RESSI TG 810 0001 (BRIGHT WHITE)', '2', '1', '0', '0'),
('16', '16FG', '16FG', 'RESSI TG 810 1110 (IVORY)', '2', '1', '0', '0'),
('17', '17FG', '17FG', 'RESSI TG 810 1211 (BEIGE)', '2', '1', '0', '0'),
('18', '18FG', '18FG', 'RESSI TG 810 1421 (DARK BEIGE)', '2', '1', '0', '0'),
('19', '19FG', '19FG', 'RESSI TG 810 1600 (YELLOW)', '2', '1', '0', '0'),
('20', '20FG', '20FG', 'RESSI TG 810 1950 (MAPLE WOOD)', '2', '1', '0', '0'),
('21', '21FG', '21FG', 'RESSI TG 810 2400 (LIGHT GREEN)', '2', '1', '0', '0'),
('22', '22FG', '22FG', 'RESSI TG 810 2770 (AQUA GREEN)', '2', '1', '0', '0'),
('23', '23FG', '23FG', 'RESSI TG 810 3100 (PINK)', '2', '1', '0', '0'),
('24', '24FG', '24FG', 'RESSI TG 810 3700 (TERRACOTTA)', '2', '1', '0', '0'),
('25', '25FG', '25FG', 'RESSI TG 810 4720 (BURGUNDY)', '2', '1', '0', '0'),
('26', '26FG', '26FG', 'RESSI TG 810 5110 (LIGHT GREY)', '2', '1', '0', '0'),
('27', '27FG', '27FG', 'RESSI TG 810 5210 1 (SKY BLUE)', '2', '1', '0', '0'),
('28', '28FG', '28FG', 'RESSI TG 810 5210 2 (MARBLE BEIGE)', '2', '1', '0', '0'),
('29', '29FG', '29FG', 'RESSI TG 810 5410 (Dark Blue)', '2', '1', '0', '0'),
('30', '30FG', '30FG', 'RESSI TG 810 5410 1 (AQUA BLUE)', '2', '1', '0', '0'),
('31', '31FG', '31FG', 'RESSI TG 810 5650 (PURPLE)', '2', '1', '0', '0'),
('32', '32FG', '32FG', 'RESSI TG 810 5960 (INDIGO BLUE)', '2', '1', '0', '0'),
('33', '33FG', '33FG', 'RESSI TG 810 6110 (OFF WHITE)', '2', '1', '0', '0'),
('34', '34FG', '34FG', 'RESSI TG 810 6400 (PEACH)', '2', '1', '0', '0'),
('35', '35FG', '35FG', 'RESSI TG 810 8111 (DARK IVORY)', '2', '1', '0', '0'),
('36', '36FG', '36FG', 'RESSI TG 810 9000 (GREY)', '2', '1', '0', '0'),
('37', '37FG', '37FG', 'RESSI TG 810 9111 (ASH WHITE)', '2', '1', '0', '0'),
('38', '38FG', '38FG', 'RESSI TG 810 9111 1 (DESERT TAN)', '2', '1', '0', '0'),
('39', '39FG', '39FG', 'RESSI TG 810 9200 (DARK GREY)', '2', '1', '0', '0'),
('40', '40FG', '40FG', 'RESSI TG 810 9321 (BROWN)', '2', '1', '0', '0'),
('41', '41FG', '41FG', 'RESSI TG 810 9642 (DARK BROWN)', '2', '1', '0', '0'),
('42', '42FG', '42FG', 'RESSI TG 810 9960 (BLACK)', '2', '1', '0', '0'),
('43', '43FG', '43FG', 'RESSI TG 820 ', '2', '1', '0', '0'),
('44', '44FG', '44FG', 'RESSI TG 2K', '2', '1', '0', '0'),
('45', '45FG', '45FG', 'RESSI TG BATH SEAL 2K ', '2', '1', '0', '0'),
('46', '46FG', '46FG', 'RESSI TG BATH SEAL 2K 810', '2', '1', '0', '0'),
('47', '47FG', '47FG', 'RESSI TG BATH SEAL 2K 810 0001 (BRIGHT WHITE)', '2', '1', '0', '0'),
('48', '48FG', '48FG', 'RESSI TG BATH SEAL 2K 810 1110 (IVORY)', '2', '1', '0', '0'),
('49', '49FG', '49FG', 'RESSI TG BATH SEAL 2K 810 1211 (BEIGE)', '2', '1', '0', '0'),
('50', '50FG', '50FG', 'RESSI TG BATH SEAL 2K 810 1421 (DARK BEIGE)', '2', '1', '0', '0'),
('51', '51FG', '51FG', 'RESSI TG BATH SEAL 2K 810 1600 (YELLOW)', '2', '1', '0', '0'),
('52', '52FG', '52FG', 'RESSI TG BATH SEAL 2K 810 1950 (MAPLE WOOD)', '2', '1', '0', '0'),
('53', '53FG', '53FG', 'RESSI TG BATH SEAL 2K 810 2400 (LIGHT GREEN)', '2', '1', '0', '0'),
('54', '54FG', '54FG', 'RESSI TG BATH SEAL 2K 810 2770 (AQUA GREEN)', '2', '1', '0', '0'),
('55', '55FG', '55FG', 'RESSI TG BATH SEAL 2K 810 3100 (PINK)', '2', '1', '0', '0'),
('56', '56FG', '56FG', 'RESSI TG BATH SEAL 2K 810 3700 (TERRACOTTA)', '2', '1', '0', '0'),
('57', '57FG', '57FG', 'RESSI TG BATH SEAL 2K 810 4720 (BURGUNDY)', '2', '1', '0', '0'),
('58', '58FG', '58FG', 'RESSI TG BATH SEAL 2K 810 5110 (LIGHT GREY)', '2', '1', '0', '0'),
('59', '59FG', '59FG', 'RESSI TG BATH SEAL 2K 810 5210 1 (SKY BLUE)', '2', '1', '0', '0'),
('60', '60FG', '60FG', 'RESSI TG BATH SEAL 2K 810 5210 2 (MARBLE BEIGE)', '2', '1', '0', '0'),
('61', '61FG', '61FG', 'RESSI TG BATH SEAL 2K 810 5410 (Dark Blue)', '2', '1', '0', '0'),
('62', '62FG', '62FG', 'RESSI TG BATH SEAL 2K 810 5410 1 (AQUA BLUE)', '2', '1', '0', '0'),
('63', '63FG', '63FG', 'RESSI TG BATH SEAL 2K 810 5650 (PURPLE)', '2', '1', '0', '0'),
('64', '64FG', '64FG', 'RESSI TG BATH SEAL 2K 810 5960 (INDIGO BLUE)', '2', '1', '0', '0'),
('65', '65FG', '65FG', 'RESSI TG BATH SEAL 2K 810 6110 (OFF WHITE)', '2', '1', '0', '0'),
('66', '66FG', '66FG', 'RESSI TG BATH SEAL 2K 810 6400 (PEACH)', '2', '1', '0', '0'),
('67', '67FG', '67FG', 'RESSI TG BATH SEAL 2K 810 8111 (DARK IVORY)', '2', '1', '0', '0'),
('68', '68FG', '68FG', 'RESSI TG BATH SEAL 2K 810 9000 (GREY)', '2', '1', '0', '0'),
('69', '69FG', '69FG', 'RESSI TG BATH SEAL 2K 810 9111 (ASH WHITE)', '2', '1', '0', '0'),
('70', '70FG', '70FG', 'RESSI TG BATH SEAL 2K 810 9111 1 (DESERT TAN)', '2', '1', '0', '0'),
('71', '71FG', '71FG', 'RESSI TG BATH SEAL 2K 810 9200 (DARK GREY)', '2', '1', '0', '0'),
('72', '72FG', '72FG', 'RESSI TG BATH SEAL 2K 810 9321 (BROWN)', '2', '1', '0', '0'),
('73', '73FG', '73FG', 'RESSI TG BATH SEAL 2K 810 9642 (DARK BROWN)', '2', '1', '0', '0'),
('74', '74FG', '74FG', 'RESSI TG BATH SEAL 2K 810 9960 (BLACK)', '2', '1', '0', '0'),
('75', '75FG', '75FG', 'RESSI TG CR HIGH GLOSS', '2', '1', '0', '0'),
('76', '76FG', '76FG', 'RESSI TG CR SEMI GLOSS', '2', '1', '0', '0'),
('77', '77FG', '77FG', 'RESSI ETG DP MATT ( 1211 )', '2', '1', '0', '0'),
('78', '78FG', '78FG', 'RESSI TILE LATEX 205', '2', '1', '0', '0'),
('79', '79FG', '79FG', 'RESSI SBR 1358 ', '3', '1', '0', '0'),
('80', '80FG', '80FG', 'RESSI SBR 5813 ', '3', '1', '0', '0'),
('81', '81FG', '81FG', 'RESSI SBR 5840 ', '3', '1', '0', '0'),
('82', '82FG', '82FG', 'RESSI SBR 5850', '3', '1', '0', '0'),
('83', '83FG', '83FG', 'RESSI POLYMER B', '3', '1', '0', '0'),
('84', '84FG', '84FG', 'RPR 100', '4', '1', '0', '0'),
('85', '85FG', '85FG', 'RPR 110', '4', '1', '0', '0'),
('86', '86FG', '86FG', 'RPR 110 0001 ', '4', '1', '0', '0'),
('87', '87FG', '87FG', 'RPR 110 0001 B ', '4', '1', '0', '0'),
('88', '88FG', '88FG', 'RPR 110 0002 ', '4', '1', '0', '0'),
('89', '89FG', '89FG', 'RPR 110 0003 ', '4', '1', '0', '0'),
('90', '90FG', '90FG', 'RPR 110 1100 ', '4', '1', '0', '0'),
('91', '91FG', '91FG', 'RPR 110 1101 ', '4', '1', '0', '0'),
('92', '92FG', '92FG', 'RPR 110 1111 ', '4', '1', '0', '0'),
('93', '93FG', '93FG', 'RPR 110 1200 ', '4', '1', '0', '0'),
('94', '94FG', '94FG', 'RPR 110 1210 ', '4', '1', '0', '0'),
('95', '95FG', '95FG', 'RPR 110 1211 ', '4', '1', '0', '0'),
('96', '96FG', '96FG', 'RPR 110 1220 ', '4', '1', '0', '0'),
('97', '97FG', '97FG', 'RPR 110 1320', '4', '1', '0', '0'),
('98', '98FG', '98FG', 'RPR 110 2100 1', '4', '1', '0', '0'),
('99', '99FG', '99FG', 'RPR 110 5210 ', '4', '1', '0', '0'),
('100', '100FG', '100FG', 'RPR 110 5211 ', '4', '1', '0', '0'),
('101', '101FG', '101FG', 'RPR 110 5950 ', '4', '1', '0', '0'),
('102', '102FG', '102FG', 'RPR 110 7000 W', '4', '1', '0', '0'),
('103', '103FG', '103FG', 'RPR 110 9110 W', '4', '1', '0', '0'),
('104', '104FG', '104FG', 'RPR 110 9210 ', '4', '1', '0', '0'),
('105', '105FG', '105FG', 'RPR 110 9210 ', '4', '1', '0', '0'),
('106', '106FG', '106FG', 'RPR 110 9211', '4', '1', '0', '0'),
('107', '107FG', '107FG', 'RPR 110 9400', '4', '1', '0', '0'),
('108', '108FG', '108FG', 'RPR 110 9410', '4', '1', '0', '0'),
('109', '109FG', '109FG', 'RPR 110 9411 ', '4', '1', '0', '0'),
('110', '110FG', '110FG', 'RPR 120', '4', '1', '0', '0'),
('111', '111FG', '111FG', 'RPR 120 C', '4', '1', '0', '0'),
('112', '112FG', '112FG', 'RESSI SC 310', '4', '1', '0', '0'),
('113', '113FG', '113FG', 'RESSI SLS 610', '4', '1', '0', '0'),
('114', '114FG', '114FG', 'RESSI PFS 620', '4', '1', '0', '0'),
('115', '115FG', '115FG', 'RESSI BRC 7000', '4', '1', '0', '0'),
('116', '116FG', '116FG', 'ZEPOXY 100 F', '5', '1', '0', '0'),
('117', '117FG', '117FG', 'ZEPOXY 100 H', '5', '1', '0', '0'),
('118', '118FG', '118FG', 'ZEPOXY 100 Q ', '5', '1', '0', '0'),
('119', '119FG', '119FG', 'ZEPOXY 100 MINI', '5', '1', '0', '0'),
('120', '120FG', '120FG', 'ZEPOXY 150 F', '5', '1', '0', '0'),
('121', '121FG', '121FG', 'ZEPOXY 150 H', '5', '1', '0', '0'),
('122', '122FG', '122FG', 'ZEPOXY 200 F', '5', '1', '0', '0'),
('123', '123FG', '123FG', 'ZEPOXY 200 H', '5', '1', '0', '0'),
('124', '124FG', '124FG', 'ZEPOXY 200 Q', '5', '1', '0', '0'),
('125', '125FG', '125FG', 'ZEPOXY 200 MINI', '5', '1', '0', '0'),
('126', '126FG', '126FG', 'ZEPOXY 250 MINI', '5', '1', '0', '0'),
('127', '127FG', '127FG', 'ZEPOXY 300 F ', '5', '1', '0', '0'),
('128', '128FG', '128FG', 'ZEPOXY 300 Q ', '5', '1', '0', '0'),
('129', '129FG', '129FG', 'ZEPOXY 300 H', '5', '1', '0', '0'),
('130', '130FG', '130FG', 'ZEPOXY 300 MINI', '5', '1', '0', '0'),
('131', '131FG', '131FG', 'ZEPOXY 500 H', '5', '1', '0', '0'),
('132', '132FG', '132FG', 'ZEPOXY 500 MINI', '5', '1', '0', '0'),
('133', '133FG', '133FG', 'ZEPOXY 600 F', '5', '1', '0', '0'),
('134', '134FG', '134FG', 'ZEPOXY 600 H', '5', '1', '0', '0'),
('135', '135FG', '135FG', 'ZEPOXY 600 MINI', '5', '1', '0', '0'),
('136', '136FG', '136FG', 'ZEPOXY 700 F', '5', '1', '0', '0'),
('137', '137FG', '137FG', 'ZEPOXY 700 MINI', '5', '1', '0', '0'),
('138', '138FG', '138FG', 'ZEPOXY 800 MINI', '5', '1', '0', '0'),
('139', '139FG', '139FG', 'ZEPOXY QUICK H', '5', '1', '0', '0'),
('140', '140FG', '140FG', 'ZEPOXY QUICK MINI', '5', '1', '0', '0'),
('141', '141FG', '141FG', 'ZHITE GLUE FULL', '6', '1', '0', '0'),
('142', '142FG', '142FG', 'ZHITE GLUE HALF', '6', '1', '0', '0'),
('143', '143FG', '143FG', 'ZHITE GLUE QUARTER', '6', '1', '0', '0'),
('144', '144FG', '144FG', 'ZHITE GLUE FULL', '6', '1', '0', '0'),
('145', '145FG', '145FG', 'ZHITE GLUE HALF', '6', '1', '0', '0'),
('146', '146FG', '146FG', 'ZHITE GLUE QUARTER', '6', '1', '0', '0'),
('147', '147FG', '147FG', 'RESSI EPO CRACK FILL', '7', '1', '0', '0'),
('148', '148FG', '148FG', 'RESSI EPO PREMIER', '7', '1', '0', '0'),
('149', '149FG', '149FG', 'RESSI EPO TOUGH MIGHT', '7', '1', '0', '0'),
('150', '150FG', '150FG', 'RESSI EPO GLOSS MIGHT', '7', '1', '0', '0'),
('151', '151FG', '151FG', 'RESSI EPO ECO MIGHT', '7', '1', '0', '0'),
('152', '152FG', '152FG', 'RESSI INSUFIX 200', '8', '1', '0', '0'),
('153', '153FG', '153FG', 'RESSI FOAM CRETE', '8', '1', '0', '0'),
('154', '154FG', '154FG', 'RESSI HARDENER', '9', '1', '0', '0'),
('155', '155FG', '155FG', 'RESSI POWDER RELEASE', '9', '1', '0', '0'),
('156', '156FG', '156FG', 'RESSI CHROME SEAL', '9', '1', '0', '0'),
('157', '157FG', '157FG', 'RESSI LIQUID RELEASE', '9', '1', '0', '0'),
('158', '158FG', '158FG', 'RESSI CFM 910', '10', '1', '0', '0'),
('159', '159FG', '159FG', 'RESSI CFM 910 2K', '10', '1', '0', '0'),
('160', '160FG', '160FG', 'RESSI CFM 920', '10', '1', '0', '0'),
('161', '161FG', '161FG', 'RESSI CFM 920 2K', '10', '1', '0', '0'),
('162', '162FG', '162FG', 'RESSI CFM FLEXI 2K', '10', '1', '0', '0'),
('163', '163FG', '163FG', 'RESSI RM 410', '10', '1', '0', '0'),
('164', '164FG', '164FG', 'RESSI RM 410 2K', '10', '1', '0', '0'),
('165', '165FG', '165FG', 'RESSI PUTTY 10000', '10', '1', '0', '0'),
('166', '166FG', '166FG', 'RESSI PUTTY 11000 G', '10', '1', '0', '0'),
('167', '167FG', '167FG', 'RESSI COAT X 491', '10', '1', '0', '0'),
('168', '168FG', '168FG', 'RESSI COAT X 491 3.2', '10', '1', '0', '0'),
('169', '169FG', '169FG', 'SILPRIME 3K', '10', '1', '0', '0'),
('170', '170FG', '170FG', 'RESSI DAMP SEAL', '10', '1', '0', '0'),
('171', '171FG', '171FG', 'SILMIX', '10', '1', '0', '0'),
('172', '172FG', '172FG', 'RESSI HEAT GUARD 1000', '10', '1', '0', '0'),
('173', '173FG', '173FG', 'RESSI SP 099', '10', '1', '0', '0'),
('174', '174FG', '174FG', 'RESSI SP 044N', '10', '1', '0', '0'),
('175', '175FG', '175FG', 'RESSI SP 088', '10', '1', '0', '0'),
('176', '176FG', '176FG', 'SILBLOCK', '10', '1', '0', '0'),
('177', '177FG', '177FG', 'SILBLOCK AG', '10', '1', '0', '0'),
('178', '178FG', '178FG', 'RESSI LURRY 2020', '10', '1', '0', '0'),
('179', '01 DML', '01 DML', 'SILICA SAND', '12', '1', '0', '0'),
('180', '02 DML', '02 DML', 'RED SAND', '12', '1', '0', '0'),
('181', '03 DML', '03 DML', 'GREY CEMENT', '12', '1', '0', '0'),
('182', '04 DML', '04 DML', 'WHITE CEMENT', '12', '1', '0', '0'),
('183', '05 DML', '05 DML', 'WHITE DANAYDAR', '12', '1', '0', '0'),
('184', '06 DML', '06 DML', 'WHITE BAREK', '12', '1', '0', '0'),
('185', '07 DML', '07 DML', 'SUPER WHITE RAKWAL', '12', '1', '0', '0'),
('186', '09 DML', '09 DML', 'CALCIUM STERATE', '12', '1', '0', '0'),
('187', '10 DML', '10 DML', 'SILRES POWDER D', '12', '1', '0', '0'),
('188', '11 DML', '11 DML', 'SILRES POWDER S', '12', '1', '0', '0'),
('189', '12 DML', '12 DML', 'SODA ASH', '12', '1', '0', '0'),
('190', '13 DML', '13 DML', 'TATRIC ACID', '12', '1', '0', '0'),
('191', '14 DML', '14 DML', 'GECEDRAL BZ 111', '12', '1', '0', '0'),
('192', '15 DML', '15 DML', 'GECEDRAL L', '12', '1', '0', '0'),
('193', '16 DML', '16 DML', 'SUPERPAS N2028', '12', '1', '0', '0'),
('194', '17 DML', '17 DML', 'SUPERPAS N2098', '12', '1', '0', '0'),
('195', '18 DML', '18 DML', 'COMBIZELL LH20MR', '12', '1', '0', '0'),
('196', '19 DML', '19 DML', 'TITANIUM', '12', '1', '0', '0'),
('197', '20 DML', '20 DML', 'MULAISES', '12', '1', '0', '0'),
('198', '21 DML', '21 DML', 'POLYNAPTHELENE SULPHONIC ACID', '12', '1', '0', '0'),
('199', '22 DML', '22 DML', 'SODIUM LIGNOSULPHATE', '12', '1', '0', '0'),
('200', '23 DML', '23 DML', 'SILICA FLOUR', '12', '1', '0', '0'),
('201', '24 DML', '24 DML', 'MELLAPLAST', '12', '1', '0', '0'),
('202', '25 DML', '25 DML', 'SUPERCEL 250', '12', '1', '0', '0'),
('203', '26 DML', '26 DML', 'SILIPON RN 6031', '12', '1', '0', '0'),
('204', '27 DML', '27 DML', 'MILOCELL', '12', '1', '0', '0'),
('205', '28 DML', '28 DML', 'MELAMINE', '12', '1', '0', '0'),
('206', '29 DML', '29 DML', 'HIGH ALUMINIA', '12', '1', '0', '0'),
('207', '30 DML', '30 DML', 'BERMODOL AEA 8200', '12', '1', '0', '0'),
('208', '31 DML', '31 DML', 'MANGANESE CHLORIDE', '12', '1', '0', '0'),
('209', '32 DML', '32 DML', 'OPTIBENT MF', '12', '1', '0', '0'),
('210', '33 DML', '33 DML', 'OPTIBENT 602', '12', '1', '0', '0'),
('211', '34 DML', '34 DML', 'IRON OXIDE ORANGE S960', '12', '1', '0', '0'),
('212', '35 DML', '35 DML', 'IRON OXIDE BROWN S660', '12', '1', '0', '0'),
('213', '36 DML', '36 DML', 'IRON OXIDE BLUE U08', '12', '1', '0', '0'),
('214', '37 DML', '37 DML', 'IRON OXIDE GREEN S5605', '12', '1', '0', '0'),
('215', '38 DML', '38 DML', 'IRON OXIDE RED S-110', '12', '1', '0', '0'),
('216', '39 DML', '39 DML', 'IRON OXIDE RED S-120', '12', '1', '0', '0'),
('217', '40 DML', '40 DML', 'IRON OXIDE RED S-140', '12', '1', '0', '0'),
('218', '41 DML', '41 DML', 'IRON OXIDE RED S-190', '12', '1', '0', '0'),
('219', '42 DML', '42 DML', 'IRON OXIDE BLACK 4330-3', '12', '1', '0', '0'),
('220', '43 DML', '43 DML', 'IRON OXIDE YELLOW S920', '12', '1', '0', '0'),
('221', '44 DML', '44 DML', 'IRON OXIDE BROWN 4686', '12', '1', '0', '0'),
('222', '45 DML', '45 DML', 'CALCIUM CARBONATE 100-200 MESH AMIN MARBLE', '12', '1', '0', '0'),
('223', '46 DML', '46 DML', 'CALCIUM CARBONATE 400 STD PAINT', '12', '1', '0', '0'),
('224', '47 DML', '47 DML', 'HYDRATED LIME', '12', '1', '0', '0'),
('225', '48 DML', '48 DML', 'MARBLE POWDER', '12', '1', '0', '0'),
('226', '49 LMI', '49 LMI', 'RESIN YD-128', '13', '1', '0', '0'),
('227', '50 LML', '50 LML', 'RESIN YD-553', '13', '1', '0', '0'),
('228', '51 LML', '51 LML', 'RESIN BYD-7201', '13', '1', '0', '0'),
('229', '52 LML', '52 LML', 'R 2020', '13', '1', '0', '0'),
('230', '53 LML', '53 LML', 'SILRES BS 4004', '13', '1', '0', '0'),
('231', '54 LML', '54 LML', 'XYLENE SOLVENT', '13', '1', '0', '0'),
('232', '55 LML', '55 LML', 'LINDRON 31', '13', '1', '0', '0'),
('233', '56 LML', '56 LML', 'LINDRON 34', '13', '1', '0', '0'),
('234', '57 LML', '57 LML', 'KR 40', '13', '1', '0', '0'),
('235', '58 LML', '58 LML', 'FOAM CONCRETE', '13', '1', '0', '0'),
('236', '59 LML', '59 LML', 'HARDENER TH 7301', '13', '1', '0', '0'),
('237', '60 LML', '60 LML', 'HARDENER TH 7201', '13', '1', '0', '0'),
('238', '61 LML', '61 LML', 'HARDENER TH 4504', '13', '1', '0', '0'),
('239', '62 LML', '62 LML', 'HARDENER TH 3702', '13', '1', '0', '0'),
('240', '63 LML', '63 LML', 'HARDENER TH 7167', '13', '1', '0', '0'),
('241', '64 LML', '64 LML', 'HARDENER TH 7269', '13', '1', '0', '0'),
('242', '65 LML', '65 LML', 'HARDENER 140', '13', '1', '0', '0'),
('243', '66 LML', '66 LML', 'EMULTEX-1602', '13', '1', '0', '0'),
('244', '67 LML', '67 LML', 'PRIMAL CS 4000', '13', '1', '0', '0'),
('245', '68 LML', '68 LML', 'REVACRYL 2091', '13', '1', '0', '0'),
('246', '69 LML', '69 LML', 'REVACRYL 3020', '13', '1', '0', '0'),
('247', '70 LML', '70 LML', 'REVACRYL 478', '13', '1', '0', '0'),
('248', '71 LML', '71 LML', 'SBR', '13', '1', '0', '0'),
('249', '72 LML', '72 LML', 'IMPREGNATING AGENT SK', '13', '1', '0', '0'),
('250', '73 LML', '73 LML', 'BIOCIDE', '13', '1', '0', '0'),
('251', '74 PML', '74 PML', 'PLASTIC BAG TA 210', '14', '1', '0', '0'),
('252', '75 PML', '75 PML', 'PLASTIC BAG TA 220', '14', '1', '0', '0'),
('253', '76 PML', '76 PML', 'PLASTIC BAG TA 230', '14', '1', '0', '0'),
('254', '77 PML', '77 PML', 'PLASTIC LDPE 1 KG (TG 810)', '14', '1', '0', '0'),
('255', '78 PML', '78 PML', 'PLASTIC LDPE 2 KG', '14', '1', '0', '0'),
('256', '79 PML', '79 PML', 'PAPER BAG 50 KG VALVE RPR 110', '14', '1', '0', '0'),
('257', '80 PML', '80 PML', 'CORRUGATED CARTON FOR 1 KG POUCH', '14', '1', '0', '0'),
('258', '81 PML', '81 PML', 'CORRUGATED CARTON FOR UNIVERSAL', '14', '1', '0', '0'),
('259', '82 PML', '82 PML', 'PAPER BOX X 491', '14', '1', '0', '0'),
('260', '83 PML', '83 PML', 'CORRUGATED CARTON FOR ZEPOXY', '14', '1', '0', '0'),
('261', '84 PML', '84 PML', 'PAPER BOX BATH SEAL 2K', '14', '1', '0', '0'),
('262', '85 PML', '85 PML', 'PLASTIC BAG TG 820 1KG', '14', '1', '0', '0'),
('263', '86 PML', '86 PML', 'PAPER BOX ETG DP MATT', '14', '1', '0', '0'),
('264', '87 PML', '87 PML', 'PAPER BOX ETG 2K', '14', '1', '0', '0'),
('265', '88 PML', '88 PML', 'PLASTIC BAG BATH SEAL 2K', '14', '1', '0', '0'),
('266', '89 PML', '89 PML', 'PLASTIC BAG ETG DP MATT', '14', '1', '0', '0'),
('267', '90 PML', '90 PML', 'PLASTIC BAG TG 2K', '14', '1', '0', '0'),
('268', '91 PML', '91 PML', 'GLUE BOTTLE SMALL', '14', '1', '0', '0'),
('269', '92 PML', '92 PML', 'GLUE BOTTLE MEDIUM', '14', '1', '0', '0'),
('270', '93 PML', '93 PML', 'GLUE BOTTLE LARGE', '14', '1', '0', '0'),
('271', '94 PML', '94 PML', 'CAP GLUE BOTTLE RED', '14', '1', '0', '0'),
('272', '95 PML', '95 PML', 'CAP GLUE BOTTLE BLUE', '14', '1', '0', '0'),
('273', '96 PML', '96 PML', 'PET BOTTLE WITH CAP (FLINT)', '14', '1', '0', '0'),
('274', '97 PML', '97 PML', 'PET BOTTLE WITH CAP (SQUARE)', '14', '1', '0', '0'),
('275', '1001FG', '1001FG', 'ZEPOXY STEEL 5 MINS', '5', '1', '0', '0'),
('276', '1002FG', '1002FG', 'RESSI SBR 5850', '3', '1', '0', '0'),
('278', '1005FG', '1005FG', 'RESSI SBR 5850', '3', '1', '0', '0'),
('279', '1006FG', '1006FG', 'RPR 110 9210 W', '4', '1', '0', '0'),
('280', '1007FG', '1007FG', 'ZEPOXY 100 ( RESIN )', '5', '1', '0', '0'),
('281', '1009FG', '1009FG', 'RESSI TG 810 9211 ( SPECIAL COLOUR )', '2', '1', '0', '0'),
('282', '1010FG', '1010FG', 'RESSI TG 810 ( SPECIAL COLOUR )', '2', '1', '0', '0'),
('283', '1011FG', '1011FG', 'RPR 120 RSW 0000', '4', '1', '0', '0'),
('284', '1012FG', '1012FG', 'RESSI GLOSS MIGHT ( LIGHT GREY COLOUR )', '7', '1', '0', '0'),
('285', '1013FG', '1013FG', 'SILBLOCK WB ( SK DAILUTED )', '3', '1', '0', '0'),
('286', '1014FG', '1014FG', 'ZEPOXY STEEL 5 MINS', '5', '1', '0', '0'),
('287', '1015FG', '1015FG', 'SILBLOCK WL', '10', '1', '0', '0'),
('288', '1016FG', '1016FG', 'RESSI COAT X 491', '10', '1', '0', '0'),
('289', '1017FG', '1017FG', 'ZEPOXY 100 MINI', '5', '1', '0', '0'),
('290', '1018FG', '1018FG', 'ZEPOXY STEEL 90 MINS', '5', '1', '0', '0'),
('291', '1019FG', '1019FG', 'RESSI TA 240', '1', '1', '0', '0'),
('292', '1020FG', '1020FG', 'ZHITE GLUE', '6', '1', '0', '0'),
('293', '1021FG', '1021FG', 'SILBLOCK', '10', '1', '0', '0'),
('294', '1022FG', '1022FG', 'RPR 110 7000 W', '4', '1', '0', '0'),
('295', '1023FG', '1023FG', 'RPR 110 3900 X 4', '4', '1', '0', '0'),
('296', '02DML', '02DML', 'RED SAND', '12', '1', '0', '0'),
('297', '1024FG', '1024FG', 'RESSI COAT X 491 LIQUIED', '10', '1', '0', '0'),
('298', '1025FG', '1025FG', 'RESSI COAT X 491', '10', '1', '0', '0'),
('299', '1026FG', '1026FG', 'RPR 110 0000', '4', '1', '0', '0'),
('300', '1027FG', '1027FG', 'ZEPOXY 900 PASTE', '5', '1', '0', '0'),
('301', '1028FG', '1028FG', 'RESSI ETG DP MATT ( 9321 )', '2', '1', '0', '0'),
('302', '1029FG', '1029FG', 'POLYMER B', '10', '1', '0', '0'),
('303', '1030FG', '1030FG', 'RESSI SBR 5840', '3', '1', '0', '0'),
('304', '1031FG', '1031FG', 'RPR 120 3100-1', '4', '1', '0', '0'),
('305', '1033FG', '1033FG', 'SILDIP ( SK PURE )', '10', '1', '0', '0'),
('306', '1034FG', '1034FG', 'ZEPOXY CRYSTAL 5 MINS', '5', '1', '0', '0'),
('307', '1035FG', '1035FG', 'ZEPOXY STEEL 5 MINS', '5', '1', '0', '0'),
('308', '1036FG', '1036FG', 'RESSI WPS', '10', '1', '0', '0'),
('309', '1037FG', '1037FG', 'RESSI EPO CHEM MIGHT ( 1000 Micron )', '7', '1', '0', '0');

### Structure of table `0_item_tax_type_exemptions` ###

DROP TABLE IF EXISTS `0_item_tax_type_exemptions`;

CREATE TABLE `0_item_tax_type_exemptions` (
  `item_tax_type_id` int(11) NOT NULL DEFAULT '0',
  `tax_type_id` int(11) NOT NULL DEFAULT '0',
  PRIMARY KEY (`item_tax_type_id`,`tax_type_id`)
) ENGINE=InnoDB DEFAULT CHARSET=utf8 COLLATE=utf8_unicode_ci ;

### Data of table `0_item_tax_type_exemptions` ###


### Structure of table `0_item_tax_types` ###

DROP TABLE IF EXISTS `0_item_tax_types`;

CREATE TABLE `0_item_tax_types` (
  `id` int(11) NOT NULL AUTO_INCREMENT,
  `name` varchar(60) COLLATE utf8_unicode_ci NOT NULL DEFAULT '',
  `exempt` tinyint(1) NOT NULL DEFAULT '0',
  `inactive` tinyint(1) NOT NULL DEFAULT '0',
  PRIMARY KEY (`id`),
  UNIQUE KEY `name` (`name`)
) ENGINE=InnoDB AUTO_INCREMENT=3 DEFAULT CHARSET=utf8 COLLATE=utf8_unicode_ci ;

### Data of table `0_item_tax_types` ###

INSERT INTO `0_item_tax_types` VALUES
('1', 'Tax Exempt', '0', '0'),
('2', 'Taxable', '0', '0');

### Structure of table `0_item_units` ###

DROP TABLE IF EXISTS `0_item_units`;

CREATE TABLE `0_item_units` (
  `abbr` varchar(20) COLLATE utf8_unicode_ci NOT NULL,
  `name` varchar(40) COLLATE utf8_unicode_ci NOT NULL,
  `decimals` tinyint(2) NOT NULL,
  `inactive` tinyint(1) NOT NULL DEFAULT '0',
  PRIMARY KEY (`abbr`),
  UNIQUE KEY `name` (`name`)
) ENGINE=InnoDB DEFAULT CHARSET=utf8 COLLATE=utf8_unicode_ci ;

### Data of table `0_item_units` ###

INSERT INTO `0_item_units` VALUES
('BG', 'Bags', '0', '0'),
('BKT', 'Bucket', '-1', '0'),
('BX', 'Boxs', '-1', '0'),
('CN', 'Cans', '-1', '0'),
('each', 'Each', '0', '0'),
('KG', 'Kilogram', '-1', '0'),
('KT', 'Kits', '0', '0'),
('LTR', 'Liter', '-1', '0'),
('PCH', 'Pouch', '-1', '0'),
('SFT', 'Squarefit', '-1', '0');

### Structure of table `0_journal` ###

DROP TABLE IF EXISTS `0_journal`;

CREATE TABLE `0_journal` (
  `type` smallint(6) NOT NULL DEFAULT '0',
  `trans_no` int(11) NOT NULL DEFAULT '0',
  `tran_date` date DEFAULT '0000-00-00',
  `reference` varchar(60) COLLATE utf8_unicode_ci NOT NULL DEFAULT '',
  `source_ref` varchar(60) COLLATE utf8_unicode_ci NOT NULL DEFAULT '',
  `event_date` date DEFAULT '0000-00-00',
  `doc_date` date NOT NULL DEFAULT '0000-00-00',
  `currency` char(3) COLLATE utf8_unicode_ci NOT NULL DEFAULT '',
  `amount` double NOT NULL DEFAULT '0',
  `rate` double NOT NULL DEFAULT '1',
  PRIMARY KEY (`type`,`trans_no`),
  KEY `tran_date` (`tran_date`)
) ENGINE=InnoDB DEFAULT CHARSET=utf8 COLLATE=utf8_unicode_ci ;

### Data of table `0_journal` ###

INSERT INTO `0_journal` VALUES
('0', '1', '2017-05-31', '001/2017', '', '2017-05-31', '2017-05-31', 'PKR', '10000', '1'),
('0', '2', '2017-05-31', '002/2017', '123', '2017-05-31', '2017-05-31', 'PKR', '5000', '1'),
('0', '3', '2017-05-31', '003/2017', '', '2017-05-31', '2017-05-31', 'PKR', '50000', '1'),
('0', '4', '2017-05-31', '004/2017', '112', '2017-05-31', '2017-05-31', 'PKR', '5630', '1'),
('0', '5', '2017-06-02', '005/2017', 'INV34273864', '2017-06-02', '2017-06-02', 'PKR', '100000', '1'),
('0', '6', '2017-06-06', '006/2017', '', '2017-06-06', '2017-06-06', 'PKR', '200000', '1'),
('0', '7', '2017-06-07', '007/2017', 'OB1', '2017-06-07', '2017-06-07', 'PKR', '10000', '1'),
('0', '8', '2017-06-16', '008/2017', '001', '2017-06-16', '2017-06-16', 'PKR', '100000', '1'),
('0', '9', '2017-06-16', '009/2017', '002', '2017-06-16', '2017-06-16', 'PKR', '80000', '1'),
('0', '10', '2017-06-16', '010/2017', '1003', '2017-06-16', '2017-06-16', 'PKR', '25000', '1'),
('0', '11', '2017-06-16', '011/2017', '1004', '2017-06-16', '2017-06-16', 'PKR', '30000', '1'),
('0', '12', '2017-06-16', '012/2017', '1005', '2017-06-16', '2017-06-16', 'PKR', '35000', '1'),
('0', '13', '2017-06-16', '013/2017', '1006', '2017-06-16', '2017-06-16', 'PKR', '6000', '1'),
('0', '14', '2017-06-16', '014/2017', '', '2017-06-16', '2017-06-16', 'PKR', '7000', '1'),
('0', '15', '2017-06-16', '015/2017', '1001', '2017-06-16', '2017-06-16', 'PKR', '60000', '1'),
('0', '16', '2017-06-16', '016/2017', '1002', '2017-06-16', '2017-06-16', 'PKR', '40000', '1'),
('0', '17', '2017-07-04', '017/2017', '', '2017-07-04', '2017-07-04', 'PKR', '0', '1'),
('0', '18', '2017-06-30', '018/2017', '', '2017-07-31', '2017-07-31', 'PKR', '66291', '1'),
('0', '19', '2017-06-30', '019/2017', '', '2017-07-31', '2017-07-31', 'PKR', '8822016.66', '1'),
('0', '20', '2017-06-30', '020/2017', '', '2017-07-31', '2017-07-31', 'PKR', '4125188.66', '1'),
('0', '21', '2017-06-30', '021/2017', '', '2017-07-31', '2017-07-31', 'PKR', '65504890.74', '1'),
('0', '22', '2017-06-30', '022/2017', '', '2017-07-31', '2017-07-31', 'PKR', '222047648.12', '1'),
('0', '23', '2017-06-30', '023/2017', '', '2017-07-31', '2017-07-31', 'PKR', '14413774.2', '1');

### Structure of table `0_loc_stock` ###

DROP TABLE IF EXISTS `0_loc_stock`;

CREATE TABLE `0_loc_stock` (
  `loc_code` char(5) COLLATE utf8_unicode_ci NOT NULL DEFAULT '',
  `stock_id` char(20) COLLATE utf8_unicode_ci NOT NULL DEFAULT '',
  `reorder_level` double NOT NULL DEFAULT '0',
  PRIMARY KEY (`loc_code`,`stock_id`),
  KEY `stock_id` (`stock_id`)
) ENGINE=InnoDB DEFAULT CHARSET=utf8 COLLATE=utf8_unicode_ci ;

### Data of table `0_loc_stock` ###

INSERT INTO `0_loc_stock` VALUES
('DEF', '01 DML', '0'),
('DEF', '01FG', '0'),
('DEF', '02 DML', '0'),
('DEF', '02DML', '0'),
('DEF', '02FG', '0'),
('DEF', '03 DML', '0'),
('DEF', '03FG', '0'),
('DEF', '04 DML', '0'),
('DEF', '04FG', '0'),
('DEF', '05 DML', '0'),
('DEF', '05FG', '0'),
('DEF', '06 DML', '0'),
('DEF', '06FG', '0'),
('DEF', '07 DML', '0'),
('DEF', '07FG', '0'),
('DEF', '08FG', '0'),
('DEF', '09 DML', '0'),
('DEF', '09FG', '0'),
('DEF', '10 DML', '0'),
('DEF', '1001FG', '0'),
('DEF', '1002FG', '0'),
('DEF', '1005FG', '0'),
('DEF', '1006FG', '0'),
('DEF', '1007FG', '0'),
('DEF', '1009FG', '0'),
('DEF', '100FG', '0'),
('DEF', '1010FG', '0'),
('DEF', '1011FG', '0'),
('DEF', '1012FG', '0'),
('DEF', '1013FG', '0'),
('DEF', '1014FG', '0'),
('DEF', '1015FG', '0'),
('DEF', '1016FG', '0'),
('DEF', '1017FG', '0'),
('DEF', '1018FG', '0'),
('DEF', '1019FG', '0'),
('DEF', '101FG', '0'),
('DEF', '1020FG', '0'),
('DEF', '1021FG', '0'),
('DEF', '1022FG', '0'),
('DEF', '1023FG', '0'),
('DEF', '1024FG', '0'),
('DEF', '1025FG', '0'),
('DEF', '1026FG', '0'),
('DEF', '1027FG', '0'),
('DEF', '1028FG', '0'),
('DEF', '1029FG', '0'),
('DEF', '102FG', '0'),
('DEF', '1030FG', '0'),
('DEF', '1031FG', '0'),
('DEF', '1033FG', '0'),
('DEF', '1034FG', '0'),
('DEF', '1035FG', '0'),
('DEF', '1036FG', '0'),
('DEF', '1037FG', '0'),
('DEF', '103FG', '0'),
('DEF', '104FG', '0'),
('DEF', '105FG', '0'),
('DEF', '106FG', '0'),
('DEF', '107FG', '0'),
('DEF', '108FG', '0'),
('DEF', '109FG', '0'),
('DEF', '10FG', '0'),
('DEF', '11 DML', '0'),
('DEF', '110FG', '0'),
('DEF', '111FG', '0'),
('DEF', '112FG', '0'),
('DEF', '113FG', '0'),
('DEF', '114FG', '0'),
('DEF', '115FG', '0'),
('DEF', '116FG', '0'),
('DEF', '117FG', '0'),
('DEF', '118FG', '0'),
('DEF', '119FG', '0'),
('DEF', '11FG', '0'),
('DEF', '12 DML', '0'),
('DEF', '120FG', '0'),
('DEF', '121FG', '0'),
('DEF', '122FG', '0'),
('DEF', '123FG', '0'),
('DEF', '124FG', '0'),
('DEF', '125FG', '0'),
('DEF', '126FG', '0'),
('DEF', '127FG', '0'),
('DEF', '128FG', '0'),
('DEF', '129FG', '0'),
('DEF', '12FG', '0'),
('DEF', '13 DML', '0'),
('DEF', '130FG', '0'),
('DEF', '131FG', '0'),
('DEF', '132FG', '0'),
('DEF', '133FG', '0'),
('DEF', '134FG', '0'),
('DEF', '135FG', '0'),
('DEF', '136FG', '0'),
('DEF', '137FG', '0'),
('DEF', '138FG', '0'),
('DEF', '139FG', '0'),
('DEF', '13FG', '0'),
('DEF', '14 DML', '0'),
('DEF', '140FG', '0'),
('DEF', '141FG', '0'),
('DEF', '142FG', '0'),
('DEF', '143FG', '0'),
('DEF', '144FG', '0'),
('DEF', '145FG', '0'),
('DEF', '146FG', '0'),
('DEF', '147FG', '0'),
('DEF', '148FG', '0'),
('DEF', '149FG', '0'),
('DEF', '14FG', '0'),
('DEF', '15 DML', '0'),
('DEF', '150FG', '0'),
('DEF', '151FG', '0'),
('DEF', '152FG', '0'),
('DEF', '153FG', '0'),
('DEF', '154FG', '0'),
('DEF', '155FG', '0'),
('DEF', '156FG', '0'),
('DEF', '157FG', '0'),
('DEF', '158FG', '0'),
('DEF', '159FG', '0'),
('DEF', '15FG', '0'),
('DEF', '16 DML', '0'),
('DEF', '160FG', '0'),
('DEF', '161FG', '0'),
('DEF', '162FG', '0'),
('DEF', '163FG', '0'),
('DEF', '164FG', '0'),
('DEF', '165FG', '0'),
('DEF', '166FG', '0'),
('DEF', '167FG', '0'),
('DEF', '168FG', '0'),
('DEF', '169FG', '0'),
('DEF', '16FG', '0'),
('DEF', '17 DML', '0'),
('DEF', '170FG', '0'),
('DEF', '171FG', '0'),
('DEF', '172FG', '0'),
('DEF', '173FG', '0'),
('DEF', '174FG', '0'),
('DEF', '175FG', '0'),
('DEF', '176FG', '0'),
('DEF', '177FG', '0'),
('DEF', '178FG', '0'),
('DEF', '17FG', '0'),
('DEF', '18 DML', '0'),
('DEF', '18FG', '0'),
('DEF', '19 DML', '0'),
('DEF', '19FG', '0'),
('DEF', '20 DML', '0'),
('DEF', '20FG', '0'),
('DEF', '21 DML', '0'),
('DEF', '21FG', '0'),
('DEF', '22 DML', '0'),
('DEF', '22FG', '0'),
('DEF', '23 DML', '0'),
('DEF', '23FG', '0'),
('DEF', '24 DML', '0'),
('DEF', '24FG', '0'),
('DEF', '25 DML', '0'),
('DEF', '25FG', '0'),
('DEF', '26 DML', '0'),
('DEF', '26FG', '0'),
('DEF', '27 DML', '0'),
('DEF', '27FG', '0'),
('DEF', '28 DML', '0'),
('DEF', '28FG', '0'),
('DEF', '29 DML', '0'),
('DEF', '29FG', '0'),
('DEF', '30 DML', '0'),
('DEF', '30FG', '0'),
('DEF', '31 DML', '0'),
('DEF', '31FG', '0'),
('DEF', '32 DML', '0'),
('DEF', '32FG', '0'),
('DEF', '33 DML', '0'),
('DEF', '33FG', '0'),
('DEF', '34 DML', '0'),
('DEF', '34FG', '0'),
('DEF', '35 DML', '0'),
('DEF', '35FG', '0'),
('DEF', '36 DML', '0'),
('DEF', '36FG', '0'),
('DEF', '37 DML', '0'),
('DEF', '37FG', '0'),
('DEF', '38 DML', '0'),
('DEF', '38FG', '0'),
('DEF', '39 DML', '0'),
('DEF', '39FG', '0'),
('DEF', '40 DML', '0'),
('DEF', '40FG', '0'),
('DEF', '41 DML', '0'),
('DEF', '41FG', '0'),
('DEF', '42 DML', '0'),
('DEF', '42FG', '0'),
('DEF', '43 DML', '0'),
('DEF', '43FG', '0'),
('DEF', '44 DML', '0'),
('DEF', '44FG', '0'),
('DEF', '45 DML', '0'),
('DEF', '45FG', '0'),
('DEF', '46 DML', '0'),
('DEF', '46FG', '0'),
('DEF', '47 DML', '0'),
('DEF', '47FG', '0'),
('DEF', '48 DML', '0'),
('DEF', '48FG', '0'),
('DEF', '49 LMI', '0'),
('DEF', '49FG', '0'),
('DEF', '50 LML', '0'),
('DEF', '50FG', '0'),
('DEF', '51 LML', '0'),
('DEF', '51FG', '0'),
('DEF', '52 LML', '0'),
('DEF', '52FG', '0'),
('DEF', '53 LML', '0'),
('DEF', '53FG', '0'),
('DEF', '54 LML', '0'),
('DEF', '54FG', '0'),
('DEF', '55 LML', '0'),
('DEF', '55FG', '0'),
('DEF', '56 LML', '0'),
('DEF', '56FG', '0'),
('DEF', '57 LML', '0'),
('DEF', '57FG', '0'),
('DEF', '58 LML', '0'),
('DEF', '58FG', '0'),
('DEF', '59 LML', '0'),
('DEF', '59FG', '0'),
('DEF', '60 LML', '0'),
('DEF', '60FG', '0'),
('DEF', '61 LML', '0'),
('DEF', '61FG', '0'),
('DEF', '62 LML', '0'),
('DEF', '62FG', '0'),
('DEF', '63 LML', '0'),
('DEF', '63FG', '0'),
('DEF', '64 LML', '0'),
('DEF', '64FG', '0'),
('DEF', '65 LML', '0'),
('DEF', '65FG', '0'),
('DEF', '66 LML', '0'),
('DEF', '66FG', '0'),
('DEF', '67 LML', '0'),
('DEF', '67FG', '0'),
('DEF', '68 LML', '0'),
('DEF', '68FG', '0'),
('DEF', '69 LML', '0'),
('DEF', '69FG', '0'),
('DEF', '70 LML', '0'),
('DEF', '70FG', '0'),
('DEF', '71 LML', '0'),
('DEF', '71FG', '0'),
('DEF', '72 LML', '0'),
('DEF', '72FG', '0'),
('DEF', '73 LML', '0'),
('DEF', '73FG', '0'),
('DEF', '74 PML', '0'),
('DEF', '74FG', '0'),
('DEF', '75 PML', '0'),
('DEF', '75FG', '0'),
('DEF', '76 PML', '0'),
('DEF', '76FG', '0'),
('DEF', '77 PML', '0'),
('DEF', '77FG', '0'),
('DEF', '78 PML', '0'),
('DEF', '78FG', '0'),
('DEF', '79 PML', '0'),
('DEF', '79FG', '0'),
('DEF', '80 PML', '0'),
('DEF', '80FG', '0'),
('DEF', '81 PML', '0'),
('DEF', '81FG', '0'),
('DEF', '82 PML', '0'),
('DEF', '82FG', '0'),
('DEF', '83 PML', '0'),
('DEF', '83FG', '0'),
('DEF', '84 PML', '0'),
('DEF', '84FG', '0'),
('DEF', '85 PML', '0'),
('DEF', '85FG', '0'),
('DEF', '86 PML', '0'),
('DEF', '86FG', '0'),
('DEF', '87 PML', '0'),
('DEF', '87FG', '0'),
('DEF', '88 PML', '0'),
('DEF', '88FG', '0'),
('DEF', '89 PML', '0'),
('DEF', '89FG', '0'),
('DEF', '90 PML', '0'),
('DEF', '90FG', '0'),
('DEF', '91 PML', '0'),
('DEF', '91FG', '0'),
('DEF', '92 PML', '0'),
('DEF', '92FG', '0'),
('DEF', '93 PML', '0'),
('DEF', '93FG', '0'),
('DEF', '94 PML', '0'),
('DEF', '94FG', '0'),
('DEF', '95 PML', '0'),
('DEF', '95FG', '0'),
('DEF', '96 PML', '0'),
('DEF', '96FG', '0'),
('DEF', '97 PML', '0'),
('DEF', '97FG', '0'),
('DEF', '98FG', '0'),
('DEF', '99FG', '0'),
('KHI', '02DML', '0'),
('KHI', '1001FG', '0'),
('KHI', '1002FG', '0'),
('KHI', '1005FG', '0'),
('KHI', '1006FG', '0'),
('KHI', '1007FG', '0'),
('KHI', '1009FG', '0'),
('KHI', '1010FG', '0'),
('KHI', '1011FG', '0'),
('KHI', '1012FG', '0'),
('KHI', '1013FG', '0'),
('KHI', '1014FG', '0'),
('KHI', '1015FG', '0'),
('KHI', '1016FG', '0'),
('KHI', '1017FG', '0'),
('KHI', '1018FG', '0'),
('KHI', '1019FG', '0'),
('KHI', '1020FG', '0'),
('KHI', '1021FG', '0'),
('KHI', '1022FG', '0'),
('KHI', '1023FG', '0'),
('KHI', '1024FG', '0'),
('KHI', '1025FG', '0'),
('KHI', '1026FG', '0'),
('KHI', '1027FG', '0'),
('KHI', '1028FG', '0'),
('KHI', '1029FG', '0'),
('KHI', '1030FG', '0'),
('KHI', '1031FG', '0'),
('KHI', '1033FG', '0'),
('KHI', '1034FG', '0'),
('KHI', '1035FG', '0'),
('KHI', '1036FG', '0'),
('KHI', '1037FG', '0'),
('LHE', '02DML', '0'),
('LHE', '1001FG', '0'),
('LHE', '1002FG', '0'),
('LHE', '1005FG', '0'),
('LHE', '1006FG', '0'),
('LHE', '1007FG', '0'),
('LHE', '1009FG', '0'),
('LHE', '1010FG', '0'),
('LHE', '1011FG', '0'),
('LHE', '1012FG', '0'),
('LHE', '1013FG', '0'),
('LHE', '1014FG', '0'),
('LHE', '1015FG', '0'),
('LHE', '1016FG', '0'),
('LHE', '1017FG', '0'),
('LHE', '1018FG', '0'),
('LHE', '1019FG', '0'),
('LHE', '1020FG', '0'),
('LHE', '1021FG', '0'),
('LHE', '1022FG', '0'),
('LHE', '1023FG', '0'),
('LHE', '1024FG', '0'),
('LHE', '1025FG', '0'),
('LHE', '1026FG', '0'),
('LHE', '1027FG', '0'),
('LHE', '1028FG', '0'),
('LHE', '1029FG', '0'),
('LHE', '1030FG', '0'),
('LHE', '1031FG', '0'),
('LHE', '1033FG', '0'),
('LHE', '1034FG', '0'),
('LHE', '1035FG', '0'),
('LHE', '1036FG', '0'),
('LHE', '1037FG', '0');

### Structure of table `0_locations` ###

DROP TABLE IF EXISTS `0_locations`;

CREATE TABLE `0_locations` (
  `loc_code` varchar(5) COLLATE utf8_unicode_ci NOT NULL DEFAULT '',
  `location_name` varchar(60) COLLATE utf8_unicode_ci NOT NULL DEFAULT '',
  `delivery_address` tinytext COLLATE utf8_unicode_ci NOT NULL,
  `phone` varchar(30) COLLATE utf8_unicode_ci NOT NULL DEFAULT '',
  `phone2` varchar(30) COLLATE utf8_unicode_ci NOT NULL DEFAULT '',
  `fax` varchar(30) COLLATE utf8_unicode_ci NOT NULL DEFAULT '',
  `email` varchar(100) COLLATE utf8_unicode_ci NOT NULL DEFAULT '',
  `contact` varchar(30) COLLATE utf8_unicode_ci NOT NULL DEFAULT '',
  `fixed_asset` tinyint(1) NOT NULL DEFAULT '0',
  `inactive` tinyint(1) NOT NULL DEFAULT '0',
  PRIMARY KEY (`loc_code`)
) ENGINE=InnoDB DEFAULT CHARSET=utf8 COLLATE=utf8_unicode_ci ;

### Data of table `0_locations` ###

INSERT INTO `0_locations` VALUES
('DEF', 'Default', 'N/A', '', '', '', '', '', '0', '0'),
('KHI', 'Karachi', '', '', '', '', '', '', '1', '0'),
('LHE', 'Lahore', '', '', '', '', '', '', '1', '0');

### Structure of table `0_movement_types` ###

DROP TABLE IF EXISTS `0_movement_types`;

CREATE TABLE `0_movement_types` (
  `id` int(11) NOT NULL AUTO_INCREMENT,
  `name` varchar(60) COLLATE utf8_unicode_ci NOT NULL DEFAULT '',
  `inactive` tinyint(1) NOT NULL DEFAULT '0',
  PRIMARY KEY (`id`),
  UNIQUE KEY `name` (`name`)
) ENGINE=MyISAM AUTO_INCREMENT=3 DEFAULT CHARSET=utf8 COLLATE=utf8_unicode_ci ;

### Data of table `0_movement_types` ###

INSERT INTO `0_movement_types` VALUES
('1', 'Adjustment', '0'),
('2', 'Opening Balance', '0');

### Structure of table `0_payment_terms` ###

DROP TABLE IF EXISTS `0_payment_terms`;

CREATE TABLE `0_payment_terms` (
  `terms_indicator` int(11) NOT NULL AUTO_INCREMENT,
  `terms` char(80) COLLATE utf8_unicode_ci NOT NULL DEFAULT '',
  `days_before_due` smallint(6) NOT NULL DEFAULT '0',
  `day_in_following_month` smallint(6) NOT NULL DEFAULT '0',
  `inactive` tinyint(1) NOT NULL DEFAULT '0',
  PRIMARY KEY (`terms_indicator`),
  UNIQUE KEY `terms` (`terms`)
) ENGINE=InnoDB AUTO_INCREMENT=9 DEFAULT CHARSET=utf8 COLLATE=utf8_unicode_ci ;

### Data of table `0_payment_terms` ###

INSERT INTO `0_payment_terms` VALUES
('1', 'Due 15th Of the Following Month', '0', '17', '0'),
('2', 'Bill To Bill', '10', '0', '0'),
('3', 'Payment due within 10 days', '10', '0', '0'),
('4', 'Cash Only', '2', '0', '0'),
('5', '03 Days', '3', '0', '0'),
('6', 'N/A', '30', '0', '0'),
('7', 'After Application', '15', '0', '0'),
('8', '50%  Advance', '3', '0', '0');

### Structure of table `0_prices` ###

DROP TABLE IF EXISTS `0_prices`;

CREATE TABLE `0_prices` (
  `id` int(11) NOT NULL AUTO_INCREMENT,
  `stock_id` varchar(20) COLLATE utf8_unicode_ci NOT NULL DEFAULT '',
  `sales_type_id` int(11) NOT NULL DEFAULT '0',
  `curr_abrev` char(3) COLLATE utf8_unicode_ci NOT NULL DEFAULT '',
  `price` double NOT NULL DEFAULT '0',
  PRIMARY KEY (`id`),
  UNIQUE KEY `price` (`stock_id`,`sales_type_id`,`curr_abrev`)
) ENGINE=InnoDB AUTO_INCREMENT=5 DEFAULT CHARSET=utf8 COLLATE=utf8_unicode_ci ;

### Data of table `0_prices` ###

INSERT INTO `0_prices` VALUES
('4', '1002', '2', 'PKR', '200');

### Structure of table `0_print_profiles` ###

DROP TABLE IF EXISTS `0_print_profiles`;

CREATE TABLE `0_print_profiles` (
  `id` smallint(6) unsigned NOT NULL AUTO_INCREMENT,
  `profile` varchar(30) COLLATE utf8_unicode_ci NOT NULL,
  `report` varchar(5) COLLATE utf8_unicode_ci DEFAULT NULL,
  `printer` tinyint(3) unsigned DEFAULT NULL,
  PRIMARY KEY (`id`),
  UNIQUE KEY `profile` (`profile`,`report`)
) ENGINE=InnoDB AUTO_INCREMENT=10 DEFAULT CHARSET=utf8 COLLATE=utf8_unicode_ci ;

### Data of table `0_print_profiles` ###

INSERT INTO `0_print_profiles` VALUES
('1', 'Out of office', NULL, '0'),
('2', 'Sales Department', NULL, '0'),
('3', 'Central', NULL, '2'),
('4', 'Sales Department', '104', '2'),
('5', 'Sales Department', '105', '2'),
('6', 'Sales Department', '107', '2'),
('7', 'Sales Department', '109', '2'),
('8', 'Sales Department', '110', '2'),
('9', 'Sales Department', '201', '2');

### Structure of table `0_printers` ###

DROP TABLE IF EXISTS `0_printers`;

CREATE TABLE `0_printers` (
  `id` tinyint(3) unsigned NOT NULL AUTO_INCREMENT,
  `name` varchar(20) COLLATE utf8_unicode_ci NOT NULL,
  `description` varchar(60) COLLATE utf8_unicode_ci NOT NULL,
  `queue` varchar(20) COLLATE utf8_unicode_ci NOT NULL,
  `host` varchar(40) COLLATE utf8_unicode_ci NOT NULL,
  `port` smallint(11) unsigned NOT NULL,
  `timeout` tinyint(3) unsigned NOT NULL,
  PRIMARY KEY (`id`),
  UNIQUE KEY `name` (`name`)
) ENGINE=InnoDB AUTO_INCREMENT=4 DEFAULT CHARSET=utf8 COLLATE=utf8_unicode_ci ;

### Data of table `0_printers` ###

INSERT INTO `0_printers` VALUES
('1', 'QL500', 'Label printer', 'QL500', 'server', '127', '20'),
('2', 'Samsung', 'Main network printer', 'scx4521F', 'server', '515', '5'),
('3', 'Local', 'Local print server at user IP', 'lp', '', '515', '10');

### Structure of table `0_purch_data` ###

DROP TABLE IF EXISTS `0_purch_data`;

CREATE TABLE `0_purch_data` (
  `supplier_id` int(11) NOT NULL DEFAULT '0',
  `stock_id` char(20) COLLATE utf8_unicode_ci NOT NULL DEFAULT '',
  `price` double NOT NULL DEFAULT '0',
  `suppliers_uom` char(50) COLLATE utf8_unicode_ci NOT NULL DEFAULT '',
  `conversion_factor` double NOT NULL DEFAULT '1',
  `supplier_description` char(50) COLLATE utf8_unicode_ci NOT NULL DEFAULT '',
  PRIMARY KEY (`supplier_id`,`stock_id`)
) ENGINE=InnoDB DEFAULT CHARSET=utf8 COLLATE=utf8_unicode_ci ;

### Data of table `0_purch_data` ###

INSERT INTO `0_purch_data` VALUES
('60', '141FG', '100', '', '1', 'ZHITE GLUE FULL');

### Structure of table `0_purch_order_details` ###

DROP TABLE IF EXISTS `0_purch_order_details`;

CREATE TABLE `0_purch_order_details` (
  `po_detail_item` int(11) NOT NULL AUTO_INCREMENT,
  `order_no` int(11) NOT NULL DEFAULT '0',
  `item_code` varchar(20) COLLATE utf8_unicode_ci NOT NULL DEFAULT '',
  `description` tinytext COLLATE utf8_unicode_ci,
  `delivery_date` date NOT NULL DEFAULT '0000-00-00',
  `qty_invoiced` double NOT NULL DEFAULT '0',
  `unit_price` double NOT NULL DEFAULT '0',
  `act_price` double NOT NULL DEFAULT '0',
  `std_cost_unit` double NOT NULL DEFAULT '0',
  `quantity_ordered` double NOT NULL DEFAULT '0',
  `quantity_received` double NOT NULL DEFAULT '0',
  PRIMARY KEY (`po_detail_item`),
  KEY `order` (`order_no`,`po_detail_item`),
  KEY `itemcode` (`item_code`)
) ENGINE=InnoDB AUTO_INCREMENT=5 DEFAULT CHARSET=utf8 COLLATE=utf8_unicode_ci ;

### Data of table `0_purch_order_details` ###

INSERT INTO `0_purch_order_details` VALUES
('1', '1', '1', 'Test Item', '2017-07-14', '0', '150', '0', '0', '200', '0'),
('2', '2', '165FG', 'RESSI PUTTY 10000', '2017-07-20', '0', '0', '0', '0', '1', '0'),
('3', '3', '96 PML', 'PET BOTTLE WITH CAP (FLINT)', '2017-08-11', '0', '120', '0', '0', '100', '0'),
('4', '4', '141FG', 'ZHITE GLUE FULL', '2017-08-11', '0', '100', '100', '84.03', '100', '100');

### Structure of table `0_purch_orders` ###

DROP TABLE IF EXISTS `0_purch_orders`;

CREATE TABLE `0_purch_orders` (
  `order_no` int(11) NOT NULL AUTO_INCREMENT,
  `supplier_id` int(11) NOT NULL DEFAULT '0',
  `comments` tinytext COLLATE utf8_unicode_ci,
  `ord_date` date NOT NULL DEFAULT '0000-00-00',
  `reference` tinytext COLLATE utf8_unicode_ci NOT NULL,
  `requisition_no` tinytext COLLATE utf8_unicode_ci,
  `into_stock_location` varchar(5) COLLATE utf8_unicode_ci NOT NULL DEFAULT '',
  `delivery_address` tinytext COLLATE utf8_unicode_ci NOT NULL,
  `total` double NOT NULL DEFAULT '0',
  `prep_amount` double NOT NULL DEFAULT '0',
  `alloc` double NOT NULL DEFAULT '0',
  `tax_included` tinyint(1) NOT NULL DEFAULT '0',
  `pr` varchar(60) COLLATE utf8_unicode_ci NOT NULL,
  `payments` int(11) NOT NULL,
  PRIMARY KEY (`order_no`),
  KEY `ord_date` (`ord_date`)
) ENGINE=InnoDB AUTO_INCREMENT=5 DEFAULT CHARSET=utf8 COLLATE=utf8_unicode_ci ;

### Data of table `0_purch_orders` ###

INSERT INTO `0_purch_orders` VALUES
('1', '2', NULL, '2017-06-30', '001/2017', '001/2017', 'DEF', 'N/A', '30000', '0', '0', '1', '', '0'),
('2', '60', NULL, '2017-07-10', '002/2017', NULL, 'DEF', 'N/A', '0', '0', '0', '1', '', '1'),
('3', '60', NULL, '2017-08-01', '003/2017', NULL, 'DEF', 'N/A', '12000', '0', '0', '1', '', '1'),
('4', '60', NULL, '2017-08-01', '004/2017', '43214', 'DEF', 'N/A', '10000', '0', '0', '1', '', '1');

### Structure of table `0_quick_entries` ###

DROP TABLE IF EXISTS `0_quick_entries`;

CREATE TABLE `0_quick_entries` (
  `id` smallint(6) unsigned NOT NULL AUTO_INCREMENT,
  `type` tinyint(1) NOT NULL DEFAULT '0',
  `description` varchar(60) COLLATE utf8_unicode_ci NOT NULL,
  `usage` varchar(120) COLLATE utf8_unicode_ci DEFAULT NULL,
  `base_amount` double NOT NULL DEFAULT '0',
  `base_desc` varchar(60) COLLATE utf8_unicode_ci DEFAULT NULL,
  `bal_type` tinyint(1) NOT NULL DEFAULT '0',
  PRIMARY KEY (`id`),
  KEY `description` (`description`)
) ENGINE=InnoDB AUTO_INCREMENT=4 DEFAULT CHARSET=utf8 COLLATE=utf8_unicode_ci ;

### Data of table `0_quick_entries` ###

INSERT INTO `0_quick_entries` VALUES
('1', '1', 'Maintenance', NULL, '0', 'Amount', '0'),
('2', '4', 'Phone', NULL, '0', 'Amount', '0'),
('3', '2', 'Cash Sales', 'Retail sales without invoice', '0', 'Amount', '0');

### Structure of table `0_quick_entry_lines` ###

DROP TABLE IF EXISTS `0_quick_entry_lines`;

CREATE TABLE `0_quick_entry_lines` (
  `id` smallint(6) unsigned NOT NULL AUTO_INCREMENT,
  `qid` smallint(6) unsigned NOT NULL,
  `amount` double DEFAULT '0',
  `memo` tinytext COLLATE utf8_unicode_ci NOT NULL,
  `action` varchar(2) COLLATE utf8_unicode_ci NOT NULL,
  `dest_id` varchar(15) COLLATE utf8_unicode_ci NOT NULL DEFAULT '',
  `dimension_id` smallint(6) unsigned DEFAULT NULL,
  `dimension2_id` smallint(6) unsigned DEFAULT NULL,
  PRIMARY KEY (`id`),
  KEY `qid` (`qid`)
) ENGINE=InnoDB AUTO_INCREMENT=7 DEFAULT CHARSET=utf8 COLLATE=utf8_unicode_ci ;

### Data of table `0_quick_entry_lines` ###

INSERT INTO `0_quick_entry_lines` VALUES
('1', '1', '0', '', 't-', '1', '0', '0'),
('2', '2', '0', '', 't-', '1', '0', '0'),
('3', '3', '0', '', 't-', '1', '0', '0'),
('4', '3', '0', '', '=', '4010', '0', '0'),
('5', '1', '0', '', '=', '5765', '0', '0'),
('6', '2', '0', '', '=', '5780', '0', '0');

### Structure of table `0_recurrent_invoices` ###

DROP TABLE IF EXISTS `0_recurrent_invoices`;

CREATE TABLE `0_recurrent_invoices` (
  `id` smallint(6) unsigned NOT NULL AUTO_INCREMENT,
  `description` varchar(60) COLLATE utf8_unicode_ci NOT NULL DEFAULT '',
  `order_no` int(11) unsigned NOT NULL,
  `debtor_no` int(11) unsigned DEFAULT NULL,
  `group_no` smallint(6) unsigned DEFAULT NULL,
  `days` int(11) NOT NULL DEFAULT '0',
  `monthly` int(11) NOT NULL DEFAULT '0',
  `begin` date NOT NULL DEFAULT '0000-00-00',
  `end` date NOT NULL DEFAULT '0000-00-00',
  `last_sent` date NOT NULL DEFAULT '0000-00-00',
  PRIMARY KEY (`id`),
  UNIQUE KEY `description` (`description`)
) ENGINE=InnoDB AUTO_INCREMENT=2 DEFAULT CHARSET=utf8 COLLATE=utf8_unicode_ci ;

### Data of table `0_recurrent_invoices` ###

INSERT INTO `0_recurrent_invoices` VALUES
('1', 'Weekly Maintenance', '6', '1', '1', '7', '0', '2015-04-01', '2020-05-07', '2015-04-08');

### Structure of table `0_reflines` ###

DROP TABLE IF EXISTS `0_reflines`;

CREATE TABLE `0_reflines` (
  `id` int(11) NOT NULL AUTO_INCREMENT,
  `trans_type` int(11) NOT NULL,
  `prefix` char(5) COLLATE utf8_unicode_ci NOT NULL DEFAULT '',
  `pattern` varchar(35) COLLATE utf8_unicode_ci NOT NULL DEFAULT '1',
  `description` varchar(60) COLLATE utf8_unicode_ci NOT NULL DEFAULT '',
  `default` tinyint(1) NOT NULL DEFAULT '0',
  `inactive` tinyint(1) NOT NULL DEFAULT '0',
  PRIMARY KEY (`id`),
  UNIQUE KEY `prefix` (`trans_type`,`prefix`)
) ENGINE=InnoDB AUTO_INCREMENT=25 DEFAULT CHARSET=utf8 COLLATE=utf8_unicode_ci ;

### Data of table `0_reflines` ###

INSERT INTO `0_reflines` VALUES
('1', '0', 'JV', '{001}/{YYYY}', '', '1', '0'),
('2', '1', 'BPV', '{001}/{YYYY}', '', '1', '0'),
('3', '2', 'BRV', '{001}/{YYYY}', '', '1', '0'),
('4', '4', 'FTV', '{001}/{YYYY}', '', '1', '0'),
('5', '10', 'SI', '{001}/{YYYY}', '1073', '1', '0'),
('6', '11', 'CCN', '{001}/{YYYY}', '113', '1', '0'),
('7', '12', 'CPV', '{001}/{YYYY}', '112', '1', '0'),
('8', '13', 'DN', '{001}/{YYYY}', '1100', '1', '0'),
('9', '16', 'LT', '{001}/{YYYY}', '', '1', '0'),
('10', '17', 'IA', '{001}/{YYYY}', '', '1', '0'),
('11', '18', 'PO', '{001}/{YYYY}', '2099', '1', '0'),
('12', '20', 'SPI', '{001}/{YYYY}', '', '1', '0'),
('13', '21', 'SCN', '{001}/{YYYY}', '', '1', '0'),
('14', '22', 'SPV', '{001}/{YYYY}', '', '1', '0'),
('15', '25', 'GRN', '{001}/{YYYY}', '', '1', '0'),
('16', '26', 'WO', '{001}/{YYYY}', '', '1', '0'),
('17', '28', 'WOI', '{001}/{YYYY}', '', '1', '0'),
('18', '29', 'PO', '{001}/{YYYY}', '', '1', '0'),
('19', '30', '', '14706', '1009', '1', '0'),
('20', '32', 'SQ', '{001}/{YYYY}', '111', '1', '0'),
('21', '35', 'CU', '{001}/{YYYY}', '', '1', '0'),
('22', '40', 'DI', '{001}/{YYYY}', '', '1', '0'),
('23', '41', 'CPV', '{001}/{YYYY}', '', '1', '0'),
('24', '42', 'CRV', '{001}/{YYYY}', '', '1', '0');

### Structure of table `0_refs` ###

DROP TABLE IF EXISTS `0_refs`;

CREATE TABLE `0_refs` (
  `id` int(11) NOT NULL DEFAULT '0',
  `type` int(11) NOT NULL DEFAULT '0',
  `reference` varchar(100) COLLATE utf8_unicode_ci NOT NULL DEFAULT '',
  PRIMARY KEY (`id`,`type`),
  KEY `Type_and_Reference` (`type`,`reference`)
) ENGINE=InnoDB DEFAULT CHARSET=utf8 COLLATE=utf8_unicode_ci ;

### Data of table `0_refs` ###

INSERT INTO `0_refs` VALUES
('17', '0', '017/2017'),
('18', '0', '018/2017'),
('19', '0', '019/2017'),
('20', '0', '020/2017'),
('21', '0', '021/2017'),
('22', '0', '022/2017'),
('23', '0', '023/2017'),
('1', '1', '001/2017'),
('2', '1', '002/2017'),
('3', '1', 'BPV001/2017'),
('4', '1', 'BPV002/2017'),
('1', '10', '001/2017'),
('2', '10', '002/2017'),
('3', '10', '003/2017'),
('4', '10', 'SI001/2017'),
('1', '11', '001/2017'),
('1', '17', '001/2017'),
('1', '18', '001/2017'),
('2', '18', '002/2017'),
('3', '18', '003/2017'),
('4', '18', '004/2017'),
('1', '20', '001/2017'),
('1', '25', '001/2017'),
('1', '30', '001/2017'),
('4', '30', '002/2017'),
('5', '30', '003/2017'),
('6', '30', '004/2017'),
('7', '30', '005/2017'),
('8', '30', '006/2017'),
('9', '30', '007/2017'),
('10', '30', '008/2017'),
('11', '30', '14041'),
('12', '30', '14042'),
('14', '30', '14043'),
('15', '30', '14044'),
('20', '30', '14045'),
('21', '30', '14046'),
('22', '30', '14047'),
('23', '30', '14048'),
('34', '30', '14049'),
('35', '30', '14050'),
('36', '30', '14051'),
('37', '30', '14052'),
('38', '30', '14053'),
('42', '30', '14054'),
('142', '30', '14055'),
('143', '30', '14056'),
('144', '30', '14057'),
('145', '30', '14058'),
('146', '30', '14059'),
('147', '30', '14060'),
('148', '30', '14061'),
('149', '30', '14062'),
('150', '30', '14063'),
('151', '30', '14064'),
('152', '30', '14065'),
('153', '30', '14066'),
('154', '30', '14067'),
('155', '30', '14068'),
('156', '30', '14069'),
('157', '30', '14070'),
('161', '30', '14071'),
('162', '30', '14072'),
('163', '30', '14073'),
('164', '30', '14074'),
('165', '30', '14075'),
('173', '30', '14076'),
('174', '30', '14077'),
('175', '30', '14078'),
('243', '30', '14079'),
('244', '30', '14080'),
('245', '30', '14081'),
('246', '30', '14082'),
('247', '30', '14083'),
('248', '30', '14084'),
('249', '30', '14085'),
('250', '30', '14086'),
('251', '30', '14087'),
('252', '30', '14088'),
('253', '30', '14089'),
('255', '30', '14090'),
('283', '30', '14091'),
('284', '30', '14092'),
('285', '30', '14093'),
('286', '30', '14095'),
('287', '30', '14096'),
('288', '30', '14097'),
('289', '30', '14098'),
('290', '30', '14099'),
('291', '30', '14100'),
('293', '30', '14101'),
('294', '30', '14102'),
('295', '30', '14103'),
('296', '30', '14104'),
('297', '30', '14105'),
('298', '30', '14106'),
('299', '30', '14107'),
('300', '30', '14108'),
('301', '30', '14109'),
('302', '30', '14110'),
('303', '30', '14111'),
('304', '30', '14112'),
('305', '30', '14113'),
('306', '30', '14114'),
('307', '30', '14115'),
('308', '30', '14116'),
('309', '30', '14117'),
('310', '30', '14118'),
('311', '30', '14119'),
('312', '30', '14120'),
('313', '30', '14121'),
('314', '30', '14122'),
('315', '30', '14123'),
('345', '30', '14124'),
('346', '30', '14125'),
('347', '30', '14126'),
('348', '30', '14127'),
('349', '30', '14128'),
('350', '30', '14129'),
('351', '30', '14130'),
('357', '30', '14131'),
('358', '30', '14132'),
('359', '30', '14133'),
('360', '30', '14134'),
('361', '30', '14135'),
('362', '30', '14137'),
('363', '30', '14138'),
('364', '30', '14139'),
('365', '30', '14140'),
('13', '30', '14451'),
('16', '30', '14452'),
('17', '30', '14453'),
('18', '30', '14454'),
('19', '30', '14455'),
('24', '30', '14456'),
('25', '30', '14457'),
('26', '30', '14458'),
('27', '30', '14459'),
('28', '30', '14460'),
('29', '30', '14461'),
('30', '30', '14462'),
('31', '30', '14463'),
('32', '30', '14464'),
('33', '30', '14465'),
('39', '30', '14466'),
('40', '30', '14467'),
('41', '30', '14468'),
('43', '30', '14469'),
('44', '30', '14470'),
('45', '30', '14471'),
('46', '30', '14472'),
('47', '30', '14473'),
('48', '30', '14474'),
('49', '30', '14475'),
('50', '30', '14476'),
('51', '30', '14477'),
('52', '30', '14478'),
('53', '30', '14479'),
('55', '30', '14480'),
('56', '30', '14481'),
('57', '30', '14482'),
('58', '30', '14483'),
('59', '30', '14484'),
('60', '30', '14485'),
('61', '30', '14486'),
('62', '30', '14487'),
('63', '30', '14488'),
('64', '30', '14489'),
('65', '30', '14490'),
('66', '30', '14491'),
('67', '30', '14492'),
('68', '30', '14493'),
('69', '30', '14494'),
('70', '30', '14495'),
('71', '30', '14496'),
('72', '30', '14497'),
('73', '30', '14498'),
('74', '30', '14499'),
('75', '30', '14500'),
('76', '30', '14501'),
('77', '30', '14502'),
('78', '30', '14503'),
('79', '30', '14504'),
('80', '30', '14505'),
('81', '30', '14506'),
('82', '30', '14507'),
('83', '30', '14508'),
('85', '30', '14509'),
('84', '30', '14510'),
('86', '30', '14511'),
('87', '30', '14512'),
('88', '30', '14513'),
('89', '30', '14514'),
('90', '30', '14515'),
('91', '30', '14516'),
('92', '30', '14517'),
('93', '30', '14518'),
('94', '30', '14519'),
('95', '30', '14520'),
('96', '30', '14521'),
('97', '30', '14522'),
('98', '30', '14523'),
('99', '30', '14524'),
('100', '30', '14525'),
('101', '30', '14526'),
('102', '30', '14527'),
('103', '30', '14528'),
('104', '30', '14529'),
('105', '30', '14530'),
('106', '30', '14531'),
('107', '30', '14532'),
('108', '30', '14533'),
('109', '30', '14534'),
('110', '30', '14535'),
('111', '30', '14536'),
('112', '30', '14537'),
('113', '30', '14538'),
('114', '30', '14539'),
('115', '30', '14540'),
('116', '30', '14541'),
('117', '30', '14542'),
('118', '30', '14543'),
('119', '30', '14544'),
('120', '30', '14545'),
('121', '30', '14546'),
('122', '30', '14547'),
('123', '30', '14548'),
('124', '30', '14549'),
('125', '30', '14550'),
('126', '30', '14551'),
('127', '30', '14552'),
('128', '30', '14553'),
('129', '30', '14554'),
('130', '30', '14555'),
('132', '30', '14556'),
('131', '30', '14557'),
('133', '30', '14558'),
('134', '30', '14559'),
('135', '30', '14560'),
('136', '30', '14561'),
('137', '30', '14562'),
('138', '30', '14563'),
('139', '30', '14564'),
('140', '30', '14565'),
('141', '30', '14566'),
('158', '30', '14567'),
('159', '30', '14568'),
('160', '30', '14569'),
('166', '30', '14570'),
('167', '30', '14571'),
('168', '30', '14572'),
('169', '30', '14573'),
('170', '30', '14574'),
('171', '30', '14575'),
('172', '30', '14576'),
('176', '30', '14577'),
('177', '30', '14578'),
('178', '30', '14579'),
('179', '30', '14580'),
('180', '30', '14581'),
('181', '30', '14582'),
('182', '30', '14583'),
('183', '30', '14584'),
('184', '30', '14585'),
('185', '30', '14586'),
('186', '30', '14587'),
('187', '30', '14588'),
('188', '30', '14589'),
('189', '30', '14590'),
('190', '30', '14591'),
('191', '30', '14592'),
('192', '30', '14593'),
('193', '30', '14594'),
('194', '30', '14595'),
('195', '30', '14596'),
('196', '30', '14597'),
('197', '30', '14598'),
('198', '30', '14599'),
('199', '30', '14600'),
('200', '30', '14601'),
('201', '30', '14602'),
('202', '30', '14603'),
('203', '30', '14604'),
('204', '30', '14605'),
('205', '30', '14606'),
('206', '30', '14607'),
('207', '30', '14608'),
('208', '30', '14609'),
('209', '30', '14610'),
('210', '30', '14611'),
('211', '30', '14612'),
('212', '30', '14613'),
('213', '30', '14614'),
('214', '30', '14615'),
('215', '30', '14616'),
('216', '30', '14617'),
('217', '30', '14618'),
('218', '30', '14619'),
('219', '30', '14620'),
('220', '30', '14621'),
('221', '30', '14622'),
('222', '30', '14623'),
('223', '30', '14624'),
('224', '30', '14625'),
('225', '30', '14626'),
('226', '30', '14627'),
('227', '30', '14628'),
('228', '30', '14629'),
('229', '30', '14630'),
('230', '30', '14631'),
('231', '30', '14632'),
('232', '30', '14633'),
('233', '30', '14634'),
('234', '30', '14635'),
('235', '30', '14636'),
('236', '30', '14637'),
('237', '30', '14638'),
('238', '30', '14639'),
('239', '30', '14640'),
('240', '30', '14641'),
('241', '30', '14642'),
('242', '30', '14643'),
('254', '30', '14644'),
('256', '30', '14645'),
('257', '30', '14646'),
('258', '30', '14647'),
('259', '30', '14648'),
('260', '30', '14649'),
('261', '30', '14650'),
('262', '30', '14651'),
('263', '30', '14652'),
('264', '30', '14653'),
('265', '30', '14654'),
('266', '30', '14655'),
('267', '30', '14656'),
('268', '30', '14657'),
('269', '30', '14658'),
('270', '30', '14659'),
('271', '30', '14660'),
('272', '30', '14661'),
('273', '30', '14662'),
('274', '30', '14663'),
('275', '30', '14664'),
('276', '30', '14665'),
('277', '30', '14666'),
('278', '30', '14667'),
('279', '30', '14668'),
('280', '30', '14669'),
('281', '30', '14670'),
('282', '30', '14671'),
('292', '30', '14672'),
('316', '30', '14673'),
('317', '30', '14674'),
('318', '30', '14675'),
('319', '30', '14676'),
('320', '30', '14677'),
('321', '30', '14678'),
('322', '30', '14679'),
('323', '30', '14680'),
('324', '30', '14681'),
('325', '30', '14682'),
('326', '30', '14683'),
('327', '30', '14684'),
('328', '30', '14685'),
('329', '30', '14686'),
('330', '30', '14687'),
('331', '30', '14688'),
('332', '30', '14689'),
('333', '30', '14690'),
('334', '30', '14691'),
('335', '30', '14692'),
('336', '30', '14693'),
('337', '30', '14694'),
('338', '30', '14695'),
('339', '30', '14696'),
('340', '30', '14697'),
('341', '30', '14697'),
('342', '30', '14698'),
('343', '30', '14699'),
('344', '30', '14700'),
('352', '30', '14701'),
('353', '30', '14702'),
('354', '30', '14703'),
('355', '30', '14704'),
('356', '30', '14705'),
('1', '32', '001/2017'),
('2', '32', '002/2017'),
('3', '32', '003/2017'),
('4', '32', 'SQ001/2017');

### Structure of table `0_report_profiles` ###

DROP TABLE IF EXISTS `0_report_profiles`;

CREATE TABLE `0_report_profiles` (
  `id` smallint(6) unsigned NOT NULL AUTO_INCREMENT,
  `profile` varchar(30) COLLATE utf8_unicode_ci NOT NULL,
  `report` varchar(5) COLLATE utf8_unicode_ci DEFAULT NULL,
  `printer` tinyint(3) unsigned DEFAULT NULL,
  `value` int(11) NOT NULL,
  PRIMARY KEY (`id`),
  UNIQUE KEY `profile` (`profile`,`report`)
) ENGINE=InnoDB AUTO_INCREMENT=483 DEFAULT CHARSET=utf8 COLLATE=utf8_unicode_ci ;

### Data of table `0_report_profiles` ###

INSERT INTO `0_report_profiles` VALUES
('41', 'testing', NULL, NULL, '0'),
('42', 'testing', '101', '1', '0'),
('43', 'testing', '102', '1', '0'),
('44', 'testing', '103', '1', '0'),
('45', 'testing', '104', '1', '0'),
('46', 'testing', '105', '1', '0'),
('47', 'testing', '106', '1', '0'),
('48', 'testing', '107', '1', '0'),
('49', 'testing', '108', '1', '0'),
('50', 'testing', '109', '1', '0'),
('417', 'RPL', '11001', '1', '0'),
('418', 'RPL', '22011', '1', '0'),
('419', 'RPL', NULL, '1', '0'),
('420', 'RPL', '102', '1', '0'),
('421', 'RPL', '103', '1', '0'),
('422', 'RPL', '104', '1', '0'),
('423', 'RPL', '105', '1', '0'),
('424', 'RPL', '106', '1', '0'),
('425', 'RPL', '107', '1', '0'),
('426', 'RPL', '108', '1', '0'),
('427', 'RPL', '109', '1', '0'),
('428', 'RPL', '110', '1', '0'),
('429', 'RPL', '111', '1', '0'),
('430', 'RPL', '112', '1', '0'),
('431', 'RPL', '113', '1', '0'),
('432', 'RPL', '114', '1', '0'),
('433', 'RPL', '201', '1', '0'),
('434', 'RPL', '202', '1', '0'),
('435', 'RPL', '203', '1', '0'),
('436', 'RPL', '204', '1', '0'),
('437', 'RPL', '205', '1', '0'),
('438', 'RPL', '209', '1', '0'),
('439', 'RPL', '210', '1', '0'),
('440', 'RPL', '301', '1', '0'),
('441', 'RPL', '302', '1', '0'),
('442', 'RPL', '303', '1', '0'),
('443', 'RPL', '304', '1', '0'),
('444', 'RPL', '305', '1', '0'),
('445', 'RPL', '306', '1', '0'),
('446', 'RPL', '307', '1', '0'),
('447', 'RPL', '308', '1', '0'),
('448', 'RPL', '309', '1', '0'),
('449', 'RPL', '401', '1', '0'),
('450', 'RPL', '402', '1', '0'),
('451', 'RPL', '409', '1', '0'),
('452', 'RPL', '451', '1', '0'),
('453', 'RPL', '501', '1', '0'),
('454', 'RPL', '601', '1', '0'),
('455', 'RPL', '602', '1', '0'),
('456', 'RPL', '701', '1', '0'),
('457', 'RPL', '702', '1', '0'),
('458', 'RPL', '704', '1', '0'),
('459', 'RPL', '705', '1', '0'),
('460', 'RPL', '706', '1', '0'),
('461', 'RPL', '707', '1', '0'),
('462', 'RPL', '708', '1', '0'),
('463', 'RPL', '709', '1', '0'),
('464', 'RPL', '710', '1', '0'),
('465', 'RPL', '999', '1', '0'),
('466', 'RPL', '1009', '1', '0'),
('467', 'RPL', '1011', '1', '0'),
('468', 'RPL', '1012', '1', '0'),
('469', 'RPL', '1013', '1', '0'),
('470', 'RPL', '1014', '1', '0'),
('471', 'RPL', '1015', '1', '0'),
('472', 'RPL', '1016', '1', '0'),
('473', 'RPL', '1017', '1', '0'),
('474', 'RPL', '1018', '1', '0'),
('475', 'RPL', '1071', '1', '0'),
('476', 'RPL', '1072', '1', '0'),
('477', 'RPL', '1073', '1', '0'),
('478', 'RPL', '1091', '1', '0'),
('479', 'RPL', '1100', '1', '0'),
('480', 'RPL', '2099', '1', '0'),
('481', 'RPL', '3041', '1', '0'),
('482', 'RPL', '3042', '1', '0');

### Structure of table `0_requisition_details` ###

DROP TABLE IF EXISTS `0_requisition_details`;

CREATE TABLE `0_requisition_details` (
  `requisition_detail_id` bigint(20) unsigned NOT NULL AUTO_INCREMENT,
  `requisition_id` int(11) DEFAULT NULL,
  `item_code` varchar(20) COLLATE utf8_unicode_ci DEFAULT NULL,
  `supplier_id` int(11) DEFAULT NULL,
  `lpo_id` int(11) DEFAULT '0',
  `order_quantity` int(11) NOT NULL DEFAULT '0',
  `estimate_price` double NOT NULL DEFAULT '0',
  `quantity` int(11) NOT NULL DEFAULT '0',
  `price` double NOT NULL DEFAULT '0',
  `purpose` varchar(320) COLLATE utf8_unicode_ci DEFAULT NULL,
  PRIMARY KEY (`requisition_detail_id`),
  UNIQUE KEY `requisition_detail_id` (`requisition_detail_id`),
  KEY `0_requisition_details_requisition_id` (`requisition_id`),
  KEY `0_requisition_details_item_code` (`item_code`),
  KEY `0_requisition_details_supplier_id` (`supplier_id`)
) ENGINE=InnoDB DEFAULT CHARSET=utf8 COLLATE=utf8_unicode_ci ;

### Data of table `0_requisition_details` ###


### Structure of table `0_requisitions` ###

DROP TABLE IF EXISTS `0_requisitions`;

CREATE TABLE `0_requisitions` (
  `requisition_id` bigint(20) unsigned NOT NULL AUTO_INCREMENT,
  `point_of_use` varchar(50) COLLATE utf8_unicode_ci DEFAULT NULL,
  `narrative` varchar(240) COLLATE utf8_unicode_ci DEFAULT NULL,
  `application_date` timestamp NULL DEFAULT CURRENT_TIMESTAMP,
  `completed` tinyint(4) NOT NULL DEFAULT '0',
  `processed` tinyint(4) NOT NULL DEFAULT '0',
  `inactive` tinyint(4) NOT NULL DEFAULT '0',
  `details` text COLLATE utf8_unicode_ci,
  PRIMARY KEY (`requisition_id`),
  UNIQUE KEY `requisition_id` (`requisition_id`)
) ENGINE=InnoDB DEFAULT CHARSET=utf8 COLLATE=utf8_unicode_ci ;

### Data of table `0_requisitions` ###


### Structure of table `0_sales_order_details` ###

DROP TABLE IF EXISTS `0_sales_order_details`;

CREATE TABLE `0_sales_order_details` (
  `id` int(11) NOT NULL AUTO_INCREMENT,
  `order_no` int(11) NOT NULL DEFAULT '0',
  `trans_type` smallint(6) NOT NULL DEFAULT '30',
  `stk_code` varchar(20) COLLATE utf8_unicode_ci NOT NULL DEFAULT '',
  `description` tinytext COLLATE utf8_unicode_ci,
  `qty_sent` double NOT NULL DEFAULT '0',
  `unit_price` double NOT NULL DEFAULT '0',
  `quantity` double NOT NULL DEFAULT '0',
  `invoiced` double NOT NULL DEFAULT '0',
  `discount_percent` double NOT NULL DEFAULT '0',
  PRIMARY KEY (`id`),
  KEY `sorder` (`trans_type`,`order_no`),
  KEY `stkcode` (`stk_code`)
) ENGINE=InnoDB AUTO_INCREMENT=707 DEFAULT CHARSET=utf8 COLLATE=utf8_unicode_ci ;

### Data of table `0_sales_order_details` ###

INSERT INTO `0_sales_order_details` VALUES
('1', '1', '32', '1', 'Test Item', '0', '12000', '10', '0', '0.1'),
('2', '2', '32', '1', 'Test Item', '0', '210', '50', '0', '0'),
('3', '1', '30', '1', 'Test Item', '1400', '50000', '1400', '0', '0'),
('4', '2', '30', '1', 'Test Item', '1', '100', '1', '0', '0'),
('5', '3', '30', '1', 'Test Item', '100', '10', '100', '0', '0'),
('6', '4', '30', '1', 'Test Item', '0', '100', '1', '0', '0'),
('7', '5', '30', '1', 'Test Item', '0', '250', '100', '0', '0'),
('8', '3', '32', '165FG', 'RESSI PUTTY 10000', '0', '1000', '1', '0', '0'),
('9', '6', '30', '141FG', 'ZHITE GLUE FULL', '0', '12300', '1', '0', '0'),
('10', '7', '30', '01FG', 'RESSI TA 210', '0', '200', '150', '0', '0'),
('11', '8', '30', '01FG', 'RESSI TA 210', '0', '200', '200', '0', '0'),
('12', '8', '30', '167FG', 'RESSI COAT X 491', '0', '2000', '5', '0', '0'),
('13', '9', '30', '01FG', 'RESSI TA 210', '0', '200', '200', '0', '0'),
('14', '9', '30', '167FG', 'RESSI COAT X 491', '0', '2000', '5', '0', '0'),
('15', '10', '30', '14FG', 'RESSI TG 810', '0', '135', '20', '0', '0'),
('16', '11', '30', '01FG', 'RESSI TA 210', '0', '200', '200', '0', '0'),
('17', '11', '30', '167FG', 'RESSI COAT X 491', '0', '125', '80', '0', '0'),
('18', '12', '30', '01FG', 'RESSI TA 210', '0', '210', '50', '0', '0'),
('19', '13', '30', '23FG', 'RESSI TG 810 3100 (PINK)', '0', '85', '60', '0', '0'),
('20', '14', '30', '03FG', 'RESSI TA 230', '0', '650', '50', '0', '0'),
('21', '15', '30', '77FG', 'RESSI ETG DP MATT', '0', '0', '1', '0', '0'),
('22', '16', '30', '15FG', 'RESSI TG 810 0001 (BRIGHT WHITE)', '0', '85', '40', '0', '0'),
('23', '16', '30', '39FG', 'RESSI TG 810 9200 (DARK GREY)', '0', '85', '40', '0', '0'),
('24', '16', '30', '35FG', 'RESSI TG 810 8111 (DARK IVORY)', '0', '85', '80', '0', '0'),
('25', '16', '30', '40FG', 'RESSI TG 810 9321 (BROWN)', '0', '85', '80', '0', '0'),
('26', '16', '30', '41FG', 'RESSI TG 810 9642 (DARK BROWN)', '0', '85', '80', '0', '0'),
('27', '17', '30', '27FG', 'RESSI TG 810 5210 1 (SKY BLUE)', '0', '85', '40', '0', '0'),
('28', '17', '30', '29FG', 'RESSI TG 810 5410 (Dark Blue)', '0', '85', '60', '0', '0'),
('29', '18', '30', '03FG', 'RESSI TA 230', '0', '0', '1', '0', '0'),
('30', '18', '30', '02FG', 'RESSI TA 220', '0', '0', '1', '0', '0'),
('31', '19', '30', '01FG', 'RESSI TA 210', '0', '200', '350', '0', '0'),
('32', '19', '30', '15FG', 'RESSI TG 810 0001 (BRIGHT WHITE)', '0', '75', '80', '0', '0'),
('33', '19', '30', '16FG', 'RESSI TG 810 1110 (IVORY)', '0', '75', '80', '0', '0'),
('34', '19', '30', '33FG', 'RESSI TG 810 6110 (OFF WHITE)', '0', '75', '60', '0', '0'),
('35', '19', '30', '39FG', 'RESSI TG 810 9200 (DARK GREY)', '0', '75', '60', '0', '0'),
('36', '20', '30', '04FG', 'RESSI TA 240', '0', '850', '25', '0', '0'),
('37', '21', '30', '77FG', 'RESSI ETG DP MATT', '0', '665', '14', '0', '0'),
('38', '22', '30', '01FG', 'RESSI TA 210', '0', '210', '100', '0', '0'),
('39', '23', '30', '01FG', 'RESSI TA 210', '0', '0', '179', '0', '0'),
('40', '24', '30', '01FG', 'RESSI TA 210', '0', '210', '50', '0', '0'),
('41', '25', '30', '37FG', 'RESSI TG 810 9111 (ASH WHITE)', '0', '100', '300', '0', '0'),
('42', '26', '30', '01FG', 'RESSI TA 210', '0', '210', '200', '0', '0'),
('43', '27', '30', '01FG', 'RESSI TA 210', '0', '225', '100', '0', '0'),
('44', '28', '30', '16FG', 'RESSI TG 810 1110 (IVORY)', '0', '85', '40', '0', '0'),
('45', '28', '30', '33FG', 'RESSI TG 810 6110 (OFF WHITE)', '0', '85', '40', '0', '0'),
('46', '28', '30', '36FG', 'RESSI TG 810 9000 (GREY)', '0', '85', '40', '0', '0'),
('47', '28', '30', '35FG', 'RESSI TG 810 8111 (DARK IVORY)', '0', '85', '20', '0', '0'),
('48', '28', '30', '39FG', 'RESSI TG 810 9200 (DARK GREY)', '0', '85', '20', '0', '0'),
('49', '28', '30', '40FG', 'RESSI TG 810 9321 (BROWN)', '0', '85', '20', '0', '0'),
('50', '28', '30', '42FG', 'RESSI TG 810 9960 (BLACK)', '0', '85', '20', '0', '0'),
('51', '28', '30', '82FG', 'RESSI SBR 5850 ', '0', '265', '12', '0', '0'),
('54', '29', '30', '1001FG', 'ZEPOXY STEEL 5 MINS', '0', '0', '10', '0', '0'),
('55', '30', '30', '03FG', 'RESSI TA 230', '0', '640', '50', '0', '0'),
('56', '31', '30', '01FG', 'RESSI TA 210', '0', '210', '100', '0', '0'),
('57', '32', '30', '85FG', 'RPR 110', '0', '0', '1', '0', '0'),
('58', '33', '30', '26FG', 'RESSI TG 810 5110 (LIGHT GREY)', '0', '100', '500', '0', '0'),
('59', '33', '30', '40FG', 'RESSI TG 810 9321 (BROWN)', '0', '100', '300', '0', '0'),
('60', '34', '30', '01FG', 'RESSI TA 210', '0', '210', '200', '0', '0'),
('61', '34', '30', '02FG', 'RESSI TA 220', '0', '350', '50', '0', '0'),
('62', '34', '30', '03FG', 'RESSI TA 230', '0', '650', '50', '0', '0'),
('63', '34', '30', '16FG', 'RESSI TG 810 1110 (IVORY)', '0', '85', '80', '0', '0'),
('64', '34', '30', '15FG', 'RESSI TG 810 0001 (BRIGHT WHITE)', '0', '85', '60', '0', '0'),
('65', '34', '30', '33FG', 'RESSI TG 810 6110 (OFF WHITE)', '0', '85', '40', '0', '0'),
('66', '34', '30', '42FG', 'RESSI TG 810 9960 (BLACK)', '0', '85', '40', '0', '0'),
('67', '34', '30', '36FG', 'RESSI TG 810 9000 (GREY)', '0', '85', '20', '0', '0'),
('68', '35', '30', '116FG', 'ZEPOXY 100 F', '0', '730', '100', '0', '0'),
('69', '36', '30', '117FG', 'ZEPOXY 100 H', '0', '375', '10', '0', '0'),
('70', '36', '30', '119FG', 'ZEPOXY 100 MINI', '0', '82', '30', '0', '0'),
('71', '37', '30', '01FG', 'RESSI TA 210', '0', '200', '200', '0', '0'),
('72', '37', '30', '15FG', 'RESSI TG 810 0001 (BRIGHT WHITE)', '0', '75', '60', '0', '0'),
('73', '37', '30', '16FG', 'RESSI TG 810 1110 (IVORY)', '0', '75', '60', '0', '0'),
('74', '37', '30', '39FG', 'RESSI TG 810 9200 (DARK GREY)', '0', '75', '60', '0', '0'),
('75', '37', '30', '17FG', 'RESSI TG 810 1211 (BEIGE)', '0', '75', '40', '0', '0'),
('76', '37', '30', '42FG', 'RESSI TG 810 9960 (BLACK)', '0', '75', '40', '0', '0'),
('77', '37', '30', '32FG', 'RESSI TG 810 5960 (INDIGO BLUE)', '0', '75', '20', '0', '0'),
('78', '37', '30', '33FG', 'RESSI TG 810 6110 (OFF WHITE)', '0', '75', '40', '0', '0'),
('79', '38', '30', '01FG', 'RESSI TA 210', '0', '200', '150', '0', '0'),
('80', '39', '30', '1002FG', 'RESSI SBR 5850', '0', '1300', '15', '0', '0'),
('81', '39', '30', '03FG', 'RESSI TA 230', '0', '650', '40', '0', '0'),
('82', '40', '30', '01FG', 'RESSI TA 210', '0', '210', '200', '0', '0'),
('83', '40', '30', '01FG', 'RESSI TA 210', '0', '0', '10', '0', '0'),
('84', '41', '30', '02FG', 'RESSI TA 220', '0', '330', '100', '0', '0'),
('85', '41', '30', '01FG', 'RESSI TA 210', '0', '200', '150', '0', '0'),
('86', '42', '30', '01FG', 'RESSI TA 210', '0', '210', '100', '0', '0'),
('87', '43', '30', '15FG', 'RESSI TG 810 0001 (BRIGHT WHITE)', '0', '100', '400', '0', '0'),
('89', '44', '30', '39FG', 'RESSI TG 810 9200 (DARK GREY)', '0', '100', '40', '0', '0'),
('90', '44', '30', '33FG', 'RESSI TG 810 6110 (OFF WHITE)', '0', '100', '20', '0', '0'),
('91', '45', '30', '01FG', 'RESSI TA 210', '0', '230', '250', '0', '0'),
('92', '45', '30', '01FG', 'RESSI TA 210', '0', '0', '2', '0', '0'),
('93', '46', '30', '01FG', 'RESSI TA 210', '0', '210', '100', '0', '0'),
('94', '47', '30', '01FG', 'RESSI TA 210', '0', '200', '100', '0', '0'),
('95', '48', '30', '01FG', 'RESSI TA 210', '0', '340', '50', '0', '0'),
('96', '49', '30', '102FG', 'RPR 110 7000 W', '0', '0', '1', '0', '0'),
('97', '49', '30', '103FG', 'RPR 110 9110 W', '0', '0', '1', '0', '0'),
('98', '49', '30', '1006FG', 'RPR 110 9210 W', '0', '0', '1', '0', '0'),
('99', '50', '30', '01FG', 'RESSI TA 210', '0', '210', '100', '0', '0'),
('100', '50', '30', '29FG', 'RESSI TG 810 5410 (Dark Blue)', '0', '85', '10', '0', '0'),
('101', '50', '30', '27FG', 'RESSI TG 810 5210 1 (SKY BLUE)', '0', '85', '10', '0', '0'),
('102', '50', '30', '40FG', 'RESSI TG 810 9321 (BROWN)', '0', '85', '10', '0', '0'),
('103', '51', '30', '15FG', 'RESSI TG 810 0001 (BRIGHT WHITE)', '0', '0', '1', '0', '0'),
('104', '52', '30', '01FG', 'RESSI TA 210', '0', '210', '100', '0', '0'),
('105', '53', '30', '02FG', 'RESSI TA 220', '0', '330', '100', '0', '0'),
('106', '53', '30', '03FG', 'RESSI TA 230', '0', '630', '50', '0', '0'),
('107', '53', '30', '16FG', 'RESSI TG 810 1110 (IVORY)', '0', '75', '100', '0', '0'),
('108', '53', '30', '36FG', 'RESSI TG 810 9000 (GREY)', '0', '75', '100', '0', '0'),
('109', '53', '30', '33FG', 'RESSI TG 810 6110 (OFF WHITE)', '0', '75', '100', '0', '0'),
('110', '53', '30', '15FG', 'RESSI TG 810 0001 (BRIGHT WHITE)', '0', '75', '80', '0', '0'),
('111', '53', '30', '42FG', 'RESSI TG 810 9960 (BLACK)', '0', '75', '80', '0', '0'),
('112', '53', '30', '17FG', 'RESSI TG 810 1211 (BEIGE)', '0', '75', '60', '0', '0'),
('113', '53', '30', '26FG', 'RESSI TG 810 5110 (LIGHT GREY)', '0', '75', '60', '0', '0'),
('114', '53', '30', '39FG', 'RESSI TG 810 9200 (DARK GREY)', '0', '75', '60', '0', '0'),
('115', '53', '30', '25FG', 'RESSI TG 810 4720 (BURGUNDY)', '0', '75', '40', '0', '0'),
('116', '53', '30', '28FG', 'RESSI TG 810 5210 2 (MARBLE BEIGE)', '0', '75', '20', '0', '0'),
('117', '54', '30', '161FG', 'RESSI CFM 920 2K', '1', '4444', '1', '0', '0'),
('118', '54', '30', '13 DML', 'TATRIC ACID', '1', '4444', '1', '0', '0'),
('119', '55', '30', '03FG', 'RESSI TA 230', '0', '650', '30', '0', '0'),
('120', '56', '30', '01FG', 'RESSI TA 210', '0', '210', '100', '0', '0'),
('121', '56', '30', '03FG', 'RESSI TA 230', '0', '650', '25', '0', '0'),
('122', '56', '30', '16FG', 'RESSI TG 810 1110 (IVORY)', '0', '85', '40', '0', '0'),
('123', '56', '30', '33FG', 'RESSI TG 810 6110 (OFF WHITE)', '0', '85', '40', '0', '0'),
('124', '56', '30', '42FG', 'RESSI TG 810 9960 (BLACK)', '0', '85', '40', '0', '0'),
('125', '56', '30', '15FG', 'RESSI TG 810 0001 (BRIGHT WHITE)', '0', '85', '60', '0', '0'),
('126', '57', '30', '03FG', 'RESSI TA 230', '0', '650', '200', '0', '0'),
('127', '58', '30', '01FG', 'RESSI TA 210', '0', '200', '200', '0', '0'),
('128', '59', '30', '116FG', 'ZEPOXY 100 F', '0', '700', '300', '0', '0'),
('129', '60', '30', '176FG', 'SILBLOCK', '0', '400', '20', '0', '0'),
('130', '61', '30', '01FG', 'RESSI TA 210', '0', '210', '100', '0', '0'),
('131', '62', '30', '01FG', 'RESSI TA 210', '0', '200', '2000', '0', '0'),
('132', '62', '30', '33FG', 'RESSI TG 810 6110 (OFF WHITE)', '0', '100', '300', '0', '0'),
('133', '62', '30', '45FG', 'RESSI TG BATH SEAL 2K ', '0', '500', '300', '0', '0'),
('134', '63', '30', '01FG', 'RESSI TA 210', '0', '210', '100', '0', '0'),
('135', '64', '30', '116FG', 'ZEPOXY 100 F', '0', '725', '50', '0', '0'),
('136', '65', '30', '01FG', 'RESSI TA 210', '0', '200', '100', '0', '0'),
('137', '66', '30', '02FG', 'RESSI TA 220', '0', '650', '150', '0', '0'),
('138', '66', '30', '01FG', 'RESSI TA 210', '0', '210', '200', '0', '0'),
('139', '67', '30', '01FG', 'RESSI TA 210', '0', '210', '150', '0', '0'),
('140', '68', '30', '1007FG', 'ZEPOXY 100 ( RESIN )', '0', '375', '25', '0', '0'),
('141', '69', '30', '03FG', 'RESSI TA 230', '0', '680', '50', '0', '0'),
('142', '69', '30', '02FG', 'RESSI TA 220', '0', '380', '50', '0', '0'),
('143', '70', '30', '02FG', 'RESSI TA 220', '0', '0', '15', '0', '0'),
('145', '71', '30', '1009FG', 'RESSI TG 810 9211 ( SPECIAL COLOUR )', '0', '0', '1', '0', '0'),
('146', '72', '30', '15FG', 'RESSI TG 810 0001 (BRIGHT WHITE)', '0', '100', '50', '0', '0'),
('147', '72', '30', '37FG', 'RESSI TG 810 9111 (ASH WHITE)', '0', '100', '50', '0', '0'),
('148', '72', '30', '1010FG', 'RESSI TG 810 ( SPECIAL COLOUR )', '0', '100', '40', '0', '0'),
('149', '73', '30', '153FG', 'RESSI FOAM CRETE', '0', '15', '16000', '0', '0'),
('150', '74', '30', '37FG', 'RESSI TG 810 9111 (ASH WHITE)', '0', '100', '1000', '0', '0'),
('151', '75', '30', '01FG', 'RESSI TA 210', '0', '210', '100', '0', '0'),
('152', '76', '30', '01FG', 'RESSI TA 210', '0', '210', '200', '0', '0'),
('153', '77', '30', '1011FG', 'RPR 120 RSW 0000', '0', '0', '3', '0', '0'),
('154', '78', '30', '1012FG', 'RESSI GLOSS MIGHT ( LIGHT GREY COLOUR )', '0', '0', '1', '0', '0'),
('155', '79', '30', '102FG', 'RPR 110 7000 W', '0', '0', '1', '0', '0'),
('156', '80', '30', '1013FG', 'SILBLOCK WB ( SK DAILUTED )', '0', '320', '60', '0', '0'),
('157', '81', '30', '156FG', 'RESSI CHROME SEAL', '0', '1250', '5', '0', '0'),
('158', '82', '30', '01FG', 'RESSI TA 210', '0', '210', '50', '0', '0'),
('159', '82', '30', '16FG', 'RESSI TG 810 1110 (IVORY)', '0', '85', '60', '0', '0'),
('160', '82', '30', '41FG', 'RESSI TG 810 9642 (DARK BROWN)', '0', '85', '60', '0', '0'),
('161', '83', '30', '15FG', 'RESSI TG 810 0001 (BRIGHT WHITE)', '0', '75', '40', '0', '0'),
('162', '83', '30', '16FG', 'RESSI TG 810 1110 (IVORY)', '0', '75', '40', '0', '0'),
('163', '83', '30', '17FG', 'RESSI TG 810 1211 (BEIGE)', '0', '75', '40', '0', '0'),
('164', '83', '30', '26FG', 'RESSI TG 810 5110 (LIGHT GREY)', '0', '75', '40', '0', '0'),
('165', '83', '30', '41FG', 'RESSI TG 810 9642 (DARK BROWN)', '0', '75', '40', '0', '0'),
('166', '83', '30', '39FG', 'RESSI TG 810 9200 (DARK GREY)', '0', '75', '40', '0', '0'),
('167', '83', '30', '40FG', 'RESSI TG 810 9321 (BROWN)', '0', '75', '20', '0', '0'),
('168', '83', '30', '78FG', 'RESSI TILE LATEX 205', '0', '265', '24', '0', '0'),
('169', '84', '30', '01FG', 'RESSI TA 210', '0', '220', '120', '0', '0'),
('170', '85', '30', '01FG', 'RESSI TA 210', '0', '210', '100', '0', '0'),
('171', '86', '30', '01FG', 'RESSI TA 210', '0', '200', '100', '0', '0'),
('172', '87', '30', '01FG', 'RESSI TA 210', '0', '200', '200', '0', '0'),
('173', '87', '30', '81FG', 'RESSI SBR 5840 ', '0', '230', '60', '0', '0'),
('174', '87', '30', '167FG', 'RESSI COAT X 491', '0', '2000', '3', '0', '0'),
('175', '88', '30', '177FG', 'SILBLOCK AG', '0', '1450', '1', '0', '0'),
('176', '89', '30', '03FG', 'RESSI TA 230', '0', '650', '5', '0', '0'),
('177', '90', '30', '1001FG', 'ZEPOXY STEEL 5 MINS', '0', '0', '5', '0', '0'),
('178', '90', '30', '1014FG', 'ZEPOXY STEEL 5 MINS', '0', '0', '5', '0', '0'),
('179', '91', '30', '1013FG', 'SILBLOCK WB ( SK DAILUTED )', '0', '320', '30', '0', '0'),
('180', '92', '30', '01FG', 'RESSI TA 210', '0', '210', '100', '0', '0'),
('181', '92', '30', '02FG', 'RESSI TA 220', '0', '350', '60', '0', '0'),
('182', '92', '30', '03FG', 'RESSI TA 230', '0', '650', '30', '0', '0'),
('183', '93', '30', '27FG', 'RESSI TG 810 5210 1 (SKY BLUE)', '0', '85', '60', '0', '0'),
('184', '93', '30', '35FG', 'RESSI TG 810 8111 (DARK IVORY)', '0', '85', '60', '0', '0'),
('185', '93', '30', '15FG', 'RESSI TG 810 0001 (BRIGHT WHITE)', '0', '85', '60', '0', '0'),
('186', '93', '30', '16FG', 'RESSI TG 810 1110 (IVORY)', '0', '85', '40', '0', '0'),
('187', '93', '30', '17FG', 'RESSI TG 810 1211 (BEIGE)', '0', '85', '40', '0', '0'),
('188', '93', '30', '39FG', 'RESSI TG 810 9200 (DARK GREY)', '0', '85', '40', '0', '0'),
('189', '93', '30', '42FG', 'RESSI TG 810 9960 (BLACK)', '0', '85', '40', '0', '0'),
('190', '93', '30', '26FG', 'RESSI TG 810 5110 (LIGHT GREY)', '0', '85', '40', '0', '0'),
('191', '94', '30', '174FG', 'RESSI SP 044N', '0', '0', '2', '0', '0'),
('192', '95', '30', '1015FG', 'SILBLOCK WL', '0', '0', '1', '0', '0'),
('193', '96', '30', '102FG', 'RPR 110 7000 W', '0', '0', '1', '0', '0'),
('194', '96', '30', '95FG', 'RPR 110 1211 ', '0', '0', '1', '0', '0'),
('195', '96', '30', '95FG', 'RPR 110 1211 ', '0', '0', '1', '0', '0'),
('196', '97', '30', '93FG', 'RPR 110 1200 ', '0', '0', '1', '0', '0'),
('197', '97', '30', '90FG', 'RPR 110 1100 ', '0', '0', '1', '0', '0'),
('198', '98', '30', '1016FG', 'RESSI COAT X 491', '0', '35', '160', '0', '0'),
('199', '98', '30', '171FG', 'SILMIX', '0', '500', '2', '0', '0'),
('200', '99', '30', '01FG', 'RESSI TA 210', '0', '210', '100', '0', '0'),
('201', '100', '30', '123FG', 'ZEPOXY 200 H', '0', '0', '1', '0', '0'),
('202', '101', '30', '1002FG', 'RESSI SBR 5850', '0', '1250', '4', '0', '0'),
('203', '102', '30', '1017FG', 'ZEPOXY 100 MINI', '0', '80', '30', '0', '0'),
('204', '103', '30', '01FG', 'RESSI TA 210', '0', '210', '150', '0', '0'),
('205', '103', '30', '03FG', 'RESSI TA 230', '0', '650', '50', '0', '0'),
('206', '104', '30', '01FG', 'RESSI TA 210', '0', '210', '100', '0', '0'),
('207', '105', '30', '02FG', 'RESSI TA 220', '0', '350', '70', '0', '0'),
('208', '105', '30', '01FG', 'RESSI TA 210', '0', '210', '50', '0', '0'),
('209', '106', '30', '01FG', 'RESSI TA 210', '0', '210', '30', '0', '0'),
('210', '107', '30', '1009FG', 'RESSI TG 810 9211 ( SPECIAL COLOUR )', '0', '0', '1', '0', '0'),
('211', '107', '30', '37FG', 'RESSI TG 810 9111 (ASH WHITE)', '0', '0', '1', '0', '0'),
('212', '108', '30', '01FG', 'RESSI TA 210', '0', '0', '212', '0', '0'),
('213', '108', '30', '15FG', 'RESSI TG 810 0001 (BRIGHT WHITE)', '0', '75', '100', '0', '0'),
('214', '108', '30', '33FG', 'RESSI TG 810 6110 (OFF WHITE)', '0', '75', '100', '0', '0'),
('215', '108', '30', '41FG', 'RESSI TG 810 9642 (DARK BROWN)', '0', '75', '100', '0', '0'),
('216', '108', '30', '39FG', 'RESSI TG 810 9200 (DARK GREY)', '0', '75', '100', '0', '0'),
('217', '108', '30', '16FG', 'RESSI TG 810 1110 (IVORY)', '0', '75', '200', '0', '0'),
('218', '108', '30', '40FG', 'RESSI TG 810 9321 (BROWN)', '0', '75', '80', '0', '0'),
('219', '108', '30', '36FG', 'RESSI TG 810 9000 (GREY)', '0', '75', '60', '0', '0'),
('220', '108', '30', '42FG', 'RESSI TG 810 9960 (BLACK)', '0', '75', '100', '0', '0'),
('221', '108', '30', '26FG', 'RESSI TG 810 5110 (LIGHT GREY)', '0', '75', '100', '0', '0'),
('222', '109', '30', '1018FG', 'ZEPOXY STEEL 90 MINS', '0', '0', '1', '0', '0'),
('223', '109', '30', '1001FG', 'ZEPOXY STEEL 5 MINS', '0', '0', '1', '0', '0'),
('224', '110', '30', '1001FG', 'ZEPOXY STEEL 5 MINS', '0', '0', '1', '0', '0'),
('225', '110', '30', '1018FG', 'ZEPOXY STEEL 90 MINS', '0', '0', '1', '0', '0'),
('226', '111', '30', '1001FG', 'ZEPOXY STEEL 5 MINS', '0', '0', '1', '0', '0'),
('227', '111', '30', '1018FG', 'ZEPOXY STEEL 90 MINS', '0', '0', '1', '0', '0'),
('228', '112', '30', '01FG', 'RESSI TA 210', '0', '210', '100', '0', '0'),
('229', '113', '30', '01FG', 'RESSI TA 210', '0', '210', '100', '0', '0'),
('230', '114', '30', '1019FG', 'RESSI TA 240', '0', '1050', '100', '0', '0'),
('231', '115', '30', '35FG', 'RESSI TG 810 8111 (DARK IVORY)', '0', '85', '100', '0', '0'),
('232', '115', '30', '15FG', 'RESSI TG 810 0001 (BRIGHT WHITE)', '0', '85', '80', '0', '0'),
('233', '115', '30', '82FG', 'RESSI SBR 5850', '0', '265', '24', '0', '0'),
('234', '116', '30', '1020FG', 'ZHITE GLUE', '0', '1800', '3', '0', '0'),
('235', '117', '30', '119FG', 'ZEPOXY 100 MINI', '0', '80', '200', '0', '0'),
('236', '118', '30', '39FG', 'RESSI TG 810 9200 (DARK GREY)', '0', '85', '120', '0', '0'),
('237', '119', '30', '03FG', 'RESSI TA 230', '0', '650', '100', '0', '0'),
('238', '120', '30', '01FG', 'RESSI TA 210', '0', '200', '300', '0', '0'),
('239', '121', '30', '01FG', 'RESSI TA 210', '0', '200', '200', '0', '0'),
('240', '122', '30', '01FG', 'RESSI TA 210', '0', '200', '300', '0', '0'),
('241', '123', '30', '39FG', 'RESSI TG 810 9200 (DARK GREY)', '0', '85', '60', '0', '0'),
('242', '123', '30', '15FG', 'RESSI TG 810 0001 (BRIGHT WHITE)', '0', '85', '20', '0', '0'),
('243', '123', '30', '16FG', 'RESSI TG 810 1110 (IVORY)', '0', '85', '20', '0', '0'),
('244', '124', '30', '01FG', 'RESSI TA 210', '0', '210', '50', '0', '0'),
('245', '125', '30', '18FG', 'RESSI TG 810 1421 (DARK BEIGE)', '0', '85', '40', '0', '0'),
('246', '125', '30', '82FG', 'RESSI SBR 5850', '0', '265', '36', '0', '0'),
('247', '126', '30', '15FG', 'RESSI TG 810 0001 (BRIGHT WHITE)', '0', '120', '200', '0', '0'),
('248', '126', '30', '30FG', 'RESSI TG 810 5410 1 (AQUA BLUE)', '0', '120', '75', '0', '0'),
('249', '127', '30', '177FG', 'SILBLOCK AG', '0', '1250', '7', '0', '0'),
('250', '127', '30', '176FG', 'SILBLOCK', '0', '350', '3', '0', '0'),
('251', '128', '30', '01FG', 'RESSI TA 210', '0', '200', '200', '0', '0'),
('252', '129', '30', '01FG', 'RESSI TA 210', '0', '210', '200', '0', '0'),
('253', '130', '30', '71FG', 'RESSI TG BATH SEAL 2K 810 9200 (DARK GREY)', '0', '485', '23', '0', '0'),
('254', '130', '30', '48FG', 'RESSI TG BATH SEAL 2K 810 1110 (IVORY)', '0', '485', '15', '0', '0'),
('255', '130', '30', '74FG', 'RESSI TG BATH SEAL 2K 810 9960 (BLACK)', '0', '485', '12', '0', '0'),
('256', '130', '30', '73FG', 'RESSI TG BATH SEAL 2K 810 9642 (DARK BROWN)', '0', '485', '10', '0', '0'),
('257', '130', '30', '72FG', 'RESSI TG BATH SEAL 2K 810 9321 (BROWN)', '0', '485', '10', '0', '0'),
('258', '130', '30', '37FG', 'RESSI TG 810 9111 (ASH WHITE)', '0', '485', '8', '0', '0'),
('259', '130', '30', '68FG', 'RESSI TG BATH SEAL 2K 810 9000 (GREY)', '0', '485', '6', '0', '0'),
('260', '130', '30', '67FG', 'RESSI TG BATH SEAL 2K 810 8111 (DARK IVORY)', '0', '485', '5', '0', '0'),
('261', '130', '30', '58FG', 'RESSI TG BATH SEAL 2K 810 5110 (LIGHT GREY)', '0', '485', '1', '0', '0'),
('262', '131', '30', '01FG', 'RESSI TA 210', '0', '210', '300', '0', '0'),
('263', '132', '30', '1021FG', 'SILBLOCK', '0', '300', '100', '0', '0'),
('264', '133', '30', '01FG', 'RESSI TA 210', '0', '200', '300', '0', '0'),
('265', '133', '30', '16FG', 'RESSI TG 810 1110 (IVORY)', '0', '85', '40', '0', '0'),
('266', '133', '30', '33FG', 'RESSI TG 810 6110 (OFF WHITE)', '0', '85', '40', '0', '0'),
('267', '133', '30', '36FG', 'RESSI TG 810 9000 (GREY)', '0', '85', '40', '0', '0'),
('268', '133', '30', '40FG', 'RESSI TG 810 9321 (BROWN)', '0', '85', '20', '0', '0'),
('269', '133', '30', '15FG', 'RESSI TG 810 0001 (BRIGHT WHITE)', '0', '85', '20', '0', '0'),
('270', '133', '30', '27FG', 'RESSI TG 810 5210 1 (SKY BLUE)', '0', '85', '20', '0', '0'),
('271', '134', '30', '01FG', 'RESSI TA 210', '0', '200', '500', '0', '0'),
('272', '135', '30', '01FG', 'RESSI TA 210', '0', '210', '200', '0', '0'),
('273', '136', '30', '42FG', 'RESSI TG 810 9960 (BLACK)', '0', '85', '20', '0', '0'),
('274', '136', '30', '22FG', 'RESSI TG 810 2770 (AQUA GREEN)', '0', '85', '20', '0', '0'),
('275', '136', '30', '1002FG', 'RESSI SBR 5850', '0', '260', '20', '0', '0'),
('276', '136', '30', '82FG', 'RESSI SBR 5850', '0', '265', '12', '0', '0'),
('277', '137', '30', '156FG', 'RESSI CHROME SEAL', '0', '0', '0.5', '0', '0'),
('278', '138', '30', '01FG', 'RESSI TA 210', '0', '200', '200', '0', '0'),
('279', '139', '30', '01FG', 'RESSI TA 210', '0', '200', '200', '0', '0'),
('280', '140', '30', '1022FG', 'RPR 110 7000 W', '0', '0', '0', '0', '0'),
('281', '140', '30', '1023FG', 'RPR 110 3900 X 4', '0', '0', '0', '0', '0'),
('282', '141', '30', '01FG', 'RESSI TA 210', '0', '200', '300', '0', '0'),
('283', '141', '30', '03FG', 'RESSI TA 230', '0', '630', '100', '0', '0'),
('284', '142', '30', '49FG', 'RESSI TG BATH SEAL 2K 810 1211 (BEIGE)', '0', '500', '10', '0', '0'),
('285', '142', '30', '72FG', 'RESSI TG BATH SEAL 2K 810 9321 (BROWN)', '0', '500', '10', '0', '0'),
('286', '143', '30', '01FG', 'RESSI TA 210', '0', '200', '500', '0', '0'),
('287', '144', '30', '01FG', 'RESSI TA 210', '0', '200', '500', '0', '0'),
('288', '145', '30', '01FG', 'RESSI TA 210', '0', '210', '1', '0', '0'),
('289', '146', '30', '01FG', 'RESSI TA 210', '0', '210', '100', '0', '0'),
('290', '147', '30', '01FG', 'RESSI TA 210', '0', '220', '200', '0', '0'),
('291', '148', '30', '03FG', 'RESSI TA 230', '0', '0', '3', '0', '0'),
('292', '148', '30', '03 DML', 'GREY CEMENT', '0', '0', '150', '0', '0'),
('293', '148', '30', '02DML', 'SAND', '0', '0', '600', '0', '0'),
('294', '148', '30', '1024FG', 'RESSI COAT X 491 LIQUIED', '0', '0', '10', '0', '0'),
('295', '149', '30', '167FG', 'RESSI COAT X 491', '0', '140.63', '16', '0', '0'),
('296', '150', '30', '1006FG', 'RPR 110 9210 W', '0', '0', '0', '0', '0'),
('297', '150', '30', '103FG', 'RPR 110 9110 W', '0', '0', '0', '0', '0'),
('298', '150', '30', '1006FG', 'RPR 110 9210 W', '0', '0', '0', '0', '0'),
('299', '151', '30', '120FG', 'ZEPOXY 150 F', '0', '725', '300', '0', '0'),
('300', '152', '30', '1025FG', 'RESSI COAT X 491', '0', '2250', '20', '0', '0'),
('301', '153', '30', '01FG', 'RESSI TA 210', '0', '220', '50', '0', '0'),
('302', '154', '30', '177FG', 'SILBLOCK AG', '0', '1450', '2', '0', '0'),
('303', '155', '30', '01FG', 'RESSI TA 210', '0', '230', '1500', '0', '0'),
('304', '156', '30', '01FG', 'RESSI TA 210', '0', '210', '100', '0', '0'),
('305', '157', '30', '01FG', 'RESSI TA 210', '0', '210', '100', '0', '0'),
('306', '158', '30', '17FG', 'RESSI TG 810 1211 (BEIGE)', '0', '85', '20', '0', '0'),
('307', '158', '30', '37FG', 'RESSI TG 810 9111 (ASH WHITE)', '0', '85', '20', '0', '0'),
('308', '158', '30', '16FG', 'RESSI TG 810 1110 (IVORY)', '0', '85', '20', '0', '0'),
('309', '158', '30', '39FG', 'RESSI TG 810 9200 (DARK GREY)', '0', '85', '20', '0', '0'),
('310', '159', '30', '15FG', 'RESSI TG 810 0001 (BRIGHT WHITE)', '0', '75', '80', '0', '0'),
('311', '159', '30', '41FG', 'RESSI TG 810 9642 (DARK BROWN)', '0', '75', '60', '0', '0'),
('312', '159', '30', '30FG', 'RESSI TG 810 5410 1 (AQUA BLUE)', '0', '75', '60', '0', '0'),
('313', '159', '30', '26FG', 'RESSI TG 810 5110 (LIGHT GREY)', '0', '75', '40', '0', '0'),
('314', '159', '30', '39FG', 'RESSI TG 810 9200 (DARK GREY)', '0', '75', '40', '0', '0'),
('315', '159', '30', '17FG', 'RESSI TG 810 1211 (BEIGE)', '0', '75', '40', '0', '0'),
('316', '159', '30', '16FG', 'RESSI TG 810 1110 (IVORY)', '0', '75', '40', '0', '0'),
('317', '159', '30', '42FG', 'RESSI TG 810 9960 (BLACK)', '0', '75', '40', '0', '0'),
('318', '160', '30', '1026FG', 'RPR 110 0000', '0', '90', '10000', '0', '0'),
('319', '161', '30', '01FG', 'RESSI TA 210', '0', '200', '400', '0', '0'),
('320', '162', '30', '116FG', 'ZEPOXY 100 F', '0', '700', '300', '0', '0'),
('321', '163', '30', '03FG', 'RESSI TA 230', '0', '650', '100', '0', '0'),
('322', '164', '30', '01FG', 'RESSI TA 210', '0', '210', '50', '0', '0'),
('323', '165', '30', '01FG', 'RESSI TA 210', '0', '220', '50', '0', '0'),
('324', '166', '30', '01FG', 'RESSI TA 210', '0', '210', '100', '0', '0'),
('325', '167', '30', '15FG', 'RESSI TG 810 0001 (BRIGHT WHITE)', '0', '120', '8', '0', '0'),
('326', '167', '30', '33FG', 'RESSI TG 810 6110 (OFF WHITE)', '0', '120', '5', '0', '0'),
('327', '167', '30', '25FG', 'RESSI TG 810 4720 (BURGUNDY)', '0', '120', '4', '0', '0'),
('328', '167', '30', '42FG', 'RESSI TG 810 9960 (BLACK)', '0', '120', '1', '0', '0'),
('329', '167', '30', '16FG', 'RESSI TG 810 1110 (IVORY)', '0', '120', '2', '0', '0'),
('330', '167', '30', '17FG', 'RESSI TG 810 1211 (BEIGE)', '0', '120', '2', '0', '0'),
('331', '167', '30', '37FG', 'RESSI TG 810 9111 (ASH WHITE)', '0', '120', '2', '0', '0'),
('332', '167', '30', '40FG', 'RESSI TG 810 9321 (BROWN)', '0', '120', '2', '0', '0'),
('333', '168', '30', '01FG', 'RESSI TA 210', '0', '198', '300', '0', '0'),
('334', '169', '30', '116FG', 'ZEPOXY 100 F', '0', '725', '50', '0', '0'),
('335', '170', '30', '01FG', 'RESSI TA 210', '0', '230', '750', '0', '0'),
('336', '171', '30', '01FG', 'RESSI TA 210', '0', '210', '100', '0', '0'),
('337', '172', '30', '01FG', 'RESSI TA 210', '0', '210', '50', '0', '0'),
('338', '173', '30', '47FG', 'RESSI TG BATH SEAL 2K 810 0001 (BRIGHT WHITE)', '0', '0', '1', '0', '0'),
('339', '174', '30', '1027FG', 'ZEPOXY 900 PASTE', '0', '300', '1', '0', '0'),
('340', '175', '30', '01FG', 'RESSI TA 210', '0', '210', '200', '0', '0'),
('341', '176', '30', '03FG', 'RESSI TA 230', '0', '700', '50', '0', '0'),
('342', '177', '30', '03FG', 'RESSI TA 230', '0', '670', '25', '0', '0'),
('343', '178', '30', '03FG', 'RESSI TA 230', '0', '675', '50', '0', '0'),
('344', '179', '30', '47FG', 'RESSI TG BATH SEAL 2K 810 0001 (BRIGHT WHITE)', '0', '0', '1', '0', '0'),
('345', '180', '30', '01FG', 'RESSI TA 210', '0', '220', '100', '0', '0'),
('346', '181', '30', '02FG', 'RESSI TA 220', '0', '330', '200', '0', '0'),
('347', '181', '30', '01FG', 'RESSI TA 210', '0', '200', '150', '0', '0'),
('348', '182', '30', '01FG', 'RESSI TA 210', '0', '220', '15', '0', '0'),
('349', '183', '30', '165FG', 'RESSI PUTTY 10000 ( GREY )', '0', '1600', '25', '0', '0'),
('350', '184', '30', '171FG', 'SILMIX', '0', '450', '15', '0', '0'),
('351', '184', '30', '1029FG', 'POLYMER B', '0', '400', '5', '0', '0'),
('352', '185', '30', '1022FG', 'RPR 110 7000 W', '0', '90', '4000', '0', '0'),
('353', '186', '30', '01FG', 'RESSI TA 210', '0', '210', '100', '0', '0'),
('354', '187', '30', '42FG', 'RESSI TG 810 9960 (BLACK)', '0', '110', '200', '0', '0'),
('355', '188', '30', '01FG', 'RESSI TA 210', '0', '205', '6000', '0', '0'),
('356', '189', '30', '81FG', 'RESSI SBR 5840 ', '0', '235', '12', '0', '0'),
('357', '190', '30', '168FG', 'RESSI COAT X 491 3.2', '0', '650', '2', '0', '0'),
('358', '190', '30', '170FG', 'RESSI DAMP SEAL', '0', '1850', '2', '0', '0'),
('359', '191', '30', '81FG', 'RESSI SBR 5840 ', '0', '235', '12', '0', '0'),
('360', '191', '30', '1030FG', 'RESSI SBR 5840', '0', '1100', '2', '0', '0'),
('361', '192', '30', '02FG', 'RESSI TA 220', '0', '360', '10', '0', '0'),
('362', '193', '30', '01FG', 'RESSI TA 210', '0', '220', '100', '0', '0'),
('363', '193', '30', '16FG', 'RESSI TG 810 1110 (IVORY)', '0', '95', '60', '0', '0'),
('364', '193', '30', '33FG', 'RESSI TG 810 6110 (OFF WHITE)', '0', '95', '60', '0', '0'),
('365', '193', '30', '26FG', 'RESSI TG 810 5110 (LIGHT GREY)', '0', '95', '40', '0', '0'),
('366', '194', '30', '01FG', 'RESSI TA 210', '0', '220', '50', '0', '0'),
('367', '194', '30', '03FG', 'RESSI TA 230', '0', '670', '50', '0', '0'),
('368', '195', '30', '116FG', 'ZEPOXY 100 F', '0', '725', '100', '0', '0'),
('369', '196', '30', '177FG', 'SILBLOCK AG', '0', '1420', '100', '0', '0'),
('370', '197', '30', '1001FG', 'ZEPOXY STEEL 5 MINS', '0', '0', '100', '0', '0'),
('371', '198', '30', '01FG', 'RESSI TA 210', '0', '210', '100', '0', '0'),
('372', '199', '30', '01FG', 'RESSI TA 210', '0', '210', '100', '0', '0'),
('373', '200', '30', '1031FG', 'RPR 120 3100-1', '0', '0', '0', '0', '0'),
('374', '201', '30', '171FG', 'SILMIX', '0', '300', '200', '0', '0'),
('375', '202', '30', '01FG', 'RESSI TA 210', '0', '210', '60', '0', '0'),
('376', '203', '30', '01FG', 'RESSI TA 210', '0', '210', '100', '0', '0'),
('377', '203', '30', '29FG', 'RESSI TG 810 5410 (Dark Blue)', '0', '85', '20', '0', '0'),
('378', '203', '30', '41FG', 'RESSI TG 810 9642 (DARK BROWN)', '0', '85', '20', '0', '0'),
('379', '203', '30', '18FG', 'RESSI TG 810 1421 (DARK BEIGE)', '0', '85', '40', '0', '0'),
('380', '203', '30', '16FG', 'RESSI TG 810 1110 (IVORY)', '0', '85', '40', '0', '0'),
('381', '204', '30', '15FG', 'RESSI TG 810 0001 (BRIGHT WHITE)', '0', '100', '200', '0', '0'),
('382', '204', '30', '16FG', 'RESSI TG 810 1110 (IVORY)', '0', '0', '1', '0', '0'),
('383', '204', '30', '23FG', 'RESSI TG 810 3100 (PINK)', '0', '0', '1', '0', '0'),
('384', '204', '30', '28FG', 'RESSI TG 810 5210 2 (MARBLE BEIGE)', '0', '0', '1', '0', '0'),
('385', '205', '30', '01FG', 'RESSI TA 210', '0', '200', '400', '0', '0'),
('386', '206', '30', '17FG', 'RESSI TG 810 1211 (BEIGE)', '0', '100', '10', '0', '0'),
('387', '206', '30', '39FG', 'RESSI TG 810 9200 (DARK GREY)', '0', '100', '10', '0', '0'),
('388', '206', '30', '38FG', 'RESSI TG 810 9111 1 (DESERT TAN)', '0', '100', '10', '0', '0'),
('389', '206', '30', '20FG', 'RESSI TG 810 1950 (MAPLE WOOD)', '0', '100', '10', '0', '0'),
('390', '206', '30', '40FG', 'RESSI TG 810 9321 (BROWN)', '0', '100', '10', '0', '0'),
('391', '207', '30', '01FG', 'RESSI TA 210', '0', '210', '50', '0', '0'),
('392', '208', '30', '01FG', 'RESSI TA 210', '0', '210', '300', '0', '0'),
('393', '209', '30', '01FG', 'RESSI TA 210', '0', '200', '300', '0', '0'),
('394', '209', '30', '02FG', 'RESSI TA 220', '0', '330', '100', '0', '0'),
('395', '209', '30', '03FG', 'RESSI TA 230', '0', '630', '50', '0', '0'),
('396', '210', '30', '01FG', 'RESSI TA 210', '0', '200', '150', '0', '0'),
('397', '211', '30', '01FG', 'RESSI TA 210', '0', '210', '40', '0', '0'),
('398', '211', '30', '02FG', 'RESSI TA 220', '0', '350', '60', '0', '0'),
('399', '212', '30', '1001FG', 'ZEPOXY STEEL 5 MINS', '0', '17.5', '10', '0', '0'),
('400', '213', '30', '1001FG', 'ZEPOXY STEEL 5 MINS', '0', '17.5', '10', '0', '0'),
('401', '214', '30', '1001FG', 'ZEPOXY STEEL 5 MINS', '0', '17.5', '10', '0', '0'),
('402', '215', '30', '1001FG', 'ZEPOXY STEEL 5 MINS', '0', '17.5', '10', '0', '0'),
('403', '216', '30', '1001FG', 'ZEPOXY STEEL 5 MINS', '0', '17.5', '30', '0', '0'),
('405', '217', '30', '1001FG', 'ZEPOXY STEEL 5 MINS', '0', '17.5', '10', '0', '0'),
('406', '218', '30', '1014FG', 'ZEPOXY STEEL 5 MINS', '0', '500', '1', '0', '0'),
('407', '218', '30', '1014FG', 'ZEPOXY STEEL 90 MINS', '0', '350', '1', '0', '0'),
('408', '219', '30', '1014FG', 'ZEPOXY STEEL 5 MINS', '0', '500', '1', '0', '0'),
('409', '219', '30', '1014FG', 'ZEPOXY STEEL 90 MINS', '0', '350', '1', '0', '0'),
('410', '220', '30', '1001FG', 'ZEPOXY STEEL 5 MINS', '0', '17.5', '10', '0', '0'),
('411', '221', '30', '1001FG', 'ZEPOXY STEEL 5 MINS', '0', '17.5', '10', '0', '0'),
('412', '222', '30', '1025FG', 'RESSI COAT X 491', '0', '2250', '20', '0', '0'),
('413', '223', '30', '1001FG', 'ZEPOXY STEEL 5 MINS', '0', '17', '10', '0', '0'),
('414', '224', '30', '81FG', 'RESSI SBR 5840 ', '0', '235', '6', '0', '0'),
('415', '224', '30', '141FG', 'ZHITE GLUE FULL', '0', '80', '25', '0', '0'),
('416', '224', '30', '142FG', 'ZHITE GLUE HALF', '0', '45', '20', '0', '0'),
('417', '224', '30', '143FG', 'ZHITE GLUE QUARTER', '0', '25', '40', '0', '0'),
('418', '224', '30', '1001FG', 'ZEPOXY STEEL 5 MINS', '0', '17', '5', '0', '0'),
('419', '225', '30', '1006FG', 'RPR 110 9210 W', '0', '0', '0', '0', '0'),
('420', '225', '30', '103FG', 'RPR 110 9110 W', '0', '0', '0', '0', '0'),
('421', '225', '30', '109FG', 'RPR 110 9411 ', '0', '0', '0', '0', '0'),
('422', '225', '30', '95FG', 'RPR 110 1211 ', '0', '0', '0', '0', '0'),
('423', '226', '30', '156FG', 'RESSI CHROME SEAL', '0', '0', '5', '0', '0'),
('424', '227', '30', '01FG', 'RESSI TA 210', '0', '210', '400', '0', '0'),
('425', '227', '30', '02FG', 'RESSI TA 220', '0', '350', '100', '0', '0'),
('426', '227', '30', '15FG', 'RESSI TG 810 0001 (BRIGHT WHITE)', '0', '85', '100', '0', '0'),
('427', '227', '30', '39FG', 'RESSI TG 810 9200 (DARK GREY)', '0', '85', '80', '0', '0'),
('428', '227', '30', '16FG', 'RESSI TG 810 1110 (IVORY)', '0', '85', '60', '0', '0'),
('429', '227', '30', '36FG', 'RESSI TG 810 9000 (GREY)', '0', '85', '60', '0', '0'),
('430', '228', '30', '37FG', 'RESSI TG 810 9111 (ASH WHITE)', '0', '85', '60', '0', '0'),
('431', '228', '30', '33FG', 'RESSI TG 810 6110 (OFF WHITE)', '0', '85', '40', '0', '0'),
('432', '228', '30', '41FG', 'RESSI TG 810 9642 (DARK BROWN)', '0', '85', '40', '0', '0'),
('433', '228', '30', '42FG', 'RESSI TG 810 9960 (BLACK)', '0', '85', '40', '0', '0'),
('434', '228', '30', '25FG', 'RESSI TG 810 4720 (BURGUNDY)', '0', '85', '20', '0', '0'),
('435', '229', '30', '36FG', 'RESSI TG 810 9000 (GREY)', '0', '85', '40', '0', '0'),
('436', '229', '30', '15FG', 'RESSI TG 810 0001 (BRIGHT WHITE)', '0', '85', '40', '0', '0'),
('437', '229', '30', '42FG', 'RESSI TG 810 9960 (BLACK)', '0', '85', '20', '0', '0'),
('438', '229', '30', '16FG', 'RESSI TG 810 1110 (IVORY)', '0', '85', '40', '0', '0'),
('439', '230', '30', '01FG', 'RESSI TA 210', '0', '220', '500', '0', '0'),
('440', '231', '30', '03FG', 'RESSI TA 230', '0', '650', '250', '0', '0'),
('441', '232', '30', '15FG', 'RESSI TG 810 0001 (BRIGHT WHITE)', '0', '95', '80', '0', '0'),
('442', '233', '30', '15FG', 'RESSI TG 810 0001 (BRIGHT WHITE)', '0', '95', '80', '0', '0'),
('443', '234', '30', '01FG', 'RESSI TA 210', '0', '210', '100', '0', '0'),
('444', '235', '30', '116FG', 'ZEPOXY 100 F', '0', '725', '10', '0', '0'),
('445', '235', '30', '142FG', 'ZHITE GLUE HALF', '0', '0', '1', '0', '0'),
('446', '236', '30', '15FG', 'RESSI TG 810 0001 (BRIGHT WHITE)', '0', '85', '100', '0', '0'),
('447', '236', '30', '16FG', 'RESSI TG 810 1110 (IVORY)', '0', '85', '100', '0', '0'),
('448', '236', '30', '39FG', 'RESSI TG 810 9200 (DARK GREY)', '0', '85', '40', '0', '0'),
('449', '236', '30', '26FG', 'RESSI TG 810 5110 (LIGHT GREY)', '0', '85', '40', '0', '0'),
('450', '236', '30', '41FG', 'RESSI TG 810 9642 (DARK BROWN)', '0', '85', '40', '0', '0'),
('451', '237', '30', '01FG', 'RESSI TA 210', '0', '210', '100', '0', '0'),
('452', '237', '30', '01FG', 'RESSI TA 210', '0', '0', '5', '0', '0'),
('453', '237', '30', '30FG', 'RESSI TG 810 5410 1 (AQUA BLUE)', '0', '80', '20', '0', '0'),
('454', '237', '30', '18FG', 'RESSI TG 810 1421 (DARK BEIGE)', '0', '80', '20', '0', '0'),
('455', '237', '30', '35FG', 'RESSI TG 810 8111 (DARK IVORY)', '0', '80', '40', '0', '0'),
('456', '238', '30', '15FG', 'RESSI TG 810 0001 (BRIGHT WHITE)', '0', '75', '100', '0', '0'),
('457', '238', '30', '42FG', 'RESSI TG 810 9960 (BLACK)', '0', '75', '100', '0', '0'),
('458', '238', '30', '26FG', 'RESSI TG 810 5110 (LIGHT GREY)', '0', '75', '100', '0', '0'),
('459', '239', '30', '02FG', 'RESSI TA 220', '0', '350', '30', '0', '0'),
('460', '239', '30', '39FG', 'RESSI TG 810 9200 (DARK GREY)', '0', '85', '20', '0', '0'),
('461', '239', '30', '33FG', 'RESSI TG 810 6110 (OFF WHITE)', '0', '85', '20', '0', '0'),
('462', '239', '30', '36FG', 'RESSI TG 810 9000 (GREY)', '0', '85', '20', '0', '0'),
('463', '239', '30', '42FG', 'RESSI TG 810 9960 (BLACK)', '0', '85', '20', '0', '0'),
('464', '239', '30', '16FG', 'RESSI TG 810 1110 (IVORY)', '0', '85', '20', '0', '0'),
('465', '240', '30', '02FG', 'RESSI TA 220', '0', '350', '100', '0', '0'),
('466', '241', '30', '1001FG', 'ZEPOXY STEEL 5 MINS', '0', '17.5', '10', '0', '0'),
('467', '242', '30', '03FG', 'RESSI TA 230', '0', '670', '50', '0', '0'),
('468', '243', '30', '1028FG', 'RESSI ETG DP MATT ( 9321 )', '0', '0', '1', '0', '0'),
('469', '244', '30', '01FG', 'RESSI TA 210', '0', '210', '60', '0', '0'),
('470', '244', '30', '02FG', 'RESSI TA 220', '0', '350', '20', '0', '0'),
('471', '244', '30', '33FG', 'RESSI TG 810 6110 (OFF WHITE)', '0', '85', '20', '0', '0'),
('472', '244', '30', '16FG', 'RESSI TG 810 1110 (IVORY)', '0', '85', '20', '0', '0'),
('473', '245', '30', '36FG', 'RESSI TG 810 9000 (GREY)', '0', '85', '40', '0', '0'),
('474', '245', '30', '39FG', 'RESSI TG 810 9200 (DARK GREY)', '0', '85', '40', '0', '0'),
('475', '245', '30', '15FG', 'RESSI TG 810 0001 (BRIGHT WHITE)', '0', '85', '40', '0', '0'),
('476', '245', '30', '42FG', 'RESSI TG 810 9960 (BLACK)', '0', '85', '40', '0', '0'),
('477', '246', '30', '16FG', 'RESSI TG 810 1110 (IVORY)', '0', '120', '55', '0', '0'),
('478', '246', '30', '15FG', 'RESSI TG 810 0001 (BRIGHT WHITE)', '0', '120', '20', '0', '0'),
('479', '246', '30', '41FG', 'RESSI TG 810 9642 (DARK BROWN)', '0', '120', '10', '0', '0'),
('480', '246', '30', '39FG', 'RESSI TG 810 9200 (DARK GREY)', '0', '120', '5', '0', '0'),
('481', '246', '30', '36FG', 'RESSI TG 810 9000 (GREY)', '0', '120', '5', '0', '0'),
('482', '247', '30', '01FG', 'RESSI TA 210', '0', '200', '300', '0', '0'),
('483', '247', '30', '33FG', 'RESSI TG 810 6110 (OFF WHITE)', '0', '75', '60', '0', '0'),
('484', '247', '30', '40FG', 'RESSI TG 810 9321 (BROWN)', '0', '75', '60', '0', '0'),
('485', '247', '30', '15FG', 'RESSI TG 810 0001 (BRIGHT WHITE)', '0', '75', '60', '0', '0'),
('486', '247', '30', '34FG', 'RESSI TG 810 6400 (PEACH)', '0', '75', '40', '0', '0'),
('487', '247', '30', '26FG', 'RESSI TG 810 5110 (LIGHT GREY)', '0', '75', '40', '0', '0'),
('488', '248', '30', '115FG', 'RESSI BRC 7000', '0', '1950', '40', '0', '0'),
('489', '249', '30', '1025FG', 'RESSI COAT X 491', '0', '2250', '4', '0', '0'),
('490', '250', '30', '36FG', 'RESSI TG 810 9000 (GREY)', '0', '85', '60', '0', '0'),
('491', '250', '30', '40FG', 'RESSI TG 810 9321 (BROWN)', '0', '85', '40', '0', '0'),
('492', '250', '30', '26FG', 'RESSI TG 810 5110 (LIGHT GREY)', '0', '85', '20', '0', '0'),
('493', '250', '30', '41FG', 'RESSI TG 810 9642 (DARK BROWN)', '0', '85', '20', '0', '0'),
('494', '250', '30', '23FG', 'RESSI TG 810 3100 (PINK)', '0', '85', '20', '0', '0'),
('495', '251', '30', '01FG', 'RESSI TA 210', '0', '210', '200', '0', '0'),
('496', '251', '30', '01FG', 'RESSI TA 210', '0', '0', '10', '0', '0'),
('497', '252', '30', '01FG', 'RESSI TA 210', '0', '200', '500', '0', '0'),
('498', '253', '30', '116FG', 'ZEPOXY 100 F', '0', '725', '50', '0', '0'),
('499', '254', '30', '01FG', 'RESSI TA 210', '0', '198', '300', '0', '0'),
('500', '255', '30', '04FG', 'RESSI TA 240', '0', '920', '50', '0', '0'),
('501', '254', '30', '15FG', 'RESSI TG 810 0001 (BRIGHT WHITE)', '0', '85', '20', '0', '0'),
('502', '254', '30', '42FG', 'RESSI TG 810 9960 (BLACK)', '0', '85', '1', '0', '0'),
('503', '256', '30', '01FG', 'RESSI TA 210', '0', '210', '30', '0', '0'),
('504', '256', '30', '02FG', 'RESSI TA 220', '0', '350', '30', '0', '0'),
('505', '257', '30', '02FG', 'RESSI TA 220', '0', '360', '3', '0', '0'),
('506', '258', '30', '13FG', 'RESSI TA HPA', '0', '0', '0.5', '0', '0'),
('507', '259', '30', '85FG', 'RPR 110', '0', '0', '0', '0', '0'),
('508', '260', '30', '17FG', 'RESSI TG 810 1211 (BEIGE)', '0', '100', '200', '0', '0'),
('509', '260', '30', '26FG', 'RESSI TG 810 5110 (LIGHT GREY)', '0', '0', '300', '0', '0'),
('510', '261', '30', '03FG', 'RESSI TA 230', '0', '650', '15', '0', '0'),
('511', '262', '30', '15FG', 'RESSI TG 810 0001 (BRIGHT WHITE)', '0', '85', '100', '0', '0'),
('512', '262', '30', '16FG', 'RESSI TG 810 1110 (IVORY)', '0', '85', '100', '0', '0'),
('513', '262', '30', '17FG', 'RESSI TG 810 1211 (BEIGE)', '0', '85', '60', '0', '0'),
('514', '262', '30', '39FG', 'RESSI TG 810 9200 (DARK GREY)', '0', '85', '60', '0', '0'),
('515', '262', '30', '36FG', 'RESSI TG 810 9000 (GREY)', '0', '85', '40', '0', '0'),
('516', '262', '30', '20FG', 'RESSI TG 810 1950 (MAPLE WOOD)', '0', '85', '20', '0', '0'),
('517', '262', '30', '23FG', 'RESSI TG 810 3100 (PINK)', '0', '85', '20', '0', '0'),
('518', '262', '30', '27FG', 'RESSI TG 810 5210 1 (SKY BLUE)', '0', '85', '20', '0', '0'),
('519', '262', '30', '21FG', 'RESSI TG 810 2400 (LIGHT GREEN)', '0', '85', '20', '0', '0'),
('520', '262', '30', '42FG', 'RESSI TG 810 9960 (BLACK)', '0', '85', '20', '0', '0'),
('521', '263', '30', '43FG', 'RESSI TG 820 ', '0', '180', '100', '0', '0'),
('522', '264', '30', '01FG', 'RESSI TA 210', '0', '220', '100', '0', '0'),
('523', '264', '30', '27FG', 'RESSI TG 810 5210 1 (SKY BLUE)', '0', '95', '40', '0', '0'),
('524', '264', '30', '16FG', 'RESSI TG 810 1110 (IVORY)', '0', '95', '40', '0', '0'),
('525', '264', '30', '36FG', 'RESSI TG 810 9000 (GREY)', '0', '95', '20', '0', '0'),
('526', '265', '30', '1033FG', 'SILDIP ( SK PURE )', '0', '750', '5', '0', '0'),
('527', '266', '30', '1030FG', 'RESSI SBR 5840', '0', '1125', '6', '0', '0'),
('528', '266', '30', '81FG', 'RESSI SBR 5840 ', '0', '235', '12', '0', '0'),
('529', '267', '30', '01FG', 'RESSI TA 210', '0', '210', '100', '0', '0'),
('530', '267', '30', '15FG', 'RESSI TG 810 0001 (BRIGHT WHITE)', '0', '95', '40', '0', '0'),
('531', '267', '30', '16FG', 'RESSI TG 810 1110 (IVORY)', '0', '95', '40', '0', '0'),
('532', '267', '30', '33FG', 'RESSI TG 810 6110 (OFF WHITE)', '0', '95', '40', '0', '0'),
('533', '267', '30', '41FG', 'RESSI TG 810 9642 (DARK BROWN)', '0', '95', '40', '0', '0'),
('534', '268', '30', '01FG', 'RESSI TA 210', '0', '210', '50', '0', '0'),
('535', '269', '30', '01FG', 'RESSI TA 210', '0', '200', '200', '0', '0'),
('536', '270', '30', '01FG', 'RESSI TA 210', '0', '210', '200', '0', '0'),
('537', '271', '30', '01FG', 'RESSI TA 210', '0', '210', '200', '0', '0'),
('538', '271', '30', '01FG', 'RESSI TA 210', '0', '0', '10', '0', '0'),
('539', '272', '30', '03FG', 'RESSI TA 230', '0', '650', '7', '0', '0'),
('540', '272', '30', '1005FG', 'RESSI SBR 5850', '0', '260', '10', '0', '0'),
('541', '273', '30', '03FG', 'RESSI TA 230', '0', '670', '30', '0', '0'),
('542', '274', '30', '02FG', 'RESSI TA 220', '0', '400', '50', '0', '0'),
('543', '275', '30', '01FG', 'RESSI TA 210', '0', '200', '100', '0', '0'),
('544', '276', '30', '17FG', 'RESSI TG 810 1211 (BEIGE)', '0', '85', '60', '0', '0'),
('545', '276', '30', '39FG', 'RESSI TG 810 9200 (DARK GREY)', '0', '85', '60', '0', '0'),
('546', '276', '30', '15FG', 'RESSI TG 810 0001 (BRIGHT WHITE)', '0', '85', '40', '0', '0'),
('547', '276', '30', '16FG', 'RESSI TG 810 1110 (IVORY)', '0', '85', '20', '0', '0'),
('548', '276', '30', '42FG', 'RESSI TG 810 9960 (BLACK)', '0', '85', '10', '0', '0'),
('549', '276', '30', '36FG', 'RESSI TG 810 9000 (GREY)', '0', '85', '10', '0', '0'),
('550', '277', '30', '01FG', 'RESSI TA 210', '0', '210', '200', '0', '0'),
('551', '277', '30', '03FG', 'RESSI TA 230', '0', '650', '50', '0', '0'),
('552', '277', '30', '17FG', 'RESSI TG 810 1211 (BEIGE)', '0', '85', '20', '0', '0'),
('553', '277', '30', '39FG', 'RESSI TG 810 9200 (DARK GREY)', '0', '85', '20', '0', '0'),
('554', '278', '30', '1014FG', 'ZEPOXY STEEL 5 MINS', '0', '0', '1', '0', '0'),
('555', '278', '30', '1014FG', 'ZEPOXY STEEL 90 MINS', '0', '0', '1', '0', '0'),
('556', '279', '30', '03FG', 'RESSI TA 230', '0', '650', '100', '0', '0'),
('557', '280', '30', '01FG', 'RESSI TA 210', '0', '200', '200', '0', '0'),
('558', '281', '30', '16FG', 'RESSI TG 810 1110 (IVORY)', '0', '85', '20', '0', '0'),
('559', '281', '30', '37FG', 'RESSI TG 810 9111 (ASH WHITE)', '0', '85', '20', '0', '0'),
('560', '281', '30', '36FG', 'RESSI TG 810 9000 (GREY)', '0', '85', '20', '0', '0'),
('561', '281', '30', '17FG', 'RESSI TG 810 1211 (BEIGE)', '0', '85', '10', '0', '0'),
('562', '281', '30', '41FG', 'RESSI TG 810 9642 (DARK BROWN)', '0', '85', '10', '0', '0'),
('563', '281', '30', '33FG', 'RESSI TG 810 6110 (OFF WHITE)', '0', '85', '10', '0', '0'),
('564', '281', '30', '26FG', 'RESSI TG 810 5110 (LIGHT GREY)', '0', '85', '10', '0', '0'),
('565', '282', '30', '01FG', 'RESSI TA 210', '0', '210', '50', '0', '0'),
('566', '283', '30', '16FG', 'RESSI TG 810 1110 (IVORY)', '0', '100', '20', '0', '0'),
('567', '284', '30', '01FG', 'RESSI TA 210', '0', '210', '15', '0', '0'),
('568', '285', '30', '04FG', 'RESSI TA 240', '0', '850', '100', '0', '0'),
('569', '286', '30', '01FG', 'RESSI TA 210', '0', '200', '150', '0', '0'),
('570', '287', '30', '1014FG', 'ZEPOXY STEEL 5 MINS', '0', '500', '1', '0', '0'),
('571', '287', '30', '1035FG', 'ZEPOXY CRYSTAL 5 MINS', '0', '600', '1', '0', '0'),
('572', '287', '30', '1034FG', 'ZEPOXY CRYSTAL 5 MINS', '0', '250', '1', '0', '0'),
('573', '288', '30', '47FG', 'RESSI TG BATH SEAL 2K 810 0001 (BRIGHT WHITE)', '0', '500', '500', '0', '0'),
('574', '288', '30', '33FG', 'RESSI TG 810 6110 (OFF WHITE)', '0', '100', '300', '0', '0'),
('575', '288', '30', '17FG', 'RESSI TG 810 1211 (BEIGE)', '0', '100', '15', '0', '0'),
('576', '289', '30', '82FG', 'RESSI SBR 5850', '0', '260', '60', '0', '0'),
('577', '290', '30', '01FG', 'RESSI TA 210', '0', '210', '35', '0', '0'),
('578', '291', '30', '01FG', 'RESSI TA 210', '0', '210', '100', '0', '0'),
('579', '292', '30', '01FG', 'RESSI TA 210', '0', '210', '200', '0', '0'),
('580', '292', '30', '01FG', 'RESSI TA 210', '0', '0', '10', '0', '0'),
('581', '292', '30', '02FG', 'RESSI TA 220', '0', '350', '50', '0', '0'),
('582', '293', '30', '01FG', 'RESSI TA 210', '0', '210', '100', '0', '0'),
('583', '294', '30', '16FG', 'RESSI TG 810 1110 (IVORY)', '0', '85', '10', '0', '0'),
('584', '294', '30', '17FG', 'RESSI TG 810 1211 (BEIGE)', '0', '85', '10', '0', '0'),
('585', '295', '30', '177FG', 'SILBLOCK AG', '0', '1450', '10', '0', '0'),
('586', '296', '30', '177FG', 'SILBLOCK AG', '0', '1150', '30', '0', '0'),
('587', '297', '30', '1025FG', 'RESSI COAT X 491', '0', '2850', '1', '0', '0'),
('588', '297', '30', '171FG', 'SILMIX', '0', '400', '2', '0', '0'),
('589', '298', '30', '03FG', 'RESSI TA 230', '0', '675', '45', '0', '0'),
('590', '299', '30', '1026FG', 'RPR 110 1111', '0', '85', '4000', '0', '0'),
('591', '300', '30', '01FG', 'RESSI TA 210', '0', '210', '100', '0', '0'),
('592', '300', '30', '39FG', 'RESSI TG 810 9200 (DARK GREY)', '0', '85', '40', '0', '0'),
('593', '300', '30', '16FG', 'RESSI TG 810 1110 (IVORY)', '0', '85', '40', '0', '0'),
('594', '300', '30', '33FG', 'RESSI TG 810 6110 (OFF WHITE)', '0', '85', '40', '0', '0'),
('595', '300', '30', '41FG', 'RESSI TG 810 9642 (DARK BROWN)', '0', '85', '40', '0', '0'),
('596', '300', '30', '42FG', 'RESSI TG 810 9960 (BLACK)', '0', '85', '40', '0', '0'),
('597', '301', '30', '01FG', 'RESSI TA 210', '0', '200', '200', '0', '0'),
('598', '302', '30', '01FG', 'RESSI TA 210', '0', '220', '150', '0', '0'),
('599', '303', '30', '01FG', 'RESSI TA 210', '0', '200', '300', '0', '0'),
('600', '304', '30', '01FG', 'RESSI TA 210', '0', '200', '500', '0', '0'),
('601', '305', '30', '13FG', 'RESSI TA HPA', '0', '200', '20', '0', '0'),
('602', '306', '30', '01FG', 'RESSI TA 210', '0', '210', '200', '0', '0'),
('603', '306', '30', '03FG', 'RESSI TA 230', '0', '650', '50', '0', '0'),
('604', '307', '30', '01FG', 'RESSI TA 210', '0', '210', '100', '0', '0'),
('605', '307', '30', '01FG', 'RESSI TA 210', '0', '0', '5', '0', '0'),
('606', '307', '30', '01FG', 'RESSI TA 210', '0', '0', '18', '0', '0'),
('607', '308', '30', '15FG', 'RESSI TG 810 0001 (BRIGHT WHITE)', '0', '85', '40', '0', '0'),
('608', '309', '30', '01FG', 'RESSI TA 210', '0', '200', '500', '0', '0'),
('609', '310', '30', '39FG', 'RESSI TG 810 9200 (DARK GREY)', '0', '90', '500', '0', '0'),
('610', '311', '30', '01FG', 'RESSI TA 210', '0', '210', '200', '0', '0'),
('611', '312', '30', '01FG', 'RESSI TA 210', '0', '210', '75', '0', '0'),
('612', '312', '30', '02FG', 'RESSI TA 220', '0', '350', '25', '0', '0'),
('613', '313', '30', '01FG', 'RESSI TA 210', '0', '210', '50', '0', '0'),
('614', '313', '30', '15FG', 'RESSI TG 810 0001 (BRIGHT WHITE)', '0', '85', '20', '0', '0'),
('615', '313', '30', '41FG', 'RESSI TG 810 9642 (DARK BROWN)', '0', '85', '20', '0', '0'),
('616', '313', '30', '39FG', 'RESSI TG 810 9200 (DARK GREY)', '0', '85', '20', '0', '0'),
('617', '314', '30', '03FG', 'RESSI TA 230', '0', '675', '50', '0', '0'),
('618', '314', '30', '15FG', 'RESSI TG 810 0001 (BRIGHT WHITE)', '0', '100', '50', '0', '0'),
('619', '314', '30', '26FG', 'RESSI TG 810 5110 (LIGHT GREY)', '0', '100', '50', '0', '0'),
('620', '315', '30', '01FG', 'RESSI TA 210', '0', '210', '200', '0', '0'),
('621', '316', '30', '1006FG', 'RPR 110 9210 W', '0', '0', '0', '0', '0'),
('622', '316', '30', '1022FG', 'RPR 110 7000 W', '0', '0', '0', '0', '0'),
('623', '316', '30', '103FG', 'RPR 110 9110 W', '0', '0', '0', '0', '0'),
('624', '317', '30', '01FG', 'RESSI TA 210', '0', '200', '100', '0', '0'),
('625', '318', '30', '01FG', 'RESSI TA 210', '0', '200', '100', '0', '0'),
('626', '319', '30', '03FG', 'RESSI TA 230', '0', '650', '40', '0', '0'),
('627', '320', '30', '03FG', 'RESSI TA 230', '0', '670', '30', '0', '0'),
('628', '321', '30', '47FG', 'RESSI TG BATH SEAL 2K 810 0001 (BRIGHT WHITE)', '0', '0', '0', '0', '0'),
('629', '322', '30', '01FG', 'RESSI TA 210', '0', '210', '50', '0', '0'),
('630', '323', '30', '17FG', 'RESSI TG 810 1211 (BEIGE)', '0', '75', '40', '0', '0'),
('631', '324', '30', '01FG', 'RESSI TA 210', '0', '220', '25', '0', '0'),
('632', '324', '30', '02FG', 'RESSI TA 220', '0', '340', '25', '0', '0'),
('633', '325', '30', '02FG', 'RESSI TA 220', '0', '350', '50', '0', '0'),
('634', '326', '30', '01FG', 'RESSI TA 210', '0', '210', '50', '0', '0'),
('635', '326', '30', '15FG', 'RESSI TG 810 0001 (BRIGHT WHITE)', '0', '85', '60', '0', '0');
INSERT INTO `0_sales_order_details` VALUES
('636', '327', '30', '01FG', 'RESSI TA 210', '0', '200', '500', '0', '0'),
('637', '328', '30', '03FG', 'RESSI TA 230', '0', '650', '50', '0', '0'),
('638', '328', '30', '47FG', 'RESSI TG BATH SEAL 2K 810 0001 (BRIGHT WHITE)', '0', '525', '10', '0', '0'),
('639', '329', '30', '15FG', 'RESSI TG 810 0001 (BRIGHT WHITE)', '0', '100', '400', '0', '0'),
('640', '330', '30', '1001FG', 'ZEPOXY STEEL 5 MINS', '0', '0', '100', '0', '0'),
('641', '331', '30', '01FG', 'RESSI TA 210', '0', '200', '300', '0', '0'),
('642', '332', '30', '23FG', 'RESSI TG 810 3100 (PINK)', '0', '95', '40', '0', '0'),
('643', '332', '30', '25FG', 'RESSI TG 810 4720 (BURGUNDY)', '0', '95', '40', '0', '0'),
('644', '332', '30', '31FG', 'RESSI TG 810 5650 (PURPLE)', '0', '95', '20', '0', '0'),
('645', '332', '30', '27FG', 'RESSI TG 810 5210 1 (SKY BLUE)', '0', '95', '20', '0', '0'),
('646', '332', '30', '36FG', 'RESSI TG 810 9000 (GREY)', '0', '95', '20', '0', '0'),
('647', '332', '30', '17FG', 'RESSI TG 810 1211 (BEIGE)', '0', '95', '20', '0', '0'),
('648', '333', '30', '26FG', 'RESSI TG 810 5110 (LIGHT GREY)', '0', '100', '350', '0', '0'),
('649', '333', '30', '16FG', 'RESSI TG 810 1110 (IVORY)', '0', '100', '80', '0', '0'),
('650', '334', '30', '01FG', 'RESSI TA 210', '0', '210', '300', '0', '0'),
('651', '334', '30', '02FG', 'RESSI TA 220', '0', '350', '200', '0', '0'),
('652', '335', '30', '03FG', 'RESSI TA 230', '0', '650', '100', '0', '0'),
('653', '336', '30', '1022FG', 'RPR 110 7000 W', '0', '0', '0', '0', '0'),
('654', '336', '30', '103FG', 'RPR 110 9110 W', '0', '0', '0', '0', '0'),
('655', '337', '30', '01FG', 'RESSI TA 210', '0', '210', '100', '0', '0'),
('656', '338', '30', '33FG', 'RESSI TG 810 6110 (OFF WHITE)', '0', '95', '60', '0', '0'),
('657', '338', '30', '26FG', 'RESSI TG 810 5110 (LIGHT GREY)', '0', '95', '60', '0', '0'),
('658', '338', '30', '36FG', 'RESSI TG 810 9000 (GREY)', '0', '95', '60', '0', '0'),
('659', '338', '30', '39FG', 'RESSI TG 810 9200 (DARK GREY)', '0', '95', '60', '0', '0'),
('660', '338', '30', '15FG', 'RESSI TG 810 0001 (BRIGHT WHITE)', '0', '95', '60', '0', '0'),
('661', '338', '30', '16FG', 'RESSI TG 810 1110 (IVORY)', '0', '95', '60', '0', '0'),
('662', '338', '30', '01FG', 'RESSI TA 210', '0', '220', '100', '0', '0'),
('664', '4', '32', '1020FG', 'ZHITE GLUE', '23', '21213', '23', '0', '0'),
('665', '340', '30', '1020FG', 'ZHITE GLUE', '0', '21213', '23', '0', '0'),
('666', '339', '30', '26FG', 'RESSI TG 810 5110 (LIGHT GREY)', '0', '95', '60', '0', '0'),
('667', '339', '30', '41FG', 'RESSI TG 810 9642 (DARK BROWN)', '0', '95', '40', '0', '0'),
('668', '339', '30', '15FG', 'RESSI TG 810 0001 (BRIGHT WHITE)', '0', '95', '40', '0', '0'),
('669', '339', '30', '16FG', 'RESSI TG 810 1110 (IVORY)', '0', '95', '40', '0', '0'),
('670', '339', '30', '19FG', 'RESSI TG 810 1600 (YELLOW)', '0', '95', '20', '0', '0'),
('671', '339', '30', '36FG', 'RESSI TG 810 9000 (GREY)', '0', '95', '40', '0', '0'),
('673', '341', '30', '1001FG', 'ZEPOXY STEEL 5 MINS', '0', '16.5', '200', '0', '0'),
('674', '342', '30', '01FG', 'RESSI TA 210', '0', '200', '300', '0', '0'),
('675', '342', '30', '03FG', 'RESSI TA 230', '0', '630', '100', '0', '0'),
('676', '342', '30', '02FG', 'RESSI TA 220', '0', '330', '50', '0', '0'),
('677', '342', '30', '13FG', 'RESSI TA HPA', '0', '200', '3', '0', '0'),
('678', '343', '30', '01FG', 'RESSI TA 210', '0', '210', '100', '0', '0'),
('679', '343', '30', '02FG', 'RESSI TA 220', '0', '350', '100', '0', '0'),
('680', '343', '30', '03FG', 'RESSI TA 230', '0', '650', '100', '0', '0'),
('681', '344', '30', '170FG', 'RESSI DAMP SEAL', '0', '1850', '3', '0', '0'),
('682', '344', '30', '1036FG', 'RESSI WPS', '0', '350', '3', '0', '0'),
('683', '345', '30', '77FG', 'RESSI ETG DP MATT ( 9321 )', '0', '665', '30', '0', '0'),
('684', '346', '30', '03FG', 'RESSI TA 230', '0', '675', '300', '0', '0'),
('685', '347', '30', '01FG', 'RESSI TA 210', '0', '200', '100', '0', '0'),
('686', '348', '30', '01FG', 'RESSI TA 210', '0', '210', '100', '0', '0'),
('687', '349', '30', '01FG', 'RESSI TA 210', '0', '210', '50', '0', '0'),
('688', '350', '30', '01FG', 'RESSI TA 210', '0', '200', '300', '0', '0'),
('689', '351', '30', '1037FG', 'RESSI EPO CHEM MIGHT ( 1000 Micron )', '0', '0', '0', '0', '0'),
('690', '352', '30', '01FG', 'RESSI TA 210', '0', '230', '45', '0', '0'),
('691', '353', '30', '01FG', 'RESSI TA 210', '0', '210', '100', '0', '0'),
('692', '353', '30', '15FG', 'RESSI TG 810 0001 (BRIGHT WHITE)', '0', '85', '20', '0', '0'),
('693', '354', '30', '112FG', 'RESSI SC 310', '0', '0', '5', '0', '0'),
('694', '355', '30', '01FG', 'RESSI TA 210', '0', '210', '100', '0', '0'),
('695', '356', '30', '03FG', 'RESSI TA 230', '0', '650', '100', '0', '0'),
('696', '357', '30', '01FG', 'RESSI TA 210', '0', '200', '300', '0', '0'),
('697', '358', '30', '01FG', 'RESSI TA 210', '0', '220', '200', '0', '0'),
('698', '358', '30', '42FG', 'RESSI TG 810 9960 (BLACK)', '0', '120', '500', '0', '0'),
('699', '358', '30', '174FG', 'RESSI SP 044N', '0', '120', '100', '0', '0'),
('700', '359', '30', '122FG', 'ZEPOXY 200 F', '0', '2500', '2', '0', '0'),
('701', '360', '30', '1025FG', 'RESSI COAT X 491', '0', '2550', '2', '0', '0'),
('702', '361', '30', '102FG', 'RPR 110 7000 W', '0', '0', '1', '0', '0'),
('703', '362', '30', '01FG', 'RESSI TA 210', '0', '200', '500', '0', '0'),
('704', '363', '30', '01FG', 'RESSI TA 210', '0', '210', '100', '0', '0'),
('705', '364', '30', '01FG', 'RESSI TA 210', '0', '210', '100', '0', '0'),
('706', '365', '30', '1006FG', 'RPR 110 9210 W ( At 2mm Thickness )', '0', '65', '700', '0', '0');

### Structure of table `0_sales_orders` ###

DROP TABLE IF EXISTS `0_sales_orders`;

CREATE TABLE `0_sales_orders` (
  `order_no` int(11) NOT NULL,
  `trans_type` smallint(6) NOT NULL DEFAULT '30',
  `version` tinyint(1) unsigned NOT NULL DEFAULT '0',
  `type` tinyint(1) NOT NULL DEFAULT '0',
  `debtor_no` int(11) NOT NULL DEFAULT '0',
  `branch_code` int(11) NOT NULL DEFAULT '0',
  `reference` varchar(100) COLLATE utf8_unicode_ci NOT NULL DEFAULT '',
  `customer_ref` tinytext COLLATE utf8_unicode_ci NOT NULL,
  `comments` tinytext COLLATE utf8_unicode_ci,
  `ord_date` date NOT NULL DEFAULT '0000-00-00',
  `order_type` int(11) NOT NULL DEFAULT '0',
  `ship_via` int(11) NOT NULL DEFAULT '0',
  `delivery_address` tinytext COLLATE utf8_unicode_ci NOT NULL,
  `contact_phone` varchar(30) COLLATE utf8_unicode_ci DEFAULT NULL,
  `contact_email` varchar(100) COLLATE utf8_unicode_ci DEFAULT NULL,
  `deliver_to` tinytext COLLATE utf8_unicode_ci NOT NULL,
  `freight_cost` double NOT NULL DEFAULT '0',
  `from_stk_loc` varchar(5) COLLATE utf8_unicode_ci NOT NULL DEFAULT '',
  `delivery_date` date NOT NULL DEFAULT '0000-00-00',
  `payment_terms` int(11) DEFAULT NULL,
  `total` double NOT NULL DEFAULT '0',
  `prep_amount` double NOT NULL DEFAULT '0',
  `alloc` double NOT NULL DEFAULT '0',
  `sample` tinyint(4) NOT NULL,
  `supply` tinyint(4) NOT NULL,
  `dc` tinyint(4) NOT NULL,
  `invoice` tinyint(4) NOT NULL,
  `application` varchar(60) COLLATE utf8_unicode_ci NOT NULL,
  PRIMARY KEY (`trans_type`,`order_no`)
) ENGINE=InnoDB DEFAULT CHARSET=utf8 COLLATE=utf8_unicode_ci ;

### Data of table `0_sales_orders` ###

INSERT INTO `0_sales_orders` VALUES
('1', '30', '2', '0', '1', '1', '001/2017', '', NULL, '2017-07-04', '1', '1', 'PLOT # 18/D, MAIN KH-E-BUKHARI, NISHAT CORNER, DHA,\n', '0333-3190927', NULL, 'SHAH HARDWARE', '0', 'DEF', '2017-10-02', '5', '70000000', '0', '0', '0', '0', '0', '0', ''),
('2', '30', '1', '0', '1', '1', 'auto', '', NULL, '2017-07-04', '1', '1', 'PLOT # 18/D, MAIN KH-E-BUKHARI, NISHAT CORNER, DHA,\n', '0333-3190927', NULL, 'SHAH HARDWARE', '0', 'DEF', '2017-08-17', '1', '100', '0', '0', '0', '0', '0', '0', ''),
('3', '30', '1', '0', '1', '1', 'auto', '', NULL, '2017-07-04', '1', '1', 'PLOT # 18/D, MAIN KH-E-BUKHARI, NISHAT CORNER, DHA,\n', '0333-3190927', NULL, 'SHAH HARDWARE', '0', 'DEF', '2017-08-17', '1', '1000', '0', '0', '0', '0', '0', '0', ''),
('4', '30', '0', '0', '1', '1', '002/2017', '', NULL, '2017-07-04', '1', '1', 'PLOT # 18/D, MAIN KH-E-BUKHARI, NISHAT CORNER, DHA,\n', '0333-3190927', NULL, 'SHAH HARDWARE', '0', 'DEF', '2017-07-05', '1', '100', '0', '0', '0', '0', '0', '0', ''),
('5', '30', '0', '0', '1', '1', '003/2017', '', NULL, '2017-07-04', '1', '1', 'PLOT # 18/D, MAIN KH-E-BUKHARI, NISHAT CORNER, DHA,\n', '0333-3190927', NULL, 'SHAH HARDWARE', '0', 'DEF', '2017-07-05', '1', '25000', '0', '0', '0', '0', '0', '0', ''),
('6', '30', '0', '0', '1', '1', '004/2017', '', NULL, '2017-07-07', '1', '1', 'BAHRIA HEIGHTS, BAHRIA TOWN,\n', '0347-7287606', NULL, '3G CONSTRUCTION', '0', 'DEF', '2017-07-08', '5', '12300', '0', '0', '0', '0', '0', '0', ''),
('7', '30', '0', '0', '33', '33', '005/2017', '', NULL, '2017-07-12', '1', '1', 'BAHRIA HEIGHTS, BAHRIA TOWN,\n', '0312-3399978', NULL, 'ANWER OK', '0', 'DEF', '2017-07-13', '5', '30000', '0', '0', '0', '0', '0', '0', ''),
('8', '30', '0', '0', '166', '166', '006/2017', '', 'Delivered to Poly Access', '2017-07-01', '1', '1', 'BAHRIA HEIGHTS, BAHRIA TOWN,\n', '0334-9549365', NULL, 'Mujeeb Traders', '0', 'DEF', '2017-07-02', '3', '50000', '0', '0', '1', '1', '0', '0', 'Survey on 31-12-2017'),
('9', '30', '0', '0', '166', '166', '007/2017', '', 'Poly Access', '2017-07-01', '1', '1', 'BAHRIA HEIGHTS, BAHRIA TOWN,\n', '0334-9549365', NULL, 'Mujeeb Traders', '0', 'DEF', '2017-07-02', '5', '50000', '0', '0', '0', '1', '1', '1', 'Survey yesterday'),
('10', '30', '0', '0', '188', '188', '008/2017', '', NULL, '2017-07-12', '1', '1', 'BAHRIA HEIGHTS, BAHRIA TOWN,\n', '0321-9220969  ', NULL, 'RAWAL MASJID', '0', 'DEF', '2017-07-13', '5', '2700', '0', '0', '1', '1', '1', '0', 'abcd'),
('11', '30', '0', '0', '166', '166', '14041', '', NULL, '2017-07-01', '1', '1', 'BAHRIA HEIGHTS, BAHRIA TOWN,\n', '0334-9549365', NULL, 'Mujeeb Traders', '0', 'DEF', '2017-07-02', '5', '50000', '0', '0', '0', '1', '1', '1', ''),
('12', '30', '0', '0', '168', '168', '14042', '', NULL, '2017-07-01', '1', '1', 'ON RECORD\n', '0333-3714827 ', NULL, 'MURAD HARDWARE', '0', 'DEF', '2017-07-02', '5', '10500', '0', '0', '0', '1', '1', '1', ''),
('13', '30', '0', '0', '168', '168', '14451', '', NULL, '2017-08-03', '1', '1', 'BAHRIA HEIGHTS, BAHRIA TOWN,\n', '0333-3714827 ', NULL, 'MURAD HARDWARE', '0', 'DEF', '2017-08-04', '5', '5100', '0', '0', '0', '1', '0', '1', ''),
('14', '30', '0', '0', '231', '231', '14043', '', NULL, '2017-07-01', '1', '1', 'Waterpump Block-15, ', '0321-2473600 ( M. SHOAIB )', NULL, 'NAEEM-E-MASJID', '0', 'DEF', '2017-07-02', '5', '32500', '0', '0', '0', '1', '1', '1', ''),
('15', '30', '0', '0', '231', '231', '14044', '', NULL, '2017-07-01', '1', '1', 'Waterpump Block-15, ', '0321-2473600 ( M. SHOAIB )', NULL, 'NAEEM-E-MASJID', '0', 'DEF', '2017-07-02', '5', '0', '0', '0', '1', '0', '1', '0', ''),
('16', '30', '0', '0', '122', '122', '14452', '', NULL, '2017-08-03', '1', '1', 'ON RECORD\n', '021-32735023', NULL, 'IQBAL SANITARY MART', '0', 'DEF', '2017-08-04', '1', '27200', '0', '0', '0', '1', '1', '1', ''),
('17', '30', '0', '0', '168', '168', '14453', '', NULL, '2017-08-03', '1', '1', 'ON RECORD\n', '0333-3714827 ', NULL, 'MURAD HARDWARE', '0', 'DEF', '2017-08-04', '5', '8500', '0', '0', '0', '1', '1', '1', ''),
('18', '30', '0', '0', '232', '232', '14454', '', NULL, '2017-08-03', '1', '1', 'Fire Station, Bahria Town, Near Bahria Height.', '0346-5224055', NULL, 'WASEAL CONSTRUCTION', '0', 'DEF', '2017-08-04', '4', '0', '0', '0', '1', '0', '1', '0', ''),
('19', '30', '0', '0', '166', '166', '14455', '', NULL, '2017-08-03', '1', '1', 'ON RECORD', '0334-9549365', NULL, 'Mujeeb Traders', '0', 'DEF', '2017-08-04', '1', '91000', '0', '0', '0', '1', '1', '1', ''),
('20', '30', '0', '0', '188', '188', '14045', '', NULL, '2017-07-03', '1', '1', 'ON RECORD\n', '0321-9220969  ', NULL, 'RAWAL MASJID', '0', 'DEF', '2017-07-04', '5', '21250', '0', '0', '0', '1', '1', '1', ''),
('21', '30', '0', '0', '211', '211', '14046', '', NULL, '2017-07-03', '1', '1', 'ON RECORD\n', '0307-2222901 ', NULL, 'TILE HOUSE', '0', 'DEF', '2017-07-04', '5', '9310', '0', '0', '0', '1', '1', '1', ''),
('22', '30', '0', '0', '168', '168', '14047', '', 'Delivery at plot # 54/2, street-13, Kh-e-Sehar DHA Khi.\n03002186156 ( Sarfaraz Sb )', '2017-07-03', '1', '1', 'BAHRIA HEIGHTS, BAHRIA TOWN,\n', '0333-3714827 ', NULL, 'MURAD HARDWARE', '0', 'DEF', '2017-08-04', '5', '21000', '0', '0', '0', '1', '1', '1', ''),
('23', '30', '0', '0', '166', '166', '14048', '', 'Achieved Target 3595 Bags', '2017-07-03', '1', '1', 'BAHRIA HEIGHTS, BAHRIA TOWN,\n', '0334-9549365', NULL, 'Mujeeb Traders', '0', 'DEF', '2017-07-04', '1', '0', '0', '0', '0', '1', '1', '0', ''),
('24', '30', '0', '0', '196', '196', '14456', '', NULL, '2017-08-03', '1', '1', 'ON RECORD\n', '0321-2423752 ', NULL, 'SAMS HARDWARE', '0', 'DEF', '2017-08-04', '1', '10500', '0', '0', '0', '1', '1', '1', ''),
('25', '30', '0', '0', '1', '1', '14457', '', 'HOME-4 AZAZ', '2017-08-03', '1', '1', 'BAHRIA HEIGHTS, BAHRIA TOWN,\n', '0347-7287606', NULL, '3G CONSTRUCTION', '0', 'DEF', '2017-08-04', '3', '30000', '0', '0', '0', '1', '1', '1', ''),
('26', '30', '0', '0', '233', '233', '14458', '', NULL, '2017-08-03', '1', '1', 'Sector # 7A, Plot # 89, Chamra Chowrangi, Korangi Industrial Area Khi.', '0300-2127389 ( NAEEM )', NULL, 'ITTEHAD CERAMIC', '0', 'DEF', '2017-08-04', '1', '42000', '0', '0', '0', '1', '1', '1', ''),
('27', '30', '0', '0', '234', '234', '14459', '', NULL, '2017-08-03', '1', '1', 'F-186, SITE, Karachi.', '0320-9202010 ( ADNAN HAMEED )', NULL, 'M.I INDUSTRIES', '0', 'DEF', '2017-08-04', '4', '22500', '0', '0', '0', '1', '1', '1', ''),
('28', '30', '1', '0', '211', '211', '14460', '', NULL, '2017-08-04', '1', '1', 'BAHRIA HEIGHTS, BAHRIA TOWN,\n', '0307-2222901 ', NULL, 'TILE HOUSE', '0', 'DEF', '2017-08-04', '1', '20180', '0', '0', '0', '1', '1', '1', ''),
('29', '30', '0', '0', '235', '235', '14461', '', NULL, '2017-08-04', '1', '1', 'KMC WORKSHOP KHI.', '32730552', NULL, 'MOBINA TRADERS', '0', 'DEF', '2017-07-01', '4', '0', '0', '0', '0', '0', '0', '0', ''),
('30', '30', '0', '0', '236', '236', '14462', '', 'SELF PICKUP', '2017-08-04', '1', '1', 'ON RECORD', 'ON RECORD', NULL, 'JILANI CEMENT', '0', 'DEF', '2017-08-05', '2', '32000', '0', '0', '0', '1', '1', '1', ''),
('31', '30', '0', '0', '225', '225', '14463', '', NULL, '2017-08-04', '1', '1', 'BAHRIA HEIGHTS, BAHRIA TOWN,\n', '0311-4999414 ', NULL, 'ZAHID TILE', '0', 'DEF', '2017-08-05', '3', '21000', '0', '0', '0', '1', '1', '1', ''),
('32', '30', '0', '0', '237', '237', '14464', '', NULL, '2017-08-04', '1', '1', 'Clifton Near Ziauddin Hospital', '0333-2111069 ( Sher Ali )', NULL, 'SAGA ONE', '0', 'DEF', '2017-08-05', '5', '0', '0', '0', '1', '0', '0', '0', ''),
('33', '30', '0', '0', '207', '207', '14465', '', 'OFFICE SITE', '2017-08-04', '1', '1', 'BAHRIA HEIGHTS, BAHRIA TOWN,\n', '0308-8617236  ', NULL, 'TECHNO CRATE', '0', 'DEF', '2017-08-05', '5', '80000', '0', '0', '0', '1', '1', '1', ''),
('34', '30', '0', '0', '176', '176', '14049', '', NULL, '2017-07-03', '1', '1', 'ON RECORD', '0342-2851786', NULL, 'NEW KHATTAK HARDWARE &amp; PAINT', '0', 'DEF', '2017-07-04', '2', '112400', '0', '0', '0', '1', '1', '1', ''),
('35', '30', '0', '0', '46', '46', '14050', '', NULL, '2017-07-03', '1', '1', 'ON RECORD\n', '0306-1837828', NULL, 'ASIF BANGLES', '0', 'DEF', '2017-07-03', '5', '73000', '0', '0', '0', '1', '1', '1', ''),
('36', '30', '0', '0', '203', '203', '14051', '', NULL, '2017-07-03', '1', '1', 'ON RECORD\n', '0333-3377652 ', NULL, 'TAHERI HARDWARE STORES', '0', 'DEF', '2017-07-04', '3', '6210', '0', '0', '0', '1', '1', '0', ''),
('37', '30', '0', '0', '166', '166', '14052', '', NULL, '2017-07-03', '1', '1', 'ON RECORD\n', '0334-9549365', NULL, 'Mujeeb Traders', '0', 'DEF', '2017-07-04', '2', '64000', '0', '0', '0', '1', '1', '1', ''),
('38', '30', '0', '0', '238', '238', '14053', '', NULL, '2017-07-03', '1', '1', 'PLOT # 07, BATH ISLAND, CLIFTON,\n', '0321-2601320', NULL, 'SAWERA EXCELLENCY', '0', 'DEF', '2017-07-04', '2', '30000', '0', '0', '0', '1', '1', '1', ''),
('39', '30', '0', '0', '158', '158', '14466', '', 'Delivery at Star Gate Shaheen Airline Buildeing ( Contact Fasat Sb )', '2017-08-04', '1', '1', 'ON RECORD\n', '0300-2144299 ', NULL, 'MOSAIC COLLECTION', '0', 'DEF', '2017-08-05', '1', '45500', '0', '0', '0', '1', '1', '1', ''),
('40', '30', '0', '0', '47', '47', '14467', '', NULL, '2017-08-04', '1', '1', 'ON RECORD', '0300-2326395', NULL, 'ASIF CORPORATION', '0', 'DEF', '2017-08-05', '2', '42000', '0', '0', '0', '1', '1', '1', ''),
('41', '30', '0', '0', '166', '166', '14468', '', NULL, '2017-08-04', '1', '1', 'ON RECORD,\n', '0334-9549365', NULL, 'Mujeeb Traders', '0', 'DEF', '2017-08-05', '2', '63000', '0', '0', '0', '1', '1', '1', ''),
('42', '30', '0', '0', '95', '95', '14054', '', NULL, '2017-07-03', '1', '1', 'ON RECORD\n', '0300-8310968', NULL, 'FATIMIYAH HOSPITAL', '0', 'DEF', '2017-07-04', '5', '21000', '0', '0', '0', '1', '1', '1', ''),
('43', '30', '0', '0', '1', '1', '14469', 'HOME-3 ( BILAL )', 'aamir bhai ', '2017-08-07', '1', '1', 'ON RECORD\n', '0347-7287606', NULL, '3G CONSTRUCTION', '0', 'DEF', '2017-08-08', '3', '40000', '0', '0', '0', '1', '1', '1', ''),
('44', '30', '0', '0', '185', '185', '14470', '', 'Parsa City Luxuria', '2017-08-07', '1', '1', 'ON RECORD\n', '0321-8740216  ', NULL, 'R &amp; H ENTERPRISES', '0', 'DEF', '2017-08-08', '1', '6000', '0', '0', '0', '1', '1', '1', ''),
('45', '30', '0', '0', '240', '239', '14471', '', NULL, '2017-08-07', '1', '1', 'D-33, SITE, Super Highway Karachi,', '0302-2159262 ( Ahsan )', NULL, 'PACIFIC INTERNATIONAL', '0', 'DEF', '2017-07-01', '4', '57500', '0', '0', '0', '1', '1', '1', ''),
('46', '30', '0', '0', '187', '187', '14472', '', NULL, '2017-08-07', '1', '1', 'ON RECORD\n', '0333-231749 0', NULL, 'RAMZAN CEMENT DEPOT', '0', 'DEF', '2017-08-08', '2', '21000', '0', '0', '0', '1', '1', '1', ''),
('47', '30', '0', '0', '241', '240', '14473', '', NULL, '2017-08-07', '1', '1', 'Golimar', 'ON RECORD', NULL, 'MUGHAL SANITARY', '0', 'DEF', '2017-08-08', '5', '20000', '0', '0', '0', '1', '1', '1', ''),
('48', '30', '0', '0', '242', '241', '14474', '', NULL, '2017-08-07', '1', '1', 'Ground Floor, Tanoli Tower, Street-8 Badar Commercial.', '0336-5525506 ( Sohail Ahmed )', NULL, 'ASC CONSTRUCTION', '0', 'DEF', '2017-07-01', '4', '17000', '0', '0', '0', '1', '1', '1', ''),
('49', '30', '0', '0', '105', '105', '14475', '', NULL, '2017-08-07', '1', '1', 'ON RECORD\n', '0300-2246445', NULL, 'GRAVITY BUILDERS', '0', 'DEF', '2017-08-07', '4', '0', '10', '0', '0', '0', '0', '0', ''),
('50', '30', '0', '0', '193', '193', '14476', '', NULL, '2017-08-07', '1', '1', 'ON RECORD\n', '0345-2690372 ', NULL, 'SAIFEE PAINT HOUSE', '0', 'DEF', '2017-08-08', '2', '23550', '0', '0', '0', '1', '1', '1', ''),
('51', '30', '0', '0', '243', '242', '14477', '', NULL, '2017-08-07', '1', '1', 'Plot # 184, Street -14, National Stadium', 'ON RECORD', NULL, 'MUNEEB JANGDHA', '0', 'DEF', '2017-06-30', '4', '0', '0', '0', '0', '0', '0', '0', ''),
('52', '30', '0', '0', '127', '127', '14478', '', NULL, '2017-08-07', '1', '1', 'ON RECORD\n', '0321-2981080', NULL, 'KAKA TILES', '0', 'DEF', '2017-08-08', '2', '21000', '0', '0', '0', '1', '1', '1', ''),
('53', '30', '0', '0', '166', '166', '14479', '', NULL, '2017-08-07', '1', '1', 'ON RECORD\n', '0334-9549365', NULL, 'Mujeeb Traders', '0', 'DEF', '2017-08-08', '2', '117000', '0', '0', '0', '1', '1', '1', ''),
('54', '30', '1', '0', '1', '1', 'auto', '', NULL, '2017-06-30', '1', '1', 'BAHRIA HEIGHTS, BAHRIA TOWN,\n', '0347-7287606', NULL, '3G CONSTRUCTION', '0', 'DEF', '2017-07-03', '5', '8888', '0', '0', '0', '0', '0', '0', ''),
('55', '30', '0', '0', '244', '243', '14480', '', NULL, '2017-08-07', '1', '1', 'Hyderabad Bilty ( New Sartaj Good )', '0300-3492938 ( Milan Centre )', NULL, 'MASJID SYEDNA AHMED', '0', 'DEF', '2017-08-08', '2', '19500', '0', '0', '0', '1', '1', '1', ''),
('56', '30', '0', '0', '168', '168', '14481', '', NULL, '2017-08-07', '1', '1', 'ON RECORD\n', '0333-3714827 ', NULL, 'MURAD HARDWARE', '0', 'DEF', '2017-08-08', '2', '52550', '0', '0', '0', '1', '1', '1', ''),
('57', '30', '0', '0', '168', '168', '14482', '', 'Delivery at White House Clifton', '2017-08-07', '1', '1', 'ON RECORD\n', '0333-3714827 ', NULL, 'MURAD HARDWARE', '0', 'DEF', '2017-08-08', '2', '130000', '0', '0', '0', '1', '1', '1', ''),
('58', '30', '0', '0', '166', '166', '14483', '', NULL, '2017-08-07', '1', '1', 'ON RECORD\n', '0334-9549365', NULL, 'Mujeeb Traders', '0', 'DEF', '2017-08-07', '2', '40000', '0', '0', '0', '1', '1', '1', ''),
('59', '30', '0', '0', '12', '12', '14484', '', NULL, '2017-08-07', '1', '1', 'BAHRIA HEIGHTS, BAHRIA TOWN,\n', '0', NULL, 'RAMZAN TRADERS', '0', 'DEF', '2017-06-30', '4', '210000', '0', '0', '0', '0', '0', '0', ''),
('60', '30', '0', '0', '245', '244', '14485', '', NULL, '2017-08-07', '1', '1', 'Hyderi North Nazimabad Karachi.', '0333-3075752  Hussain Shabbir', NULL, 'JAMIYAH TUS SAIFIYAH', '0', 'DEF', '2017-06-30', '4', '8000', '0', '0', '0', '1', '1', '1', ''),
('61', '30', '0', '0', '188', '188', '14486', '', NULL, '2017-08-07', '1', '1', 'ON RECORD\n', '0321-9220969  ', NULL, 'RAWAL MASJID', '0', 'DEF', '2017-08-08', '2', '21000', '0', '0', '0', '1', '1', '1', ''),
('62', '30', '0', '0', '210', '210', '14487', '', 'Ressi TG-6110 Deliver ( Tower # 12 ) &amp; Ressi TG Bath Seal 2K ( Tower # 12 )', '2017-08-07', '1', '1', 'BAHRIA HEIGHTS, BAHRIA TOWN,\n', '0334-6009005 ', NULL, 'THE CONSTRUCT', '0', 'DEF', '2017-08-08', '3', '580000', '0', '0', '0', '1', '1', '1', ''),
('63', '30', '0', '0', '225', '225', '14488', '', NULL, '2017-08-07', '1', '1', 'ON RECORD', '0311-4999414 ', NULL, 'ZAHID TILE', '0', 'DEF', '2017-08-08', '3', '21000', '0', '0', '0', '1', '1', '1', ''),
('64', '30', '0', '0', '205', '205', '14489', '', NULL, '2017-08-07', '1', '1', 'ON RECORD', '0321-2232560', NULL, 'TANVEER BANGLES', '0', 'DEF', '2017-08-07', '2', '36250', '0', '0', '0', '1', '1', '1', ''),
('65', '30', '0', '0', '1', '1', '14490', 'HOME - ( ASIF RIAZ ) ', NULL, '2017-08-07', '1', '1', ' BAHRIA TOWN,\n', '0347-7287606', NULL, '3G CONSTRUCTION', '0', 'DEF', '2017-08-08', '2', '20000', '0', '0', '0', '1', '1', '1', ''),
('66', '30', '0', '0', '176', '176', '14491', '', NULL, '2017-08-07', '1', '1', 'on record\n', '0342-2851786', NULL, 'NEW KHATTAK HARDWARE &amp; PAINT', '0', 'DEF', '2017-08-08', '2', '139500', '0', '0', '0', '1', '1', '1', ''),
('67', '30', '0', '0', '123', '123', '14492', '', NULL, '2017-08-07', '1', '1', 'ON RECORD\r\n', '0322-2399352', NULL, 'IRSHAD ALI SLAB WORKS', '0', 'DEF', '2017-08-07', '2', '31500', '0', '0', '0', '1', '1', '1', ''),
('68', '30', '0', '0', '109', '109', '14493', '', NULL, '2017-08-07', '1', '1', 'ON RECORD\n', '0300-3017916', NULL, 'HAJI NAEEM', '0', 'DEF', '2017-08-08', '2', '9375', '0', '0', '0', '1', '1', '1', ''),
('69', '30', '0', '0', '243', '242', '14494', '', NULL, '2017-08-07', '1', '1', 'Plot # 184, Street -14, National Stadium', 'ON RECORD', NULL, 'MUNEEB JANGDHA', '0', 'DEF', '2017-08-08', '3', '53000', '0', '0', '0', '1', '1', '1', ''),
('70', '30', '0', '0', '47', '47', '14495', '', 'The colour of the bond which is at site has the shade of yellow colour kindly exchange', '2017-08-07', '1', '1', 'ON RECORD\n', '0300-2326395', NULL, 'ASIF CORPORATION', '0', 'DEF', '2017-08-08', '2', '0', '0', '0', '0', '1', '1', '0', ''),
('71', '30', '1', '0', '1', '1', '14496', 'HOME-3 ( BILAL )', NULL, '2017-08-07', '1', '1', 'ON RECORD\n', '0347-7287606', NULL, '3G CONSTRUCTION', '0', 'DEF', '2017-08-08', '3', '0', '0', '0', '1', '0', '0', '0', ''),
('72', '30', '0', '0', '1', '1', '14497', 'APPARTMENT', 'Please confirm special colour code from saddam', '2017-08-08', '1', '1', 'ON RECORD\n', '0347-7287606', NULL, '3G CONSTRUCTION', '0', 'DEF', '2017-08-09', '3', '14000', '0', '0', '0', '1', '1', '1', ''),
('73', '30', '0', '0', '246', '245', '14498', '', NULL, '2017-08-08', '1', '1', 'Abdullah Shah Gazi Mazar', 'ON RECORD', NULL, 'ICON TOWER BHARIA', '0', 'DEF', '2017-08-09', '1', '240000', '0', '0', '0', '0', '0', '0', 'Application @ 3inch Thickness'),
('74', '30', '0', '0', '1', '1', '14499', 'HOME-4 OWAIS', NULL, '2017-08-08', '1', '1', 'BAHRIA HEIGHTS, BAHRIA TOWN,\n', '0347-7287606', NULL, '3G CONSTRUCTION', '0', 'DEF', '2017-08-09', '3', '100000', '0', '0', '0', '1', '1', '1', ''),
('75', '30', '0', '0', '187', '187', '14500', '', NULL, '2017-08-08', '1', '1', 'ON RECORD\n', '0333-231749 0', NULL, 'RAMZAN CEMENT DEPOT', '0', 'DEF', '2017-08-09', '2', '21000', '0', '0', '0', '1', '1', '1', ''),
('76', '30', '0', '0', '247', '247', '14501', '', NULL, '2017-08-08', '1', '1', 'CHOTA BUKHARI,  NEAR WATER TANK,\n', '0321-2026666 (MR. NAEEM)', NULL, 'MOHAMMADI CORPORATION', '0', 'DEF', '2017-08-09', '2', '42000', '0', '0', '0', '1', '1', '1', ''),
('77', '30', '0', '0', '248', '248', '14502', '', 'Make material in RPR 110 as per S.O -13042 \nFor further detail plz contact Mr. Faheem', '2017-08-08', '1', '1', 'ON RECORD', 'ON RECORD', NULL, 'SAJJID DADHA BHAI', '0', 'DEF', '2017-08-09', '1', '0', '0', '0', '1', '0', '0', '0', '3x3 Form Finish Sample'),
('78', '30', '0', '0', '87', '87', '14503', 'SELF PICK', 'Ressi Floor hardner grey colour apply sample in factory 4x4 with transparent epoxy coating', '2017-08-08', '1', '1', 'ON RECORD\n', '0300-8211684', NULL, 'FAISAL BILWANI', '0', 'DEF', '2017-08-09', '1', '0', '0', '0', '1', '0', '0', '0', ''),
('79', '30', '0', '0', '249', '249', '14504', '', '3x3 foam finish sample', '2017-08-08', '1', '1', 'LUCKY ONE', 'ON RECORD', NULL, 'AMMAR MOTTAN', '0', 'DEF', '2017-08-08', '1', '0', '0', '0', '1', '0', '0', '0', ''),
('80', '30', '0', '0', '250', '250', '14505', '', 'CASH ON DELIVERY', '2017-08-08', '1', '1', 'SELF PICK', '0313-2901897', NULL, 'ZAREEN PAINT', '0', 'DEF', '2017-08-09', '5', '19200', '0', '0', '0', '1', '1', '1', ''),
('81', '30', '0', '0', '251', '251', '14506', '', NULL, '2017-08-08', '1', '1', 'Steel Crete Head Office.', '0300-2091525', NULL, 'RAJA BHAI ( STEEL CRETE )', '0', 'DEF', '2017-08-09', '1', '6250', '0', '0', '0', '1', '1', '1', ''),
('82', '30', '0', '0', '122', '122', '14507', '', NULL, '2017-08-08', '1', '1', 'ON RECORD\n', '021-32735023', NULL, 'IQBAL SANITARY MART', '0', 'DEF', '2017-08-09', '2', '20700', '0', '0', '0', '1', '1', '1', ''),
('83', '30', '0', '0', '166', '166', '14508', '', NULL, '2017-08-08', '1', '1', 'ON RECORD\n', '0334-9549365', NULL, 'Mujeeb Traders', '0', 'DEF', '2017-08-09', '2', '25860', '0', '0', '0', '1', '1', '1', ''),
('84', '30', '1', '0', '185', '185', '14510', 'Parsa City Garden', 'Delivery tomorrow 1st half.', '2017-08-08', '1', '1', 'ON RECORD\n', '0321-8740216  ', NULL, 'R &amp; H ENTERPRISES', '0', 'DEF', '2017-08-09', '1', '26400', '0', '0', '0', '1', '1', '1', ''),
('85', '30', '0', '0', '168', '168', '14509', '', NULL, '2017-08-08', '1', '1', 'ON RECORD\n', '0333-3714827 ', NULL, 'MURAD HARDWARE', '0', 'DEF', '2017-08-09', '2', '21000', '0', '0', '0', '1', '1', '1', ''),
('86', '30', '0', '0', '1', '1', '14511', 'APPARTMENT', NULL, '2017-08-09', '1', '1', 'ON RECORD\n', '0347-7287606', NULL, '3G CONSTRUCTION', '0', 'DEF', '2017-08-10', '3', '20000', '0', '0', '0', '1', '1', '1', ''),
('87', '30', '0', '0', '166', '166', '14512', '', NULL, '2017-08-09', '1', '1', 'ON RECORD\n', '0334-9549365', NULL, 'Mujeeb Traders', '0', 'DEF', '2017-08-10', '2', '59800', '0', '0', '0', '1', '1', '1', ''),
('88', '30', '0', '0', '252', '252', '14513', '', NULL, '2017-08-09', '1', '1', 'SELF PICk', '0321-9220288 ( M. Ali )', NULL, 'SQUARE ONE MARBLE', '0', 'DEF', '2017-08-09', '5', '1450', '0', '0', '0', '1', '1', '1', ''),
('89', '30', '0', '0', '124', '124', '14514', '', 'SELF PICK', '2017-08-09', '1', '1', 'ON RECORD\n', ' 0333-2174591', NULL, 'JAMA MASJID NOORANI', '0', 'DEF', '2017-08-09', '5', '3250', '0', '0', '0', '1', '1', '1', ''),
('90', '30', '2', '0', '253', '253', '14515', '', 'Zepoxy Steel ( 05 Mins ) Medium/Small both 05 / 05 Boxs', '2017-08-09', '1', '1', 'SELF PICK', NULL, NULL, 'VARIOUS SHOP', '0', 'DEF', '2017-08-09', '5', '0', '0', '0', '1', '0', '0', '0', ''),
('91', '30', '0', '0', '250', '250', '14516', '', NULL, '2017-08-09', '1', '1', 'SELF PICK', '0313-2901897', NULL, 'ZAREEN PAINT', '0', 'DEF', '2017-08-10', '5', '9600', '0', '0', '0', '1', '1', '1', ''),
('92', '30', '0', '0', '198', '198', '14517', '', NULL, '2017-08-09', '1', '1', 'ON RECORD\n', '0333-3190927', NULL, 'SHAH HARDWARE', '0', 'DEF', '2017-08-10', '2', '61500', '0', '0', '0', '1', '1', '1', ''),
('93', '30', '0', '0', '198', '198', '14518', '', NULL, '2017-08-09', '1', '1', 'ON RECORD\n', '0333-3190927', NULL, 'SHAH HARDWARE', '0', 'DEF', '2017-08-10', '2', '32300', '0', '0', '0', '1', '1', '1', ''),
('94', '30', '0', '0', '254', '254', '14519', '', NULL, '2017-08-09', '1', '1', 'SELF PICK', '0346-3525353', NULL, 'MR. ABDUL QADIR', '0', 'DEF', '2017-08-10', '5', '0', '0', '0', '0', '0', '0', '0', ''),
('95', '30', '0', '0', '255', '255', '14520', '', 'HALF LTR SAMPLE', '2017-08-09', '1', '1', 'ON RECORD', 'ON RECORD', NULL, 'HUSSAIN SAJJANI', '0', 'DEF', '2017-08-10', '2', '0', '0', '0', '1', '0', '0', '0', ''),
('96', '30', '0', '0', '257', '256', '14521', '', 'Each Colour 4x4 Sample', '2017-08-09', '1', '1', 'Plot # 57/2, Street-22, Main Badban', '0335-8194723 ( Mehboob Sb )', NULL, 'MEHBOOB ADAM JEE', '0', 'DEF', '2017-08-10', '6', '0', '0', '0', '1', '0', '0', '0', ''),
('97', '30', '0', '0', '258', '257', '14522', '', 'Each Colour 2x2 Sample Foam Finish', '2017-08-09', '1', '1', 'Khy-e-Qasim / Khy-e-Shujat Corner', '0321-2490310 ( ASFER )', NULL, 'NAIK MOHAMMAD C/O ASFER CONEX', '0', 'DEF', '2017-08-10', '6', '0', '0', '0', '1', '0', '0', '0', ''),
('98', '30', '0', '0', '259', '258', '14523', '', NULL, '2017-08-09', '1', '1', 'Plot # 53/11, Street-8, Phase 2 Ext Commercial', '0300-2362515', NULL, 'CONTRACTOR RAFIQUE C/O SCHEMATIC', '0', 'DEF', '2017-08-10', '7', '6600', '0', '0', '0', '0', '1', '1', 'Application'),
('99', '30', '0', '0', '172', '172', '14524', '', NULL, '2017-08-09', '1', '1', 'ON RECORD\n', '0301-8281155', NULL, 'NADEEM BUKHARI', '0', 'DEF', '2017-08-09', '3', '21000', '0', '0', '0', '1', '1', '1', ''),
('100', '30', '0', '0', '260', '259', '14525', '', NULL, '2017-08-09', '1', '1', 'SELF PICK', '0321-2521637', NULL, 'CONT. MUJEEB', '0', 'DEF', '2017-08-09', '6', '0', '0', '0', '1', '0', '0', '0', ''),
('101', '30', '0', '0', '15', '15', '14526', '', NULL, '2017-08-09', '1', '1', 'ON RECORD\n', '0322-2549351', NULL, 'AL-ABBAS PAINT HOUSE', '0', 'DEF', '2017-08-10', '3', '5000', '0', '0', '0', '1', '1', '1', ''),
('102', '30', '0', '0', '29', '29', '14527', '', NULL, '2017-08-09', '1', '1', 'BAHRIA HEIGHTS, BAHRIA TOWN,\n', '021-35831611', NULL, 'AMMAR HARDWARE &amp; KITCHEN', '0', 'DEF', '2017-08-10', '3', '2400', '0', '0', '0', '1', '1', '1', ''),
('103', '30', '0', '0', '168', '168', '14528', '', NULL, '2017-08-09', '1', '1', 'ON RECORD\n', '0333-3714827 ', NULL, 'MURAD HARDWARE', '0', 'DEF', '2017-08-10', '2', '64000', '0', '0', '0', '1', '1', '1', ''),
('104', '30', '0', '0', '102', '102', '14529', '', NULL, '2017-08-09', '1', '1', 'ON RECORD\n', '0300-8921330', NULL, 'Gogan Cement', '0', 'DEF', '2017-08-10', '2', '21000', '0', '0', '0', '1', '1', '1', ''),
('105', '30', '2', '0', '196', '196', '14530', '', NULL, '2017-08-09', '1', '1', 'ON RECORD\n', '0321-2423752 ', NULL, 'SAMS HARDWARE', '0', 'DEF', '2017-08-10', '2', '35000', '0', '0', '0', '1', '0', '1', ''),
('106', '30', '0', '0', '170', '170', '14531', '', NULL, '2017-08-09', '1', '1', 'ON RECORD\n', '021-36671845', NULL, 'MUSTAFA METAL MART', '0', 'DEF', '2017-08-10', '2', '6300', '0', '0', '0', '1', '1', '1', ''),
('107', '30', '0', '0', '1', '1', '14532', 'HOME-3 ( BILAL )', 'Both Colour 1/1 Kg Sample', '2017-08-09', '1', '1', 'ON RECORD\n', '0347-7287606', NULL, '3G CONSTRUCTION', '0', 'DEF', '2017-08-10', '6', '0', '0', '0', '1', '0', '0', '0', ''),
('108', '30', '0', '0', '166', '166', '14533', '', 'Ressi TA-210 ( Achieved Target 4250 Bags )', '2017-08-09', '1', '1', 'ON RECORD\n', '0334-9549365', NULL, 'Mujeeb Traders', '0', 'DEF', '2017-08-09', '2', '70500', '0', '0', '0', '1', '1', '1', ''),
('109', '30', '0', '0', '261', '260', '14534', '', 'Each Item 1/1 Box', '2017-08-09', '1', '1', 'SELF PICK', '0345-2464652', NULL, 'JUZER BHAI', '0', 'DEF', '2017-08-10', '6', '0', '0', '0', '1', '0', '1', '0', ''),
('110', '30', '0', '0', '262', '261', '14535', '', 'Each Item 1/1 box', '2017-08-09', '1', '1', 'SELF PICK', '0334-0128752', NULL, 'MURTAZA BHAI ( AHMEDABAD WALA )', '0', 'DEF', '2017-08-10', '6', '0', '0', '0', '1', '0', '1', '0', ''),
('111', '30', '0', '0', '263', '262', '14536', '', 'Each Item 1/1 Box', '2017-08-09', '1', '1', 'SELF PICK', '0335-2210760 / 0333-3263325', NULL, 'MOHAMMAD', '0', 'DEF', '2017-08-10', '6', '0', '0', '0', '1', '0', '1', '0', ''),
('112', '30', '0', '0', '95', '95', '14537', '', NULL, '2017-08-09', '1', '1', 'ON RECORD\n', '0300-8310968', NULL, 'FATIMIYAH HOSPITAL', '0', 'DEF', '2017-08-10', '3', '21000', '0', '0', '0', '1', '1', '1', ''),
('113', '30', '0', '0', '132', '132', '14538', '', NULL, '2017-08-09', '1', '1', 'ON RECORD', '0300-9285283', NULL, 'KHURASAAN HEIGHT', '0', 'DEF', '2017-08-10', '3', '21000', '0', '0', '0', '1', '1', '1', ''),
('114', '30', '0', '0', '180', '180', '14539', '', 'Delivery adrdress send saddam by SMS', '2017-08-09', '1', '1', 'ON RECORD\n', '0346-8210834 ', NULL, 'PARAGON CONSTRUCTION.', '0', 'DEF', '2017-08-10', '4', '105000', '0', '0', '0', '1', '1', '1', ''),
('115', '30', '0', '0', '122', '122', '14540', '', NULL, '2017-08-10', '1', '1', 'ON RECORD\n', '021-32735023', NULL, 'IQBAL SANITARY MART', '0', 'DEF', '2017-08-11', '2', '21660', '0', '0', '0', '1', '1', '1', ''),
('116', '30', '0', '0', '264', '263', '14541', '', 'Urgent Delivery', '2017-08-10', '1', '1', '37-N, Block-06, PECHS, Karachi', '0300-2111364 ( ASGHAR )', NULL, 'ASGHAR CARPENTER C/O STEEL CRETE', '0', 'DEF', '2017-08-10', '3', '5400', '0', '0', '0', '1', '1', '1', ''),
('117', '30', '0', '0', '142', '142', '14542', '', NULL, '2017-08-10', '1', '1', 'ON RECORD\n', '021-32436633', NULL, 'M.M. ALAM', '0', 'DEF', '2017-08-11', '2', '16000', '0', '0', '0', '1', '1', '1', ''),
('118', '30', '0', '0', '176', '176', '14543', '', NULL, '2017-08-10', '1', '1', 'ON RECORD\n', '0342-2851786', NULL, 'NEW KHATTAK HARDWARE &amp; PAINT', '0', 'DEF', '2017-08-11', '2', '10200', '0', '0', '0', '1', '1', '1', ''),
('119', '30', '0', '0', '168', '168', '14544', '', 'Delivery at National Foods, Near Cantt Station bridgs', '2017-08-10', '1', '1', 'ON RECORD\n', '0333-3714827 ', NULL, 'MURAD HARDWARE', '0', 'DEF', '2017-08-11', '2', '65000', '0', '0', '0', '1', '1', '1', ''),
('120', '30', '0', '0', '1', '1', '14545', 'HOME - 3 ( BILAL )', NULL, '2017-08-10', '1', '1', 'ON RECORD\n', '0347-7287606', NULL, '3G CONSTRUCTION', '0', 'DEF', '2017-08-11', '3', '60000', '0', '0', '0', '1', '1', '1', ''),
('121', '30', '0', '0', '137', '137', '14546', '', NULL, '2017-08-10', '1', '1', 'BAHRIA HEIGHTS, BAHRIA TOWN,\n', '0300-8984243 ', NULL, 'LAKHANI PRESIDENCY', '0', 'DEF', '2017-08-11', '3', '40000', '0', '0', '0', '1', '1', '1', ''),
('122', '30', '0', '0', '166', '166', '14547', '', NULL, '2017-08-10', '1', '1', 'BAHRIA HEIGHTS, BAHRIA TOWN,\n', '0334-9549365', NULL, 'Mujeeb Traders', '0', 'DEF', '2017-08-11', '2', '60000', '0', '0', '0', '1', '1', '1', ''),
('123', '30', '0', '0', '11', '11', '14548', '', NULL, '2017-08-10', '1', '1', 'ON RECORD\n', '021-35362405-7', NULL, 'ABDULLAH TILES', '0', 'DEF', '2017-08-11', '2', '8500', '0', '0', '0', '1', '1', '1', ''),
('124', '30', '0', '0', '216', '216', '14549', '', NULL, '2017-08-10', '1', '1', 'ON RECORD\n', '021-36325490 ', NULL, 'UNITED SANITARY', '0', 'DEF', '2017-08-11', '2', '10500', '0', '0', '0', '1', '1', '1', ''),
('125', '30', '0', '0', '176', '176', '14550', '', NULL, '2017-08-10', '1', '1', 'ON RECORD\n', '0342-2851786', NULL, 'NEW KHATTAK HARDWARE &amp; PAINT', '0', 'DEF', '2017-08-11', '2', '12940', '0', '0', '0', '1', '1', '1', ''),
('126', '30', '0', '0', '158', '158', '14551', '', 'Delivery at Shaheen Airline House Near Star Gate', '2017-08-10', '1', '1', 'ON RECORD\n', '0300-2144299 ', NULL, 'MOSAIC COLLECTION', '0', 'DEF', '2017-08-11', '2', '33000', '0', '0', '0', '1', '1', '1', ''),
('127', '30', '0', '0', '183', '183', '14552', '', NULL, '2017-08-10', '1', '1', 'ON RECORD\n', '021-32570865 ', NULL, 'Popular Marble', '0', 'DEF', '2017-08-11', '4', '9800', '0', '0', '0', '1', '1', '1', ''),
('128', '30', '0', '0', '182', '182', '14553', '', 'SELF PICKUP', '2017-08-10', '1', '1', 'BAHRIA HEIGHTS, BAHRIA TOWN,\n', '0321-2672215 ', NULL, 'POPULAR CEMENT WORK', '0', 'DEF', '2017-08-11', '2', '40000', '0', '0', '0', '1', '1', '1', ''),
('129', '30', '0', '0', '47', '47', '14554', '', 'Ressi TA 210 ( 10 Bags Free )', '2017-08-10', '1', '1', 'ON RECORD\n', '0300-2326395', NULL, 'ASIF CORPORATION', '0', 'DEF', '2017-08-11', '2', '42000', '0', '0', '0', '1', '1', '1', ''),
('130', '30', '2', '0', '166', '166', '14555', '', NULL, '2017-08-10', '1', '1', 'ON RECORD\n', '0334-9549365', NULL, 'Mujeeb Traders', '0', 'DEF', '2017-08-11', '2', '43650', '0', '0', '0', '1', '1', '0', ''),
('131', '30', '0', '0', '176', '176', '14557', '', NULL, '2017-08-11', '1', '1', 'ON RECORD\n', '0342-2851786', NULL, 'NEW KHATTAK HARDWARE &amp; PAINT', '0', 'DEF', '2017-08-12', '2', '63000', '0', '0', '0', '1', '1', '1', ''),
('132', '30', '0', '0', '259', '258', '14556', '', 'For further details plz contact Mr. Faheem', '2017-08-11', '1', '1', 'Plot # 53/11, Street-8, Phase 2 Ext Commercial', '0300-2362515', NULL, 'CONTRACTOR RAFIQUE C/O SCHEMATIC', '0', 'DEF', '2017-08-12', '4', '30000', '0', '0', '0', '1', '1', '1', ''),
('133', '30', '0', '0', '189', '189', '14558', '', NULL, '2017-06-11', '1', '1', 'ON RECORD\n', '0302-2289100', NULL, 'RESSICHEM GODOWN', '0', 'DEF', '2017-06-12', '2', '75300', '0', '0', '0', '1', '1', '1', ''),
('134', '30', '0', '0', '207', '207', '14559', 'HOME-PHASE 2', '0331-9951266 ( NAJAM )', '2017-08-11', '1', '1', 'ON RECORD\n', '0308-8617236  ', NULL, 'TECHNO CRATE', '0', 'DEF', '2017-08-12', '3', '100000', '0', '0', '0', '1', '1', '1', ''),
('135', '30', '0', '0', '152', '152', '14560', 'Bilty Nawabshah ( Hanif )', NULL, '2017-08-11', '1', '1', 'ON RECORD\n', '0300-3200797  ', NULL, 'MAQBOOL &amp; CO', '0', 'DEF', '2017-08-12', '3', '42000', '0', '0', '0', '1', '1', '1', ''),
('136', '30', '0', '0', '173', '173', '14561', '', NULL, '2017-08-11', '1', '1', 'ON RECORD\n', '021-34930052  ', NULL, 'NASIR &amp; SONS', '0', 'DEF', '2017-08-12', '2', '11780', '0', '0', '0', '1', '1', '1', ''),
('137', '30', '0', '0', '255', '255', '14562', '', NULL, '2017-08-11', '1', '1', 'ON RECORD', 'ON RECORD', NULL, 'HUSSAIN SAJJANI', '0', 'DEF', '2017-08-12', '6', '0', '0', '0', '1', '0', '1', '0', ''),
('138', '30', '0', '0', '265', '264', '14563', '', 'Delivery at  Abdullah Shah Ghazi School Opp Abdullah ShahGhazi mazzar.\n0321-2333038 ( Furqan Sb )', '2017-08-11', '1', '1', 'Office # C-2, Mezzanine Floor, Jallal Empire, Al Hilal Society, Universicty Road Khi.', '0321-2397240', NULL, 'PERL ENGINEERING &amp; TRADING CO.', '0', 'DEF', '2017-08-12', '4', '40000', '0', '0', '0', '1', '1', '1', ''),
('139', '30', '0', '0', '97', '97', '14564', '', 'Deliver Gulshan-e-Maymar ( Urgent Delivery )\n0322-8300154\n', '2017-08-11', '1', '1', 'ON RECORD\n', '0321-3212017', NULL, 'FEDERAL SANITARY', '0', 'DEF', '2017-08-12', '2', '40000', '0', '0', '0', '1', '1', '1', ''),
('140', '30', '0', '0', '266', '265', '14565', '', 'Red Bricks 4x4 Foam Finish Sample', '2017-08-11', '1', '1', '159, H/3 Kashmir Road Karachi.', 'Contact Faheem', NULL, 'DARUL SAKOON', '0', 'DEF', '2017-08-12', '6', '0', '0', '0', '1', '0', '1', '0', ''),
('141', '30', '0', '0', '166', '166', '14566', '', 'Urgent Delivery', '2017-08-11', '1', '1', 'ON RECORD,\n', '0334-9549365', NULL, 'Mujeeb Traders', '0', 'DEF', '2017-08-12', '2', '123000', '0', '0', '0', '1', '1', '1', ''),
('142', '30', '0', '0', '155', '155', '14055', '', NULL, '2017-07-03', '1', '1', 'ON RECORD\n', '0333-2122756  ', NULL, 'MATRIX SYSTEM (PVT) LTD', '0', 'DEF', '2017-07-04', '4', '10000', '0', '0', '0', '1', '1', '1', ''),
('143', '30', '0', '0', '1', '266', '14056', '', NULL, '2017-07-03', '1', '1', 'ON RECORD', NULL, NULL, 'APPARTMENT', '0', 'DEF', '2017-07-04', '3', '100000', '0', '0', '0', '1', '1', '1', ''),
('144', '30', '0', '0', '1', '246', '14057', '', NULL, '2017-07-03', '1', '1', 'ON RECORD', NULL, NULL, 'HOME-4 ( OWAIS )', '0', 'DEF', '2017-07-04', '3', '100000', '0', '0', '0', '1', '1', '1', ''),
('145', '30', '0', '0', '94', '94', '14058', '', 'Delivery at Mehfil-e-Murtaza', '2017-07-03', '1', '1', 'ON RECORD\n', '0321-8781636', NULL, 'FATIMA DEVELOPERS', '0', 'DEF', '2017-07-04', '4', '210', '0', '0', '0', '1', '1', '1', ''),
('146', '30', '0', '0', '168', '168', '14059', '', 'Delivery at Tariq Road Opp Dolmen Mall.\n0301-3395502 / 0308-3211003 ( Hameed )', '2017-07-04', '1', '1', 'ON RECORD\n', '0333-3714827 ', NULL, 'MURAD HARDWARE', '0', 'DEF', '2017-07-05', '2', '21000', '0', '0', '0', '1', '1', '1', ''),
('147', '30', '0', '0', '80', '80', '14060', '', 'Delivery at City School, Al Habib Restrurent Abdul Aswahani Road.\n0300-8962773 ', '2017-07-04', '1', '1', 'ON RECORD\n', '0300-8962773', NULL, 'DEENU CHACHA', '0', 'DEF', '2017-07-05', '5', '44000', '0', '0', '0', '1', '1', '1', ''),
('148', '30', '0', '0', '267', '268', '14061', '', 'Under Warranty', '2017-07-04', '1', '1', 'Khada  Market DHA karachi', 'ON RECORD', NULL, 'S. ABDULLAH ( STEEL CRETE )', '0', 'DEF', '2017-07-05', '6', '0', '0', '0', '0', '0', '0', '0', 'Rectification Job'),
('149', '30', '0', '0', '76', '76', '14062', '', 'Dummy Invoice Rs. 3200/-', '2017-07-04', '1', '1', 'ON RECORD\n', '0321-2026666', NULL, 'CONT. NAEEM', '0', 'DEF', '2017-07-05', '4', '2250.08', '0', '0', '0', '1', '1', '1', ''),
('150', '30', '0', '0', '268', '269', '14063', '', '2x2 Sample &amp; Product # 3 RPR 110 9210w ( 50% Higher )', '2017-07-04', '1', '1', 'TARIQ  ROAD KARACHI', 'ON RECORD', NULL, 'ARCH. BILAL ( SCHAMETICS )', '0', 'DEF', '2017-07-05', '6', '0', '0', '0', '1', '0', '1', '0', ''),
('151', '30', '0', '0', '110', '110', '14064', '', NULL, '2017-07-04', '1', '1', 'ON RECORD\n', '0300-9376413', NULL, 'HAJI SALEEM', '0', 'DEF', '2017-07-05', '3', '217500', '0', '0', '0', '1', '1', '1', ''),
('152', '30', '0', '0', '269', '270', '14065', '', 'Don&#039;t send Invoice to site', '2017-07-04', '1', '1', 'Near Interwood Office Dalmia Karachi', '0335-2208954', NULL, 'CONT. EHSAN ALI ( MES )', '0', 'DEF', '2017-07-04', '5', '45000', '0', '0', '0', '1', '1', '1', ''),
('153', '30', '0', '0', '270', '271', '14066', '', 'Delivery at Johar', '2017-07-04', '1', '1', 'Basement Unit A-1, Cosy Homes, Block 13-A,Gulshan-e-Iqbal,\n', '021-34822670/ 0300-8276371 ', NULL, 'STEEL CRETE', '0', 'DEF', '2017-07-05', '3', '11000', '0', '0', '0', '1', '1', '1', ''),
('154', '30', '0', '0', '271', '272', '14067', '', 'Material Send to Head Office', '2017-07-04', '1', '1', 'DHA Karachi.', '0345-2916981', NULL, 'MR. SHAKEEL', '0', 'DEF', '2017-07-05', '4', '2900', '0', '0', '0', '1', '1', '1', ''),
('155', '30', '0', '0', '163', '163', '14068', 'SUKKUR', 'Faizan ( 0300-8228082 )', '2017-07-04', '1', '1', 'ON RECORD\n', '0300-8228082 ', NULL, 'MR FAISAL.', '0', 'DEF', '2017-07-04', '3', '345000', '0', '0', '0', '1', '1', '1', ''),
('156', '30', '0', '0', '102', '102', '14069', '', NULL, '2017-07-04', '1', '1', 'ON RECORD\n', '0300-8921330', NULL, 'Gogan Cement', '0', 'DEF', '2017-07-05', '2', '21000', '0', '0', '0', '1', '1', '1', ''),
('157', '30', '0', '0', '168', '168', '14070', '', NULL, '2017-07-04', '1', '1', 'ON RECORD\n', '0333-3714827 ', NULL, 'MURAD HARDWARE', '0', 'DEF', '2017-07-05', '2', '21000', '0', '0', '0', '1', '1', '1', ''),
('158', '30', '0', '0', '173', '173', '14567', '', NULL, '2017-08-12', '1', '1', 'ON RECORD\n', '021-34930052  ', NULL, 'NASIR &amp; SONS', '0', 'DEF', '2017-08-12', '2', '6800', '0', '0', '0', '1', '1', '1', ''),
('159', '30', '0', '0', '166', '166', '14568', '', NULL, '2017-08-12', '1', '1', 'ON RECORD\n', '0334-9549365', NULL, 'Mujeeb Traders', '0', 'DEF', '2017-08-13', '2', '30000', '0', '0', '0', '1', '1', '1', ''),
('160', '30', '0', '0', '248', '248', '14569', '', 'As per sample approve / Texture approve', '2017-08-12', '1', '1', 'ON RECORD', 'ON RECORD', NULL, 'SAJJID DADHA BHAI', '0', 'DEF', '2017-08-13', '8', '900000', '0', '0', '0', '0', '1', '1', 'APplication'),
('161', '30', '0', '0', '97', '97', '14071', '', NULL, '2017-07-04', '1', '1', 'ON RECORD\n', '0321-3212017', NULL, 'FEDERAL SANITARY', '0', 'DEF', '2017-07-05', '2', '80000', '0', '0', '0', '1', '1', '1', ''),
('162', '30', '0', '0', '12', '12', '14072', '', NULL, '2017-07-05', '1', '1', 'ON RECORD\n', '0', NULL, 'RAMZAN TRADERS', '0', 'DEF', '2017-07-06', '4', '210000', '0', '0', '0', '1', '1', '1', ''),
('163', '30', '0', '0', '172', '172', '14073', '', NULL, '2017-07-05', '1', '1', 'ON RECORD\n', '0301-8281155', NULL, 'NADEEM BUKHARI', '0', 'DEF', '2017-07-06', '3', '65000', '0', '0', '0', '1', '1', '1', ''),
('164', '30', '0', '0', '122', '122', '14074', '', NULL, '2017-07-05', '1', '1', 'ON RECORD\n', '021-32735023', NULL, 'IQBAL SANITARY MART', '0', 'DEF', '2017-07-06', '2', '10500', '0', '0', '0', '1', '1', '1', ''),
('165', '30', '0', '0', '80', '80', '14075', '', NULL, '2017-07-05', '1', '1', 'ON RECORD\n', '0300-8962773', NULL, 'DEENU CHACHA', '0', 'DEF', '2017-07-06', '5', '11000', '0', '0', '0', '1', '1', '1', ''),
('166', '30', '0', '0', '211', '211', '14570', '', 'Urgent Delivery', '2017-08-12', '1', '1', 'ON RECORD\n', '0307-2222901 ', NULL, 'TILE HOUSE', '0', 'DEF', '2017-08-13', '2', '21000', '0', '0', '0', '1', '1', '1', ''),
('167', '30', '0', '0', '243', '242', '14571', '', NULL, '2017-08-12', '1', '1', 'Plot # 184, Street -14, National Stadium', 'ON RECORD', NULL, 'MUNEEB JANGDHA', '0', 'DEF', '2017-08-13', '4', '3120', '0', '0', '0', '1', '1', '1', ''),
('168', '30', '0', '0', '173', '173', '14572', '', 'SELF PICK', '2017-08-12', '1', '1', 'ON RECORD\n', '021-34930052  ', NULL, 'NASIR &amp; SONS', '0', 'DEF', '2017-08-13', '2', '59400', '0', '0', '0', '1', '1', '1', ''),
('169', '30', '0', '0', '205', '205', '14573', '', NULL, '2017-08-12', '1', '1', 'ON RECORD\n', '0321-2232560', NULL, 'TANVEER BANGLES', '0', 'DEF', '2017-08-13', '3', '36250', '0', '0', '0', '1', '1', '1', ''),
('170', '30', '0', '0', '163', '163', '14574', '', 'Urgent Delivery', '2017-08-12', '1', '1', 'ON RECORD\n', '0300-8228082 ', NULL, 'MR FAISAL.', '0', 'DEF', '2017-08-12', '3', '172500', '0', '0', '0', '1', '1', '1', ''),
('171', '30', '0', '0', '225', '225', '14575', '', 'Delivery at I.I Chundrigar  Road, behind MCB, 216 Commerce Centre, Hasrat Mohani Road Khi.\n0332-2527522 ( Qurban Sb )', '2017-08-12', '1', '1', 'ON RECORD\n', '0311-4999414 ', NULL, 'ZAHID TILE', '0', 'DEF', '2017-08-13', '3', '21000', '0', '0', '0', '1', '1', '1', ''),
('172', '30', '0', '0', '213', '213', '14576', '', NULL, '2017-08-12', '1', '1', 'ON RECORD', '0300-7005423 ', NULL, 'TIMES RESIDENCY', '0', 'DEF', '2017-08-13', '3', '10500', '0', '0', '0', '1', '1', '1', ''),
('173', '30', '0', '0', '241', '240', '14076', '', NULL, '2017-07-05', '1', '1', 'Golimar', 'ON RECORD', NULL, 'MUGHAL SANITARY', '0', 'DEF', '2017-07-05', '6', '0', '0', '0', '1', '0', '1', '0', ''),
('174', '30', '0', '0', '196', '196', '14077', '', NULL, '2017-07-05', '1', '1', 'ON RECORD\n', '0321-2423752 ', NULL, 'SAMS HARDWARE', '0', 'DEF', '2017-07-06', '2', '300', '0', '0', '0', '1', '1', '1', ''),
('175', '30', '0', '0', '272', '273', '14078', '', NULL, '2017-07-05', '1', '1', 'D-62, Block 6, F.B Area Karachi.', 'ON RECORD', NULL, 'MR. SHAFQAT ', '0', 'DEF', '2017-07-06', '3', '42000', '0', '0', '0', '1', '1', '1', ''),
('176', '30', '0', '0', '273', '274', '14577', '', 'Please Collect Post Dated Chq From Site Only The Only Then Offload\nMr. Salman ( 0302-2031226 )', '2017-08-12', '1', '1', 'Club House 37/A, Muhammad Ali Society', '0300-2925356 ( Idrees )', NULL, 'MR. IDREES', '0', 'DEF', '2017-08-13', '4', '35000', '0', '0', '0', '1', '1', '1', ''),
('177', '30', '0', '0', '105', '105', '14578', '', 'DElivery at Plot # A-29, Street-8, Phase-2, Central Avenue.', '2017-08-12', '1', '1', 'ON RECORD\n', '0300-2246445', NULL, 'GRAVITY BUILDERS', '0', 'DEF', '2017-08-13', '5', '16750', '0', '0', '0', '1', '1', '1', ''),
('178', '30', '0', '0', '274', '275', '14579', '', NULL, '2017-08-12', '1', '1', 'Plot # 51/2, 23 Street, Khy-e-Badban, Ph-5, DHA Karachi.', '0344-4264140', NULL, 'M. USMAN', '0', 'DEF', '2017-08-13', '5', '33750', '0', '0', '0', '1', '1', '1', ''),
('179', '30', '0', '0', '21', '21', '14580', '', 'SAMPLE', '2017-08-12', '1', '1', 'ON RECORD\n', '0321-2557191', NULL, 'AL-MADINA TILES', '0', 'DEF', '2017-08-13', '6', '0', '0', '0', '1', '0', '1', '0', ''),
('180', '30', '0', '0', '198', '198', '14581', '', NULL, '2017-08-12', '1', '1', 'ON RECORD\n', '0333-3190927', NULL, 'SHAH HARDWARE', '0', 'DEF', '2017-08-13', '2', '22000', '0', '0', '0', '1', '1', '1', ''),
('181', '30', '0', '0', '166', '166', '14582', '', 'TA 210 ( 150 Bags ) deliver at Mujeeb Homs', '2017-08-12', '1', '1', 'ON RECORD\n', '0334-9549365', NULL, 'Mujeeb Traders', '0', 'DEF', '2017-08-13', '2', '96000', '0', '0', '0', '1', '1', '1', ''),
('182', '30', '0', '0', '161', '161', '14583', '', NULL, '2017-08-12', '1', '1', 'ON RECORD\n', '0', NULL, 'MR JAVAID', '0', 'DEF', '2017-08-13', '4', '3300', '0', '0', '0', '1', '1', '1', ''),
('183', '30', '0', '0', '221', '221', '14584', '', 'As per sample drop factory / Last deliver', '2017-08-12', '1', '1', 'ON RECORD\n', '021-353181414-5  ', NULL, 'Walls &amp; Woods', '0', 'DEF', '2017-08-13', '3', '40000', '0', '0', '0', '1', '1', '1', ''),
('184', '30', '0', '0', '221', '221', '14585', '', NULL, '2017-08-12', '1', '1', 'ON RECORD\n', '021-353181414-5  ', NULL, 'Walls &amp; Woods', '0', 'DEF', '2017-08-13', '3', '8750', '0', '0', '0', '1', '1', '1', ''),
('185', '30', '0', '0', '275', '276', '14586', '', 'For further detail plz contact Mr. Faheem', '2017-08-12', '1', '1', 'DG Cement Factory, Balochistan.', '0334-3006460 ( Rizwan )', NULL, 'IZHAR CONSTRUCTION', '0', 'DEF', '2017-08-13', '3', '360000', '0', '0', '0', '0', '1', '1', 'Application'),
('186', '30', '1', '0', '123', '123', '14587', '', NULL, '2017-08-15', '1', '1', 'ON RECORD\n', '0322-2399352', NULL, 'IRSHAD ALI SLAB WORKS', '0', 'DEF', '2017-08-15', '2', '21000', '0', '0', '0', '1', '1', '1', ''),
('187', '30', '0', '0', '276', '277', '14588', '', NULL, '2017-08-15', '1', '1', 'PLOT # FL-2, BLOCK-15, CONTINENTAL BAKERY, GULISTAN-E-JOHAR,\n', '0302-2272236 (YOUNUS SB)', NULL, 'KING TOWER', '0', 'DEF', '2017-08-16', '3', '22000', '0', '0', '0', '1', '1', '1', ''),
('188', '30', '0', '0', '180', '180', '14589', '', ' P.O # 76 ( BTK )', '2017-08-15', '1', '1', 'ON RECORD\n', '0346-8210834 ', NULL, 'PARAGON CONSTRUCTION.', '0', 'DEF', '2017-08-16', '3', '1230000', '0', '0', '0', '1', '1', '1', ''),
('189', '30', '0', '0', '222', '222', '14590', '', 'NOTE : Plz received cheque on delivery', '2017-08-15', '1', '1', 'ON RECORD\n', '0346-2398764 ', NULL, 'YOUSUF ALI TAYABJI MUNDRAWALA &amp; SONS', '0', 'DEF', '2017-08-16', '4', '2820', '0', '0', '0', '1', '1', '1', ''),
('190', '30', '0', '0', '52', '52', '14591', '', NULL, '2017-08-15', '1', '1', 'ON RECORD\n', '021-32725414', NULL, 'AZIZ PAINTS', '0', 'DEF', '2017-08-16', '3', '5000', '0', '0', '0', '1', '1', '1', ''),
('191', '30', '0', '0', '71', '71', '14592', '', NULL, '2017-08-15', '1', '1', 'ON RECORD\n', '0300-2270481', NULL, 'COLOR CENTRE', '0', 'DEF', '2017-08-16', '3', '5020', '0', '0', '0', '1', '1', '1', ''),
('192', '30', '0', '0', '277', '278', '14593', '', NULL, '2017-08-15', '1', '1', 'Delivery At Lasani Enterprises', 'ON RECORD', NULL, 'JAMAL HUSSAIN C/O LASANI ENTERPRISES', '0', 'DEF', '2017-08-15', '4', '3600', '0', '0', '0', '1', '1', '1', ''),
('193', '30', '1', '0', '168', '168', '14594', '', NULL, '2017-08-15', '1', '1', 'ON RECORD\n', '0333-3714827 ', NULL, 'MURAD HARDWARE', '0', 'DEF', '2017-08-16', '2', '37200', '0', '0', '0', '1', '1', '1', ''),
('194', '30', '0', '0', '168', '168', '14595', '', 'Delivery at White house clifton.', '2017-08-15', '1', '1', 'ON RECORD\n', '0333-3714827 ', NULL, 'MURAD HARDWARE', '0', 'DEF', '2017-08-16', '2', '44500', '0', '0', '0', '1', '1', '1', ''),
('195', '30', '0', '0', '280', '279', '14596', '', NULL, '2017-08-15', '1', '1', 'KORANGI, NEAR CHINIOT HOSPITAL, OPP. SAJJAD BANGLES,\n', '0316-2516103 (IDRESS SB)', NULL, 'HANIF BANGLES', '0', 'DEF', '2017-08-16', '2', '72500', '0', '0', '0', '1', '1', '1', ''),
('196', '30', '0', '0', '281', '280', '14597', '', NULL, '2017-08-15', '1', '1', 'HUB RIVER ROAD,\n', '0333-3460114 ( Mufti Usman )', NULL, 'JAMIA FAROOQIA', '0', 'DEF', '2017-08-16', '4', '142000', '0', '0', '0', '1', '1', '1', ''),
('197', '30', '0', '0', '253', '253', '14598', '', NULL, '2017-08-15', '1', '1', 'SELF PICK', NULL, NULL, 'VARIOUS SHOP', '0', 'DEF', '2017-08-16', '6', '0', '0', '0', '1', '0', '1', '0', ''),
('198', '30', '0', '0', '187', '187', '14599', '', NULL, '2017-08-15', '1', '1', 'ON RECORD\n', '0333-231749 0', NULL, 'RAMZAN CEMENT DEPOT', '0', 'DEF', '2017-08-16', '2', '21000', '0', '0', '0', '1', '1', '1', ''),
('199', '30', '0', '0', '108', '108', '14600', '', NULL, '2017-08-15', '1', '1', 'ON RECORD\n', '0333-2307801', NULL, 'HAJI CHOHAN CEMENT', '0', 'DEF', '2017-08-16', '2', '21000', '0', '0', '0', '1', '1', '1', ''),
('200', '30', '0', '0', '237', '237', '14601', '', 'Material in RPR-110 Size 7x7 Sample', '2017-08-15', '1', '1', 'Clifton Near Ziauddin Hospital', '0333-2111069 ( Sher Ali )', NULL, 'SAGA ONE', '0', 'DEF', '2017-08-16', '6', '0', '0', '0', '1', '0', '1', '0', ''),
('201', '30', '0', '0', '7', '7', '14602', 'ATCO LABORATORY', NULL, '2017-08-15', '1', '1', 'ON RECORD\n', '0333-2414481', NULL, 'ABASEEN CONSTRUCTION CO. PVT LTD', '0', 'DEF', '2017-08-16', '5', '60000', '0', '0', '0', '1', '1', '1', ''),
('202', '30', '0', '0', '200', '200', '14603', '', NULL, '2017-08-15', '1', '1', 'ON RECORD\n', '0323-2787105  ', NULL, 'SOHAIL SANITARY STORE', '0', 'DEF', '2017-08-16', '2', '12600', '0', '0', '0', '1', '1', '1', ''),
('203', '30', '0', '0', '125', '125', '14604', '', NULL, '2017-08-15', '1', '1', 'ON RECORD\n', '0307-2060791', NULL, 'JAWED &amp; BROTHERS', '0', 'DEF', '2017-08-16', '2', '31200', '0', '0', '0', '1', '1', '1', ''),
('204', '30', '0', '0', '1', '1', '14605', 'HOME-4 ( Azaz )', NULL, '2017-08-15', '1', '1', 'ON RECORD\n', '0347-7287606', NULL, '3G CONSTRUCTION', '0', 'DEF', '2017-08-16', '3', '20000', '0', '0', '0', '1', '1', '1', ''),
('205', '30', '0', '0', '1', '1', '14606', 'HOME-4 ( Asif )', NULL, '2017-08-15', '1', '1', 'ON RECORD\n', '0347-7287606', NULL, '3G CONSTRUCTION', '0', 'DEF', '2017-08-16', '3', '80000', '0', '0', '0', '1', '1', '1', ''),
('206', '30', '0', '0', '64', '64', '14607', '', NULL, '2017-08-15', '1', '1', 'BAHRIA HEIGHTS, BAHRIA TOWN,\n', '0300-2218434', NULL, 'BURJ-E-DEENAR', '0', 'DEF', '2017-08-16', '5', '5000', '0', '0', '0', '1', '1', '1', ''),
('207', '30', '0', '0', '213', '213', '14608', '', NULL, '2017-08-15', '1', '1', 'ON RECORD\n', '0300-7005423 ', NULL, 'TIMES RESIDENCY', '0', 'DEF', '2017-08-16', '3', '10500', '0', '0', '0', '1', '1', '1', ''),
('208', '30', '0', '0', '132', '132', '14609', '', 'DElivery at Mohammadi Blood Bank. \nContact Mr. Huzefa', '2017-08-15', '1', '1', 'ON RECORD\n', '0300-9285283', NULL, 'KHURASAAN HEIGHT', '0', 'DEF', '2017-08-16', '3', '63000', '0', '0', '0', '1', '1', '1', ''),
('209', '30', '0', '0', '166', '166', '14610', '', NULL, '2017-08-16', '1', '1', 'ON RECORD\n', '0334-9549365', NULL, 'Mujeeb Traders', '0', 'DEF', '2017-08-17', '2', '124500', '0', '0', '0', '1', '1', '1', ''),
('210', '30', '0', '0', '166', '166', '14611', '', 'Delivery at Korangi Home', '2017-08-16', '1', '1', 'ON RECORD\n', '0334-9549365', NULL, 'Mujeeb Traders', '0', 'DEF', '2017-08-17', '2', '30000', '0', '0', '0', '1', '1', '1', ''),
('211', '30', '0', '0', '225', '225', '14612', '', 'Urgent Delivery', '2017-08-16', '1', '1', 'ON RECORD\n', '0311-4999414 ', NULL, 'ZAHID TILE', '0', 'DEF', '2017-08-17', '2', '29400', '0', '0', '0', '1', '1', '1', ''),
('212', '30', '0', '0', '282', '281', '14613', '', NULL, '2017-08-16', '1', '1', 'Paposh Market', '0333-6033503', NULL, 'MOHSIN AUTOS', '0', 'DEF', '2017-08-17', '4', '175', '0', '0', '0', '1', '1', '1', ''),
('213', '30', '0', '0', '283', '282', '14614', '', NULL, '2017-08-16', '1', '1', 'Paposh Market', '0345-0278282 ( Faisal )', NULL, 'NEW SPARES AUTOS', '0', 'DEF', '2017-08-17', '4', '175', '0', '0', '0', '1', '1', '1', ''),
('214', '30', '0', '0', '284', '283', '14615', '', NULL, '2017-08-16', '1', '1', 'Paposh Market', '0321-3935243', NULL, 'HADEEQA  AUTOS', '0', 'DEF', '2017-08-17', '4', '175', '0', '0', '0', '1', '1', '1', ''),
('215', '30', '0', '0', '285', '284', '14616', '', NULL, '2017-08-16', '1', '1', 'Paposh Market', '0321-3820728 ( M. Anus )', NULL, 'A.A  AUTOS', '0', 'DEF', '2017-08-17', '4', '175', '0', '0', '0', '1', '1', '1', ''),
('216', '30', '0', '0', '286', '285', '14617', '', NULL, '2017-08-16', '1', '1', 'Paposh Market', '0343-2205452 ( Mustafa )', NULL, 'MUSTAFA AUTOS', '0', 'DEF', '2017-08-17', '4', '525', '0', '0', '0', '1', '1', '1', '');
INSERT INTO `0_sales_orders` VALUES
('217', '30', '1', '0', '287', '286', '14618', '', NULL, '2017-08-16', '1', '1', 'Paposh Market', '0345-2468474 ( Amir )', NULL, 'RAJA AUTOS', '0', 'DEF', '2017-08-17', '4', '175', '0', '0', '0', '1', '1', '1', ''),
('218', '30', '0', '0', '288', '287', '14619', '', NULL, '2017-08-16', '1', '1', 'Paposh Market', 'Contact Zain', NULL, 'MUMTAZ ENGINEERING', '0', 'DEF', '2017-08-17', '4', '850', '0', '0', '0', '1', '1', '1', ''),
('219', '30', '0', '0', '289', '288', '14620', '', NULL, '2017-08-16', '1', '1', 'Paposh Market', 'Contact Zain', NULL, 'SARFARAZ ENGINEERING', '0', 'DEF', '2017-08-17', '4', '850', '0', '0', '0', '1', '1', '1', ''),
('220', '30', '0', '0', '290', '289', '14621', '', NULL, '2017-08-16', '1', '1', 'Paposh Market', 'Contact Zain', NULL, 'MAKKAH AUTOS', '0', 'DEF', '2017-08-17', '4', '175', '0', '0', '0', '1', '1', '1', ''),
('221', '30', '0', '0', '291', '290', '14622', '', NULL, '2017-08-16', '1', '1', 'Paposh Market', '0344-2295518 ( Arsalan )', NULL, 'DUA AUTOS', '0', 'DEF', '2017-08-17', '4', '175', '0', '0', '0', '1', '1', '1', ''),
('222', '30', '1', '0', '269', '270', '14623', '', 'Delivery at PSN Mehran\nDon&#039;t send invoice to site.', '2017-08-16', '1', '1', 'Near Interwood Office Dalmia Karachi', '0335-2208954', NULL, 'CONT. EHSAN ALI ( MES )', '0', 'DEF', '2017-08-17', '5', '45000', '0', '0', '0', '1', '1', '0', ''),
('223', '30', '0', '0', '292', '292', '14624', '', NULL, '2017-08-16', '1', '1', 'Soldier Bazar # 2 Karachi.', '0335-2349467 ( Raju )', NULL, 'CITY AUTOS', '0', 'DEF', '2017-08-17', '4', '170', '0', '0', '0', '1', '1', '1', ''),
('224', '30', '0', '0', '293', '293', '14625', '', NULL, '2017-08-16', '1', '1', 'KASHAN-E-AMINA, NEAR POST OFFICE, SOLDIER BAZAR # 1,\n', '0322-2525285', NULL, 'MUSTAFA HARDWARE', '0', 'DEF', '2017-08-17', '4', '5395', '0', '0', '0', '1', '1', '1', ''),
('225', '30', '0', '0', '294', '294', '14626', '', NULL, '2017-08-16', '1', '1', 'C-11, Navy Housing Scheme, Ph-2, Opp Dalmia', 'Contact Faheem', NULL, 'M. RASHID C/O FAISAL BILWANI', '0', 'DEF', '2017-08-17', '6', '0', '0', '0', '1', '0', '0', '0', 'Application'),
('226', '30', '0', '0', '96', '96', '14627', '', NULL, '2017-08-16', '1', '1', 'ON RECORD\n', '0321-2852270', NULL, 'FAZAIYA HOUSING SOCIETY', '0', 'DEF', '2017-08-17', '6', '0', '0', '0', '1', '0', '0', '0', ''),
('227', '30', '0', '0', '22', '22', '14628', '', NULL, '2017-08-16', '1', '1', 'ON RECORS\n', '0321-3041886 ', NULL, 'AL-MOHAMMADI TILE', '0', 'DEF', '2017-08-17', '2', '144500', '0', '0', '0', '1', '1', '1', ''),
('228', '30', '0', '0', '22', '22', '14629', '', NULL, '2017-08-16', '1', '1', 'ON RECORD\n', '0321-3041886 ', NULL, 'AL-MOHAMMADI TILE', '0', 'DEF', '2017-08-17', '2', '17000', '0', '0', '0', '1', '1', '1', ''),
('229', '30', '0', '0', '196', '196', '14630', '', NULL, '2017-08-16', '1', '1', 'ON RECORD\n', '0321-2423752 ', NULL, 'SAMS HARDWARE', '0', 'DEF', '2017-08-17', '2', '11900', '0', '0', '0', '1', '1', '1', ''),
('230', '30', '0', '0', '295', '295', '14631', '', 'Aqeel ( 0333-2143860 )', '2017-08-16', '1', '1', 'Abdullah Sport Tower, Near Wadwah Gate Bypass, Qasimabad.', '0333-2668078 / 0311-3730042 ', NULL, 'ABDULLAH BUILDERS', '0', 'DEF', '2017-08-17', '4', '110000', '0', '0', '0', '1', '1', '1', ''),
('231', '30', '0', '0', '296', '296', '14632', '', 'Club House, Plot # 37/38-A, Mohammad Ali Society.\nZohaib Sb ( 0345-3310032 )\nKindly receive the cheque by Munaf.', '2017-08-16', '1', '1', 'Stadium Market Karachi.', 'ON RECORD', NULL, 'UNIVERSAL TRADING ( OLD LIFE STYLE )', '0', 'DEF', '2017-08-17', '4', '162500', '0', '0', '0', '1', '1', '1', ''),
('232', '30', '0', '0', '225', '1', '14633', '', NULL, '2017-08-16', '1', '1', 'ON RECORD\n', '0311-4999414 ', NULL, 'ZAHID TILE', '0', 'DEF', '2017-08-17', '2', '7600', '0', '0', '0', '1', '1', '1', ''),
('233', '30', '0', '0', '225', '225', '14634', '', NULL, '2017-08-16', '1', '1', 'ON RECORD\n', '0311-4999414 ', NULL, 'ZAHID TILE', '0', 'DEF', '2017-08-17', '3', '7600', '0', '0', '0', '1', '1', '1', ''),
('234', '30', '0', '0', '297', '298', '14635', '', NULL, '2017-08-16', '1', '1', '7C Al Murtaza Lane-2, Phase-8 Khy-e-Hafiz.', NULL, NULL, '7C Al Murtaza Lane-2 Ph-8, Khy-e-Hafiz', '0', 'DEF', '2017-08-17', '3', '21000', '0', '0', '0', '1', '1', '1', ''),
('235', '30', '0', '0', '298', '299', '14636', '', NULL, '2017-08-16', '1', '1', 'MANZOOR COLONY, NEAR EIDGAH CHOWK\n', '0321-3760063', NULL, 'WASEEM AHMED', '0', 'DEF', '2017-08-17', '3', '7250', '0', '0', '0', '1', '1', '1', ''),
('236', '30', '0', '0', '228', '228', '14637', 'Hyderabad', NULL, '2017-08-16', '1', '1', 'ON RECORD\n', '022-2782644 45  ', NULL, 'ZOAIB ALI &amp; COMPANY', '0', 'DEF', '2017-08-17', '3', '27200', '0', '0', '0', '1', '1', '1', ''),
('237', '30', '0', '0', '47', '47', '14638', '', NULL, '2017-08-17', '1', '1', 'ON RECORD\n', '0300-2326395', NULL, 'ASIF CORPORATION', '0', 'DEF', '2017-08-18', '2', '27400', '0', '0', '0', '1', '1', '1', ''),
('238', '30', '0', '0', '47', '47', '14639', '', NULL, '2017-08-17', '1', '1', 'ON RECORD\n', '0300-2326395', NULL, 'ASIF CORPORATION', '0', 'DEF', '2017-08-18', '2', '22500', '0', '0', '0', '1', '1', '1', ''),
('239', '30', '0', '0', '211', '211', '14640', '', NULL, '2017-08-17', '1', '1', 'ONRECORD\n', '0307-2222901 ', NULL, 'TILE HOUSE', '0', 'DEF', '2017-08-18', '2', '19000', '0', '0', '0', '1', '1', '1', ''),
('240', '30', '0', '0', '168', '168', '14641', '', 'Delivery at Plot  # 74, Street-12, khy-e-Hilal DHA.', '2017-08-17', '1', '1', 'BAHRIA HEIGHTS, BAHRIA TOWN,\n', '0333-3714827 ', NULL, 'MURAD HARDWARE', '0', 'DEF', '2017-08-18', '2', '35000', '0', '0', '0', '1', '1', '1', ''),
('241', '30', '0', '0', '290', '289', '14642', '', NULL, '2017-08-17', '1', '1', 'Paposh Market', 'Contact Zain', NULL, 'MAKKAH AUTOS', '0', 'DEF', '2017-08-18', '4', '175', '0', '0', '0', '1', '1', '1', ''),
('242', '30', '0', '0', '168', '168', '14643', '', 'Delivery at National Food, Near Cantt Station bridge.', '2017-08-17', '1', '1', 'ON RECORD\n', '0333-3714827 ', NULL, 'MURAD HARDWARE', '0', 'DEF', '2017-08-18', '2', '33500', '0', '0', '0', '1', '1', '1', ''),
('243', '30', '0', '0', '216', '216', '14079', '', NULL, '2017-07-05', '1', '1', 'ON RECORD\n', '021-36325490 ', NULL, 'UNITED SANITARY', '0', 'DEF', '2017-07-06', '6', '0', '0', '0', '0', '1', '1', '1', ''),
('244', '30', '1', '0', '211', '211', '14080', '', NULL, '2017-07-05', '1', '1', 'ON RECORD\n', '0307-2222901 ', NULL, 'TILE HOUSE', '0', 'DEF', '2017-07-06', '2', '23000', '0', '0', '0', '1', '1', '1', ''),
('245', '30', '0', '0', '11', '11', '14081', '', NULL, '2017-07-05', '1', '1', 'ON RECORD\n', '021-35362405-7', NULL, 'ABDULLAH TILES', '0', 'DEF', '2017-07-06', '5', '13600', '0', '0', '0', '1', '1', '1', ''),
('246', '30', '0', '0', '270', '271', '14082', '', 'Ambreen Kamran Site', '2017-07-05', '1', '1', 'Basement Unit A-1, Cosy Homes, Block 13-A,Gulshan-e-Iqbal,\n', '021-34822670/ 0300-8276371 ', NULL, 'STEEL CRETE', '0', 'DEF', '2017-07-06', '3', '11400', '0', '0', '0', '1', '1', '1', ''),
('247', '30', '0', '0', '166', '166', '14083', '', NULL, '2017-07-05', '1', '1', 'ON RECORD\n', '0334-9549365', NULL, 'Mujeeb Traders', '0', 'DEF', '2017-07-06', '2', '79500', '0', '0', '0', '1', '1', '1', ''),
('248', '30', '0', '0', '299', '300', '14084', '', NULL, '2017-07-05', '1', '1', 'SELF PICK', 'Contact Faheem', NULL, 'ELSONS CORPORATION', '0', 'DEF', '2017-07-06', '4', '78000', '0', '0', '0', '1', '1', '1', ''),
('249', '30', '0', '0', '221', '221', '14085', '', 'Banglow # 140, 29th Street Khy-e-Muhafiz', '2017-07-05', '1', '1', 'ON RECORD\n', '021-353181414-5  ', NULL, 'Walls &amp; Woods', '0', 'DEF', '2017-07-06', '3', '9000', '0', '0', '0', '1', '1', '1', ''),
('250', '30', '0', '0', '176', '176', '14086', '', NULL, '2017-07-07', '1', '1', 'ON RECORD\n', '0342-2851786', NULL, 'NEW KHATTAK HARDWARE &amp; PAINT', '0', 'DEF', '2017-07-08', '2', '13600', '0', '0', '0', '1', '1', '0', ''),
('251', '30', '0', '0', '47', '47', '14087', '', NULL, '2017-07-06', '1', '1', 'ON RECORD\n', '0300-2326395', NULL, 'ASIF CORPORATION', '0', 'DEF', '2017-07-07', '2', '42000', '0', '0', '0', '1', '1', '1', ''),
('252', '30', '0', '0', '1', '1', '14088', '', NULL, '2017-07-06', '1', '1', 'ON RECORD\n', '0347-7287606', NULL, '3G CONSTRUCTION', '0', 'DEF', '2017-07-07', '3', '100000', '0', '0', '0', '1', '1', '1', ''),
('253', '30', '0', '0', '205', '205', '14089', '', NULL, '2017-07-06', '1', '1', 'ON RECORD\n', '0321-2232560', NULL, 'TANVEER BANGLES', '0', 'DEF', '2017-07-07', '4', '36250', '0', '0', '0', '1', '1', '1', ''),
('254', '30', '1', '0', '173', '173', '14644', '', 'SELF PICK', '2017-08-17', '1', '1', 'ON RECORD\n', '021-34930052  ', NULL, 'NASIR &amp; SONS', '0', 'DEF', '2017-08-18', '2', '61185', '0', '0', '0', '1', '1', '1', ''),
('255', '30', '0', '0', '300', '301', '14090', '', NULL, '2017-07-06', '1', '1', 'Gulshan Site', '0321-2549532 ( Salman )', NULL, 'ZEESHAN SB C/O CONT. EHSAN', '0', 'DEF', '2017-07-07', '3', '46000', '0', '0', '0', '1', '1', '1', ''),
('256', '30', '0', '0', '196', '196', '14645', '', NULL, '2017-08-17', '1', '1', 'ON RECORD\n', '0321-2423752 ', NULL, 'SAMS HARDWARE', '0', 'DEF', '2017-08-18', '2', '16800', '0', '0', '0', '1', '1', '1', ''),
('257', '30', '0', '0', '277', '278', '14646', '', 'SELF PICK', '2017-08-17', '1', '1', 'Delivery At Lasani Enterprises', 'ON RECORD', NULL, 'JAMAL HUSSAIN C/O LASANI ENTERPRISES', '0', 'DEF', '2017-08-18', '4', '1080', '0', '0', '0', '1', '1', '1', ''),
('258', '30', '0', '0', '10', '10', '14647', '', 'Please inform once Material is ready', '2017-08-18', '1', '1', 'ON RECORD', '0300-8236110', NULL, 'ABDUL QADIR JAAFRANI', '0', 'DEF', '2017-08-19', '6', '0', '0', '0', '1', '0', '1', '0', ''),
('259', '30', '0', '0', '248', '248', '14648', '', 'As discussed with HZ ( 25/75 ), ( 50/50 ).\nAs Discussed with Sartaj kindly arrange red sand\n\n3X3 Steel Finish Sample', '2017-08-18', '1', '1', 'ON RECORD', 'ON RECORD', NULL, 'SAJJID DADHA BHAI', '0', 'DEF', '2017-08-19', '6', '0', '0', '0', '1', '0', '1', '0', ''),
('260', '30', '0', '0', '210', '210', '14649', '', 'Ressi TG 810-5110 exchange with TG-6110.', '2017-08-18', '1', '1', 'ON RECORD\n', '0334-6009005 ', NULL, 'THE CONSTRUCT', '0', 'DEF', '2017-08-19', '3', '20000', '0', '0', '0', '1', '1', '1', ''),
('261', '30', '0', '0', '124', '124', '14650', '', NULL, '2017-08-18', '1', '1', 'ON RECORD\n', ' 0333-2174591', NULL, 'JAMA MASJID NOORANI', '0', 'DEF', '2017-08-19', '3', '9750', '0', '0', '0', '1', '1', '1', ''),
('262', '30', '0', '0', '122', '122', '14651', '', NULL, '2017-08-18', '1', '1', 'ON RECORD\n', '021-32735023', NULL, 'IQBAL SANITARY MART', '0', 'DEF', '2017-08-19', '2', '39100', '0', '0', '0', '1', '1', '1', ''),
('263', '30', '0', '0', '295', '295', '14652', '', 'Urgent delivery', '2017-08-18', '1', '1', 'Abdullah Sport Tower, Near Wadwah Gate Bypass, Qasimabad.', '0333-2668078 / 0311-3730042 ', NULL, 'ABDULLAH BUILDERS', '0', 'DEF', '2017-08-19', '5', '18000', '0', '0', '0', '1', '1', '1', ''),
('264', '30', '0', '0', '198', '198', '14653', '', NULL, '2017-08-18', '1', '1', 'ON RECORD\n', '0333-3190927', NULL, 'SHAH HARDWARE', '0', 'DEF', '2017-08-19', '2', '31500', '0', '0', '0', '1', '1', '1', ''),
('265', '30', '0', '0', '301', '302', '14654', '', 'SELF PICK', '2017-08-18', '1', '1', 'Korangi Industrial Area,\n', '0300-8287082', NULL, 'AHSANULLAH SB', '0', 'DEF', '2017-08-19', '4', '3750', '0', '0', '0', '1', '1', '1', ''),
('266', '30', '0', '0', '60', '60', '14655', '', NULL, '2017-08-18', '1', '1', 'ON RECORD\n', '0300-2371930', NULL, 'BURHANI ENTERPRISES', '0', 'DEF', '2017-08-19', '2', '9570', '0', '0', '0', '1', '1', '1', ''),
('267', '30', '0', '0', '303', '304', '14656', '', 'Delivery at Plot # 145/A, Allama Iqbal Road Near Tariq Road\n0321-3971370', '2017-08-18', '1', '1', 'Suit # 306, 3rd Floor, Progressive Centre Near Parsa Tower Shara-e-Faisal', '021-34322043-4 / 0301-8295174', NULL, 'TAI BUILDERS &amp; DEVELOPERS', '0', 'DEF', '2017-08-19', '5', '36200', '0', '0', '0', '1', '1', '1', ''),
('268', '30', '0', '0', '296', '296', '14657', '', NULL, '2017-08-18', '1', '1', 'Stadium Market Karachi.', 'ON RECORD', NULL, 'UNIVERSAL TRADING ( OLD LIFE STYLE )', '0', 'DEF', '2017-08-19', '3', '10500', '0', '0', '0', '1', '1', '1', ''),
('269', '30', '0', '0', '166', '166', '14658', '', NULL, '2017-08-18', '1', '1', 'ON RECORD\n', '0334-9549365', NULL, 'Mujeeb Traders', '0', 'DEF', '2017-08-19', '2', '40000', '0', '0', '0', '1', '1', '1', ''),
('270', '30', '0', '0', '152', '152', '14659', '', 'SELF PICK', '2017-08-18', '1', '1', 'ON RECORD\n', '0300-3200797  ', NULL, 'MAQBOOL &amp; CO', '0', 'DEF', '2017-08-19', '5', '42000', '0', '0', '0', '1', '1', '1', ''),
('271', '30', '0', '0', '11', '11', '14660', '', NULL, '2017-08-18', '1', '1', 'ON RECORD\n', '021-35362405-7', NULL, 'ABDULLAH TILES', '0', 'DEF', '2017-08-19', '2', '42000', '0', '0', '0', '1', '1', '1', ''),
('272', '30', '0', '0', '158', '158', '14661', '', NULL, '2017-08-18', '1', '1', 'ON RECORD\n', '0300-2144299 ', NULL, 'MOSAIC COLLECTION', '0', 'DEF', '2017-08-19', '3', '7150', '0', '0', '0', '1', '1', '1', ''),
('273', '30', '0', '0', '105', '105', '14662', '', 'GIZRI SITE', '2017-08-18', '1', '1', 'ON RECORD\n', '0300-2246445', NULL, 'GRAVITY BUILDERS', '0', 'DEF', '2017-08-19', '5', '20100', '0', '0', '0', '1', '1', '1', ''),
('274', '30', '0', '0', '232', '232', '14663', '', NULL, '2017-08-18', '1', '1', 'Fire Station, Bahria Town, Near Bahria Height.', '0346-5224055', NULL, 'WASEAL CONSTRUCTION', '0', 'DEF', '2017-08-19', '3', '20000', '0', '0', '0', '1', '1', '1', ''),
('275', '30', '0', '0', '54', '54', '14664', '', NULL, '2017-08-18', '1', '1', 'ON RECORD\n', '0308-2489601', NULL, 'BILAL CEMENT DEPOT', '0', 'DEF', '2017-08-19', '2', '20000', '0', '0', '0', '1', '1', '1', ''),
('276', '30', '0', '0', '11', '11', '14665', '', NULL, '2017-08-18', '1', '1', 'ON RECORD\n', '021-35362405-7', NULL, 'ABDULLAH TILES', '0', 'DEF', '2017-08-19', '2', '17000', '0', '0', '0', '1', '1', '1', ''),
('277', '30', '0', '0', '247', '247', '14666', '', NULL, '2017-08-19', '1', '1', 'CHOTA BUKHARI,  NEAR WATER TANK,\n', '0321-2026666 (MR. NAEEM)', NULL, 'MOHAMMADI CORPORATION', '0', 'DEF', '2017-08-20', '2', '77900', '0', '0', '0', '1', '1', '1', ''),
('278', '30', '0', '0', '302', '303', '14667', '', NULL, '2017-08-19', '1', '1', 'Different Site / Shop ', 'Contact Zain', NULL, 'VARIOUS CLIENT', '0', 'DEF', '2017-08-20', '6', '0', '0', '0', '1', '0', '1', '0', ''),
('279', '30', '0', '0', '297', '298', '14668', '', NULL, '2017-08-19', '1', '1', '7C Al Murtaza Lane-2, Phase-8 Khy-e-Hafiz.', NULL, NULL, '7C Al Murtaza Lane-2 Ph-8, Khy-e-Hafiz', '0', 'DEF', '2017-08-20', '3', '65000', '0', '0', '0', '1', '1', '1', ''),
('280', '30', '0', '0', '265', '264', '14669', '', 'Delivery at Fatima Jina School ( SMB ) Garden', '2017-08-19', '1', '1', 'Office # C-2, Mezzanine Floor, Jallal Empire, Al Hilal Society, Universicty Road Khi.', '0321-2397240', NULL, 'PERL ENGINEERING &amp; TRADING CO.', '0', 'DEF', '2017-08-20', '5', '40000', '0', '0', '0', '1', '1', '1', ''),
('281', '30', '0', '0', '173', '173', '14670', '', NULL, '2017-08-19', '1', '1', 'ON RECORD\n', '021-34930052  ', NULL, 'NASIR &amp; SONS', '0', 'DEF', '2017-08-20', '2', '8500', '0', '0', '0', '1', '1', '1', ''),
('282', '30', '0', '0', '122', '122', '14671', '', NULL, '2017-08-19', '1', '1', 'ON RECORD\n', '021-32735023', NULL, 'IQBAL SANITARY MART', '0', 'DEF', '2017-08-20', '2', '10500', '0', '0', '0', '1', '1', '1', ''),
('283', '30', '0', '0', '95', '95', '14091', '', NULL, '2017-07-06', '1', '1', 'ON RECORD\n', '0300-8310968', NULL, 'FATIMIYAH HOSPITAL', '0', 'DEF', '2017-07-07', '2', '2000', '0', '0', '0', '1', '1', '1', ''),
('284', '30', '0', '0', '69', '69', '14092', '', 'Bilty ar  EMS Tando Mohammad Khan', '2017-07-06', '1', '1', 'ON RECORD\n', 'HAFEEZ', NULL, 'COLONEL MUSHTAQ C/O ARAISH', '0', 'DEF', '2017-07-07', '3', '3150', '0', '0', '0', '1', '1', '1', ''),
('285', '30', '0', '0', '188', '188', '14093', '', NULL, '2017-07-06', '1', '1', 'ON RECORD\n', '0321-9220969  ', NULL, 'RAWAL MASJID', '0', 'DEF', '2017-07-07', '3', '85000', '0', '0', '0', '1', '1', '1', ''),
('286', '30', '0', '0', '166', '166', '14095', '', 'Delivery at korangi', '2017-07-06', '1', '1', 'ON RECORD\n', '0334-9549365', NULL, 'Mujeeb Traders', '0', 'DEF', '2017-07-07', '2', '30000', '0', '0', '0', '1', '1', '1', ''),
('287', '30', '0', '0', '170', '170', '14096', '', NULL, '2017-07-06', '1', '1', 'ON RECORD\n', '021-36671845', NULL, 'MUSTAFA METAL MART', '0', 'DEF', '2017-07-07', '2', '1350', '0', '0', '0', '1', '1', '1', ''),
('288', '30', '1', '0', '210', '210', '14097', '', 'Tower-21', '2017-07-06', '1', '1', 'ON RECORD', '0334-6009005 ', NULL, 'THE CONSTRUCT', '0', 'DEF', '2017-07-07', '3', '281500', '0', '0', '0', '0', '0', '0', ''),
('289', '30', '0', '0', '304', '305', '14098', '', NULL, '2017-07-06', '1', '1', 'Bilty at Sukkar Via Blue Line Bus Stand', 'Contact Muhammad Hussain', NULL, 'LEYERS ENTERPRISES', '0', 'DEF', '2017-07-07', '4', '15600', '0', '0', '0', '1', '1', '1', ''),
('290', '30', '0', '0', '69', '69', '14099', '', 'Bilty at EMS Tando Mohammad Khan', '2017-07-06', '1', '1', 'ON RECORD\n', 'HAFEEZ', NULL, 'COLONEL MUSHTAQ C/O ARAISH', '0', 'DEF', '2017-07-07', '3', '7350', '0', '0', '0', '1', '1', '1', ''),
('291', '30', '0', '0', '198', '198', '14100', '', NULL, '2017-07-06', '1', '1', 'ON RECORD\n', '0333-3190927', NULL, 'SHAH HARDWARE', '0', 'DEF', '2017-07-07', '2', '21000', '0', '0', '0', '1', '1', '1', ''),
('292', '30', '0', '0', '47', '47', '14672', '', NULL, '2017-08-19', '1', '1', 'ON RECORD\n', '0300-2326395', NULL, 'ASIF CORPORATION', '0', 'DEF', '2017-08-20', '2', '59500', '0', '0', '0', '1', '0', '1', ''),
('293', '30', '0', '0', '305', '306', '14101', '', NULL, '2017-07-07', '1', '1', 'B-35, Kausar Town, Khokhrapar # 1, Malir Karachi.', '0346-3420043 ( Hussain Shah )', NULL, 'MASHALLAH CEMENT DEPO', '0', 'DEF', '2017-07-08', '4', '21000', '0', '0', '0', '1', '1', '1', ''),
('294', '30', '0', '0', '123', '123', '14102', '', NULL, '2017-07-07', '1', '1', 'ON RECORD\n', '0322-2399352', NULL, 'IRSHAD ALI SLAB WORKS', '0', 'DEF', '2017-07-08', '2', '1700', '0', '0', '0', '1', '1', '1', ''),
('295', '30', '0', '0', '112', '112', '14103', '', NULL, '2017-07-07', '1', '1', 'ON RECORD\n', '021-36706295', NULL, 'HATIMI HARDWARE &amp; SANITARY', '0', 'DEF', '2017-07-08', '3', '14500', '0', '0', '0', '1', '1', '1', ''),
('296', '30', '0', '0', '306', '307', '14104', '', NULL, '2017-07-07', '1', '1', 'B-73/4, KDA Scheme Karachi.', '0300-8235455', NULL, 'MR. AYUB', '0', 'DEF', '2017-07-08', '4', '34500', '0', '0', '0', '1', '1', '1', ''),
('297', '30', '0', '0', '307', '308', '14105', '', NULL, '2017-07-07', '1', '1', 'Schematic Bahadurabad Karachi.', '0320-8242292', NULL, 'DR. SHEZAD', '0', 'DEF', '2017-07-08', '4', '3650', '0', '0', '0', '1', '1', '1', ''),
('298', '30', '0', '0', '155', '155', '14106', '', NULL, '2017-07-07', '1', '1', 'ON RECORD', '0333-2122756  ', NULL, 'MATRIX SYSTEM (PVT) LTD', '0', 'DEF', '2017-07-08', '4', '30375', '0', '0', '0', '1', '1', '1', ''),
('299', '30', '0', '0', '308', '309', '14107', '', 'AT 2mm Thickness', '2017-07-07', '1', '1', 'GULSHAN-E-MILLAT, OPP. KORANGI INDUSTRIAL AREA,\n', '0333-3033489', NULL, 'IMRAN BALOCH SB', '0', 'DEF', '2017-07-08', '8', '340000', '0', '0', '0', '1', '1', '1', ''),
('300', '30', '0', '0', '168', '168', '14108', '', NULL, '2017-07-07', '1', '1', 'ON RECORD\n', '0333-3714827 ', NULL, 'MURAD HARDWARE', '0', 'DEF', '2017-07-08', '2', '38000', '0', '0', '0', '1', '1', '1', ''),
('301', '30', '0', '0', '182', '182', '14109', '', NULL, '2017-07-07', '1', '1', 'ON RECORD\n', '0321-2672215 ', NULL, 'POPULAR CEMENT WORK', '0', 'DEF', '2017-07-08', '2', '40000', '0', '0', '0', '1', '1', '1', ''),
('302', '30', '0', '0', '219', '219', '14110', '', NULL, '2017-07-07', '1', '1', 'ON RECORD\n', '0331-7531723 ', NULL, 'VALI RANGOONWALA', '0', 'DEF', '2017-07-08', '4', '33000', '0', '0', '0', '1', '1', '1', ''),
('303', '30', '0', '0', '189', '189', '14111', '', NULL, '2017-07-07', '1', '1', 'ON RECORD\n', '0302-2289100', NULL, 'RESSICHEM GODOWN', '0', 'DEF', '2017-07-08', '2', '60000', '0', '0', '0', '1', '1', '1', ''),
('304', '30', '0', '0', '1', '267', '14112', '', NULL, '2017-07-07', '1', '1', 'ON RECORD', NULL, NULL, 'HOME- 3  ( BILAL )', '0', 'DEF', '2017-07-08', '3', '100000', '0', '0', '0', '1', '0', '1', ''),
('305', '30', '1', '0', '38', '38', '14113', '', NULL, '2017-07-07', '1', '1', 'ON RECORD\n', '0301-8222534', NULL, 'ARCH. AHMED JUMANI', '0', 'DEF', '2017-07-08', '4', '4000', '0', '0', '0', '1', '1', '1', ''),
('306', '30', '0', '0', '247', '247', '14114', '', NULL, '2017-07-07', '1', '1', 'CHOTA BUKHARI,  NEAR WATER TANK,\n', '0321-2026666 (MR. NAEEM)', NULL, 'MOHAMMADI CORPORATION', '0', 'DEF', '2017-07-08', '2', '74500', '0', '0', '0', '1', '1', '1', ''),
('307', '30', '0', '0', '11', '11', '14115', '', 'TA 210 ( 18 Bags ) free against S.O # 13829 &amp; Cartage )', '2017-07-07', '1', '1', 'ON RECORD\n', '021-35362405-7', NULL, 'ABDULLAH TILES', '0', 'DEF', '2017-07-08', '2', '21000', '0', '0', '0', '1', '1', '1', ''),
('308', '30', '0', '0', '247', '247', '14116', '', NULL, '2017-07-07', '1', '1', 'CHOTA BUKHARI,  NEAR WATER TANK,\n', '0321-2026666 (MR. NAEEM)', NULL, 'MOHAMMADI CORPORATION', '0', 'DEF', '2017-07-08', '2', '3400', '0', '0', '0', '1', '1', '1', ''),
('309', '30', '0', '0', '207', '207', '14117', '', 'Phase-2', '2017-07-07', '1', '1', 'On Record\n', '0308-8617236  ', NULL, 'TECHNO CRATE', '0', 'DEF', '2017-07-08', '3', '100000', '0', '0', '0', '1', '1', '1', ''),
('310', '30', '0', '0', '309', '310', '14118', '', NULL, '2017-07-07', '1', '1', 'ON RECORD', 'ON RECORD', NULL, 'MS BUILDER', '0', 'DEF', '2017-07-08', '5', '45000', '0', '0', '0', '1', '1', '1', ''),
('311', '30', '0', '0', '152', '152', '14119', '', 'Nawabshah Bilty ', '2017-07-08', '1', '1', 'ON RECORD\n', '0300-3200797  ', NULL, 'MAQBOOL &amp; CO', '0', 'DEF', '2017-07-09', '3', '42000', '0', '0', '0', '1', '1', '1', ''),
('312', '30', '0', '0', '225', '225', '14120', '', 'Delivery Today', '2017-07-08', '1', '1', 'ON RECORD\n', '0311-4999414 ', NULL, 'ZAHID TILE', '0', 'DEF', '2017-07-09', '3', '24500', '0', '0', '0', '1', '1', '1', ''),
('313', '30', '0', '0', '211', '211', '14121', '', NULL, '2017-07-08', '1', '1', 'ON RECORD\n', '0307-2222901 ', NULL, 'TILE HOUSE', '0', 'DEF', '2017-07-09', '2', '15600', '0', '0', '0', '1', '1', '1', ''),
('314', '30', '0', '0', '274', '275', '14122', '', NULL, '2017-07-08', '1', '1', 'Plot # 51/2, 23 Street, Khy-e-Badban, Ph-5, DHA Karachi.', '0344-4264140', NULL, 'M. USMAN', '0', 'DEF', '2017-07-09', '5', '43750', '0', '0', '0', '1', '1', '1', ''),
('315', '30', '0', '0', '152', '152', '14123', '', 'Bilty at Qambar', '2017-07-08', '1', '1', 'ON RECORD\n', '0300-3200797  ', NULL, 'MAQBOOL &amp; CO', '0', 'DEF', '2017-07-09', '3', '42000', '0', '0', '0', '1', '1', '1', ''),
('316', '30', '0', '0', '259', '258', '14673', '', '2x2 Sample Form Finish...\nStreet-7, Phase-4, Commercial.\nContact Mr. Faheem', '2017-08-19', '1', '1', 'Plot # 53/11, Street-8, Phase 2 Ext Commercial', '0300-2362515', NULL, 'CONTRACTOR RAFIQUE C/O SCHEMATIC', '0', 'DEF', '2017-08-20', '6', '0', '0', '0', '1', '0', '1', '0', ''),
('317', '30', '0', '0', '137', '137', '14674', '', NULL, '2017-08-21', '1', '1', 'ON RECORD', '0300-8984243 ', NULL, 'LAKHANI PRESIDENCY', '0', 'DEF', '2017-08-22', '2', '20000', '0', '0', '0', '1', '1', '1', ''),
('318', '30', '0', '0', '1', '266', '14675', '', NULL, '2017-08-21', '1', '1', 'ON RECORD', NULL, NULL, 'APPARTMENT', '0', 'DEF', '2017-08-21', '5', '20000', '0', '0', '0', '1', '1', '1', ''),
('319', '30', '0', '0', '310', '311', '14676', '', NULL, '2017-08-21', '1', '1', 'Plot # 176/1, Street # 20, Phase-8 DHA.', '0331-2779841 ( Usman )', NULL, 'USMAN  C/O SALEEM SHAMS', '0', 'DEF', '2017-08-22', '4', '26000', '0', '0', '0', '1', '1', '1', ''),
('320', '30', '0', '0', '300', '301', '14677', '', NULL, '2017-08-21', '1', '1', 'Gulshan Site', '0321-2549532 ( Salman )', NULL, 'ZEESHAN SB C/O CONT. EHSAN', '0', 'DEF', '2017-08-22', '4', '20100', '0', '0', '0', '1', '1', '1', ''),
('321', '30', '0', '0', '210', '210', '14678', '', 'Bath Seal-0001 ( Powder ).\nReplacement of powder as discussed', '2017-08-21', '1', '1', 'BAHRIA TOWN\n', '0334-6009005 ', NULL, 'THE CONSTRUCT', '0', 'DEF', '2017-08-22', '3', '0', '0', '0', '0', '0', '1', '0', ''),
('322', '30', '0', '0', '311', '312', '14679', '', NULL, '2017-08-21', '1', '1', 'Plot # D/62, Block-6, F.B Area Karachi.', 'ON RECORD', NULL, 'SHAFQAT SB', '0', 'DEF', '2017-08-22', '5', '10500', '0', '0', '0', '1', '1', '1', ''),
('323', '30', '0', '0', '166', '166', '14680', '', 'Pkg 20kgs ( 20 x 2 = 40 )', '2017-08-21', '1', '1', 'ON RECORD\n', '0334-9549365', NULL, 'Mujeeb Traders', '0', 'DEF', '2017-08-22', '2', '3000', '0', '0', '0', '1', '1', '1', ''),
('324', '30', '0', '0', '242', '241', '14681', '', NULL, '2017-08-21', '1', '1', 'Ground Floor, Tanoli Tower, Street-8 Badar Commercial.', '0336-5525506 ( Sohail Ahmed )', NULL, 'ASC CONSTRUCTION', '0', 'DEF', '2017-08-22', '4', '14000', '0', '0', '0', '1', '1', '1', ''),
('325', '30', '0', '0', '47', '47', '14682', '', NULL, '2017-08-21', '1', '1', 'ON RECORD\n', '0300-2326395', NULL, 'ASIF CORPORATION', '0', 'DEF', '2017-08-22', '2', '17500', '0', '0', '0', '1', '1', '1', ''),
('326', '30', '0', '0', '211', '211', '14683', '', NULL, '2017-08-21', '1', '1', 'ON RECORD\n', '0307-2222901 ', NULL, 'TILE HOUSE', '0', 'DEF', '2017-08-22', '2', '15600', '0', '0', '0', '1', '1', '1', ''),
('327', '30', '0', '0', '210', '210', '14684', 'ICON TOWER ', NULL, '2017-08-21', '1', '1', 'ON RECORD\n', '0334-6009005 ', NULL, 'THE CONSTRUCT', '0', 'DEF', '2017-08-22', '3', '100000', '0', '0', '0', '1', '1', '1', ''),
('328', '30', '0', '0', '312', '313', '14685', '', NULL, '2017-08-21', '1', '1', 'PLOT # 62 13TH LANE KH-E-BADBAN\n', '0333-3101031 (ABDUL REHMAN SUP', NULL, 'YOUNUS ABDUL AZIZ C/O IQBAL MOTIWALA', '0', 'DEF', '2017-08-22', '3', '37750', '0', '0', '0', '1', '1', '1', ''),
('329', '30', '0', '0', '207', '207', '14686', '', 'NAJAM SB', '2017-08-21', '1', '1', 'ON RECORD\n', '0308-8617236  ', NULL, 'TECHNO CRATE', '0', 'DEF', '2017-08-22', '3', '40000', '0', '0', '0', '1', '1', '1', ''),
('330', '30', '0', '0', '253', '253', '14687', '', 'Deliver at PXS', '2017-08-21', '1', '1', 'Deliver At PXS', NULL, NULL, 'VARIOUS SHOP', '0', 'DEF', '2017-08-22', '6', '0', '0', '0', '1', '0', '1', '0', ''),
('331', '30', '0', '0', '166', '166', '14688', '', NULL, '2017-08-21', '1', '1', 'ON RECORD\n', '0334-9549365', NULL, 'Mujeeb Traders', '0', 'DEF', '2017-08-22', '2', '60000', '0', '0', '0', '1', '1', '1', ''),
('332', '30', '0', '0', '225', '225', '14689', '', NULL, '2017-08-21', '1', '1', 'ON RECORD\n', '0311-4999414 ', NULL, 'ZAHID TILE', '0', 'DEF', '2017-08-22', '3', '15200', '0', '0', '0', '1', '1', '1', ''),
('333', '30', '0', '0', '207', '207', '14690', '', 'TOWER', '2017-08-21', '1', '1', 'ON RECORD\n', '0308-8617236  ', NULL, 'TECHNO CRATE', '0', 'DEF', '2017-08-22', '3', '43000', '0', '0', '0', '1', '1', '1', ''),
('334', '30', '0', '0', '22', '22', '14691', '', 'HYDERABAD', '2017-08-21', '1', '1', 'ON RECORD\n', '0321-3041886 ', NULL, 'AL-MOHAMMADI TILE', '0', 'DEF', '2017-08-22', '2', '133000', '0', '0', '0', '1', '1', '1', ''),
('335', '30', '0', '0', '176', '176', '14692', '', NULL, '2017-08-21', '1', '1', 'ON RECORD', '0342-2851786', NULL, 'NEW KHATTAK HARDWARE &amp; PAINT', '0', 'DEF', '2017-08-22', '2', '65000', '0', '0', '0', '1', '1', '1', ''),
('336', '30', '1', '0', '268', '269', '14693', '', '110-7000W As discussed with Ali Sb.\nThis material will be picked by Rashid Sb today.\n\n2x2 Spike Foam', '2017-08-21', '1', '1', 'TARIQ  ROAD KARACHI', 'ON RECORD', NULL, 'ARCH. BILAL ( SCHAMETICS )', '0', 'DEF', '2017-08-22', '5', '0', '0', '0', '0', '1', '1', '1', ''),
('337', '30', '0', '0', '187', '314', '14694', '', NULL, '2017-08-21', '1', '1', 'BOHRAPIR, NEAR IRSHAD ALI SLAB WORKS,', NULL, NULL, 'ANUS CEMENT ( RAMZAN CEMENT )', '0', 'DEF', '2017-08-22', '2', '21000', '0', '0', '0', '1', '1', '1', ''),
('338', '30', '0', '0', '168', '168', '14695', '', NULL, '2017-08-21', '1', '1', 'ON RECORD', '0333-3714827 ', NULL, 'MURAD HARDWARE', '0', 'DEF', '2017-08-22', '2', '56200', '0', '0', '0', '1', '1', '1', ''),
('339', '30', '2', '0', '176', '176', '14696', '', NULL, '2017-08-21', '1', '1', 'ON RECORD\n', '0342-2851786', NULL, 'NEW KHATTAK HARDWARE &amp; PAINT', '0', 'DEF', '2017-08-22', '2', '22800', '0', '0', '0', '1', '1', '1', ''),
('340', '30', '0', '0', '1', '1', '14697', '', 'Sales Quotation # 4', '2017-08-30', '1', '1', 'BAHRIA HEIGHTS, BAHRIA TOWN,\n', '0347-7287606', NULL, '3G CONSTRUCTION', '0', 'DEF', '2017-08-31', '5', '487899', '0', '0', '0', '0', '0', '0', ''),
('341', '30', '1', '0', '313', '315', '14697', '', NULL, '2017-08-21', '1', '1', 'Shop # 16, Ali Center, Waterpump Market, Block-4, F.B Area Karachi.', '0311-2227421 ( Nadeem )', NULL, 'UNITED AUTOS', '0', 'DEF', '2017-08-22', '3', '3300', '0', '0', '0', '1', '1', '1', ''),
('342', '30', '0', '0', '166', '166', '14698', '', 'MOST URGENT DELIVERY', '2017-08-21', '1', '1', 'ON RECORD\n', '0334-9549365', NULL, 'Mujeeb Traders', '0', 'DEF', '2017-08-22', '2', '140100', '0', '0', '0', '1', '1', '1', ''),
('343', '30', '0', '0', '149', '149', '14699', '', NULL, '2017-08-21', '1', '1', 'ON RECORD', '0321-2388661', NULL, 'MALIK BROTHERS', '0', 'DEF', '2017-08-22', '2', '121000', '0', '0', '0', '1', '1', '1', ''),
('344', '30', '0', '0', '200', '200', '14700', '', NULL, '2017-08-21', '1', '1', 'ON RECORD\n', '0323-2787105  ', NULL, 'SOHAIL SANITARY STORE', '0', 'DEF', '2017-08-22', '2', '6600', '0', '0', '0', '1', '1', '1', ''),
('345', '30', '0', '0', '216', '216', '14124', '', 'Delivery at Mumtaz Engineering, Block - 22 F.B Area.\nJawaid Shamim ( 0333-2166896 )\nmake Dummy Invoice Rs. 920/-', '2017-07-08', '1', '1', 'ON RECORD\n', '021-36325490 ', NULL, 'UNITED SANITARY', '0', 'DEF', '2017-07-09', '2', '19950', '0', '0', '0', '1', '1', '1', ''),
('346', '30', '0', '0', '314', '316', '14125', '', 'SELF PICK', '2017-07-08', '1', '1', 'OFF# C/213,SHOP # 4,MAIN SHAHRA-E-QUAIDEEN\n', '0333-2440602', NULL, 'Saleem International', '0', 'DEF', '2017-07-09', '4', '202500', '0', '0', '0', '1', '1', '1', ''),
('347', '30', '0', '0', '218', '218', '14126', '', NULL, '2017-07-10', '1', '1', 'ON RECORD\n', '0315-3709042', NULL, 'UNIVERSAL TRADING / RASHID TILE', '0', 'DEF', '2017-07-11', '2', '20000', '0', '0', '0', '1', '1', '1', ''),
('348', '30', '0', '0', '92', '92', '14127', '', NULL, '2017-07-10', '1', '1', 'ON RECORD\n', '0300-8298398', NULL, 'FARAZ CEMENT DEPOT', '0', 'DEF', '2017-07-11', '4', '21000', '0', '0', '0', '1', '1', '1', ''),
('349', '30', '0', '0', '170', '170', '14128', '', NULL, '2017-07-10', '1', '1', 'ON RECORD\n', '021-36671845', NULL, 'MUSTAFA METAL MART', '0', 'DEF', '2017-07-11', '2', '10500', '0', '0', '0', '1', '1', '1', ''),
('350', '30', '0', '0', '137', '137', '14129', '', NULL, '2017-07-10', '1', '1', 'ON RECORD', '0300-8984243 ', NULL, 'LAKHANI PRESIDENCY', '0', 'DEF', '2017-07-11', '3', '60000', '0', '0', '0', '1', '1', '1', ''),
('351', '30', '0', '0', '315', '317', '14130', '', 'Without Pigment 1x1 Sample', '2017-07-10', '1', '1', 'Plot # 335/15, Teh-DIH-Tappo, Godown Chowrangi Korangi.', '0300-0402846 ( kashif )', NULL, 'GHAZI BROTHERS', '0', 'DEF', '2017-07-11', '6', '0', '0', '0', '1', '0', '1', '0', ''),
('352', '30', '0', '0', '240', '239', '14701', '', NULL, '2017-08-22', '1', '1', 'D-33, SITE, Super Highway Karachi,', '0302-2159262 ( Ahsan )', NULL, 'PACIFIC INTERNATIONAL', '0', 'DEF', '2017-08-23', '4', '10350', '0', '0', '0', '1', '1', '1', ''),
('353', '30', '0', '0', '123', '123', '14702', '', NULL, '2017-08-22', '1', '1', 'ON RECORD\n', '0322-2399352', NULL, 'IRSHAD ALI SLAB WORKS', '0', 'DEF', '2017-08-23', '2', '22700', '0', '0', '0', '1', '1', '1', ''),
('354', '30', '0', '0', '118', '118', '14703', '', 'Delivery At Manzoor Colony.\nSC-310 as per applied At ZH Residency\n0321-2476936 / 0302-8276789', '2017-08-22', '1', '1', 'ON RECORD\n', '0333-2131168', NULL, 'IK ASSOCIATE', '0', 'DEF', '2017-08-23', '6', '0', '0', '0', '1', '0', '1', '0', ''),
('355', '30', '0', '0', '92', '92', '14704', '', NULL, '2017-08-22', '1', '1', 'ON RECORD\n', '0300-8298398', NULL, 'FARAZ CEMENT DEPOT', '0', 'DEF', '2017-08-23', '4', '21000', '0', '0', '0', '1', '1', '1', ''),
('356', '30', '0', '0', '281', '280', '14705', '', NULL, '2017-08-22', '1', '1', 'HUB RIVER ROAD,\n', '0333-3460114 ( Mufti Usman )', NULL, 'JAMIA FAROOQIA', '0', 'DEF', '2017-08-23', '4', '65000', '0', '0', '0', '1', '1', '1', ''),
('357', '30', '0', '0', '97', '97', '14131', '', NULL, '2017-07-10', '1', '1', 'ON RECORD\n', '0321-3212017', NULL, 'FEDERAL SANITARY', '0', 'DEF', '2017-07-11', '2', '60000', '0', '0', '0', '1', '1', '1', ''),
('358', '30', '0', '0', '270', '271', '14132', '', 'Mehran Town Site', '2017-07-10', '1', '1', 'Basement Unit A-1, Cosy Homes, Block 13-A,Gulshan-e-Iqbal,\n', '021-34822670/ 0300-8276371 ', NULL, 'STEEL CRETE', '0', 'DEF', '2017-07-11', '3', '116000', '0', '0', '0', '1', '1', '1', ''),
('359', '30', '0', '0', '198', '198', '14133', '', 'Delivery Today', '2017-07-10', '1', '1', 'ON RECORD', '0333-3190927', NULL, 'SHAH HARDWARE', '0', 'DEF', '2017-07-11', '2', '5000', '0', '0', '0', '1', '1', '1', ''),
('360', '30', '0', '0', '316', '318', '14134', '', NULL, '2017-07-10', '1', '1', 'M-39 STREET 7 KHY-E-ITEHAD\n', '0333-2210774', NULL, 'TANZEEL AHMED', '0', 'DEF', '2017-07-11', '4', '5100', '0', '0', '0', '1', '1', '1', ''),
('361', '30', '0', '0', '2', '2', '14135', '', 'Rectification Job.', '2017-07-10', '1', '1', 'ON RECORD\n', '0300-8294784', NULL, 'A.G. GIGI (PVT) LTD', '0', 'DEF', '2017-07-11', '6', '0', '0', '0', '0', '0', '1', '0', ''),
('362', '30', '0', '0', '210', '210', '14137', '', 'Delivery at Icon Tower', '2017-07-10', '1', '1', 'On RECORD\n', '0334-6009005 ', NULL, 'THE CONSTRUCT', '0', 'DEF', '2017-07-11', '3', '100000', '0', '0', '0', '1', '1', '1', ''),
('363', '30', '0', '0', '108', '108', '14138', '', NULL, '2017-07-10', '1', '1', 'ON RECORD\n', '0333-2307801', NULL, 'HAJI CHOHAN CEMENT', '0', 'DEF', '2017-07-11', '2', '21000', '0', '0', '0', '1', '1', '1', ''),
('364', '30', '0', '0', '198', '198', '14139', '', NULL, '2017-07-10', '1', '1', 'ON RECORD\n', '0333-3190927', NULL, 'SHAH HARDWARE', '0', 'DEF', '2017-07-11', '2', '21000', '0', '0', '0', '1', '1', '1', ''),
('365', '30', '0', '0', '317', '319', '14140', '', 'Without bonding rush coat &amp; Scafolding', '2017-07-10', '1', '1', 'PLOT # 12, STREET # 2, ARMY OFFICER SOCIETY,\n', 'Contact Faheem', NULL, 'AHMED WAHEED SB', '0', 'DEF', '2017-07-11', '8', '45500', '0', '0', '0', '0', '1', '0', 'Application'),
('1', '32', '0', '0', '2', '15', '001/2017', '', 'ghfhgfghfghfghfghfghfghfghfghfghffhgfghfghfghfgh', '2017-06-30', '1', '1', 'DHA', NULL, NULL, 'Murad Hardware', '0', 'DEF', '2017-07-01', '3', '108000', '0', '0', '0', '0', '0', '0', ''),
('2', '32', '0', '0', '1', '1', '002/2017', '', NULL, '2017-06-30', '1', '1', 'PLOT # 18/D, MAIN KH-E-BUKHARI, NISHAT CORNER, DHA,\n', '0333-3190927', NULL, 'SHAH HARDWARE', '0', '', '2017-07-30', '1', '10500', '0', '0', '0', '0', '0', '0', ''),
('3', '32', '0', '0', '1', '1', '003/2017', '', NULL, '2017-07-07', '1', '1', 'BAHRIA HEIGHTS, BAHRIA TOWN,\n', '0347-7287606', NULL, '3G CONSTRUCTION', '0', 'DEF', '2017-08-06', '5', '1000', '0', '0', '0', '0', '0', '0', ''),
('4', '32', '0', '0', '1', '1', 'SQ001/2017', '', NULL, '2017-06-30', '1', '1', 'BAHRIA HEIGHTS, BAHRIA TOWN,\n', '0347-7287606', NULL, '3G CONSTRUCTION', '0', 'DEF', '2017-07-30', '5', '487899', '0', '0', '0', '0', '0', '0', '21');

### Structure of table `0_sales_pos` ###

DROP TABLE IF EXISTS `0_sales_pos`;

CREATE TABLE `0_sales_pos` (
  `id` smallint(6) unsigned NOT NULL AUTO_INCREMENT,
  `pos_name` varchar(30) COLLATE utf8_unicode_ci NOT NULL,
  `cash_sale` tinyint(1) NOT NULL,
  `credit_sale` tinyint(1) NOT NULL,
  `pos_location` varchar(5) COLLATE utf8_unicode_ci NOT NULL,
  `pos_account` smallint(6) unsigned NOT NULL,
  `inactive` tinyint(1) NOT NULL DEFAULT '0',
  PRIMARY KEY (`id`),
  UNIQUE KEY `pos_name` (`pos_name`)
) ENGINE=InnoDB AUTO_INCREMENT=2 DEFAULT CHARSET=utf8 COLLATE=utf8_unicode_ci ;

### Data of table `0_sales_pos` ###

INSERT INTO `0_sales_pos` VALUES
('1', 'Default', '1', '1', 'DEF', '2', '0');

### Structure of table `0_sales_types` ###

DROP TABLE IF EXISTS `0_sales_types`;

CREATE TABLE `0_sales_types` (
  `id` int(11) NOT NULL AUTO_INCREMENT,
  `sales_type` char(50) COLLATE utf8_unicode_ci NOT NULL DEFAULT '',
  `tax_included` int(1) NOT NULL DEFAULT '0',
  `factor` double NOT NULL DEFAULT '1',
  `inactive` tinyint(1) NOT NULL DEFAULT '0',
  PRIMARY KEY (`id`),
  UNIQUE KEY `sales_type` (`sales_type`)
) ENGINE=InnoDB AUTO_INCREMENT=3 DEFAULT CHARSET=utf8 COLLATE=utf8_unicode_ci ;

### Data of table `0_sales_types` ###

INSERT INTO `0_sales_types` VALUES
('1', 'Retail', '1', '1', '0'),
('2', 'Wholesale', '0', '0.7', '0');

### Structure of table `0_salesman` ###

DROP TABLE IF EXISTS `0_salesman`;

CREATE TABLE `0_salesman` (
  `salesman_code` int(11) NOT NULL AUTO_INCREMENT,
  `salesman_name` char(60) COLLATE utf8_unicode_ci NOT NULL DEFAULT '',
  `salesman_phone` char(30) COLLATE utf8_unicode_ci NOT NULL DEFAULT '',
  `salesman_fax` char(30) COLLATE utf8_unicode_ci NOT NULL DEFAULT '',
  `salesman_email` varchar(100) COLLATE utf8_unicode_ci NOT NULL DEFAULT '',
  `provision` double NOT NULL DEFAULT '0',
  `break_pt` double NOT NULL DEFAULT '0',
  `provision2` double NOT NULL DEFAULT '0',
  `inactive` tinyint(1) NOT NULL DEFAULT '0',
  PRIMARY KEY (`salesman_code`),
  UNIQUE KEY `salesman_name` (`salesman_name`)
) ENGINE=InnoDB AUTO_INCREMENT=12 DEFAULT CHARSET=utf8 COLLATE=utf8_unicode_ci ;

### Data of table `0_salesman` ###

INSERT INTO `0_salesman` VALUES
('1', 'Sales Person', '', '', '', '5', '1000', '4', '0'),
('2', 'Huzifa', '', '', '', '0', '0', '0', '0'),
('3', 'SADDAM', '0300-8269220', '', 'saddam@ressichem.com', '0', '0', '0', '0'),
('4', 'ZAINUDDIN', '0300-8247966', '', 'zainuddin@ressichem.com', '0', '0', '0', '0'),
('5', 'FAHEEM RAO', '0300-8287416', '', 'faheem@ressichem.com', '0', '0', '0', '0'),
('6', 'HUSSAIN SHABBIR', '0302-8270192', '', 'hussain.shabbir@ressichem.com', '0', '0', '0', '0'),
('7', 'HUZEFA ALI HUSSAIN', '0300-8295062', '', '', '0', '0', '0', '0'),
('9', 'HUSSAIN ZULFIQAR', '0300-2004014', '', 'hussain.zulfiqar@ressichem.com', '0', '0', '0', '0'),
('10', 'HUZEFA', '0302-8272883', '', 'huzefa@ressichem.com', '0', '0', '0', '0'),
('11', 'HUSSAIN / HUZEFA', '0300-8295062', '', 'hussain.shabbir@ressichem.com', '0', '0', '0', '0');

### Structure of table `0_security_roles` ###

DROP TABLE IF EXISTS `0_security_roles`;

CREATE TABLE `0_security_roles` (
  `id` int(11) NOT NULL AUTO_INCREMENT,
  `role` varchar(30) COLLATE utf8_unicode_ci NOT NULL,
  `description` varchar(50) COLLATE utf8_unicode_ci DEFAULT NULL,
  `sections` text COLLATE utf8_unicode_ci,
  `areas` text COLLATE utf8_unicode_ci,
  `inactive` tinyint(1) NOT NULL DEFAULT '0',
  PRIMARY KEY (`id`),
  UNIQUE KEY `role` (`role`)
) ENGINE=InnoDB AUTO_INCREMENT=11 DEFAULT CHARSET=utf8 COLLATE=utf8_unicode_ci ;

### Data of table `0_security_roles` ###

INSERT INTO `0_security_roles` VALUES
('1', 'Inquiries', 'Inquiries', '768;2816;3072;3328;5632;5888;8192;8448;10752;11008;13312;15872;16128', '257;258;259;260;513;514;515;516;517;518;519;520;521;522;523;524;525;773;774;2822;3073;3075;3076;3077;3329;3330;3331;3332;3333;3334;3335;5377;5633;5640;5889;5890;5891;7937;7938;7939;7940;8193;8194;8450;8451;10497;10753;11009;11010;11012;13313;13315;15617;15618;15619;15620;15621;15622;15623;15624;15625;15626;15873;15882;16129;16130;16131;16132;775', '0'),
('2', 'System Administrator', 'System Administrator', '256;512;768;2816;3072;3328;5376;5632;5888;7936;8192;8448;9216;9472;9728;10496;10752;11008;13056;13312;15616;15872;16128;484352', '257;258;259;260;513;514;515;516;517;518;519;520;521;522;523;524;525;526;769;770;771;772;773;774;775;2817;2818;2819;2820;2821;2822;2823;3073;3074;3082;3075;3076;3077;3078;3079;3080;3081;3329;3330;3331;3332;3333;3334;3335;5377;5633;5634;5635;5636;5637;5641;5638;5639;5640;5889;5890;5891;7937;7938;7939;7940;8193;8194;8195;8196;8197;8449;8450;8451;9217;9218;9220;9473;9474;9475;9476;9729;10497;10753;10754;10755;10756;10757;11009;11010;11011;11012;13057;13313;13314;13315;15617;15618;15619;15620;15621;15622;15623;15624;15628;15625;15626;15627;15630;15873;15874;15875;15876;15877;15878;15879;15880;15883;15881;15882;15884;16129;16130;16131;16132;484452', '0'),
('3', 'Salesman', 'Salesman', '768;3072;5632;8192;15872', '773;774;3073;3075;3081;5633;8194;15873;775', '0'),
('4', 'Stock Manager', 'Stock Manager', '768;2816;3072;3328;5632;5888;8192;8448;10752;11008;13312;15872;16128', '2818;2822;3073;3076;3077;3329;3330;3330;3330;3331;3331;3332;3333;3334;3335;5633;5640;5889;5890;5891;8193;8194;8450;8451;10753;11009;11010;11012;13313;13315;15882;16129;16130;16131;16132;775', '0'),
('5', 'Production Manager', 'Production Manager', '512;768;2816;3072;3328;5632;5888;8192;8448;10752;11008;13312;15616;15872;16128', '521;523;524;2818;2819;2820;2821;2822;2823;3073;3074;3076;3077;3078;3079;3080;3081;3329;3330;3330;3330;3331;3331;3332;3333;3334;3335;5633;5640;5640;5889;5890;5891;8193;8194;8196;8197;8450;8451;10753;10755;11009;11010;11012;13313;13315;15617;15619;15620;15621;15624;15624;15876;15877;15880;15882;16129;16130;16131;16132;775', '0'),
('6', 'Purchase Officer', 'Purchase Officer', '512;768;2816;3072;3328;5376;5632;5888;8192;8448;10752;11008;13312;15616;15872;16128', '521;523;524;2818;2819;2820;2821;2822;2823;3073;3074;3076;3077;3078;3079;3080;3081;3329;3330;3330;3330;3331;3331;3332;3333;3334;3335;5377;5633;5635;5640;5640;5889;5890;5891;8193;8194;8196;8197;8449;8450;8451;10753;10755;11009;11010;11012;13313;13315;15617;15619;15620;15621;15624;15624;15876;15877;15880;15882;16129;16130;16131;16132;775', '0'),
('7', 'AR Officer', 'AR Officer', '512;768;2816;3072;3328;5632;5888;8192;8448;10752;11008;13312;15616;15872;16128', '521;523;524;771;773;774;2818;2819;2820;2821;2822;2823;3073;3073;3074;3075;3076;3077;3078;3079;3080;3081;3081;3329;3330;3330;3330;3331;3331;3332;3333;3334;3335;5633;5633;5634;5637;5638;5639;5640;5640;5889;5890;5891;8193;8194;8194;8196;8197;8450;8451;10753;10755;11009;11010;11012;13313;13315;15617;15619;15620;15621;15624;15624;15873;15876;15877;15878;15880;15882;16129;16130;16131;16132;775', '0'),
('8', 'AP Officer', 'AP Officer', '512;768;2816;3072;3328;5376;5632;5888;8192;8448;10752;11008;13312;15616;15872;16128', '257;258;259;260;521;523;524;769;770;771;772;773;774;2818;2819;2820;2821;2822;2823;3073;3074;3082;3076;3077;3078;3079;3080;3081;3329;3330;3331;3332;3333;3334;3335;5377;5633;5635;5640;5889;5890;5891;7937;7938;7939;7940;8193;8194;8196;8197;8449;8450;8451;10497;10753;10755;11009;11010;11012;13057;13313;13315;15617;15619;15620;15621;15624;15876;15877;15880;15882;16129;16130;16131;16132;775', '0'),
('9', 'Accountant', 'New Accountant', '512;768;2816;3072;3328;5376;5632;5888;8192;8448;10752;11008;13312;15616;15872;16128', '257;258;259;260;521;523;524;771;772;773;774;2818;2819;2820;2821;2822;2823;3073;3074;3075;3076;3077;3078;3079;3080;3081;3329;3330;3331;3332;3333;3334;3335;5377;5633;5634;5635;5637;5638;5639;5640;5889;5890;5891;7937;7938;7939;7940;8193;8194;8196;8197;8449;8450;8451;10497;10753;10755;11009;11010;11012;13313;13315;15617;15618;15619;15620;15621;15624;15873;15876;15877;15878;15880;15882;16129;16130;16131;16132;775', '0'),
('10', 'Sub Admin', 'Sub Admin', '512;768;2816;3072;3328;5376;5632;5888;8192;8448;10752;11008;13312;15616;15872;16128', '257;258;259;260;521;523;524;771;772;773;774;2818;2819;2820;2821;2822;2823;3073;3074;3082;3075;3076;3077;3078;3079;3080;3081;3329;3330;3331;3332;3333;3334;3335;5377;5633;5634;5635;5637;5638;5639;5640;5889;5890;5891;7937;7938;7939;7940;8193;8194;8196;8197;8449;8450;8451;10497;10753;10755;11009;11010;11012;13057;13313;13315;15617;15619;15620;15621;15624;15873;15874;15876;15877;15878;15879;15880;15882;16129;16130;16131;16132;775', '0');

### Structure of table `0_shippers` ###

DROP TABLE IF EXISTS `0_shippers`;

CREATE TABLE `0_shippers` (
  `shipper_id` int(11) NOT NULL AUTO_INCREMENT,
  `shipper_name` varchar(60) COLLATE utf8_unicode_ci NOT NULL DEFAULT '',
  `phone` varchar(30) COLLATE utf8_unicode_ci NOT NULL DEFAULT '',
  `phone2` varchar(30) COLLATE utf8_unicode_ci NOT NULL DEFAULT '',
  `contact` tinytext COLLATE utf8_unicode_ci NOT NULL,
  `address` tinytext COLLATE utf8_unicode_ci NOT NULL,
  `inactive` tinyint(1) NOT NULL DEFAULT '0',
  PRIMARY KEY (`shipper_id`),
  UNIQUE KEY `name` (`shipper_name`)
) ENGINE=InnoDB AUTO_INCREMENT=2 DEFAULT CHARSET=utf8 COLLATE=utf8_unicode_ci ;

### Data of table `0_shippers` ###

INSERT INTO `0_shippers` VALUES
('1', 'Default', '', '', '', '', '0');

### Structure of table `0_sql_trail` ###

DROP TABLE IF EXISTS `0_sql_trail`;

CREATE TABLE `0_sql_trail` (
  `id` int(11) unsigned NOT NULL AUTO_INCREMENT,
  `sql` text COLLATE utf8_unicode_ci NOT NULL,
  `result` tinyint(1) NOT NULL,
  `msg` varchar(255) COLLATE utf8_unicode_ci NOT NULL,
  PRIMARY KEY (`id`)
) ENGINE=InnoDB DEFAULT CHARSET=utf8 COLLATE=utf8_unicode_ci ;

### Data of table `0_sql_trail` ###


### Structure of table `0_stock_category` ###

DROP TABLE IF EXISTS `0_stock_category`;

CREATE TABLE `0_stock_category` (
  `category_id` int(11) NOT NULL AUTO_INCREMENT,
  `description` varchar(60) COLLATE utf8_unicode_ci NOT NULL DEFAULT '',
  `dflt_tax_type` int(11) NOT NULL DEFAULT '1',
  `dflt_units` varchar(20) COLLATE utf8_unicode_ci NOT NULL DEFAULT 'each',
  `dflt_mb_flag` char(1) COLLATE utf8_unicode_ci NOT NULL DEFAULT 'B',
  `dflt_sales_act` varchar(15) COLLATE utf8_unicode_ci NOT NULL DEFAULT '',
  `dflt_cogs_act` varchar(15) COLLATE utf8_unicode_ci NOT NULL DEFAULT '',
  `dflt_inventory_act` varchar(15) COLLATE utf8_unicode_ci NOT NULL DEFAULT '',
  `dflt_adjustment_act` varchar(15) COLLATE utf8_unicode_ci NOT NULL DEFAULT '',
  `dflt_wip_act` varchar(15) COLLATE utf8_unicode_ci NOT NULL DEFAULT '',
  `dflt_dim1` int(11) DEFAULT NULL,
  `dflt_dim2` int(11) DEFAULT NULL,
  `inactive` tinyint(1) NOT NULL DEFAULT '0',
  `dflt_no_sale` tinyint(1) NOT NULL DEFAULT '0',
  `dflt_no_purchase` tinyint(1) NOT NULL DEFAULT '0',
  PRIMARY KEY (`category_id`),
  UNIQUE KEY `description` (`description`)
) ENGINE=InnoDB AUTO_INCREMENT=15 DEFAULT CHARSET=utf8 COLLATE=utf8_unicode_ci ;

### Data of table `0_stock_category` ###

INSERT INTO `0_stock_category` VALUES
('1', 'TILE ADDHESIVE', '2', 'each', 'D', '4011', '5011', '1021', '5014', '1023', '0', '0', '0', '0', '0'),
('2', 'GROUTING MATERIALS', '2', 'each', 'D', '4011', '5011', '1021', '5014', '1023', '0', '0', '0', '0', '0'),
('3', 'WATER PROOFING', '2', 'each', 'D', '4011', '5011', '1021', '5014', '1023', '0', '0', '0', '0', '0'),
('4', 'DRY MIX MORTARS/PREMIX PLASTERS', '2', 'each', 'D', '4011', '5011', '1021', '5014', '1023', '0', '0', '0', '0', '0'),
('5', 'EPOXY ADDHESIVE AND  COATINGS', '2', 'each', 'D', '4011', '5011', '1021', '5014', '1023', '0', '0', '0', '0', '0'),
('6', 'ADDHESIVE ', '2', 'KG', 'M', '30199 ', '35190 ', '1191 ', '35200 ', '117100 ', '0', '0', '0', '0', '1'),
('7', 'EPOXY FLOORINGS', '2', 'each', 'D', '4011', '5011', '1021', '5014', '1023', '0', '0', '0', '0', '0'),
('8', 'BUILDING INSULATION', '2', 'each', 'D', '4011', '5011', '1021', '5014', '1023', '0', '0', '0', '0', '0'),
('9', 'DECORATIVE CONCRETE', '2', 'each', 'D', '4011', '5011', '1021', '5014', '1023', '0', '0', '0', '0', '0'),
('10', 'BUILDING CARE AND  MAINTENANCE', '2', 'each', 'D', '4011', '5011', '1021', '5014', '1023', '0', '0', '0', '0', '0'),
('11', 'MISC', '2', 'each', 'D', '4011', '5011', '1021', '5014', '1023', '0', '0', '0', '0', '0'),
('12', 'DRY MATERIAL', '0', '', '', '', '', '', '', '', '0', '0', '0', '0', '0'),
('13', 'LIQUID MATERIAL', '0', '', '', '', '', '', '', '', '0', '0', '0', '0', '0'),
('14', 'PACKING MATERIAL', '0', '', '', '', '', '', '', '', '0', '0', '0', '0', '0');

### Structure of table `0_stock_fa_class` ###

DROP TABLE IF EXISTS `0_stock_fa_class`;

CREATE TABLE `0_stock_fa_class` (
  `fa_class_id` varchar(20) COLLATE utf8_unicode_ci NOT NULL DEFAULT '',
  `parent_id` varchar(20) COLLATE utf8_unicode_ci NOT NULL DEFAULT '',
  `description` varchar(200) COLLATE utf8_unicode_ci NOT NULL DEFAULT '',
  `long_description` tinytext COLLATE utf8_unicode_ci NOT NULL,
  `depreciation_rate` double NOT NULL DEFAULT '0',
  `inactive` tinyint(1) NOT NULL DEFAULT '0',
  PRIMARY KEY (`fa_class_id`)
) ENGINE=InnoDB DEFAULT CHARSET=utf8 COLLATE=utf8_unicode_ci ;

### Data of table `0_stock_fa_class` ###

INSERT INTO `0_stock_fa_class` VALUES
('1', '', 'A', '', '10', '0'),
('11', '1', 'A-A', '', '10', '0'),
('2', '', 'B', '', '20', '0'),
('22', '2', 'B-B', '', '20', '0');

### Structure of table `0_stock_master` ###

DROP TABLE IF EXISTS `0_stock_master`;

CREATE TABLE `0_stock_master` (
  `stock_id` varchar(20) COLLATE utf8_unicode_ci NOT NULL DEFAULT '',
  `category_id` int(11) NOT NULL DEFAULT '0',
  `tax_type_id` int(11) NOT NULL DEFAULT '0',
  `description` varchar(200) COLLATE utf8_unicode_ci NOT NULL DEFAULT '',
  `long_description` tinytext COLLATE utf8_unicode_ci NOT NULL,
  `carton` varchar(55) COLLATE utf8_unicode_ci NOT NULL,
  `units` varchar(20) COLLATE utf8_unicode_ci NOT NULL DEFAULT 'each',
  `mb_flag` char(1) COLLATE utf8_unicode_ci NOT NULL DEFAULT 'B',
  `sales_account` varchar(15) COLLATE utf8_unicode_ci NOT NULL DEFAULT '',
  `cogs_account` varchar(15) COLLATE utf8_unicode_ci NOT NULL DEFAULT '',
  `inventory_account` varchar(15) COLLATE utf8_unicode_ci NOT NULL DEFAULT '',
  `adjustment_account` varchar(15) COLLATE utf8_unicode_ci NOT NULL DEFAULT '',
  `wip_account` varchar(15) COLLATE utf8_unicode_ci NOT NULL DEFAULT '',
  `dimension_id` int(11) DEFAULT NULL,
  `dimension2_id` int(11) DEFAULT NULL,
  `purchase_cost` double NOT NULL DEFAULT '0',
  `material_cost` double NOT NULL DEFAULT '0',
  `labour_cost` double NOT NULL DEFAULT '0',
  `overhead_cost` double NOT NULL DEFAULT '0',
  `inactive` tinyint(1) NOT NULL DEFAULT '0',
  `no_sale` tinyint(1) NOT NULL DEFAULT '0',
  `no_purchase` tinyint(1) NOT NULL DEFAULT '0',
  `editable` tinyint(1) NOT NULL DEFAULT '0',
  `depreciation_method` char(1) COLLATE utf8_unicode_ci NOT NULL DEFAULT 'S',
  `depreciation_rate` double NOT NULL DEFAULT '0',
  `depreciation_factor` double NOT NULL DEFAULT '1',
  `depreciation_start` date NOT NULL DEFAULT '0000-00-00',
  `depreciation_date` date NOT NULL DEFAULT '0000-00-00',
  `fa_class_id` varchar(20) COLLATE utf8_unicode_ci NOT NULL DEFAULT '',
  `salesman` int(11) NOT NULL,
  PRIMARY KEY (`stock_id`)
) ENGINE=InnoDB DEFAULT CHARSET=utf8 COLLATE=utf8_unicode_ci ;

### Data of table `0_stock_master` ###

INSERT INTO `0_stock_master` VALUES
('01 DML', '12', '1', 'SILICA SAND', '', '', 'KG', 'B', '30199', '35190', '1191', '35200', '117100', '0', '0', '0', '0', '0', '0', '0', '0', '0', '0', 'S', '0', '1', '0000-00-00', '0000-00-00', '', '0'),
('01FG', '1', '1', 'RESSI TA 210', '', '20 Kg', 'BG', 'M', '101001 ', '101001 ', '101001 ', '101001 ', '101001 ', '0', '0', '0', '0', '0', '0', '0', '0', '0', '0', '', '0', '0', '0000-00-00', '0000-00-00', '', '3'),
('02 DML', '12', '1', 'RED SAND', '', '', 'KG', 'B', '30199', '35190', '1191', '35200', '117100', '0', '0', '0', '0', '0', '0', '0', '0', '0', '0', 'S', '0', '1', '0000-00-00', '0000-00-00', '', '0'),
('02DML', '12', '1', 'RED SAND', '', '600Kg', 'KG', 'B', '101001 ', '101001 ', '101001 ', '101001 ', '117100', '0', '0', '0', '0', '0', '0', '0', '0', '0', '1', '', '0', '0', '0000-00-00', '0000-00-00', '', '4'),
('02FG', '1', '2', 'RESSI TA 220', '', '20 Kg', 'BG', 'D', '101001 ', '101001 ', '1021', '5014', '1023', '0', '0', '0', '0', '0', '0', '0', '0', '0', '0', '', '0', '0', '0000-00-00', '0000-00-00', '', '3'),
('03 DML', '12', '1', 'GREY CEMENT', '', '', 'KG', 'B', '30199', '35190', '1191', '35200', '117100', '0', '0', '0', '0', '0', '0', '0', '0', '0', '0', 'S', '0', '1', '0000-00-00', '0000-00-00', '', '0'),
('03FG', '1', '2', 'RESSI TA 230', '', '20 Kg', 'BG', 'D', '101001 ', '101001 ', '1021', '5014', '1023', '0', '0', '0', '0', '0', '0', '0', '0', '0', '0', '', '0', '0', '0000-00-00', '0000-00-00', '', '3'),
('04 DML', '12', '1', 'WHITE CEMENT', '', '', 'KG', 'B', '30199', '35190', '1191', '35200', '117100', '0', '0', '0', '0', '0', '0', '0', '0', '0', '0', 'S', '0', '1', '0000-00-00', '0000-00-00', '', '0'),
('04FG', '1', '1', 'RESSI TA 240', '', '20 Kg', 'KG', 'M', '101001 ', '101001 ', '101001 ', '101001 ', '101001 ', '0', '0', '0', '0', '0', '0', '0', '0', '0', '0', '', '0', '0', '0000-00-00', '0000-00-00', '', '3'),
('05 DML', '12', '1', 'WHITE DANAYDAR', '', '', 'KG', 'B', '30199', '35190', '1191', '35200', '117100', '0', '0', '0', '0', '0', '0', '0', '0', '0', '0', 'S', '0', '1', '0000-00-00', '0000-00-00', '', '0'),
('05FG', '1', '1', 'RESSI TA 250', '', '', 'KG', 'M', '30199', '35190', '1191', '35200', '117100', '0', '0', '0', '0', '0', '0', '0', '0', '0', '0', 'S', '0', '1', '0000-00-00', '0000-00-00', '', '0'),
('06 DML', '12', '1', 'WHITE BAREK', '', '', 'KG', 'B', '30199', '35190', '1191', '35200', '117100', '0', '0', '0', '0', '0', '0', '0', '0', '0', '0', 'S', '0', '1', '0000-00-00', '0000-00-00', '', '0'),
('06FG', '1', '1', 'RESSI TA 260', '', '', 'KG', 'M', '30199', '35190', '1191', '35200', '117100', '0', '0', '0', '0', '0', '0', '0', '0', '0', '0', 'S', '0', '1', '0000-00-00', '0000-00-00', '', '0'),
('07 DML', '12', '1', 'SUPER WHITE RAKWAL', '', '', 'KG', 'B', '30199', '35190', '1191', '35200', '117100', '0', '0', '0', '0', '0', '0', '0', '0', '0', '0', 'S', '0', '1', '0000-00-00', '0000-00-00', '', '0'),
('07FG', '1', '1', 'RESSI TA 270', '', '', 'KG', 'M', '30199', '35190', '1191', '35200', '117100', '0', '0', '0', '0', '0', '0', '0', '0', '0', '0', 'S', '0', '1', '0000-00-00', '0000-00-00', '', '0'),
('08FG', '1', '1', 'RESSI TA 280', '', '', 'KG', 'M', '30199', '35190', '1191', '35200', '117100', '0', '0', '0', '0', '0', '0', '0', '0', '0', '0', 'S', '0', '1', '0000-00-00', '0000-00-00', '', '0'),
('09 DML', '12', '1', 'CALCIUM STERATE', '', '', 'KG', 'B', '30199', '35190', '1191', '35200', '117100', '0', '0', '0', '0', '0', '0', '0', '0', '0', '0', 'S', '0', '1', '0000-00-00', '0000-00-00', '', '0'),
('09FG', '1', '1', 'RESSI TA 290', '', '', 'KG', 'M', '30199', '35190', '1191', '35200', '117100', '0', '0', '0', '0', '0', '0', '0', '0', '0', '0', 'S', '0', '1', '0000-00-00', '0000-00-00', '', '0'),
('10 DML', '12', '1', 'SILRES POWDER D', '', '', 'KG', 'B', '30199', '35190', '1191', '35200', '117100', '0', '0', '0', '0', '0', '0', '0', '0', '0', '0', 'S', '0', '1', '0000-00-00', '0000-00-00', '', '0'),
('1001FG', '5', '2', 'ZEPOXY STEEL 5 MINS', '', 'SMALL', 'KT', 'D', '101001 ', '101001 ', '1021', '5014', '1023', '0', '0', '0', '0', '0', '0', '0', '0', '0', '1', '', '0', '0', '0000-00-00', '0000-00-00', '', '11'),
('1002FG', '3', '2', 'RESSI SBR 5850', '', '5 LTR', 'LTR', 'D', '101001 ', '101001 ', '1021', '5014', '1023', '0', '0', '0', '0', '0', '0', '0', '0', '0', '0', '', '0', '0', '0000-00-00', '0000-00-00', '', '11'),
('1005FG', '3', '2', 'RESSI SBR 5850', '', '5', 'LTR', 'D', '101001 ', '101001 ', '1021', '5014', '1023', '0', '0', '0', '0', '0', '0', '0', '0', '0', '0', '', '0', '0', '0000-00-00', '0000-00-00', '', '11'),
('1006FG', '4', '2', 'RPR 110 9210 W', '', 'BULK', 'each', 'D', '101001 ', '101001 ', '1021', '5014', '1023', '0', '0', '0', '0', '0', '0', '0', '0', '0', '1', '', '0', '0', '0000-00-00', '0000-00-00', '', '5'),
('1007FG', '5', '2', 'ZEPOXY 100 ( RESIN )', '', '25 Kg', 'CN', 'D', '101001 ', '101001 ', '1021', '5014', '1023', '0', '0', '0', '0', '0', '0', '0', '0', '0', '0', '', '0', '0', '0000-00-00', '0000-00-00', '', '7'),
('1009FG', '2', '2', 'RESSI TG 810 9211 ( SPECIAL COLOUR )', '', '1 Kg', 'KG', 'D', '101001 ', '101001 ', '1021', '5014', '1023', '0', '0', '0', '0', '0', '0', '0', '0', '0', '0', '', '0', '0', '0000-00-00', '0000-00-00', '', '3'),
('100FG', '4', '1', 'RPR 110 5211 ', '', '', 'KG', 'M', '30199', '35190', '1191', '35200', '117100', '0', '0', '0', '0', '0', '0', '0', '0', '0', '0', 'S', '0', '1', '0000-00-00', '0000-00-00', '', '0'),
('1010FG', '2', '2', 'RESSI TG 810 ( SPECIAL COLOUR )', '', '1 Kg', 'each', 'D', '101001 ', '101001 ', '1021', '5014', '1023', '0', '0', '0', '0', '0', '0', '0', '0', '0', '0', '', '0', '0', '0000-00-00', '0000-00-00', '', '5'),
('1011FG', '4', '2', 'RPR 120 RSW 0000', '', '', 'SFT', 'D', '101001 ', '101001 ', '1021', '5014', '1023', '0', '0', '0', '0', '0', '0', '0', '0', '0', '0', '', '0', '0', '0000-00-00', '0000-00-00', '', '5'),
('1012FG', '7', '2', 'RESSI GLOSS MIGHT ( LIGHT GREY COLOUR )', '', 'Plts', 'SFT', 'D', '101001 ', '101001 ', '1021', '5014', '1023', '0', '0', '0', '0', '0', '0', '0', '0', '0', '0', '', '0', '0', '0000-00-00', '0000-00-00', '', '5'),
('1013FG', '3', '2', 'SILBLOCK WB ( SK DAILUTED )', '', '30 LT', 'LTR', 'D', '101001 ', '101001 ', '1021', '5014', '1023', '0', '0', '0', '0', '0', '0', '0', '0', '0', '0', '', '0', '0', '0000-00-00', '0000-00-00', '', '4'),
('1014FG', '5', '2', 'ZEPOXY STEEL 5 MINS', '', 'MEDIM', 'BX', 'M', '101001 ', '101001 ', '101001 ', '101001 ', '101001 ', '0', '0', '0', '0', '0', '0', '0', '0', '0', '1', '', '0', '0', '0000-00-00', '0000-00-00', '', '11'),
('1015FG', '10', '2', 'SILBLOCK WL', '', '1/2LT', 'LTR', 'D', '101001 ', '101001 ', '1021', '5014', '1023', '0', '0', '0', '0', '0', '0', '0', '0', '0', '0', '', '0', '0', '0000-00-00', '0000-00-00', '', '9'),
('1016FG', '10', '2', 'RESSI COAT X 491', '', 'BULK', 'SFT', 'D', '101001 ', '101001 ', '1021', '5014', '1023', '0', '0', '0', '0', '0', '0', '0', '0', '0', '0', '', '0', '0', '0000-00-00', '0000-00-00', '', '4'),
('1017FG', '5', '2', 'ZEPOXY 100 MINI', '', 'MINI', 'KT', 'D', '101001 ', '101001 ', '1021', '5014', '1023', '0', '0', '0', '0', '0', '0', '0', '0', '0', '0', '', '0', '0', '0000-00-00', '0000-00-00', '', '11'),
('1018FG', '5', '2', 'ZEPOXY STEEL 90 MINS', '', 'SMALL', 'BX', 'D', '101001 ', '101001 ', '1021', '5014', '1023', '0', '0', '0', '0', '0', '0', '0', '0', '0', '1', '', '0', '0', '0000-00-00', '0000-00-00', '', '11'),
('1019FG', '1', '2', 'RESSI TA 240', '', '20 Kg', 'BG', 'D', '101001 ', '101001 ', '1021', '5014', '1023', '0', '0', '0', '0', '0', '0', '0', '0', '0', '0', '', '0', '0', '0000-00-00', '0000-00-00', '', '3'),
('101FG', '4', '1', 'RPR 110 5950 ', '', '', 'KG', 'M', '30199', '35190', '1191', '35200', '117100', '0', '0', '0', '0', '0', '0', '0', '0', '0', '0', 'S', '0', '1', '0000-00-00', '0000-00-00', '', '0'),
('1020FG', '6', '2', 'ZHITE GLUE', '', '15 Kg', 'BKT', 'M', '30199 ', '35190 ', '1191 ', '35200 ', '117100 ', '0', '0', '0', '0', '0', '0', '0', '0', '0', '0', '', '0', '0', '0000-00-00', '0000-00-00', '', '11'),
('1021FG', '10', '2', 'SILBLOCK', '', '25 Kg', 'KG', 'D', '101001 ', '101001 ', '1021', '5014', '1023', '0', '0', '0', '0', '0', '0', '0', '0', '0', '0', '', '0', '0', '0000-00-00', '0000-00-00', '', '4'),
('1022FG', '4', '2', 'RPR 110 7000 W', '', '', 'SFT', 'D', '101001 ', '101001 ', '1021', '5014', '1023', '0', '0', '0', '0', '0', '0', '0', '0', '0', '0', '', '0', '0', '0000-00-00', '0000-00-00', '', '5'),
('1023FG', '4', '2', 'RPR 110 3900 X 4', '', '', 'SFT', 'D', '101001 ', '101001 ', '1021', '5014', '1023', '0', '0', '0', '0', '0', '0', '0', '0', '0', '1', '', '0', '0', '0000-00-00', '0000-00-00', '', '5'),
('1024FG', '10', '2', 'RESSI COAT X 491 LIQUIED', '', '10 LT', 'LTR', 'D', '101001 ', '101001 ', '1021', '5014', '1023', '0', '0', '0', '0', '0', '0', '0', '0', '0', '1', '', '0', '0', '0000-00-00', '0000-00-00', '', '4'),
('1025FG', '10', '2', 'RESSI COAT X 491', '', '16 KG', 'KT', 'D', '101001 ', '101001 ', '1021', '5014', '1023', '0', '0', '0', '0', '0', '0', '0', '0', '0', '0', '', '0', '0', '0000-00-00', '0000-00-00', '', '4'),
('1026FG', '4', '2', 'RPR 110 0000', '', 'BULK', 'SFT', 'D', '101001 ', '101001 ', '1021', '5014', '1023', '0', '0', '0', '0', '0', '0', '0', '0', '0', '1', '', '0', '0', '0000-00-00', '0000-00-00', '', '5'),
('1027FG', '5', '2', 'ZEPOXY 900 PASTE', '', '1 Kg', 'PCH', 'D', '101001 ', '101001 ', '1021', '5014', '1023', '0', '0', '0', '0', '0', '0', '0', '0', '0', '1', '', '0', '0', '0000-00-00', '0000-00-00', '', '7'),
('1028FG', '2', '2', 'RESSI ETG DP MATT ( 9321 )', '', '1.5 K', 'KT', 'D', '101001 ', '101001 ', '1021', '5014', '1023', '0', '0', '0', '0', '0', '0', '0', '0', '0', '1', '', '0', '0', '0000-00-00', '0000-00-00', '', '3'),
('1029FG', '10', '2', 'POLYMER B', '', '5 LTR', 'LTR', 'M', '101001 ', '101001 ', '101001 ', '101001 ', '101001 ', '0', '0', '0', '0', '0', '0', '0', '0', '0', '0', '', '0', '0', '0000-00-00', '0000-00-00', '', '5'),
('102FG', '4', '2', 'RPR 110 7000 W', '', '', 'BX', 'D', '101001 ', '101001 ', '1021', '5014', '1023', '0', '0', '0', '0', '0', '0', '0', '0', '0', '0', '', '0', '0', '0000-00-00', '0000-00-00', '', '5'),
('1030FG', '3', '2', 'RESSI SBR 5840', '', '5 LTR', 'CN', 'D', '101001 ', '101001 ', '1021', '5014', '1023', '0', '0', '0', '0', '0', '0', '0', '0', '0', '0', '', '0', '0', '0000-00-00', '0000-00-00', '', '11'),
('1031FG', '4', '2', 'RPR 120 3100-1', '', '', 'SFT', 'D', '101001 ', '101001 ', '1021', '5014', '1023', '0', '0', '0', '0', '0', '0', '0', '0', '0', '1', '', '0', '0', '0000-00-00', '0000-00-00', '', '5'),
('1033FG', '10', '2', 'SILDIP ( SK PURE )', '', '1 LTR', 'LTR', 'D', '101001 ', '101001 ', '1021', '5014', '1023', '0', '0', '0', '0', '0', '0', '0', '0', '0', '1', '', '0', '0', '0000-00-00', '0000-00-00', '', '4'),
('1034FG', '5', '2', 'ZEPOXY CRYSTAL 5 MINS', '', 'MINI', 'BX', 'D', '101001 ', '101001 ', '1021', '5014', '1023', '0', '0', '0', '0', '0', '0', '0', '0', '0', '1', '', '0', '0', '0000-00-00', '0000-00-00', '', '11'),
('1035FG', '5', '2', 'ZEPOXY STEEL 5 MINS', '', 'MEDIM', 'BX', 'D', '101001 ', '101001 ', '1021', '5014', '1023', '0', '0', '0', '0', '0', '0', '0', '0', '0', '1', '', '0', '0', '0000-00-00', '0000-00-00', '', '11'),
('1036FG', '10', '2', 'RESSI WPS', '', '1 LTR', 'LTR', 'D', '101001 ', '101001 ', '1021', '5014', '1023', '0', '0', '0', '0', '0', '0', '0', '0', '0', '1', '', '0', '0', '0000-00-00', '0000-00-00', '', '4'),
('1037FG', '7', '2', 'RESSI EPO CHEM MIGHT ( 1000 Micron )', '', '', 'SFT', 'D', '101001 ', '101001 ', '1021', '5014', '1023', '0', '0', '0', '0', '0', '0', '0', '0', '0', '1', '', '0', '0', '0000-00-00', '0000-00-00', '', '4'),
('103FG', '4', '2', 'RPR 110 9110 W', '', '', 'each', 'D', '101001 ', '101001 ', '1021', '5014', '1023', '0', '0', '0', '0', '0', '0', '0', '0', '0', '0', '', '0', '0', '0000-00-00', '0000-00-00', '', '5'),
('104FG', '4', '1', 'RPR 110 9210 ', '', '', 'KG', 'M', '30199', '35190', '1191', '35200', '117100', '0', '0', '0', '0', '0', '0', '0', '0', '0', '0', 'S', '0', '1', '0000-00-00', '0000-00-00', '', '0'),
('105FG', '4', '1', 'RPR 110 9210 ', '', '', 'KG', 'M', '30199', '35190', '1191', '35200', '117100', '0', '0', '0', '0', '0', '0', '0', '0', '0', '0', 'S', '0', '1', '0000-00-00', '0000-00-00', '', '0'),
('106FG', '4', '1', 'RPR 110 9211', '', '', 'KG', 'M', '30199', '35190', '1191', '35200', '117100', '0', '0', '0', '0', '0', '0', '0', '0', '0', '0', 'S', '0', '1', '0000-00-00', '0000-00-00', '', '0'),
('107FG', '4', '1', 'RPR 110 9400', '', '', 'KG', 'M', '30199', '35190', '1191', '35200', '117100', '0', '0', '0', '0', '0', '0', '0', '0', '0', '0', 'S', '0', '1', '0000-00-00', '0000-00-00', '', '0'),
('108FG', '4', '1', 'RPR 110 9410', '', '', 'KG', 'M', '30199', '35190', '1191', '35200', '117100', '0', '0', '0', '0', '0', '0', '0', '0', '0', '0', 'S', '0', '1', '0000-00-00', '0000-00-00', '', '0'),
('109FG', '4', '1', 'RPR 110 9411 ', '', '', 'KG', 'M', '30199', '35190', '1191', '35200', '117100', '0', '0', '0', '0', '0', '0', '0', '0', '0', '0', 'S', '0', '1', '0000-00-00', '0000-00-00', '', '0'),
('10FG', '1', '1', 'RESSI TA 0001 B', '', '', 'KG', 'M', '30199', '35190', '1191', '35200', '117100', '0', '0', '0', '0', '0', '0', '0', '0', '0', '0', 'S', '0', '1', '0000-00-00', '0000-00-00', '', '0'),
('11 DML', '12', '1', 'SILRES POWDER S', '', '', 'KG', 'B', '30199', '35190', '1191', '35200', '117100', '0', '0', '0', '0', '0', '0', '0', '0', '0', '0', 'S', '0', '1', '0000-00-00', '0000-00-00', '', '0'),
('110FG', '4', '1', 'RPR 120', '', '', 'KG', 'M', '30199', '35190', '1191', '35200', '117100', '0', '0', '0', '0', '0', '0', '0', '0', '0', '0', 'S', '0', '1', '0000-00-00', '0000-00-00', '', '0'),
('111FG', '4', '1', 'RPR 120 C', '', '', 'KG', 'M', '30199', '35190', '1191', '35200', '117100', '0', '0', '0', '0', '0', '0', '0', '0', '0', '0', 'S', '0', '1', '0000-00-00', '0000-00-00', '', '0'),
('112FG', '4', '1', 'RESSI SC 310', '', '', 'KG', 'M', '101001 ', '101001 ', '101001 ', '101001 ', '101001 ', '0', '0', '0', '0', '0', '0', '0', '0', '0', '1', '', '0', '0', '0000-00-00', '0000-00-00', '', '5'),
('113FG', '4', '1', 'RESSI SLS 610', '', '', 'KG', 'M', '30199', '35190', '1191', '35200', '117100', '0', '0', '0', '0', '0', '0', '0', '0', '0', '0', 'S', '0', '1', '0000-00-00', '0000-00-00', '', '0'),
('114FG', '4', '1', 'RESSI PFS 620', '', '', 'KG', 'M', '30199', '35190', '1191', '35200', '117100', '0', '0', '0', '0', '0', '0', '0', '0', '0', '0', 'S', '0', '1', '0000-00-00', '0000-00-00', '', '0'),
('115FG', '4', '1', 'RESSI BRC 7000', '', '50 Kg', 'BG', 'M', '101001 ', '101001 ', '101001 ', '101001 ', '101001 ', '0', '0', '0', '0', '0', '0', '0', '0', '0', '1', '', '0', '0', '0000-00-00', '0000-00-00', '', '5'),
('116FG', '5', '2', 'ZEPOXY 100 F', '', 'Full', 'KT', 'D', '101001 ', '101001 ', '1021', '5014', '1023', '0', '0', '0', '0', '0', '0', '0', '0', '0', '0', '', '0', '0', '0000-00-00', '0000-00-00', '', '7'),
('117FG', '5', '2', 'ZEPOXY 100 H', '', 'HALF', 'KT', 'D', '101001 ', '101001 ', '1021', '5014', '1023', '0', '0', '0', '0', '0', '0', '0', '0', '0', '0', '', '0', '0', '0000-00-00', '0000-00-00', '', '11'),
('118FG', '5', '1', 'ZEPOXY 100 Q ', '', '', 'SET', 'M', '30199', '35190', '1191', '35200', '117100', '0', '0', '0', '0', '0', '0', '0', '0', '0', '0', 'S', '0', '1', '0000-00-00', '0000-00-00', '', '0'),
('119FG', '5', '2', 'ZEPOXY 100 MINI', '', 'MINI', 'each', 'D', '101001 ', '101001 ', '1021', '5014', '1023', '0', '0', '0', '0', '0', '0', '0', '0', '0', '0', '', '0', '0', '0000-00-00', '0000-00-00', '', '11'),
('11FG', '1', '1', 'RESSI ETA', '', '', 'KG', 'M', '30199', '35190', '1191', '35200', '117100', '0', '0', '0', '0', '0', '0', '0', '0', '0', '0', 'S', '0', '1', '0000-00-00', '0000-00-00', '', '0'),
('12 DML', '12', '1', 'SODA ASH', '', '', 'KG', 'B', '30199', '35190', '1191', '35200', '117100', '0', '0', '0', '0', '0', '0', '0', '0', '0', '0', 'S', '0', '1', '0000-00-00', '0000-00-00', '', '0'),
('120FG', '5', '1', 'ZEPOXY 150 F', '', 'FULL', 'KT', 'M', '101001 ', '101001 ', '101001 ', '101001 ', '101001 ', '0', '0', '0', '0', '0', '0', '0', '0', '0', '1', '', '0', '0', '0000-00-00', '0000-00-00', '', '7'),
('121FG', '5', '1', 'ZEPOXY 150 H', '', '', 'SET', 'M', '30199', '35190', '1191', '35200', '117100', '0', '0', '0', '0', '0', '0', '0', '0', '0', '0', 'S', '0', '1', '0000-00-00', '0000-00-00', '', '0'),
('122FG', '5', '1', 'ZEPOXY 200 F', '', 'Full', 'KT', 'M', '101001 ', '101001 ', '101001 ', '101001 ', '101001 ', '0', '0', '0', '0', '0', '0', '0', '0', '0', '1', '', '0', '0', '0000-00-00', '0000-00-00', '', '11'),
('123FG', '5', '1', 'ZEPOXY 200 H', '', 'HALF', 'KT', 'M', '101001 ', '101001 ', '101001 ', '101001 ', '101001 ', '0', '0', '0', '0', '0', '0', '0', '0', '0', '0', '', '0', '0', '0000-00-00', '0000-00-00', '', '11'),
('124FG', '5', '1', 'ZEPOXY 200 Q', '', '', 'SET', 'M', '30199', '35190', '1191', '35200', '117100', '0', '0', '0', '0', '0', '0', '0', '0', '0', '0', 'S', '0', '1', '0000-00-00', '0000-00-00', '', '0'),
('125FG', '5', '1', 'ZEPOXY 200 MINI', '', '', 'SET', 'M', '30199', '35190', '1191', '35200', '117100', '0', '0', '0', '0', '0', '0', '0', '0', '0', '0', 'S', '0', '1', '0000-00-00', '0000-00-00', '', '0'),
('126FG', '5', '1', 'ZEPOXY 250 MINI', '', '', 'SET', 'M', '30199', '35190', '1191', '35200', '117100', '0', '0', '0', '0', '0', '0', '0', '0', '0', '0', 'S', '0', '1', '0000-00-00', '0000-00-00', '', '0'),
('127FG', '5', '1', 'ZEPOXY 300 F ', '', '', 'SET', 'M', '30199', '35190', '1191', '35200', '117100', '0', '0', '0', '0', '0', '0', '0', '0', '0', '0', 'S', '0', '1', '0000-00-00', '0000-00-00', '', '0'),
('128FG', '5', '1', 'ZEPOXY 300 Q ', '', '', 'SET', 'M', '30199', '35190', '1191', '35200', '117100', '0', '0', '0', '0', '0', '0', '0', '0', '0', '0', 'S', '0', '1', '0000-00-00', '0000-00-00', '', '0'),
('129FG', '5', '1', 'ZEPOXY 300 H', '', '', 'SET', 'M', '30199', '35190', '1191', '35200', '117100', '0', '0', '0', '0', '0', '0', '0', '0', '0', '0', 'S', '0', '1', '0000-00-00', '0000-00-00', '', '0'),
('12FG', '1', '1', 'RESSI TA 2K', '', '', 'KIT', 'M', '30199', '35190', '1191', '35200', '117100', '0', '0', '0', '0', '0', '0', '0', '0', '0', '0', 'S', '0', '1', '0000-00-00', '0000-00-00', '', '0'),
('13 DML', '12', '1', 'TATRIC ACID', '', '', 'KG', 'B', '30199', '35190', '1191', '35200', '117100', '0', '0', '0', '0', '0', '0', '0', '0', '0', '0', 'S', '0', '1', '0000-00-00', '0000-00-00', '', '0'),
('130FG', '5', '1', 'ZEPOXY 300 MINI', '', '', 'SET', 'M', '30199', '35190', '1191', '35200', '117100', '0', '0', '0', '0', '0', '0', '0', '0', '0', '0', 'S', '0', '1', '0000-00-00', '0000-00-00', '', '0'),
('131FG', '5', '1', 'ZEPOXY 500 H', '', '', 'SET', 'M', '30199', '35190', '1191', '35200', '117100', '0', '0', '0', '0', '0', '0', '0', '0', '0', '0', 'S', '0', '1', '0000-00-00', '0000-00-00', '', '0'),
('132FG', '5', '1', 'ZEPOXY 500 MINI', '', '', 'SET', 'M', '30199', '35190', '1191', '35200', '117100', '0', '0', '0', '0', '0', '0', '0', '0', '0', '0', 'S', '0', '1', '0000-00-00', '0000-00-00', '', '0'),
('133FG', '5', '1', 'ZEPOXY 600 F', '', '', 'SET', 'M', '30199', '35190', '1191', '35200', '117100', '0', '0', '0', '0', '0', '0', '0', '0', '0', '0', 'S', '0', '1', '0000-00-00', '0000-00-00', '', '0'),
('134FG', '5', '1', 'ZEPOXY 600 H', '', '', 'SET', 'M', '30199', '35190', '1191', '35200', '117100', '0', '0', '0', '0', '0', '0', '0', '0', '0', '0', 'S', '0', '1', '0000-00-00', '0000-00-00', '', '0'),
('135FG', '5', '1', 'ZEPOXY 600 MINI', '', '', 'SET', 'M', '30199', '35190', '1191', '35200', '117100', '0', '0', '0', '0', '0', '0', '0', '0', '0', '0', 'S', '0', '1', '0000-00-00', '0000-00-00', '', '0'),
('136FG', '5', '1', 'ZEPOXY 700 F', '', '', 'SET', 'M', '30199', '35190', '1191', '35200', '117100', '0', '0', '0', '0', '0', '0', '0', '0', '0', '0', 'S', '0', '1', '0000-00-00', '0000-00-00', '', '0'),
('137FG', '5', '1', 'ZEPOXY 700 MINI', '', '', 'SET', 'M', '30199', '35190', '1191', '35200', '117100', '0', '0', '0', '0', '0', '0', '0', '0', '0', '0', 'S', '0', '1', '0000-00-00', '0000-00-00', '', '0'),
('138FG', '5', '1', 'ZEPOXY 800 MINI', '', '', 'SET', 'M', '30199', '35190', '1191', '35200', '117100', '0', '0', '0', '0', '0', '0', '0', '0', '0', '0', 'S', '0', '1', '0000-00-00', '0000-00-00', '', '0'),
('139FG', '5', '1', 'ZEPOXY QUICK H', '', '', 'SET', 'M', '30199', '35190', '1191', '35200', '117100', '0', '0', '0', '0', '0', '0', '0', '0', '0', '0', 'S', '0', '1', '0000-00-00', '0000-00-00', '', '0'),
('13FG', '1', '1', 'RESSI TA HPA', '', '', 'KG', 'M', '30199', '35190', '1191', '35200', '117100', '0', '0', '0', '0', '0', '0', '0', '0', '0', '0', 'S', '0', '1', '0000-00-00', '0000-00-00', '', '0'),
('14 DML', '12', '1', 'GECEDRAL BZ 111', '', '', 'KG', 'B', '30199', '35190', '1191', '35200', '117100', '0', '0', '0', '0', '0', '0', '0', '0', '0', '0', 'S', '0', '1', '0000-00-00', '0000-00-00', '', '0'),
('140FG', '5', '1', 'ZEPOXY QUICK MINI', '', '', 'SET', 'M', '30199', '35190', '1191', '35200', '117100', '0', '0', '0', '0', '0', '0', '0', '0', '0', '0', 'S', '0', '1', '0000-00-00', '0000-00-00', '', '0'),
('141FG', '6', '1', 'ZHITE GLUE FULL', '', '1 Kg', 'POUCH', 'M', '101001 ', '101001 ', '101001 ', '101001 ', '101001 ', '0', '0', '100', '84.03', '0', '0', '0', '0', '0', '0', '', '0', '0', '0000-00-00', '0000-00-00', '', '4'),
('142FG', '6', '1', 'ZHITE GLUE HALF', '', '0.5kg', 'BG', 'M', '101001 ', '101001 ', '101001 ', '101001 ', '101001 ', '0', '0', '0', '0', '0', '0', '0', '0', '0', '0', '', '0', '0', '0000-00-00', '0000-00-00', '', '4'),
('143FG', '6', '1', 'ZHITE GLUE QUARTER', '', '0.25', 'BG', 'M', '101001 ', '101001 ', '101001 ', '101001 ', '101001 ', '0', '0', '0', '0', '0', '0', '0', '0', '0', '0', '', '0', '0', '0000-00-00', '0000-00-00', '', '4'),
('144FG', '6', '1', 'ZHITE GLUE FULL', '', '', 'BOTTLE', 'M', '30199', '35190', '1191', '35200', '117100', '0', '0', '0', '0', '0', '0', '0', '0', '0', '0', 'S', '0', '1', '0000-00-00', '0000-00-00', '', '0'),
('145FG', '6', '1', 'ZHITE GLUE HALF', '', '', 'BOTTLE', 'M', '30199', '35190', '1191', '35200', '117100', '0', '0', '0', '0', '0', '0', '0', '0', '0', '0', 'S', '0', '1', '0000-00-00', '0000-00-00', '', '0'),
('146FG', '6', '1', 'ZHITE GLUE QUARTER', '', '', 'BOTTLE', 'M', '30199', '35190', '1191', '35200', '117100', '0', '0', '0', '0', '0', '0', '0', '0', '0', '0', 'S', '0', '1', '0000-00-00', '0000-00-00', '', '0'),
('147FG', '7', '1', 'RESSI EPO CRACK FILL', '', '', 'KG', 'M', '30199', '35190', '1191', '35200', '117100', '0', '0', '0', '0', '0', '0', '0', '0', '0', '0', 'S', '0', '1', '0000-00-00', '0000-00-00', '', '0'),
('148FG', '7', '1', 'RESSI EPO PREMIER', '', '', 'KG', 'M', '30199', '35190', '1191', '35200', '117100', '0', '0', '0', '0', '0', '0', '0', '0', '0', '0', 'S', '0', '1', '0000-00-00', '0000-00-00', '', '0'),
('149FG', '7', '1', 'RESSI EPO TOUGH MIGHT', '', '', 'SFT', 'M', '101001 ', '101001 ', '101001 ', '101001 ', '101001 ', '0', '0', '0', '0', '0', '0', '0', '0', '0', '1', '', '0', '0', '0000-00-00', '0000-00-00', '', '4'),
('14FG', '2', '1', 'RESSI TG 810', '', '1', 'KG', 'M', '101001 ', '101001 ', '101001 ', '101001 ', '101001 ', '0', '0', '0', '0', '0', '0', '0', '0', '0', '0', '', '0', '0', '0000-00-00', '0000-00-00', '', '2'),
('15 DML', '12', '1', 'GECEDRAL L', '', '', 'KG', 'B', '30199', '35190', '1191', '35200', '117100', '0', '0', '0', '0', '0', '0', '0', '0', '0', '0', 'S', '0', '1', '0000-00-00', '0000-00-00', '', '0'),
('150FG', '7', '1', 'RESSI EPO GLOSS MIGHT', '', '', 'SFT', 'M', '101001 ', '101001 ', '101001 ', '101001 ', '101001 ', '0', '0', '0', '0', '0', '0', '0', '0', '0', '1', '', '0', '0', '0000-00-00', '0000-00-00', '', '4'),
('151FG', '7', '1', 'RESSI EPO ECO MIGHT', '', '', 'KG', 'M', '30199', '35190', '1191', '35200', '117100', '0', '0', '0', '0', '0', '0', '0', '0', '0', '0', 'S', '0', '1', '0000-00-00', '0000-00-00', '', '0'),
('152FG', '8', '1', 'RESSI INSUFIX 200', '', '', 'KG', 'M', '30199', '35190', '1191', '35200', '117100', '0', '0', '0', '0', '0', '0', '0', '0', '0', '0', 'S', '0', '1', '0000-00-00', '0000-00-00', '', '0'),
('153FG', '8', '1', 'RESSI FOAM CRETE', '', 'BULK', 'SFT', 'M', '101001 ', '101001 ', '101001 ', '101001 ', '101001 ', '0', '0', '0', '0', '0', '0', '0', '0', '0', '0', '', '0', '0', '0000-00-00', '0000-00-00', '', '5'),
('154FG', '9', '1', 'RESSI HARDENER', '', '', 'KG', 'M', '30199', '35190', '1191', '35200', '117100', '0', '0', '0', '0', '0', '0', '0', '0', '0', '0', 'S', '0', '1', '0000-00-00', '0000-00-00', '', '0'),
('155FG', '9', '1', 'RESSI POWDER RELEASE', '', '', 'KG', 'M', '30199', '35190', '1191', '35200', '117100', '0', '0', '0', '0', '0', '0', '0', '0', '0', '0', 'S', '0', '1', '0000-00-00', '0000-00-00', '', '0'),
('156FG', '9', '1', 'RESSI CHROME SEAL', '', '5 LTR', 'LTR', 'M', '101001 ', '101001 ', '101001 ', '101001 ', '101001 ', '0', '0', '0', '0', '0', '0', '0', '0', '0', '0', '', '0', '0', '0000-00-00', '0000-00-00', '', '4'),
('157FG', '9', '1', 'RESSI LIQUID RELEASE', '', '', 'LTR', 'M', '30199', '35190', '1191', '35200', '117100', '0', '0', '0', '0', '0', '0', '0', '0', '0', '0', 'S', '0', '1', '0000-00-00', '0000-00-00', '', '0'),
('158FG', '10', '1', 'RESSI CFM 910', '', '20', 'KG', 'M', '101001 ', '101001 ', '101001 ', '101001 ', '101001 ', '0', '0', '0', '0', '0', '0', '0', '0', '0', '0', '', '0', '0', '0000-00-00', '0000-00-00', '', '4'),
('159FG', '10', '1', 'RESSI CFM 910 2K', '', '25', 'KG', 'M', '101001 ', '101001 ', '101001 ', '101001 ', '101001 ', '0', '0', '0', '0', '0', '0', '0', '0', '0', '0', '', '0', '0', '0000-00-00', '0000-00-00', '', '4'),
('15FG', '2', '2', 'RESSI TG 810 0001 (BRIGHT WHITE)', '', '1 Kg', 'KG', 'M', '101001 ', '101001 ', '101001 ', '101001 ', '101001 ', '0', '0', '0', '0', '0', '0', '0', '0', '0', '0', '', '0', '0', '0000-00-00', '0000-00-00', '', '3'),
('16 DML', '12', '1', 'SUPERPAS N2028', '', '', 'KG', 'B', '30199', '35190', '1191', '35200', '117100', '0', '0', '0', '0', '0', '0', '0', '0', '0', '0', 'S', '0', '1', '0000-00-00', '0000-00-00', '', '0'),
('160FG', '10', '1', 'RESSI CFM 920', '', '20', 'KG', 'M', '101001 ', '101001 ', '101001 ', '101001 ', '101001 ', '0', '0', '0', '0', '0', '0', '0', '0', '0', '0', '', '0', '0', '0000-00-00', '0000-00-00', '', '5'),
('161FG', '10', '1', 'RESSI CFM 920 2K', '', '25', 'KG', 'M', '101001 ', '101001 ', '101001 ', '101001 ', '101001 ', '0', '0', '0', '0', '0', '0', '0', '0', '0', '0', '', '0', '0', '0000-00-00', '0000-00-00', '', '4'),
('162FG', '10', '1', 'RESSI CFM FLEXI 2K', '', '16', 'KG', 'M', '101001 ', '101001 ', '101001 ', '101001 ', '101001 ', '0', '0', '0', '0', '0', '0', '0', '0', '0', '0', '', '0', '0', '0000-00-00', '0000-00-00', '', '4'),
('163FG', '10', '1', 'RESSI RM 410', '', '20', 'KG', 'M', '101001 ', '101001 ', '101001 ', '101001 ', '101001 ', '0', '0', '0', '0', '0', '0', '0', '0', '0', '0', '', '0', '0', '0000-00-00', '0000-00-00', '', '4'),
('164FG', '10', '1', 'RESSI RM 410 2K', '', '25', 'KG', 'M', '101001 ', '101001 ', '101001 ', '101001 ', '101001 ', '0', '0', '0', '0', '0', '0', '0', '0', '0', '0', '', '0', '0', '0000-00-00', '0000-00-00', '', '4'),
('165FG', '10', '1', 'RESSI PUTTY 10000', '', '20 Kg', 'KG', 'M', '101001 ', '101001 ', '101001 ', '101001 ', '101001 ', '0', '0', '0', '0', '0', '0', '0', '0', '0', '1', '', '0', '0', '0000-00-00', '0000-00-00', '', '5'),
('166FG', '10', '1', 'RESSI PUTTY 11000 G', '', '', 'KG', 'M', '30199', '35190', '1191', '35200', '117100', '0', '0', '0', '0', '0', '0', '0', '0', '0', '0', 'S', '0', '1', '0000-00-00', '0000-00-00', '', '0'),
('167FG', '10', '1', 'RESSI COAT X 491', '', '', 'KG', 'M', '30199', '35190', '1191', '35200', '117100', '0', '0', '0', '0', '0', '0', '0', '0', '0', '0', 'S', '0', '1', '0000-00-00', '0000-00-00', '', '0'),
('168FG', '10', '1', 'RESSI COAT X 491 3.2', '', '3.2Kg', 'KT', 'M', '101001 ', '101001 ', '101001 ', '101001 ', '101001 ', '0', '0', '0', '0', '0', '0', '0', '0', '0', '1', '', '0', '0', '0000-00-00', '0000-00-00', '', '4'),
('169FG', '10', '1', 'SILPRIME 3K', '', '', 'KIT', 'M', '30199', '35190', '1191', '35200', '117100', '0', '0', '0', '0', '0', '0', '0', '0', '0', '0', 'S', '0', '1', '0000-00-00', '0000-00-00', '', '0'),
('16FG', '2', '1', 'RESSI TG 810 1110 (IVORY)', '', '1 Kg', 'KG', 'M', '101001 ', '101001 ', '101001 ', '101001 ', '101001 ', '0', '0', '0', '0', '0', '0', '0', '0', '0', '0', '', '0', '0', '0000-00-00', '0000-00-00', '', '3'),
('17 DML', '12', '1', 'SUPERPAS N2098', '', '', 'KG', 'B', '30199', '35190', '1191', '35200', '117100', '0', '0', '0', '0', '0', '0', '0', '0', '0', '0', 'S', '0', '1', '0000-00-00', '0000-00-00', '', '0'),
('170FG', '10', '1', 'RESSI DAMP SEAL', '', '1.25k', 'KT', 'M', '101001 ', '101001 ', '101001 ', '101001 ', '101001 ', '0', '0', '0', '0', '0', '0', '0', '0', '0', '1', '', '0', '0', '0000-00-00', '0000-00-00', '', '4'),
('171FG', '10', '1', 'SILMIX', '', '1 LTR', 'LTR', 'M', '101001 ', '101001 ', '101001 ', '101001 ', '101001 ', '0', '0', '0', '0', '0', '0', '0', '0', '0', '0', '', '0', '0', '0000-00-00', '0000-00-00', '', '4'),
('172FG', '10', '1', 'RESSI HEAT GUARD 1000', '', '', 'KG', 'M', '30199', '35190', '1191', '35200', '117100', '0', '0', '0', '0', '0', '0', '0', '0', '0', '0', 'S', '0', '1', '0000-00-00', '0000-00-00', '', '0'),
('173FG', '10', '1', 'RESSI SP 099', '', '', 'LTR', 'M', '30199', '35190', '1191', '35200', '117100', '0', '0', '0', '0', '0', '0', '0', '0', '0', '0', 'S', '0', '1', '0000-00-00', '0000-00-00', '', '0'),
('174FG', '10', '1', 'RESSI SP 044N', '', '1 LTR', 'LTR', 'M', '101001 ', '101001 ', '101001 ', '101001 ', '101001 ', '0', '0', '0', '0', '0', '0', '0', '0', '0', '0', '', '0', '0', '0000-00-00', '0000-00-00', '', '4'),
('175FG', '10', '1', 'RESSI SP 088', '', '', 'LTR', 'M', '30199', '35190', '1191', '35200', '117100', '0', '0', '0', '0', '0', '0', '0', '0', '0', '0', 'S', '0', '1', '0000-00-00', '0000-00-00', '', '0'),
('176FG', '10', '1', 'SILBLOCK', '', '1 LTR', 'LTR', 'M', '101001 ', '101001 ', '101001 ', '101001 ', '101001 ', '0', '0', '0', '0', '0', '0', '0', '0', '0', '0', '', '0', '0', '0000-00-00', '0000-00-00', '', '4'),
('177FG', '10', '1', 'SILBLOCK AG', '', '', 'LTR', 'M', '30199', '35190', '1191', '35200', '117100', '0', '0', '0', '0', '0', '0', '0', '0', '0', '0', 'S', '0', '1', '0000-00-00', '0000-00-00', '', '0'),
('178FG', '10', '1', 'RESSI LURRY 2020', '', '', 'KG', 'M', '30199', '35190', '1191', '35200', '117100', '0', '0', '0', '0', '0', '0', '0', '0', '0', '0', 'S', '0', '1', '0000-00-00', '0000-00-00', '', '0'),
('17FG', '2', '1', 'RESSI TG 810 1211 (BEIGE)', '', '1 Kg', 'KG', 'M', '101001 ', '101001 ', '101001 ', '101001 ', '101001 ', '0', '0', '0', '0', '0', '0', '0', '0', '0', '0', '', '0', '0', '0000-00-00', '0000-00-00', '', '3'),
('18 DML', '12', '1', 'COMBIZELL LH20MR', '', '', 'KG', 'B', '30199', '35190', '1191', '35200', '117100', '0', '0', '0', '0', '0', '0', '0', '0', '0', '0', 'S', '0', '1', '0000-00-00', '0000-00-00', '', '0'),
('18FG', '2', '1', 'RESSI TG 810 1421 (DARK BEIGE)', '', '1 Kg', 'KG', 'M', '101001 ', '101001 ', '101001 ', '101001 ', '101001 ', '0', '0', '0', '0', '0', '0', '0', '0', '0', '0', '', '0', '0', '0000-00-00', '0000-00-00', '', '3'),
('19 DML', '12', '1', 'TITANIUM', '', '', 'KG', 'B', '30199', '35190', '1191', '35200', '117100', '0', '0', '0', '0', '0', '0', '0', '0', '0', '0', 'S', '0', '1', '0000-00-00', '0000-00-00', '', '0'),
('19FG', '2', '1', 'RESSI TG 810 1600 (YELLOW)', '', '1 Kg', 'KG', 'M', '101001 ', '101001 ', '101001 ', '101001 ', '101001 ', '0', '0', '0', '0', '0', '0', '0', '0', '0', '0', '', '0', '0', '0000-00-00', '0000-00-00', '', '3'),
('20 DML', '12', '1', 'MULAISES', '', '', 'KG', 'B', '30199', '35190', '1191', '35200', '117100', '0', '0', '0', '0', '0', '0', '0', '0', '0', '0', 'S', '0', '1', '0000-00-00', '0000-00-00', '', '0'),
('20FG', '2', '1', 'RESSI TG 810 1950 (MAPLE WOOD)', '', '1 Kg', 'KG', 'M', '101001 ', '101001 ', '101001 ', '101001 ', '101001 ', '0', '0', '0', '0', '0', '0', '0', '0', '0', '0', '', '0', '0', '0000-00-00', '0000-00-00', '', '3'),
('21 DML', '12', '1', 'POLYNAPTHELENE SULPHONIC ACID', '', '', 'KG', 'B', '30199', '35190', '1191', '35200', '117100', '0', '0', '0', '0', '0', '0', '0', '0', '0', '0', 'S', '0', '1', '0000-00-00', '0000-00-00', '', '0'),
('21FG', '2', '1', 'RESSI TG 810 2400 (LIGHT GREEN)', '', '1 Kg', 'KG', 'M', '101001 ', '101001 ', '101001 ', '101001 ', '101001 ', '0', '0', '0', '0', '0', '0', '0', '0', '0', '0', '', '0', '0', '0000-00-00', '0000-00-00', '', '3'),
('22 DML', '12', '1', 'SODIUM LIGNOSULPHATE', '', '', 'KG', 'B', '30199', '35190', '1191', '35200', '117100', '0', '0', '0', '0', '0', '0', '0', '0', '0', '0', 'S', '0', '1', '0000-00-00', '0000-00-00', '', '0'),
('22FG', '2', '1', 'RESSI TG 810 2770 (AQUA GREEN)', '', '1 Kg', 'KG', 'M', '101001 ', '101001 ', '101001 ', '101001 ', '101001 ', '0', '0', '0', '0', '0', '0', '0', '0', '0', '0', '', '0', '0', '0000-00-00', '0000-00-00', '', '3'),
('23 DML', '12', '1', 'SILICA FLOUR', '', '', 'KG', 'B', '30199', '35190', '1191', '35200', '117100', '0', '0', '0', '0', '0', '0', '0', '0', '0', '0', 'S', '0', '1', '0000-00-00', '0000-00-00', '', '0'),
('23FG', '2', '1', 'RESSI TG 810 3100 (PINK)', '', '1 Kg', 'KG', 'M', '101001 ', '101001 ', '101001 ', '101001 ', '101001 ', '0', '0', '0', '0', '0', '0', '0', '0', '0', '0', '', '0', '0', '0000-00-00', '0000-00-00', '', '3'),
('24 DML', '12', '1', 'MELLAPLAST', '', '', 'KG', 'B', '30199', '35190', '1191', '35200', '117100', '0', '0', '0', '0', '0', '0', '0', '0', '0', '0', 'S', '0', '1', '0000-00-00', '0000-00-00', '', '0'),
('24FG', '2', '1', 'RESSI TG 810 3700 (TERRACOTTA)', '', '1 Kg', 'KG', 'M', '101001 ', '101001 ', '101001 ', '101001 ', '101001 ', '0', '0', '0', '0', '0', '0', '0', '0', '0', '0', '', '0', '0', '0000-00-00', '0000-00-00', '', '3'),
('25 DML', '12', '1', 'SUPERCEL 250', '', '', 'KG', 'B', '30199', '35190', '1191', '35200', '117100', '0', '0', '0', '0', '0', '0', '0', '0', '0', '0', 'S', '0', '1', '0000-00-00', '0000-00-00', '', '0'),
('25FG', '2', '1', 'RESSI TG 810 4720 (BURGUNDY)', '', '1 Kg', 'KG', 'M', '101001 ', '101001 ', '101001 ', '101001 ', '101001 ', '0', '0', '0', '0', '0', '0', '0', '0', '0', '0', '', '0', '0', '0000-00-00', '0000-00-00', '', '3'),
('26 DML', '12', '1', 'SILIPON RN 6031', '', '', 'KG', 'B', '30199', '35190', '1191', '35200', '117100', '0', '0', '0', '0', '0', '0', '0', '0', '0', '0', 'S', '0', '1', '0000-00-00', '0000-00-00', '', '0'),
('26FG', '2', '1', 'RESSI TG 810 5110 (LIGHT GREY)', '', '1 Kg', 'KG', 'M', '101001 ', '101001 ', '101001 ', '101001 ', '101001 ', '0', '0', '0', '0', '0', '0', '0', '0', '0', '0', '', '0', '0', '0000-00-00', '0000-00-00', '', '3'),
('27 DML', '12', '1', 'MILOCELL', '', '', 'KG', 'B', '30199', '35190', '1191', '35200', '117100', '0', '0', '0', '0', '0', '0', '0', '0', '0', '0', 'S', '0', '1', '0000-00-00', '0000-00-00', '', '0'),
('27FG', '2', '1', 'RESSI TG 810 5210 1 (SKY BLUE)', '', '1 Kg', 'KG', 'M', '101001 ', '101001 ', '101001 ', '101001 ', '101001 ', '0', '0', '0', '0', '0', '0', '0', '0', '0', '0', '', '0', '0', '0000-00-00', '0000-00-00', '', '3'),
('28 DML', '12', '1', 'MELAMINE', '', '', 'KG', 'B', '30199', '35190', '1191', '35200', '117100', '0', '0', '0', '0', '0', '0', '0', '0', '0', '0', 'S', '0', '1', '0000-00-00', '0000-00-00', '', '0'),
('28FG', '2', '1', 'RESSI TG 810 5210 2 (MARBLE BEIGE)', '', '1 Kg', 'KG', 'M', '101001 ', '101001 ', '101001 ', '101001 ', '101001 ', '0', '0', '0', '0', '0', '0', '0', '0', '0', '0', '', '0', '0', '0000-00-00', '0000-00-00', '', '3'),
('29 DML', '12', '1', 'HIGH ALUMINIA', '', '', 'KG', 'B', '30199', '35190', '1191', '35200', '117100', '0', '0', '0', '0', '0', '0', '0', '0', '0', '0', 'S', '0', '1', '0000-00-00', '0000-00-00', '', '0'),
('29FG', '2', '1', 'RESSI TG 810 5410 (Dark Blue)', '', '1 Kg', 'KG', 'M', '101001 ', '101001 ', '101001 ', '101001 ', '101001 ', '0', '0', '0', '0', '0', '0', '0', '0', '0', '0', '', '0', '0', '0000-00-00', '0000-00-00', '', '3'),
('30 DML', '12', '1', 'BERMODOL AEA 8200', '', '', 'KG', 'B', '30199', '35190', '1191', '35200', '117100', '0', '0', '0', '0', '0', '0', '0', '0', '0', '0', 'S', '0', '1', '0000-00-00', '0000-00-00', '', '0'),
('30FG', '2', '1', 'RESSI TG 810 5410 1 (AQUA BLUE)', '', '1 Kg', 'KG', 'M', '101001 ', '101001 ', '101001 ', '101001 ', '101001 ', '0', '0', '0', '0', '0', '0', '0', '0', '0', '0', '', '0', '0', '0000-00-00', '0000-00-00', '', '3'),
('31 DML', '12', '1', 'MANGANESE CHLORIDE', '', '', 'KG', 'B', '30199', '35190', '1191', '35200', '117100', '0', '0', '0', '0', '0', '0', '0', '0', '0', '0', 'S', '0', '1', '0000-00-00', '0000-00-00', '', '0'),
('31FG', '2', '1', 'RESSI TG 810 5650 (PURPLE)', '', '1 Kg', 'KG', 'M', '101001 ', '101001 ', '101001 ', '101001 ', '101001 ', '0', '0', '0', '0', '0', '0', '0', '0', '0', '0', '', '0', '0', '0000-00-00', '0000-00-00', '', '3'),
('32 DML', '12', '1', 'OPTIBENT MF', '', '', 'KG', 'B', '30199', '35190', '1191', '35200', '117100', '0', '0', '0', '0', '0', '0', '0', '0', '0', '0', 'S', '0', '1', '0000-00-00', '0000-00-00', '', '0'),
('32FG', '2', '1', 'RESSI TG 810 5960 (INDIGO BLUE)', '', '1 Kg', 'KG', 'M', '101001 ', '101001 ', '101001 ', '101001 ', '101001 ', '0', '0', '0', '0', '0', '0', '0', '0', '0', '0', '', '0', '0', '0000-00-00', '0000-00-00', '', '3'),
('33 DML', '12', '1', 'OPTIBENT 602', '', '', 'KG', 'B', '30199', '35190', '1191', '35200', '117100', '0', '0', '0', '0', '0', '0', '0', '0', '0', '0', 'S', '0', '1', '0000-00-00', '0000-00-00', '', '0'),
('33FG', '2', '1', 'RESSI TG 810 6110 (OFF WHITE)', '', '1 Kg', 'KG', 'M', '101001 ', '101001 ', '101001 ', '101001 ', '101001 ', '0', '0', '0', '0', '0', '0', '0', '0', '0', '0', '', '0', '0', '0000-00-00', '0000-00-00', '', '3'),
('34 DML', '12', '1', 'IRON OXIDE ORANGE S960', '', '', 'KG', 'B', '30199', '35190', '1191', '35200', '117100', '0', '0', '0', '0', '0', '0', '0', '0', '0', '0', 'S', '0', '1', '0000-00-00', '0000-00-00', '', '0'),
('34FG', '2', '1', 'RESSI TG 810 6400 (PEACH)', '', '1 Kg', 'KG', 'M', '101001 ', '101001 ', '101001 ', '101001 ', '101001 ', '0', '0', '0', '0', '0', '0', '0', '0', '0', '0', '', '0', '0', '0000-00-00', '0000-00-00', '', '3'),
('35 DML', '12', '1', 'IRON OXIDE BROWN S660', '', '', 'KG', 'B', '30199', '35190', '1191', '35200', '117100', '0', '0', '0', '0', '0', '0', '0', '0', '0', '0', 'S', '0', '1', '0000-00-00', '0000-00-00', '', '0'),
('35FG', '2', '1', 'RESSI TG 810 8111 (DARK IVORY)', '', '1 Kg', 'KG', 'M', '101001 ', '101001 ', '101001 ', '101001 ', '101001 ', '0', '0', '0', '0', '0', '0', '0', '0', '0', '0', '', '0', '0', '0000-00-00', '0000-00-00', '', '3'),
('36 DML', '12', '1', 'IRON OXIDE BLUE U08', '', '', 'KG', 'B', '30199', '35190', '1191', '35200', '117100', '0', '0', '0', '0', '0', '0', '0', '0', '0', '0', 'S', '0', '1', '0000-00-00', '0000-00-00', '', '0'),
('36FG', '2', '1', 'RESSI TG 810 9000 (GREY)', '', '1 Kg', 'KG', 'M', '101001 ', '101001 ', '101001 ', '101001 ', '101001 ', '0', '0', '0', '0', '0', '0', '0', '0', '0', '0', '', '0', '0', '0000-00-00', '0000-00-00', '', '3'),
('37 DML', '12', '1', 'IRON OXIDE GREEN S5605', '', '', 'KG', 'B', '30199', '35190', '1191', '35200', '117100', '0', '0', '0', '0', '0', '0', '0', '0', '0', '0', 'S', '0', '1', '0000-00-00', '0000-00-00', '', '0'),
('37FG', '2', '1', 'RESSI TG 810 9111 (ASH WHITE)', '', '1 Kg', 'KG', 'M', '101001 ', '101001 ', '101001 ', '101001 ', '101001 ', '0', '0', '0', '0', '0', '0', '0', '0', '0', '0', '', '0', '0', '0000-00-00', '0000-00-00', '', '3'),
('38 DML', '12', '1', 'IRON OXIDE RED S-110', '', '', 'KG', 'B', '30199', '35190', '1191', '35200', '117100', '0', '0', '0', '0', '0', '0', '0', '0', '0', '0', 'S', '0', '1', '0000-00-00', '0000-00-00', '', '0'),
('38FG', '2', '1', 'RESSI TG 810 9111 1 (DESERT TAN)', '', '1 Kg', 'KG', 'M', '101001 ', '101001 ', '101001 ', '101001 ', '101001 ', '0', '0', '0', '0', '0', '0', '0', '0', '0', '0', '', '0', '0', '0000-00-00', '0000-00-00', '', '3'),
('39 DML', '12', '1', 'IRON OXIDE RED S-120', '', '', 'KG', 'B', '30199', '35190', '1191', '35200', '117100', '0', '0', '0', '0', '0', '0', '0', '0', '0', '0', 'S', '0', '1', '0000-00-00', '0000-00-00', '', '0'),
('39FG', '2', '1', 'RESSI TG 810 9200 (DARK GREY)', '', '1 Kg', 'KG', 'M', '101001 ', '101001 ', '101001 ', '101001 ', '101001 ', '0', '0', '0', '0', '0', '0', '0', '0', '0', '0', '', '0', '0', '0000-00-00', '0000-00-00', '', '3'),
('40 DML', '12', '1', 'IRON OXIDE RED S-140', '', '', 'KG', 'B', '30199', '35190', '1191', '35200', '117100', '0', '0', '0', '0', '0', '0', '0', '0', '0', '0', 'S', '0', '1', '0000-00-00', '0000-00-00', '', '0'),
('40FG', '2', '1', 'RESSI TG 810 9321 (BROWN)', '', '1 Kg', 'KG', 'M', '101001 ', '101001 ', '101001 ', '101001 ', '101001 ', '0', '0', '0', '0', '0', '0', '0', '0', '0', '0', '', '0', '0', '0000-00-00', '0000-00-00', '', '3'),
('41 DML', '12', '1', 'IRON OXIDE RED S-190', '', '', 'KG', 'B', '30199', '35190', '1191', '35200', '117100', '0', '0', '0', '0', '0', '0', '0', '0', '0', '0', 'S', '0', '1', '0000-00-00', '0000-00-00', '', '0'),
('41FG', '2', '1', 'RESSI TG 810 9642 (DARK BROWN)', '', '1 Kg', 'KG', 'M', '101001 ', '101001 ', '101001 ', '101001 ', '101001 ', '0', '0', '0', '0', '0', '0', '0', '0', '0', '0', '', '0', '0', '0000-00-00', '0000-00-00', '', '3'),
('42 DML', '12', '1', 'IRON OXIDE BLACK 4330-3', '', '', 'KG', 'B', '30199', '35190', '1191', '35200', '117100', '0', '0', '0', '0', '0', '0', '0', '0', '0', '0', 'S', '0', '1', '0000-00-00', '0000-00-00', '', '0'),
('42FG', '2', '1', 'RESSI TG 810 9960 (BLACK)', '', '1 Kg', 'KG', 'M', '101001 ', '101001 ', '101001 ', '101001 ', '101001 ', '0', '0', '0', '0', '0', '0', '0', '0', '0', '0', '', '0', '0', '0000-00-00', '0000-00-00', '', '3'),
('43 DML', '12', '1', 'IRON OXIDE YELLOW S920', '', '', 'KG', 'B', '30199', '35190', '1191', '35200', '117100', '0', '0', '0', '0', '0', '0', '0', '0', '0', '0', 'S', '0', '1', '0000-00-00', '0000-00-00', '', '0'),
('43FG', '2', '1', 'RESSI TG 820 ', '', '', 'KG', 'M', '30199', '35190', '1191', '35200', '117100', '0', '0', '0', '0', '0', '0', '0', '0', '0', '0', 'S', '0', '1', '0000-00-00', '0000-00-00', '', '0'),
('44 DML', '12', '1', 'IRON OXIDE BROWN 4686', '', '', 'KG', 'B', '30199', '35190', '1191', '35200', '117100', '0', '0', '0', '0', '0', '0', '0', '0', '0', '0', 'S', '0', '1', '0000-00-00', '0000-00-00', '', '0'),
('44FG', '2', '1', 'RESSI TG 2K', '', '', 'KG', 'M', '30199', '35190', '1191', '35200', '117100', '0', '0', '0', '0', '0', '0', '0', '0', '0', '0', 'S', '0', '1', '0000-00-00', '0000-00-00', '', '0'),
('45 DML', '12', '1', 'CALCIUM CARBONATE 100-200 MESH AMIN MARBLE', '', '', 'KG', 'B', '30199', '35190', '1191', '35200', '117100', '0', '0', '0', '0', '0', '0', '0', '0', '0', '0', 'S', '0', '1', '0000-00-00', '0000-00-00', '', '0'),
('45FG', '2', '1', 'RESSI TG BATH SEAL 2K ', '', '', 'KIT', 'M', '30199', '35190', '1191', '35200', '117100', '0', '0', '0', '0', '0', '0', '0', '0', '0', '0', 'S', '0', '1', '0000-00-00', '0000-00-00', '', '0'),
('46 DML', '12', '1', 'CALCIUM CARBONATE 400 STD PAINT', '', '', 'KG', 'B', '30199', '35190', '1191', '35200', '117100', '0', '0', '0', '0', '0', '0', '0', '0', '0', '0', 'S', '0', '1', '0000-00-00', '0000-00-00', '', '0'),
('46FG', '2', '1', 'RESSI TG BATH SEAL 2K 810', '', '', 'KIT', 'M', '30199', '35190', '1191', '35200', '117100', '0', '0', '0', '0', '0', '0', '0', '0', '0', '0', 'S', '0', '1', '0000-00-00', '0000-00-00', '', '0'),
('47 DML', '12', '1', 'HYDRATED LIME', '', '', 'KG', 'B', '30199', '35190', '1191', '35200', '117100', '0', '0', '0', '0', '0', '0', '0', '0', '0', '0', 'S', '0', '1', '0000-00-00', '0000-00-00', '', '0'),
('47FG', '2', '1', 'RESSI TG BATH SEAL 2K 810 0001 (BRIGHT WHITE)', '', '1.25k', 'KT', 'M', '101001 ', '101001 ', '101001 ', '101001 ', '101001 ', '0', '0', '0', '0', '0', '0', '0', '0', '0', '0', '', '0', '0', '0000-00-00', '0000-00-00', '', '3'),
('48 DML', '12', '1', 'MARBLE POWDER', '', '', 'KG', 'B', '30199', '35190', '1191', '35200', '117100', '0', '0', '0', '0', '0', '0', '0', '0', '0', '0', 'S', '0', '1', '0000-00-00', '0000-00-00', '', '0'),
('48FG', '2', '1', 'RESSI TG BATH SEAL 2K 810 1110 (IVORY)', '', '1.25k', 'KT', 'M', '101001 ', '101001 ', '101001 ', '101001 ', '101001 ', '0', '0', '0', '0', '0', '0', '0', '0', '0', '0', '', '0', '0', '0000-00-00', '0000-00-00', '', '3'),
('49 LMI', '13', '1', 'RESIN YD-128', '', '', 'KG', 'B', '30199', '35190', '1191', '35200', '117100', '0', '0', '0', '0', '0', '0', '0', '0', '0', '0', 'S', '0', '1', '0000-00-00', '0000-00-00', '', '0'),
('49FG', '2', '1', 'RESSI TG BATH SEAL 2K 810 1211 (BEIGE)', '', '1.25k', 'KT', 'M', '101001 ', '101001 ', '101001 ', '101001 ', '101001 ', '0', '0', '0', '0', '0', '0', '0', '0', '0', '0', '', '0', '0', '0000-00-00', '0000-00-00', '', '3'),
('50 LML', '13', '1', 'RESIN YD-553', '', '', 'KG', 'B', '30199', '35190', '1191', '35200', '117100', '0', '0', '0', '0', '0', '0', '0', '0', '0', '0', 'S', '0', '1', '0000-00-00', '0000-00-00', '', '0'),
('50FG', '2', '1', 'RESSI TG BATH SEAL 2K 810 1421 (DARK BEIGE)', '', '1.25k', 'KT', 'M', '101001 ', '101001 ', '101001 ', '101001 ', '101001 ', '0', '0', '0', '0', '0', '0', '0', '0', '0', '0', '', '0', '0', '0000-00-00', '0000-00-00', '', '3'),
('51 LML', '13', '1', 'RESIN BYD-7201', '', '', 'KG', 'B', '30199', '35190', '1191', '35200', '117100', '0', '0', '0', '0', '0', '0', '0', '0', '0', '0', 'S', '0', '1', '0000-00-00', '0000-00-00', '', '0'),
('51FG', '2', '1', 'RESSI TG BATH SEAL 2K 810 1600 (YELLOW)', '', '1.25k', 'KT', 'M', '101001 ', '101001 ', '101001 ', '101001 ', '101001 ', '0', '0', '0', '0', '0', '0', '0', '0', '0', '0', '', '0', '0', '0000-00-00', '0000-00-00', '', '3'),
('52 LML', '13', '1', 'R 2020', '', '', 'KG', 'B', '30199', '35190', '1191', '35200', '117100', '0', '0', '0', '0', '0', '0', '0', '0', '0', '0', 'S', '0', '1', '0000-00-00', '0000-00-00', '', '0'),
('52FG', '2', '1', 'RESSI TG BATH SEAL 2K 810 1950 (MAPLE WOOD)', '', '1.25k', 'KT', 'M', '101001 ', '101001 ', '101001 ', '101001 ', '101001 ', '0', '0', '0', '0', '0', '0', '0', '0', '0', '0', '', '0', '0', '0000-00-00', '0000-00-00', '', '3'),
('53 LML', '13', '1', 'SILRES BS 4004', '', '', 'KG', 'B', '30199', '35190', '1191', '35200', '117100', '0', '0', '0', '0', '0', '0', '0', '0', '0', '0', 'S', '0', '1', '0000-00-00', '0000-00-00', '', '0'),
('53FG', '2', '1', 'RESSI TG BATH SEAL 2K 810 2400 (LIGHT GREEN)', '', '1.25k', 'KT', 'M', '101001 ', '101001 ', '101001 ', '101001 ', '101001 ', '0', '0', '0', '0', '0', '0', '0', '0', '0', '0', '', '0', '0', '0000-00-00', '0000-00-00', '', '3'),
('54 LML', '13', '1', 'XYLENE SOLVENT', '', '', 'LTR', 'B', '30199', '35190', '1191', '35200', '117100', '0', '0', '0', '0', '0', '0', '0', '0', '0', '0', 'S', '0', '1', '0000-00-00', '0000-00-00', '', '0'),
('54FG', '2', '1', 'RESSI TG BATH SEAL 2K 810 2770 (AQUA GREEN)', '', '1.25k', 'KT', 'M', '101001 ', '101001 ', '101001 ', '101001 ', '101001 ', '0', '0', '0', '0', '0', '0', '0', '0', '0', '0', '', '0', '0', '0000-00-00', '0000-00-00', '', '3'),
('55 LML', '13', '1', 'LINDRON 31', '', '', 'KG', 'B', '30199', '35190', '1191', '35200', '117100', '0', '0', '0', '0', '0', '0', '0', '0', '0', '0', 'S', '0', '1', '0000-00-00', '0000-00-00', '', '0'),
('55FG', '2', '1', 'RESSI TG BATH SEAL 2K 810 3100 (PINK)', '', '1.25k', 'KT', 'M', '101001 ', '101001 ', '101001 ', '101001 ', '101001 ', '0', '0', '0', '0', '0', '0', '0', '0', '0', '0', '', '0', '0', '0000-00-00', '0000-00-00', '', '3'),
('56 LML', '13', '1', 'LINDRON 34', '', '', 'KG', 'B', '30199', '35190', '1191', '35200', '117100', '0', '0', '0', '0', '0', '0', '0', '0', '0', '0', 'S', '0', '1', '0000-00-00', '0000-00-00', '', '0'),
('56FG', '2', '1', 'RESSI TG BATH SEAL 2K 810 3700 (TERRACOTTA)', '', '1.25k', 'KT', 'M', '101001 ', '101001 ', '101001 ', '101001 ', '101001 ', '0', '0', '0', '0', '0', '0', '0', '0', '0', '0', '', '0', '0', '0000-00-00', '0000-00-00', '', '3'),
('57 LML', '13', '1', 'KR 40', '', '', 'KG', 'B', '30199', '35190', '1191', '35200', '117100', '0', '0', '0', '0', '0', '0', '0', '0', '0', '0', 'S', '0', '1', '0000-00-00', '0000-00-00', '', '0'),
('57FG', '2', '1', 'RESSI TG BATH SEAL 2K 810 4720 (BURGUNDY)', '', '1.25k', 'KT', 'M', '101001 ', '101001 ', '101001 ', '101001 ', '101001 ', '0', '0', '0', '0', '0', '0', '0', '0', '0', '0', '', '0', '0', '0000-00-00', '0000-00-00', '', '3'),
('58 LML', '13', '1', 'FOAM CONCRETE', '', '', 'KG', 'B', '30199', '35190', '1191', '35200', '117100', '0', '0', '0', '0', '0', '0', '0', '0', '0', '0', 'S', '0', '1', '0000-00-00', '0000-00-00', '', '0'),
('58FG', '2', '1', 'RESSI TG BATH SEAL 2K 810 5110 (LIGHT GREY)', '', '1.25k', 'KT', 'M', '101001 ', '101001 ', '101001 ', '101001 ', '101001 ', '0', '0', '0', '0', '0', '0', '0', '0', '0', '0', '', '0', '0', '0000-00-00', '0000-00-00', '', '3'),
('59 LML', '13', '1', 'HARDENER TH 7301', '', '', 'KG', 'B', '30199', '35190', '1191', '35200', '117100', '0', '0', '0', '0', '0', '0', '0', '0', '0', '0', 'S', '0', '1', '0000-00-00', '0000-00-00', '', '0'),
('59FG', '2', '1', 'RESSI TG BATH SEAL 2K 810 5210 1 (SKY BLUE)', '', '1.25k', 'KT', 'M', '101001 ', '101001 ', '101001 ', '101001 ', '101001 ', '0', '0', '0', '0', '0', '0', '0', '0', '0', '0', '', '0', '0', '0000-00-00', '0000-00-00', '', '3'),
('60 LML', '13', '1', 'HARDENER TH 7201', '', '', 'KG', 'B', '30199', '35190', '1191', '35200', '117100', '0', '0', '0', '0', '0', '0', '0', '0', '0', '0', 'S', '0', '1', '0000-00-00', '0000-00-00', '', '0'),
('60FG', '2', '1', 'RESSI TG BATH SEAL 2K 810 5210 2 (MARBLE BEIGE)', '', '1.25k', 'KT', 'M', '101001 ', '101001 ', '101001 ', '101001 ', '101001 ', '0', '0', '0', '0', '0', '0', '0', '0', '0', '0', '', '0', '0', '0000-00-00', '0000-00-00', '', '3'),
('61 LML', '13', '1', 'HARDENER TH 4504', '', '', 'KG', 'B', '30199', '35190', '1191', '35200', '117100', '0', '0', '0', '0', '0', '0', '0', '0', '0', '0', 'S', '0', '1', '0000-00-00', '0000-00-00', '', '0'),
('61FG', '2', '1', 'RESSI TG BATH SEAL 2K 810 5410 (Dark Blue)', '', '1.25k', 'KT', 'M', '101001 ', '101001 ', '101001 ', '101001 ', '101001 ', '0', '0', '0', '0', '0', '0', '0', '0', '0', '0', '', '0', '0', '0000-00-00', '0000-00-00', '', '3');
INSERT INTO `0_stock_master` VALUES
('62 LML', '13', '1', 'HARDENER TH 3702', '', '', 'KG', 'B', '30199', '35190', '1191', '35200', '117100', '0', '0', '0', '0', '0', '0', '0', '0', '0', '0', 'S', '0', '1', '0000-00-00', '0000-00-00', '', '0'),
('62FG', '2', '1', 'RESSI TG BATH SEAL 2K 810 5410 1 (AQUA BLUE)', '', '1.25k', 'KT', 'M', '101001 ', '101001 ', '101001 ', '101001 ', '101001 ', '0', '0', '0', '0', '0', '0', '0', '0', '0', '0', '', '0', '0', '0000-00-00', '0000-00-00', '', '3'),
('63 LML', '13', '1', 'HARDENER TH 7167', '', '', 'KG', 'B', '30199', '35190', '1191', '35200', '117100', '0', '0', '0', '0', '0', '0', '0', '0', '0', '0', 'S', '0', '1', '0000-00-00', '0000-00-00', '', '0'),
('63FG', '2', '1', 'RESSI TG BATH SEAL 2K 810 5650 (PURPLE)', '', '1.25k', 'KT', 'M', '101001 ', '101001 ', '101001 ', '101001 ', '101001 ', '0', '0', '0', '0', '0', '0', '0', '0', '0', '0', '', '0', '0', '0000-00-00', '0000-00-00', '', '3'),
('64 LML', '13', '1', 'HARDENER TH 7269', '', '', 'KG', 'B', '30199', '35190', '1191', '35200', '117100', '0', '0', '0', '0', '0', '0', '0', '0', '0', '0', 'S', '0', '1', '0000-00-00', '0000-00-00', '', '0'),
('64FG', '2', '1', 'RESSI TG BATH SEAL 2K 810 5960 (INDIGO BLUE)', '', '1.25k', 'KT', 'M', '101001 ', '101001 ', '101001 ', '101001 ', '101001 ', '0', '0', '0', '0', '0', '0', '0', '0', '0', '0', '', '0', '0', '0000-00-00', '0000-00-00', '', '3'),
('65 LML', '13', '1', 'HARDENER 140', '', '', 'KG', 'B', '30199', '35190', '1191', '35200', '117100', '0', '0', '0', '0', '0', '0', '0', '0', '0', '0', 'S', '0', '1', '0000-00-00', '0000-00-00', '', '0'),
('65FG', '2', '1', 'RESSI TG BATH SEAL 2K 810 6110 (OFF WHITE)', '', '1.25k', 'KT', 'M', '101001 ', '101001 ', '101001 ', '101001 ', '101001 ', '0', '0', '0', '0', '0', '0', '0', '0', '0', '0', '', '0', '0', '0000-00-00', '0000-00-00', '', '3'),
('66 LML', '13', '1', 'EMULTEX-1602', '', '', 'KG', 'B', '30199', '35190', '1191', '35200', '117100', '0', '0', '0', '0', '0', '0', '0', '0', '0', '0', 'S', '0', '1', '0000-00-00', '0000-00-00', '', '0'),
('66FG', '2', '1', 'RESSI TG BATH SEAL 2K 810 6400 (PEACH)', '', '1.25k', 'KT', 'M', '101001 ', '101001 ', '101001 ', '101001 ', '101001 ', '0', '0', '0', '0', '0', '0', '0', '0', '0', '0', '', '0', '0', '0000-00-00', '0000-00-00', '', '3'),
('67 LML', '13', '1', 'PRIMAL CS 4000', '', '', 'KG', 'B', '30199', '35190', '1191', '35200', '117100', '0', '0', '0', '0', '0', '0', '0', '0', '0', '0', 'S', '0', '1', '0000-00-00', '0000-00-00', '', '0'),
('67FG', '2', '1', 'RESSI TG BATH SEAL 2K 810 8111 (DARK IVORY)', '', '1.25k', 'KT', 'M', '101001 ', '101001 ', '101001 ', '101001 ', '101001 ', '0', '0', '0', '0', '0', '0', '0', '0', '0', '0', '', '0', '0', '0000-00-00', '0000-00-00', '', '3'),
('68 LML', '13', '1', 'REVACRYL 2091', '', '', 'KG', 'B', '30199', '35190', '1191', '35200', '117100', '0', '0', '0', '0', '0', '0', '0', '0', '0', '0', 'S', '0', '1', '0000-00-00', '0000-00-00', '', '0'),
('68FG', '2', '1', 'RESSI TG BATH SEAL 2K 810 9000 (GREY)', '', '1.25k', 'KT', 'M', '101001 ', '101001 ', '101001 ', '101001 ', '101001 ', '0', '0', '0', '0', '0', '0', '0', '0', '0', '0', '', '0', '0', '0000-00-00', '0000-00-00', '', '3'),
('69 LML', '13', '1', 'REVACRYL 3020', '', '', 'KG', 'B', '30199', '35190', '1191', '35200', '117100', '0', '0', '0', '0', '0', '0', '0', '0', '0', '0', 'S', '0', '1', '0000-00-00', '0000-00-00', '', '0'),
('69FG', '2', '1', 'RESSI TG BATH SEAL 2K 810 9111 (ASH WHITE)', '', '1.25k', 'KT', 'M', '101001 ', '101001 ', '101001 ', '101001 ', '101001 ', '0', '0', '0', '0', '0', '0', '0', '0', '0', '0', '', '0', '0', '0000-00-00', '0000-00-00', '', '3'),
('70 LML', '13', '1', 'REVACRYL 478', '', '', 'KG', 'B', '30199', '35190', '1191', '35200', '117100', '0', '0', '0', '0', '0', '0', '0', '0', '0', '0', 'S', '0', '1', '0000-00-00', '0000-00-00', '', '0'),
('70FG', '2', '1', 'RESSI TG BATH SEAL 2K 810 9111 1 (DESERT TAN)', '', '1.25k', 'KT', 'M', '101001 ', '101001 ', '101001 ', '101001 ', '101001 ', '0', '0', '0', '0', '0', '0', '0', '0', '0', '0', '', '0', '0', '0000-00-00', '0000-00-00', '', '3'),
('71 LML', '13', '1', 'SBR', '', '', 'KG', 'B', '30199', '35190', '1191', '35200', '117100', '0', '0', '0', '0', '0', '0', '0', '0', '0', '0', 'S', '0', '1', '0000-00-00', '0000-00-00', '', '0'),
('71FG', '2', '1', 'RESSI TG BATH SEAL 2K 810 9200 (DARK GREY)', '', '1.25k', 'KT', 'M', '101001 ', '101001 ', '101001 ', '101001 ', '101001 ', '0', '0', '0', '0', '0', '0', '0', '0', '0', '0', '', '0', '0', '0000-00-00', '0000-00-00', '', '3'),
('72 LML', '13', '1', 'IMPREGNATING AGENT SK', '', '', 'KG', 'B', '30199', '35190', '1191', '35200', '117100', '0', '0', '0', '0', '0', '0', '0', '0', '0', '0', 'S', '0', '1', '0000-00-00', '0000-00-00', '', '0'),
('72FG', '2', '1', 'RESSI TG BATH SEAL 2K 810 9321 (BROWN)', '', '1.25k', 'KT', 'M', '101001 ', '101001 ', '101001 ', '101001 ', '101001 ', '0', '0', '0', '0', '0', '0', '0', '0', '0', '0', '', '0', '0', '0000-00-00', '0000-00-00', '', '3'),
('73 LML', '13', '1', 'BIOCIDE', '', '', 'LTR', 'B', '30199', '35190', '1191', '35200', '117100', '0', '0', '0', '0', '0', '0', '0', '0', '0', '0', 'S', '0', '1', '0000-00-00', '0000-00-00', '', '0'),
('73FG', '2', '1', 'RESSI TG BATH SEAL 2K 810 9642 (DARK BROWN)', '', '1.25k', 'KT', 'M', '101001 ', '101001 ', '101001 ', '101001 ', '101001 ', '0', '0', '0', '0', '0', '0', '0', '0', '0', '0', '', '0', '0', '0000-00-00', '0000-00-00', '', '3'),
('74 PML', '14', '1', 'PLASTIC BAG TA 210', '', '', 'PC', 'B', '30199', '35190', '1191', '35200', '117100', '0', '0', '0', '0', '0', '0', '0', '0', '0', '0', 'S', '0', '1', '0000-00-00', '0000-00-00', '', '0'),
('74FG', '2', '1', 'RESSI TG BATH SEAL 2K 810 9960 (BLACK)', '', '1.25k', 'KT', 'M', '101001 ', '101001 ', '101001 ', '101001 ', '101001 ', '0', '0', '0', '0', '0', '0', '0', '0', '0', '0', '', '0', '0', '0000-00-00', '0000-00-00', '', '3'),
('75 PML', '14', '1', 'PLASTIC BAG TA 220', '', '', 'PC', 'B', '30199', '35190', '1191', '35200', '117100', '0', '0', '0', '0', '0', '0', '0', '0', '0', '0', 'S', '0', '1', '0000-00-00', '0000-00-00', '', '0'),
('75FG', '2', '1', 'RESSI TG CR HIGH GLOSS', '', '', 'KIT', 'M', '30199', '35190', '1191', '35200', '117100', '0', '0', '0', '0', '0', '0', '0', '0', '0', '0', 'S', '0', '1', '0000-00-00', '0000-00-00', '', '0'),
('76 PML', '14', '1', 'PLASTIC BAG TA 230', '', '', 'PC', 'B', '30199', '35190', '1191', '35200', '117100', '0', '0', '0', '0', '0', '0', '0', '0', '0', '0', 'S', '0', '1', '0000-00-00', '0000-00-00', '', '0'),
('76FG', '2', '1', 'RESSI TG CR SEMI GLOSS', '', '', 'KIT', 'M', '30199', '35190', '1191', '35200', '117100', '0', '0', '0', '0', '0', '0', '0', '0', '0', '0', 'S', '0', '1', '0000-00-00', '0000-00-00', '', '0'),
('77 PML', '14', '1', 'PLASTIC LDPE 1 KG (TG 810)', '', '', 'PC', 'B', '30199', '35190', '1191', '35200', '117100', '0', '0', '0', '0', '0', '0', '0', '0', '0', '0', 'S', '0', '1', '0000-00-00', '0000-00-00', '', '0'),
('77FG', '2', '1', 'RESSI ETG DP MATT ( 1211 )', '', '1.5 ', 'BG', 'M', '101001 ', '101001 ', '101001 ', '101001 ', '101001 ', '0', '0', '0', '0', '0', '0', '0', '0', '0', '1', '', '0', '0', '0000-00-00', '0000-00-00', '', '3'),
('78 PML', '14', '1', 'PLASTIC LDPE 2 KG', '', '', 'PC', 'B', '30199', '35190', '1191', '35200', '117100', '0', '0', '0', '0', '0', '0', '0', '0', '0', '0', 'S', '0', '1', '0000-00-00', '0000-00-00', '', '0'),
('78FG', '2', '1', 'RESSI TILE LATEX 205', '', '1 LTR', 'CN', 'M', '101001 ', '101001 ', '101001 ', '101001 ', '101001 ', '0', '0', '0', '0', '0', '0', '0', '0', '0', '0', '', '0', '0', '0000-00-00', '0000-00-00', '', '3'),
('79 PML', '14', '1', 'PAPER BAG 50 KG VALVE RPR 110', '', '', 'PC', 'B', '30199', '35190', '1191', '35200', '117100', '0', '0', '0', '0', '0', '0', '0', '0', '0', '0', 'S', '0', '1', '0000-00-00', '0000-00-00', '', '0'),
('79FG', '3', '1', 'RESSI SBR 1358 ', '', '', 'LTR', 'M', '30199', '35190', '1191', '35200', '117100', '0', '0', '0', '0', '0', '0', '0', '0', '0', '0', 'S', '0', '1', '0000-00-00', '0000-00-00', '', '0'),
('80 PML', '14', '1', 'CORRUGATED CARTON FOR 1 KG POUCH', '', '', 'PC', 'B', '30199', '35190', '1191', '35200', '117100', '0', '0', '0', '0', '0', '0', '0', '0', '0', '0', 'S', '0', '1', '0000-00-00', '0000-00-00', '', '0'),
('80FG', '3', '1', 'RESSI SBR 5813 ', '', '', 'LTR', 'M', '30199', '35190', '1191', '35200', '117100', '0', '0', '0', '0', '0', '0', '0', '0', '0', '0', 'S', '0', '1', '0000-00-00', '0000-00-00', '', '0'),
('81 PML', '14', '1', 'CORRUGATED CARTON FOR UNIVERSAL', '', '', 'PC', 'B', '30199', '35190', '1191', '35200', '117100', '0', '0', '0', '0', '0', '0', '0', '0', '0', '0', 'S', '0', '1', '0000-00-00', '0000-00-00', '', '0'),
('81FG', '3', '1', 'RESSI SBR 5840 ', '', '1 LTR', 'LTR', 'M', '101001 ', '101001 ', '101001 ', '101001 ', '101001 ', '0', '0', '0', '0', '0', '0', '0', '0', '0', '0', '', '0', '0', '0000-00-00', '0000-00-00', '', '11'),
('82 PML', '14', '1', 'PAPER BOX X 491', '', '', 'PC', 'B', '30199', '35190', '1191', '35200', '117100', '0', '0', '0', '0', '0', '0', '0', '0', '0', '0', 'S', '0', '1', '0000-00-00', '0000-00-00', '', '0'),
('82FG', '3', '2', 'RESSI SBR 5850', '', '1 LTR', 'LTR', 'D', '101001 ', '101001 ', '1021', '5014', '1023', '0', '0', '0', '0', '0', '0', '0', '0', '0', '0', '', '0', '0', '0000-00-00', '0000-00-00', '', '11'),
('83 PML', '14', '1', 'CORRUGATED CARTON FOR ZEPOXY', '', '', 'PC', 'B', '30199', '35190', '1191', '35200', '117100', '0', '0', '0', '0', '0', '0', '0', '0', '0', '0', 'S', '0', '1', '0000-00-00', '0000-00-00', '', '0'),
('83FG', '3', '1', 'RESSI POLYMER B', '', '', 'LTR', 'M', '30199', '35190', '1191', '35200', '117100', '0', '0', '0', '0', '0', '0', '0', '0', '0', '0', 'S', '0', '1', '0000-00-00', '0000-00-00', '', '0'),
('84 PML', '14', '1', 'PAPER BOX BATH SEAL 2K', '', '', 'PC', 'B', '30199', '35190', '1191', '35200', '117100', '0', '0', '0', '0', '0', '0', '0', '0', '0', '0', 'S', '0', '1', '0000-00-00', '0000-00-00', '', '0'),
('84FG', '4', '1', 'RPR 100', '', '', 'KG', 'M', '30199', '35190', '1191', '35200', '117100', '0', '0', '0', '0', '0', '0', '0', '0', '0', '0', 'S', '0', '1', '0000-00-00', '0000-00-00', '', '0'),
('85 PML', '14', '1', 'PLASTIC BAG TG 820 1KG', '', '', 'PC', 'B', '30199', '35190', '1191', '35200', '117100', '0', '0', '0', '0', '0', '0', '0', '0', '0', '0', 'S', '0', '1', '0000-00-00', '0000-00-00', '', '0'),
('85FG', '4', '1', 'RPR 110', 'RPR-110 Colour as per shade card provide to Muhammad Ali Baig SB', 'Plts', 'KG', 'M', '101001 ', '101001 ', '101001 ', '101001 ', '101001 ', '0', '0', '0', '0', '0', '0', '0', '0', '0', '0', '', '0', '0', '0000-00-00', '0000-00-00', '', '5'),
('86 PML', '14', '1', 'PAPER BOX ETG DP MATT', '', '', 'PC', 'B', '30199', '35190', '1191', '35200', '117100', '0', '0', '0', '0', '0', '0', '0', '0', '0', '0', 'S', '0', '1', '0000-00-00', '0000-00-00', '', '0'),
('86FG', '4', '1', 'RPR 110 0001 ', '', '', 'KG', 'M', '30199', '35190', '1191', '35200', '117100', '0', '0', '0', '0', '0', '0', '0', '0', '0', '0', 'S', '0', '1', '0000-00-00', '0000-00-00', '', '0'),
('87 PML', '14', '1', 'PAPER BOX ETG 2K', '', '', 'PC', 'B', '30199', '35190', '1191', '35200', '117100', '0', '0', '0', '0', '0', '0', '0', '0', '0', '0', 'S', '0', '1', '0000-00-00', '0000-00-00', '', '0'),
('87FG', '4', '1', 'RPR 110 0001 B ', '', '', 'KG', 'M', '30199', '35190', '1191', '35200', '117100', '0', '0', '0', '0', '0', '0', '0', '0', '0', '0', 'S', '0', '1', '0000-00-00', '0000-00-00', '', '0'),
('88 PML', '14', '1', 'PLASTIC BAG BATH SEAL 2K', '', '', 'PC', 'B', '30199', '35190', '1191', '35200', '117100', '0', '0', '0', '0', '0', '0', '0', '0', '0', '0', 'S', '0', '1', '0000-00-00', '0000-00-00', '', '0'),
('88FG', '4', '1', 'RPR 110 0002 ', '', '', 'KG', 'M', '30199', '35190', '1191', '35200', '117100', '0', '0', '0', '0', '0', '0', '0', '0', '0', '0', 'S', '0', '1', '0000-00-00', '0000-00-00', '', '0'),
('89 PML', '14', '1', 'PLASTIC BAG ETG DP MATT', '', '', 'PC', 'B', '30199', '35190', '1191', '35200', '117100', '0', '0', '0', '0', '0', '0', '0', '0', '0', '0', 'S', '0', '1', '0000-00-00', '0000-00-00', '', '0'),
('89FG', '4', '1', 'RPR 110 0003 ', '', '', 'KG', 'M', '30199', '35190', '1191', '35200', '117100', '0', '0', '0', '0', '0', '0', '0', '0', '0', '0', 'S', '0', '1', '0000-00-00', '0000-00-00', '', '0'),
('90 PML', '14', '1', 'PLASTIC BAG TG 2K', '', '', 'PC', 'B', '30199', '35190', '1191', '35200', '117100', '0', '0', '0', '0', '0', '0', '0', '0', '0', '0', 'S', '0', '1', '0000-00-00', '0000-00-00', '', '0'),
('90FG', '4', '1', 'RPR 110 1100 ', '', '', 'KG', 'M', '30199', '35190', '1191', '35200', '117100', '0', '0', '0', '0', '0', '0', '0', '0', '0', '0', 'S', '0', '1', '0000-00-00', '0000-00-00', '', '0'),
('91 PML', '14', '1', 'GLUE BOTTLE SMALL', '', '', 'PC', 'B', '30199', '35190', '1191', '35200', '117100', '0', '0', '0', '0', '0', '0', '0', '0', '0', '0', 'S', '0', '1', '0000-00-00', '0000-00-00', '', '0'),
('91FG', '4', '1', 'RPR 110 1101 ', '', '', 'KG', 'M', '30199', '35190', '1191', '35200', '117100', '0', '0', '0', '0', '0', '0', '0', '0', '0', '0', 'S', '0', '1', '0000-00-00', '0000-00-00', '', '0'),
('92 PML', '14', '1', 'GLUE BOTTLE MEDIUM', '', '', 'PC', 'B', '30199', '35190', '1191', '35200', '117100', '0', '0', '0', '0', '0', '0', '0', '0', '0', '0', 'S', '0', '1', '0000-00-00', '0000-00-00', '', '0'),
('92FG', '4', '1', 'RPR 110 1111 ', '', '', 'KG', 'M', '30199', '35190', '1191', '35200', '117100', '0', '0', '0', '0', '0', '0', '0', '0', '0', '0', 'S', '0', '1', '0000-00-00', '0000-00-00', '', '0'),
('93 PML', '14', '1', 'GLUE BOTTLE LARGE', '', '', 'PC', 'B', '30199', '35190', '1191', '35200', '117100', '0', '0', '0', '0', '0', '0', '0', '0', '0', '0', 'S', '0', '1', '0000-00-00', '0000-00-00', '', '0'),
('93FG', '4', '1', 'RPR 110 1200 ', '', '', 'KG', 'M', '30199', '35190', '1191', '35200', '117100', '0', '0', '0', '0', '0', '0', '0', '0', '0', '0', 'S', '0', '1', '0000-00-00', '0000-00-00', '', '0'),
('94 PML', '14', '1', 'CAP GLUE BOTTLE RED', '', '', 'PC', 'B', '30199', '35190', '1191', '35200', '117100', '0', '0', '0', '0', '0', '0', '0', '0', '0', '0', 'S', '0', '1', '0000-00-00', '0000-00-00', '', '0'),
('94FG', '4', '1', 'RPR 110 1210 ', '', '', 'KG', 'M', '30199', '35190', '1191', '35200', '117100', '0', '0', '0', '0', '0', '0', '0', '0', '0', '0', 'S', '0', '1', '0000-00-00', '0000-00-00', '', '0'),
('95 PML', '14', '1', 'CAP GLUE BOTTLE BLUE', '', '', 'PC', 'B', '30199', '35190', '1191', '35200', '117100', '0', '0', '0', '0', '0', '0', '0', '0', '0', '0', 'S', '0', '1', '0000-00-00', '0000-00-00', '', '0'),
('95FG', '4', '1', 'RPR 110 1211 ', '', '', 'KG', 'M', '30199', '35190', '1191', '35200', '117100', '0', '0', '0', '0', '0', '0', '0', '0', '0', '0', 'S', '0', '1', '0000-00-00', '0000-00-00', '', '0'),
('96 PML', '14', '1', 'PET BOTTLE WITH CAP (FLINT)', '', '', 'PC', 'B', '30199', '35190', '1191', '35200', '117100', '0', '0', '0', '0', '0', '0', '0', '0', '0', '0', 'S', '0', '1', '0000-00-00', '0000-00-00', '', '0'),
('96FG', '4', '1', 'RPR 110 1220 ', '', '', 'KG', 'M', '30199', '35190', '1191', '35200', '117100', '0', '0', '0', '0', '0', '0', '0', '0', '0', '0', 'S', '0', '1', '0000-00-00', '0000-00-00', '', '0'),
('97 PML', '14', '1', 'PET BOTTLE WITH CAP (SQUARE)', '', '', 'PC', 'B', '30199', '35190', '1191', '35200', '117100', '0', '0', '0', '0', '0', '0', '0', '0', '0', '0', 'S', '0', '1', '0000-00-00', '0000-00-00', '', '0'),
('97FG', '4', '1', 'RPR 110 1320', '', '', 'KG', 'M', '30199', '35190', '1191', '35200', '117100', '0', '0', '0', '0', '0', '0', '0', '0', '0', '0', 'S', '0', '1', '0000-00-00', '0000-00-00', '', '0'),
('98FG', '4', '1', 'RPR 110 2100 1', '', '', 'KG', 'M', '30199', '35190', '1191', '35200', '117100', '0', '0', '0', '0', '0', '0', '0', '0', '0', '0', 'S', '0', '1', '0000-00-00', '0000-00-00', '', '0'),
('99FG', '4', '1', 'RPR 110 5210 ', '', '', 'KG', 'M', '30199', '35190', '1191', '35200', '117100', '0', '0', '0', '0', '0', '0', '0', '0', '0', '0', 'S', '0', '1', '0000-00-00', '0000-00-00', '', '0');

### Structure of table `0_stock_moves` ###

DROP TABLE IF EXISTS `0_stock_moves`;

CREATE TABLE `0_stock_moves` (
  `trans_id` int(11) NOT NULL AUTO_INCREMENT,
  `trans_no` int(11) NOT NULL DEFAULT '0',
  `stock_id` char(20) COLLATE utf8_unicode_ci NOT NULL DEFAULT '',
  `type` smallint(6) NOT NULL DEFAULT '0',
  `loc_code` char(5) COLLATE utf8_unicode_ci NOT NULL DEFAULT '',
  `tran_date` date NOT NULL DEFAULT '0000-00-00',
  `person_id` int(11) NOT NULL,
  `price` double NOT NULL DEFAULT '0',
  `reference` char(40) COLLATE utf8_unicode_ci NOT NULL DEFAULT '',
  `qty` double NOT NULL DEFAULT '1',
  `standard_cost` double NOT NULL DEFAULT '0',
  `discount_percent` double NOT NULL,
  PRIMARY KEY (`trans_id`),
  KEY `type` (`type`,`trans_no`),
  KEY `Move` (`stock_id`,`loc_code`,`tran_date`)
) ENGINE=InnoDB AUTO_INCREMENT=8 DEFAULT CHARSET=utf8 COLLATE=utf8_unicode_ci ;

### Data of table `0_stock_moves` ###

INSERT INTO `0_stock_moves` VALUES
('4', '1', '2', '17', 'DEF', '2017-07-04', '0', '0', '001/2017', '50', '0', '0'),
('5', '1', '141FG', '25', 'DEF', '2017-08-01', '0', '60', '', '100', '84.03', '0'),
('6', '4', '161FG', '13', 'DEF', '2017-06-30', '0', '4444', 'auto', '-1', '0', '0'),
('7', '4', '13 DML', '13', 'DEF', '2017-06-30', '0', '4444', 'auto', '-1', '0', '0');

### Structure of table `0_supp_allocations` ###

DROP TABLE IF EXISTS `0_supp_allocations`;

CREATE TABLE `0_supp_allocations` (
  `id` int(11) NOT NULL AUTO_INCREMENT,
  `person_id` int(11) DEFAULT NULL,
  `amt` double unsigned DEFAULT NULL,
  `date_alloc` date NOT NULL DEFAULT '0000-00-00',
  `trans_no_from` int(11) DEFAULT NULL,
  `trans_type_from` int(11) DEFAULT NULL,
  `trans_no_to` int(11) DEFAULT NULL,
  `trans_type_to` int(11) DEFAULT NULL,
  PRIMARY KEY (`id`),
  UNIQUE KEY `trans_type_from` (`person_id`,`trans_type_from`,`trans_no_from`,`trans_type_to`,`trans_no_to`),
  KEY `From` (`trans_type_from`,`trans_no_from`),
  KEY `To` (`trans_type_to`,`trans_no_to`)
) ENGINE=InnoDB DEFAULT CHARSET=utf8 COLLATE=utf8_unicode_ci ;

### Data of table `0_supp_allocations` ###


### Structure of table `0_supp_invoice_items` ###

DROP TABLE IF EXISTS `0_supp_invoice_items`;

CREATE TABLE `0_supp_invoice_items` (
  `id` int(11) NOT NULL AUTO_INCREMENT,
  `supp_trans_no` int(11) DEFAULT NULL,
  `supp_trans_type` int(11) DEFAULT NULL,
  `gl_code` varchar(15) COLLATE utf8_unicode_ci NOT NULL DEFAULT '',
  `grn_item_id` int(11) DEFAULT NULL,
  `po_detail_item_id` int(11) DEFAULT NULL,
  `stock_id` varchar(20) COLLATE utf8_unicode_ci NOT NULL DEFAULT '',
  `description` tinytext COLLATE utf8_unicode_ci,
  `quantity` double NOT NULL DEFAULT '0',
  `unit_price` double NOT NULL DEFAULT '0',
  `unit_tax` double NOT NULL DEFAULT '0',
  `memo_` tinytext COLLATE utf8_unicode_ci,
  `dimension_id` int(11) NOT NULL DEFAULT '0',
  `dimension2_id` int(11) NOT NULL DEFAULT '0',
  PRIMARY KEY (`id`),
  KEY `Transaction` (`supp_trans_type`,`supp_trans_no`,`stock_id`)
) ENGINE=InnoDB AUTO_INCREMENT=3 DEFAULT CHARSET=utf8 COLLATE=utf8_unicode_ci ;

### Data of table `0_supp_invoice_items` ###

INSERT INTO `0_supp_invoice_items` VALUES
('1', '1', '20', '501601 ', '-1', '0', '', NULL, '0', '0', '0', 'fsdsafdsa', '0', '0'),
('2', '1', '20', '0', '1', '4', '141FG', 'ZHITE GLUE FULL', '0', '0', '15.9664', NULL, '0', '0');

### Structure of table `0_supp_trans` ###

DROP TABLE IF EXISTS `0_supp_trans`;

CREATE TABLE `0_supp_trans` (
  `trans_no` int(11) unsigned NOT NULL DEFAULT '0',
  `type` smallint(6) unsigned NOT NULL DEFAULT '0',
  `supplier_id` int(11) unsigned DEFAULT NULL,
  `reference` tinytext COLLATE utf8_unicode_ci NOT NULL,
  `supp_reference` varchar(60) COLLATE utf8_unicode_ci NOT NULL DEFAULT '',
  `tran_date` date NOT NULL DEFAULT '0000-00-00',
  `due_date` date NOT NULL DEFAULT '0000-00-00',
  `ov_amount` double NOT NULL DEFAULT '0',
  `ov_discount` double NOT NULL DEFAULT '0',
  `ov_gst` double NOT NULL DEFAULT '0',
  `gst_wh` double NOT NULL,
  `rate` double NOT NULL DEFAULT '1',
  `alloc` double NOT NULL DEFAULT '0',
  `tax_included` tinyint(1) NOT NULL DEFAULT '0',
  `supply_disc` int(11) NOT NULL,
  `service_disc` int(11) NOT NULL,
  `fbr_disc` int(11) NOT NULL,
  `srb_disc` int(11) NOT NULL,
  `write_back` int(11) NOT NULL,
  `supply_tax_id` int(11) NOT NULL,
  `service_tax_id` int(11) NOT NULL,
  `fbr_tax_id` int(11) NOT NULL,
  `srb_tax_id` int(11) NOT NULL,
  `cheque` int(11) NOT NULL,
  PRIMARY KEY (`type`,`trans_no`),
  KEY `supplier_id` (`supplier_id`),
  KEY `tran_date` (`tran_date`)
) ENGINE=InnoDB DEFAULT CHARSET=utf8 COLLATE=utf8_unicode_ci ;

### Data of table `0_supp_trans` ###

INSERT INTO `0_supp_trans` VALUES
('1', '20', '60', '001/2017', '43214321', '2017-08-01', '2017-09-17', '0', '0', '0', '0', '1', '0', '1', '0', '0', '0', '0', '0', '0', '0', '0', '0', '0');

### Structure of table `0_suppliers` ###

DROP TABLE IF EXISTS `0_suppliers`;

CREATE TABLE `0_suppliers` (
  `supplier_id` int(11) NOT NULL AUTO_INCREMENT,
  `supp_name` varchar(60) COLLATE utf8_unicode_ci NOT NULL DEFAULT '',
  `supp_ref` varchar(30) COLLATE utf8_unicode_ci NOT NULL DEFAULT '',
  `address` tinytext COLLATE utf8_unicode_ci NOT NULL,
  `supp_address` tinytext COLLATE utf8_unicode_ci NOT NULL,
  `gst_no` varchar(25) COLLATE utf8_unicode_ci NOT NULL DEFAULT '',
  `contact` varchar(60) COLLATE utf8_unicode_ci NOT NULL DEFAULT '',
  `supp_account_no` varchar(40) COLLATE utf8_unicode_ci NOT NULL DEFAULT '',
  `website` varchar(100) COLLATE utf8_unicode_ci NOT NULL DEFAULT '',
  `bank_account` varchar(60) COLLATE utf8_unicode_ci NOT NULL DEFAULT '',
  `curr_code` char(3) COLLATE utf8_unicode_ci DEFAULT NULL,
  `payment_terms` int(11) DEFAULT NULL,
  `tax_included` tinyint(1) NOT NULL DEFAULT '0',
  `dimension_id` int(11) DEFAULT '0',
  `dimension2_id` int(11) DEFAULT '0',
  `tax_group_id` int(11) DEFAULT NULL,
  `credit_limit` double NOT NULL DEFAULT '0',
  `purchase_account` varchar(15) COLLATE utf8_unicode_ci NOT NULL DEFAULT '',
  `payable_account` varchar(15) COLLATE utf8_unicode_ci NOT NULL DEFAULT '',
  `payment_discount_account` varchar(15) COLLATE utf8_unicode_ci NOT NULL DEFAULT '',
  `notes` tinytext COLLATE utf8_unicode_ci NOT NULL,
  `ntn_no` int(11) NOT NULL,
  `inactive` tinyint(1) NOT NULL DEFAULT '0',
  PRIMARY KEY (`supplier_id`),
  KEY `supp_ref` (`supp_ref`)
) ENGINE=InnoDB AUTO_INCREMENT=73 DEFAULT CHARSET=utf8 COLLATE=utf8_unicode_ci ;

### Data of table `0_suppliers` ###

INSERT INTO `0_suppliers` VALUES
('1', 'KAUKAWALA GENERAL TRADING', 'KAUKAWALA GENERAL TRADING', 'A, BUSINESS CENTRE 4, R.A.K. FREE TRADE ZONE,', '', '', '+971504876244', '', '', '', 'PKR', '4', '0', '0', '0', '1', '0', '', '2081', '701001', '', '0', '0'),
('2', 'SOFTPAK FINANCIAL SYSTEM', 'SOFTPAK FINANCIAL SYSTEM', '51 RIVER STREET,, WELLESELEY, MA 02481,  ', 'Lahore', '', '51 RIVER STREET,, WELLESELEY, MA 02', '', '', '', 'PKR', '1', '1', '0', '0', '1', '0', '', '2081', '701001', '', '0', '0'),
('3', 'M-TEC', 'M-TEC', 'M-TEC MATHIS TECHNIK GMBH OTTO-HAHN-STRA D-79395 NEUNBERG', '', '', '+497631709-0', '', '', '', 'PKR', '1', '1', '0', '0', '1', '0', '', '2081', '701001', '', '0', '0'),
('4', 'BURHANI SYNDICATE', 'BURHANI SYNDICATE', 'SHOP# 9A, RAWALPINDIWALA BUILDING, JESWANI STREET, SERAI ROAD,', '', '', '32425808', '', '', '', 'PKR', '1', '1', '0', '0', '1', '0', '', '2081', '701001', '', '0', '0'),
('5', 'UNITED PETROLEUM &amp; SVC STATION', 'UNITED PETROLEUM &amp; SVC STA', '', '', '', '', '', '', '', 'PKR', '1', '1', '0', '0', '1', '0', '', '2081', '701001', '', '980763', '0'),
('6', 'POLYMER ACCESS (PVT) LTD.', 'POLYMER ACCESS (PVT) LTD.', '309, PROGRESSIVE PLAZA, BEUMOUNT ROAD,', '', '', '021-35686244', '', '', '', 'PKR', '1', '1', '0', '0', '1', '0', '', '2081', '701001', '', '0', '0'),
('7', 'RESSICHEM INTERNATIONAL-VHL', 'RESSICHEM INTERNATIONAL-VHL', '309, PROGRESSIVE PLAZA, BEUMOUNT ROAD,  ', '', '', '111-052-052', '', '', '', 'PKR', '1', '1', '0', '0', '1', '0', '', '2081', '701001', '', '0', '0'),
('8', 'BESTWAY SERVICE STATION', 'BESTWAY SERVICE STATION', 'DR. ZIAUDDIN AHMED ROAD, OPP. POLO GROUND', '', '', '5688380', '', '', '', 'PKR', '1', '1', '0', '0', '1', '0', '', '2081', '701001', '', '1173714', '0'),
('9', 'GHANDHARA INDUSTRIES LIMITED', 'GHANDHARA INDUSTRIES LIMITED', 'SC-43, CHANDNI CHOWK, STADIUM ROAD,', '', '', '021-34937733,34933775,34934423', '', '', '', 'PKR', '1', '1', '0', '0', '1', '0', '', '2081', '701001', '', '0', '0'),
('10', 'N.J.AUTO INDUSTRY (PRIVATE) LIMITED', 'N.J.AUTO INDUSTRY (PRIVATE) LI', 'NOOR HOUSE, DARYALAL STREET, JODIA BAZAR,', '', '17-12-8708-022-91', '021-32720575', '', '', '', 'PKR', '1', '1', '0', '0', '1', '0', '', '2081', '701001', '', '2134894', '0'),
('11', 'SUNDRY CREDITOR', 'SUNDRY CREDITOR', 'KARACHI', '', '', '', '', '', '', 'PKR', '1', '1', '0', '0', '1', '0', '', '2081', '701001', '', '0', '0'),
('12', 'ABBAS &amp; CO.', 'ABBAS &amp; CO.', 'SUITE # 69, 2ND FLOOR, GLASS TOWER, MAIN CLIFTON ROAD, FRERE TOWN,', '', '', '+922132727979, 35639593', '', '', '', 'PKR', '1', '1', '0', '0', '1', '0', '', '2081', '701001', '', '623378', '0'),
('13', 'SAIFY &amp; CO.', 'SAIFY &amp; CO.', 'OFFICE NO.122, SAIMA TRADE TOWER, I.I. CHANDRIGAR ROAD,', '', '', '+922132624321', '', '', '', 'PKR', '1', '1', '0', '0', '1', '0', '', '2081', '701001', '', '757228', '0'),
('14', 'BADAMI LAW ASSOCIATES', 'BADAMI LAW ASSOCIATES', '210, 2ND FLOOR, BEAUMONT PLAZA, BEHIND P.I.D.C. HOUSE, BEAUMONT ROAD,', '', '', '021-35658857,35658858,35658859', '', '', '', 'PKR', '1', '1', '0', '0', '1', '0', '', '2081', '701001', '', '4350860', '0'),
('15', 'FOUR STAR CORPORATION', 'FOUR STAR CORPORATION', '506-507, UNI CENTER, 5TH FLOOR,I.I. CHANDRIGAR ROAD,', '', '12-00-9805-345-37', '+922132410156-7', '', '', '', 'PKR', '1', '1', '0', '0', '1', '0', '', '2081', '701001', '', '2311279', '0'),
('16', 'ATLAS INSURANCE', 'ATLAS INSURANCE', 'FEDERATION HOUSE, ABDULLAH SHAH GHAZI ROAD, MAIN CLIFTON,', '', '', '021-32421030', '', '', '', 'PKR', '1', '1', '0', '0', '1', '0', '', '2081', '701001', '', '2396345', '0'),
('17', 'HONDA - SITE', 'HONDA - SITE', 'C-1, MAIN MANGHOPIR ROAD, SITE', '', '11-02-9999-476-19', '021-32563857', '', '', '', 'PKR', '1', '1', '0', '0', '1', '0', '', '2081', '701001', '', '704028', '0'),
('18', 'KOHISTAN TRANSPORT', 'KOHISTAN TRANSPORT', 'A-8, BAKHAR GOTH, SOHRAB GOTH, SCHEME-33', '', '', '', '', '', '', 'PKR', '1', '1', '0', '0', '1', '0', '', '2081', '701001', '', '1215136', '0'),
('19', 'MUSAKHEL ENTERPRISES', 'MUSAKHEL ENTERPRISES', '6-A, Mohammad Ali Society A. Aziz Hashim Tabba Street Karachi - 75350, Pakistan   ', '', '', '+92 21 111 786 555', '', '', '', 'PKR', '1', '1', '0', '0', '1', '0', '', '2081', '701001', '', '4348341', '0'),
('20', 'PREMIER QUALITY  CHEMICALS PVT. LTD.', 'PREMIER QUALITY  CHEMICALS PVT', 'KHANNAH RANGRAN STOP  8- KM, MURIDKE SHIEKHUPURA ROAD', '', '03-00-3800-019-37', '042-35517163', '', '', '', 'PKR', '1', '1', '0', '0', '1', '0', '', '2081', '701001', '', '3332703', '0'),
('21', 'LUCKY CEMENT LTD.', 'LUCKY CEMENT LTD.', '58KM, MAIN SUPER HIGHWAY NEAR EDHI VILLAGE, KARACHI EAST', '', '05-03-2523-001-28', '111-786-555', '', '', '', 'PKR', '1', '1', '0', '0', '1', '0', '', '2081', '701001', '', '9807', '0'),
('22', 'RESSICHEM INTERNATIONAL', 'RESSICHEM INTERNATIONAL', 'PLOT#D-83, S.I.T.E, MANGHOPIR ROAD,', '', '12-00-3900-841-82', '021-32593800-02', '', '', '', 'PKR', '1', '1', '0', '0', '1', '0', '', '2081', '701001', '', '572216', '0'),
('23', 'CROWN MINES', 'CROWN MINES', 'B-15, BAKHAR GOTH, SOHRAB GOTH,', '', '12-04-9999-614-46', '021-37630336', '', '', '', 'PKR', '1', '1', '0', '0', '1', '0', '', '2081', '701001', '', '1215136', '0'),
('24', 'FEROZ &amp; SONS', 'FEROZ &amp; SONS', 'D-153, NEAR VALIKA HOSPITAL. SITE, MANGHOPIR ROAD', '', '42401-1577662-5', '', '', '', '', 'PKR', '1', '1', '0', '0', '1', '0', '', '2081', '701001', '', '2898984', '0'),
('25', 'BURHANI CHEMICAL', 'BURHANI CHEMICAL', 'SHOP#100, FEROZ PURWALA CENTER, BOLTEN MARKET. MA JINAH ROAD,', '', '', '021-32461853', '', '', '', 'PKR', '1', '1', '0', '0', '1', '0', '', '2081', '701001', '', '279875', '0'),
('26', 'AL-NOOR MARBLE CO.', 'AL-NOOR MARBLE CO.', 'PLOT#137, QASBA INDUSTRIAL AREA, MAIN MANGHOPIR ROAD,', '', '', '0332-3215264', '', '', '', 'PKR', '1', '1', '0', '0', '1', '0', '', '2081', '701001', '', '3749480', '0'),
('27', 'GUIDES CORPORATION', 'GUIDES CORPORATION', '416, MADINA CITY MALL, ABDULLAH HAROON ROAD, SADDAR', '', '11-00-2800-076-55', '35655241-2', '', '', '', 'PKR', '1', '1', '0', '0', '1', '0', '', '2081', '701001', '', '616508', '0'),
('28', 'THATTA CEMENT COMPANY LIMITED', 'THATTA CEMENT COMPANY LIMITED', 'HEAD OFFICE # 606-608-A, 6TH FLOOR, CONTINENTAL TRADE CENTER CLIFTON, BLOCK-8,', '', '', '021-111-842-882, 35303071-73', '', '', '', 'PKR', '1', '1', '0', '0', '1', '0', '', '2081', '701001', '', '712394', '0'),
('29', 'D.S ENTERPRISES', 'D.S ENTERPRISES', 'HAJVERY ARCADE, 2ND FLOOR,OFFICE#1, MAIN BUND ROAD,LAHORE.', '', '03-00-3835-423-15', '042-37146688,042-36110089', '', '', '', 'PKR', '1', '1', '0', '0', '1', '0', '', '2081', '701001', '', '3835423', '0'),
('30', 'REDA INDUSTRIAL MATERIALS PAKISTAN (PVT) LTD.', 'REDA INDUSTRIAL MATERIALS PAKI', 'G/F 002,PLOT NO.188-E/II, BLOCK-2, P.E.C.H.S. KARACHI PAKISTAN', '', '17-00-3800-021-37', '34302200-3', '', '', '', 'PKR', '1', '1', '0', '0', '1', '0', '', '2081', '701001', '', '2877554', '0'),
('31', 'SPECIALITY PRINTERS (PVT) LTD.', 'SPECIALITY PRINTERS (PVT) LTD.', 'F/159, SITE, OFF HUB RIVER ROAD,', '', '02-01-4816-004-55', '021-32579030-34', '', '', '', 'PKR', '1', '1', '0', '0', '1', '0', '', '2081', '701001', '', '800617', '0'),
('32', 'THAL LTD, PAKISTAN-PAPERSACK DIV.', 'THAL LTD, PAKISTAN-PAPERSACK D', '5TH FLOOR, SIDDIQ SONS TOWER, 3--JCHS,  MAIN SHARA-E-FAISAL,', '', '12-01-8415-001-64', '021-34312030-4', '', '', '', 'PKR', '1', '1', '0', '0', '1', '0', '', '2081', '701001', '', '711010', '0'),
('33', 'GUL HASSAN SAND SUPPLIER', 'GUL HASSAN SAND SUPPLIER', '62/21 PAK PEOPLES  COLONY BLOCK 21, FEDERAL B. AREA', '', '42101-1774526-5', '', '', '', '', 'PKR', '1', '1', '0', '0', '1', '0', '', '2081', '701001', '', '3677518', '0'),
('34', 'STANDARD PAINT INDUSTRIES', 'STANDARD PAINT INDUSTRIES', 'F-104, SITE, HAWKSBAY ROAD,', '', '02-01-3208-008-46', '021-32354391', '', '', '', 'PKR', '1', '1', '0', '0', '1', '0', '', '2081', '701001', '', '276897', '0'),
('35', 'PARAMOUNT MINERAL TRADING', 'PARAMOUNT MINERAL TRADING', 'BUFFERZONE', '', '', '021-36905446', '', '', '', 'PKR', '1', '1', '0', '0', '1', '0', '', '2081', '701001', '', '0', '0'),
('36', 'AMIN MARBLE STONE CURUSH', 'AMIN MARBLE STONE CURUSH', 'D/75-A, MANBHOPIR ROAD, SITE,', '', '', '03002195877', '', '', '', 'PKR', '1', '1', '0', '0', '1', '0', '', '2081', '701001', '', '3033825', '0'),
('37', 'SAAT TRADERS', 'SAAT TRADERS', '29-30, PAK CENTRE, PAKISTAN CHOWK', '', '12-22-9999-621-73', '021-32620280', '', '', '', 'PKR', '1', '1', '0', '0', '1', '0', '', '2081', '701001', '', '514954', '0'),
('38', 'AHMED TRADERS', 'AHMED TRADERS', 'PLOT #.97-24/1, STREET NO.01, K.S.1492 B.ROAD, BEHAR COLONY. KARACHI', '', '11-00-3923-057-55', '', '', '', '', 'PKR', '1', '1', '0', '0', '1', '0', '', '2081', '701001', '', '1139874', '0'),
('39', 'NOOR CHEMICALS', 'NOOR CHEMICALS', '4-A, AMIN ARCADE, PLOT #.7E, 27TH TAUHEED COMMERCIAL STREET, PHASE V, D.H.A., KARACHI', '', '', '021-35831406-7', '', '', '', 'PKR', '1', '1', '0', '0', '1', '0', '', '2081', '701001', '', '0', '0'),
('40', 'POWER CEMENT LIMITED', 'POWER CEMENT LIMITED', 'ARIF HABIB CENTRE 23, M.T. Khan Road,', '', '01-01-2523-004-46', '021-32468231-2', '', '', '', 'PKR', '1', '1', '0', '0', '1', '0', '', '2081', '701001', '', '700886', '0'),
('41', 'A.F.PRINTERS', 'A.F.PRINTERS', 'EBRAHIMJEE ESSAJEE BUILDING, PAKISTAN CHOWK,', '', '42301-0915872-7', '', '', '', '', 'PKR', '1', '1', '0', '0', '1', '0', '', '2081', '701001', '', '1278700', '0'),
('42', 'IMPORIENT CHEMICALS (PVT) LTD', 'IMPORIENT CHEMICALS (PVT) LTD', 'T-09, HAFEEZ CENTRE, MAIN BOULEVARD GULBERG-III,', '', '0390999965873', '', '', '', '', 'PKR', '1', '1', '0', '0', '1', '0', '', '2081', '701001', '', '683674', '0'),
('43', 'MAPLE LEAF CEMENT FACTORY LIMITED', 'MAPLE LEAF CEMENT FACTORY LIMI', '42-LAWRENCE ROAD. LAHORE, PAKISTAN.', '', '04-09-2523-001-91', '021-32316844', '', '', '', 'PKR', '1', '1', '0', '0', '1', '0', '', '2081', '701001', '', '786576', '0'),
('44', 'M/S MITHANI INDUSTRY (PVT) LTD', 'M/S MITHANI INDUSTRY (PVT) LTD', 'F-273 KAKA COMPOUND, SITE, KARACHI.', '', '17-00-3554-755-11', '', '', '', '', 'PKR', '1', '1', '0', '0', '1', '0', '', '2081', '701001', '', '3554755', '0'),
('45', 'SAIFY ENTERPRISES', 'SAIFY ENTERPRISES', 'SHOP#32, BURHANI CENTRE, JESWANI STREET, M.A. JINNAH ROAD,', '', '17-00-3831-440-11', '32428479', '', '', '', 'PKR', '1', '1', '0', '0', '1', '0', '', '2081', '701001', '', '3831440', '0'),
('46', 'PRINTING SERVICES (PVT) LTD.', 'PRINTING SERVICES (PVT) LTD.', 'F-42/A, HUB RIVER ROAD. S.I.T.E., KARACHI-75700, PAKISTAN', '', '02-02-3900-007-64', '021-2574861-64,2565443,2576936', '', '', '', 'PKR', '1', '1', '0', '0', '1', '0', '', '2081', '701001', '', '711728', '0'),
('47', 'M &amp; F COMMERCIAL CORPORATION (PVT) LTD.', 'M &amp; F COMMERCIAL CORPORATI', 'L-A 8/15, 8/16 BLOCK-22 FEDERAL &quot;B&quot; INDUSTRIAL AREA,', '', '', '021-36834486-90', '', '', '', 'PKR', '1', '1', '0', '0', '1', '0', '', '2081', '701001', '', '860414', '0'),
('48', 'MYSF IMPEX', 'MYSF IMPEX', '101/1 5TH COMMERCIAL STREET PHASE-4 D.H.A, KARACHI', '', '1750320600228', '', '', '', '', 'PKR', '1', '1', '0', '0', '1', '0', '', '2081', '701001', '', '3033831', '0'),
('49', 'POLY PACK INTERNATIONAL', 'POLY PACK INTERNATIONAL', 'B-7/A-1, Memon Complex, Block-M, North Nazimabad, Karachi.', '', '42101-1827065-7', '0300-2446513', '', '', '', 'PKR', '1', '1', '0', '0', '1', '0', '', '2081', '701001', '', '2241284', '0'),
('50', 'ATOM PROCESSOR AND SUPPLIES', 'ATOM PROCESSOR AND SUPPLIES', 'HOUSE # 109, BLOCK-21, PAK PEOPLES COLONY, BABA REHMAN ROAD,', '', '42201-8961577-3', '', '', '', '', 'PKR', '1', '1', '0', '0', '1', '0', '', '2081', '701001', '', '3599294', '0'),
('51', 'TURNING POINT', 'TURNING POINT', 'SIUTE # 18-19, MEZZANINE FLOOR, MUHAMMADI PRIDE, PAKISTAN CHOWK,', '', '42101-1712314-7', '32212390', '', '', '', 'PKR', '1', '1', '0', '0', '1', '0', '', '2081', '701001', '', '1440649', '0'),
('52', 'SUNRISE PLASTIC INDUSTRIES (PVT) LTD', 'SUNRISE PLASTIC INDUSTRIES (PV', 'F-105 HUB RIVER ROAD SITE', '', '02-01-3900-010-19', '021-32572469', '', '', '', 'PKR', '1', '1', '0', '0', '1', '0', '', '2081', '701001', '', '860347', '0'),
('53', 'ALPHA CHEMICAL CO', 'ALPHA CHEMICAL CO', 'AHMED ARCADE, DARYALAL STREET, JODIA BAZAR', '', '11-20-9999-509-73', '021-32472479', '', '', '', 'PKR', '1', '1', '0', '0', '1', '0', '', '2081', '701001', '', '626362', '0'),
('54', 'PLASTICS N PLASTICS PVT LTD', 'PLASTICS N PLASTICS PVT LTD', 'PLOT NO DP-45, SECTOR 12-D, NORTH KARACHI INDUSTRIAL AREA', '', '', '', '', '', '', 'PKR', '1', '1', '0', '0', '1', '0', '', '2081', '701001', '', '4360062', '0'),
('55', 'ALPHA CONTAINER INDUSTRIES PVT LTD', 'ALPHA CONTAINER INDUSTRIES PVT', 'SALE OFFICE, ROOM NO 3, 2ND FLOOR, ZAFAR NADEEM PLAZA 31-B, MAIN FAISAL TOWN', '', '02-017310-025-46', '042-35167429', '', '', '', 'PKR', '1', '1', '0', '0', '1', '0', '', '2081', '701001', '', '3239632', '0'),
('56', 'AL MEHRAN CHEMICALS', 'AL MEHRAN CHEMICALS', '104, 1ST FLOOR, A/30, M YOUSUF CHAMBER K.C.H SOCIETY BLOCK, 7-8 UNION COMM. AREA', '', '11-00-2800-007-64', '021-34320758-7', '', '', '', 'PKR', '1', '1', '0', '0', '1', '0', '', '2081', '701001', '', '897452', '0'),
('57', 'NEW PRIME CHEMICALS', 'NEW PRIME CHEMICALS', '4 ALVI CHAMBERS NORTH NAPIER ROAD', '', '', '021-32437022 - 021-32473304', '', '', '', 'PKR', '1', '1', '0', '0', '1', '0', '', '2081', '701001', '', '0', '0'),
('58', 'GUL BADIEN AND CO.', 'GUL BADIEN AND CO.', 'SOHRAB GOTH FEDERAL B AREA BLOCK 21 PAK PEOPLES COLONY', '', '42101-6985805-5', '', '', '', '', 'PKR', '1', '1', '0', '0', '1', '0', '', '2081', '701001', '', '7409572', '0'),
('59', 'ORIENT ENERGY SYSTEMS (PVT.) LTD.', 'ORIENT ENERGY SYSTEMS (PVT.) L', 'PLOT#16, SECTOR-24, KORANGI INDUSTRIAL AREA,', '', '17-50-8502-008-91', '021-', '', '', '', 'PKR', '1', '1', '0', '0', '1', '0', '', '2081', '701001', '', '3032072', '0'),
('60', '3 STAR WEIGHING ENTERPRISES', '3 STAR WEIGHING ENTERPRISES', 'OFFICE NO.306, 3RD FLOOR, PAK BAITUL QAYYAM BUILDING, HAQQANI CHOWK, I.I. CHANDRIGAR ROAD,', '', '42201-2275670-9', '+922132633176', '', '', '', 'PKR', '1', '1', '0', '0', '1', '0', '', '2081', '701001', '', '1187031', '0'),
('61', 'BURHANI PACKAGING MACHINERY', 'BURHANI PACKAGING MACHINERY', 'SHOP # 3/A, FAZAL CHAMBER, KHORI GARDEN,', '', '', '', '', '', '', 'PKR', '1', '1', '0', '0', '1', '0', '', '2081', '701001', '', '3236217', '0'),
('62', 'MASTER SOCIETY MOTORS', 'MASTER SOCIETY MOTORS', '87-S BLOCK 2, ALLAMA IQBAL ROAD, PECHS', '', '1700870803555', '34553058', '', '', '', 'PKR', '1', '1', '0', '0', '1', '0', '', '2081', '701001', '', '1201654', '0'),
('63', 'SAIFY IRON (PVT) LTD', 'SAIFY IRON (PVT) LTD', 'NISHTAR ROAD, OFF BABA-E-URDU ROAD', '', '12-20-9999-506-28', '32777202', '', '', '', 'PKR', '1', '1', '0', '0', '1', '0', '', '2081', '701001', '', '1234705', '0'),
('64', 'HAKIMI STEEL', 'HAKIMI STEEL', 'SHOP # 6, BISMILLAH TERRACE, NAJMUDDIN STREET, NANAKWARA,', '', '', '021-32760033', '', '', '', 'PKR', '1', '1', '0', '0', '1', '0', '', '2081', '701001', '', '1192843', '0'),
('65', '3D PRINTERS', '3D PRINTERS', 'SHOP # 5, BURHANI GARDEN, NEAR HAQANI CHOWK', '', '42501-1522471-7', '021-32623975', '', '', '', 'PKR', '1', '1', '0', '0', '1', '0', '', '2081', '701001', '', '1306681', '0'),
('66', 'KARACHI ELECTRIC SUPPLY CO.', 'KARACHI ELECTRIC SUPPLY CO.', '2ND FLOOR, ANUM TRADE CENTER, GHANI CHOWRANGI, SITE,  ', '', '12-00-2716-007-28', '118', '', '', '', 'PKR', '1', '1', '0', '0', '1', '0', '', '2081', '701001', '', '1543137', '0'),
('67', 'SUI SOUTHERN GAS LTD', 'SUI SOUTHERN GAS LTD', 'HASAN SQUARE', '', '', '', '', '', '', 'PKR', '1', '1', '0', '0', '1', '0', '', '2081', '701001', '', '0', '0'),
('68', 'SITE-WATER SUPPLY', 'SITE-WATER SUPPLY', '', '', '', '', '', '', '', 'PKR', '1', '1', '0', '0', '1', '0', '', '2081', '701001', '', '0', '0'),
('69', 'PAKISTAN TELECOMMUNICATION LTD.', 'PAKISTAN TELECOMMUNICATION LTD', 'EXCHANGE NO.024-EWSD-SITE-II DGTL  ', '', '07-01-8517-013-46', '', '', '', '', 'PKR', '1', '1', '0', '0', '1', '0', '', '2081', '701001', '', '801599', '0'),
('70', 'WI-TRIBE LIMITED', 'WI-TRIBE LIMITED', 'NORTH NAZIMABAD OUTLET', '', '', '111-187-423', '', '', '', 'PKR', '1', '1', '0', '0', '1', '0', '', '2081', '701001', '', '0', '0'),
('71', 'PAKISTAN MOBILINK COMMUNICATION LTD.', 'PAKISTAN MOBILINK COMMUNICATIO', '', '', '07-01-8517-004-37', '11300300', '', '', '', 'PKR', '1', '1', '0', '0', '1', '0', '', '2081', '701001', '', '802694', '0'),
('72', 'ZAKI BROTHERS', 'ZAKI BROTHERS', 'F-46 SITE', '', '02-06-6902-001-64', '32589740', '', '', '', 'PKR', '1', '1', '0', '0', '1', '0', '', '2081', '701001', '', '301354', '0');

### Structure of table `0_sys_prefs` ###

DROP TABLE IF EXISTS `0_sys_prefs`;

CREATE TABLE `0_sys_prefs` (
  `name` varchar(35) COLLATE utf8_unicode_ci NOT NULL DEFAULT '',
  `category` varchar(30) COLLATE utf8_unicode_ci DEFAULT NULL,
  `type` varchar(20) COLLATE utf8_unicode_ci NOT NULL DEFAULT '',
  `length` smallint(6) DEFAULT NULL,
  `value` text COLLATE utf8_unicode_ci NOT NULL,
  PRIMARY KEY (`name`),
  KEY `category` (`category`)
) ENGINE=InnoDB DEFAULT CHARSET=utf8 COLLATE=utf8_unicode_ci ;

### Data of table `0_sys_prefs` ###

INSERT INTO `0_sys_prefs` VALUES
('accounts_alpha', 'glsetup.general', 'tinyint', '1', '0'),
('accumulate_shipping', 'glsetup.customer', 'tinyint', '1', '0'),
('add_pct', 'setup.company', 'int', '5', '-1'),
('allow_negative_prices', 'glsetup.inventory', 'tinyint', '1', '1'),
('allow_negative_stock', 'glsetup.inventory', 'tinyint', '1', '0'),
('alternative_tax_include_on_docs', 'setup.company', 'tinyint', '1', ''),
('auto_curr_reval', 'setup.company', 'smallint', '6', ''),
('bank_charge_act', 'glsetup.general', 'varchar', '15', '601605 '),
('base_sales', 'setup.company', 'int', '11', '1'),
('bcc_email', 'setup.company', 'varchar', '100', ''),
('coy_logo', 'setup.company', 'varchar', '100', ''),
('coy_name', 'setup.company', 'varchar', '60', 'RESSiCHEM PRIVATE LIMITED'),
('coy_no', 'setup.company', 'varchar', '25', ''),
('creditors_act', 'glsetup.purchase', 'varchar', '15', '2081 '),
('curr_default', 'setup.company', 'char', '3', 'PKR'),
('debtors_act', 'glsetup.sales', 'varchar', '15', '1081 '),
('default_adj_act', 'glsetup.items', 'varchar', '15', '35200 '),
('default_cogs_act', 'glsetup.items', 'varchar', '15', '35190 '),
('default_credit_limit', 'glsetup.customer', 'int', '11', '0'),
('default_delivery_required', 'glsetup.sales', 'smallint', '6', '1'),
('default_dim_required', 'glsetup.dims', 'int', '11', '20'),
('default_inv_sales_act', 'glsetup.items', 'varchar', '15', '30199 '),
('default_inventory_act', 'glsetup.items', 'varchar', '15', '1191 '),
('default_loss_on_asset_disposal_act', 'glsetup.items', 'varchar', '15', '101001 '),
('default_prompt_payment_act', 'glsetup.sales', 'varchar', '15', '35201 '),
('default_quote_valid_days', 'glsetup.sales', 'smallint', '6', '30'),
('default_receival_required', 'glsetup.purchase', 'smallint', '6', '10'),
('default_sales_act', 'glsetup.sales', 'varchar', '15', ''),
('default_sales_discount_act', 'glsetup.sales', 'varchar', '15', '35201 '),
('default_wip_act', 'glsetup.items', 'varchar', '15', '117100 '),
('default_workorder_required', 'glsetup.manuf', 'int', '11', '20'),
('deferred_income_act', 'glsetup.sales', 'varchar', '15', ''),
('depreciation_period', 'glsetup.company', 'tinyint', '1', '1'),
('domicile', 'setup.company', 'varchar', '55', ''),
('email', 'setup.company', 'varchar', '100', 'info@ressichem.com'),
('exchange_diff_act', 'glsetup.general', 'varchar', '15', '601705 '),
('f_year', 'setup.company', 'int', '11', '3'),
('fax', 'setup.company', 'varchar', '30', ''),
('freight_act', 'glsetup.customer', 'varchar', '15', '101001 '),
('gl_closing_date', 'setup.closing_date', 'date', '8', ''),
('grn_clearing_act', 'glsetup.purchase', 'varchar', '15', ''),
('gst_no', 'setup.company', 'varchar', '25', ''),
('legal_text', 'glsetup.customer', 'tinytext', '0', ''),
('loc_notification', 'glsetup.inventory', 'tinyint', '1', ''),
('login_tout', 'setup.company', 'smallint', '6', '600'),
('logo_h', 'setup.company', 'varchar', '30', '100'),
('logo_w', 'setup.company', 'varchar', '30', '100'),
('no_customer_list', 'setup.company', 'tinyint', '1', '0'),
('no_item_list', 'setup.company', 'tinyint', '1', '0'),
('no_supplier_list', 'setup.company', 'tinyint', '1', '0'),
('no_zero_lines_amount', 'glsetup.sales', 'tinyint', '1', '1'),
('past_due_days', 'glsetup.general', 'int', '11', '30'),
('phone', 'setup.company', 'varchar', '30', '021-322593800'),
('po_over_charge', 'glsetup.purchase', 'int', '11', '10'),
('po_over_receive', 'glsetup.purchase', 'int', '11', '10'),
('postal_address', 'setup.company', 'tinytext', '0', 'Plot # D-83, S.I.T.E, Industrial Area, Manghopir Road, Karachi.'),
('print_invoice_no', 'glsetup.sales', 'tinyint', '1', '0'),
('print_item_images_on_quote', 'glsetup.inventory', 'tinyint', '1', ''),
('profit_loss_year_act', 'glsetup.general', 'varchar', '15', '999999 '),
('pyt_discount_act', 'glsetup.purchase', 'varchar', '15', '701001 '),
('retained_earnings_act', 'glsetup.general', 'varchar', '15', '251201 '),
('round_to', 'setup.company', 'int', '5', '1'),
('show_po_item_codes', 'glsetup.purchase', 'tinyint', '1', ''),
('suppress_tax_rates', 'setup.company', 'tinyint', '1', ''),
('tax_algorithm', 'glsetup.customer', 'tinyint', '1', '1'),
('tax_last', 'setup.company', 'int', '11', '1'),
('tax_prd', 'setup.company', 'int', '11', '1'),
('time_zone', 'setup.company', 'tinyint', '1', '0'),
('use_dimension', 'setup.company', 'tinyint', '1', '0'),
('use_fixed_assets', 'setup.company', 'tinyint', '1', ''),
('use_manufacturing', 'setup.company', 'tinyint', '1', ''),
('version_id', 'system', 'varchar', '11', '2.4.1');

### Structure of table `0_sys_prefs_new` ###

DROP TABLE IF EXISTS `0_sys_prefs_new`;

CREATE TABLE `0_sys_prefs_new` (
  `name` varchar(50) CHARACTER SET utf8mb4 COLLATE utf8mb4_unicode_ci NOT NULL DEFAULT '',
  `value` text CHARACTER SET utf8mb4 COLLATE utf8mb4_unicode_ci NOT NULL
) ENGINE=InnoDB DEFAULT CHARSET=latin1 ;

### Data of table `0_sys_prefs_new` ###

INSERT INTO `0_sys_prefs_new` VALUES
('sales_quotation', '1'),
('sale_order_entry', '1'),
('delivery_against', '1'),
('customer_credit_note', '1'),
('invoice_against', '1'),
('direct_invoice', '1'),
('customer_payment', '1'),
('allocate', '1'),
('sales_quotation_inquiry', '1'),
('sale_order_inquiry', '1'),
('customer_inquiry', '1'),
('customer_allocate_inquiry', '1'),
('sales_reports', '1'),
('manage_customer', '1'),
('customer_branches', '1'),
('sales_group', '1'),
('sales_type', '1'),
('sales_persons', '1'),
('sales_areas', '1'),
('wht_types', '1'),
('purchase_order', '1'),
('opom', '1'),
('direct_supplier_invoice', '1'),
('payments_suppliers', '1'),
('supplier_invoice', '1'),
('supplier_credit', '1'),
('allocates', '1'),
('purchase_order_inquiry', '1'),
('supplier_transaction_inquiry', '1'),
('allocate_inquiry', '1'),
('suppliers', '1'),
('supplier_reports', '1'),
('inventry_location', '1'),
('inventory_adjustments', '1'),
('inventory_item_movemnets', '1'),
('inventory_item_status', '1'),
('inventory_reports', '1'),
('items', '1'),
('foreign_item_codes', '1'),
('sales_kits', '1'),
('item_categories', '1'),
('inventory_locations', '1'),
('unit_measure', '1'),
('recorder_levels', '1'),
('import_csv', '1'),
('sales_pricing', '1'),
('purchase_pricing', '1'),
('standard_cost', '1'),
('bank_payments_voucher', '1'),
('bank_deposit_voucher', '1'),
('cash_payments_voucher', '1'),
('cash_receipt_voucher', '1'),
('bank_account_transfer', '1'),
('reconcile_account', '1'),
('gl', '1'),
('bank_account_inquiry', '1'),
('tax_inquiry', '1'),
('trial_balance', '1'),
('banking_reports', '1'),
('general_ledger', '1'),
('bank_account', '1'),
('quick_entries', '1'),
('account_tag', '1'),
('gl_account', '1'),
('gl_account_group', '1'),
('closing1', ''),
('journal_inquiry', '1'),
('company_setup', '1'),
('user_account_setup', '1'),
('access_setup', '1'),
('user_location', '1'),
('display_setup', '1'),
('transaction_ref', '1'),
('taxes', '1'),
('tax_group', '1'),
('item_tax_type', '1'),
('system_gl', '1'),
('fiscal_years', '1'),
('print_profile', '1'),
('payment_terms', '1'),
('shipping_company', '1'),
('point_sale', '1'),
('void_transaction', '1'),
('print_transaction', '1'),
('backup', '1'),
('drill_balance', '1'),
('pf_drill', '1'),
('delivery_against_text', 'Delivery Against Sales Orders'),
('invoice_against_text', 'Invoice Against Sales Delivery'),
('direct_invoice_text', 'Direct Invoice'),
('customer_payment_text', 'Customer Payments'),
('customer_credit_note_text', 'Customer Credit Note'),
('allocate_text', 'Allocate Customer Payments Or Credit Notes'),
('sales_quotation_inquiry_text', 'Sale Quotation Inquiry'),
('sale_order_inquiry_text', 'Sale Order Inquiry'),
('customer_inquiry_text', 'Customer Transaction Inquiry'),
('customer_allocate_inquiry_text', 'Customer Allocate Inquiry'),
('sales_reports_text', 'Customer And Sales Reports'),
('manage_customer_text', 'Add And Manage Customer'),
('customer_branches_text', 'Customer Branches'),
('sales_group_text', 'Sales Groups'),
('sales_type_text', 'Sales Type'),
('sales_persons_text', 'Sales Persons'),
('sales_areas_text', 'Sales Areas'),
('wht_types_text', 'WHT Types'),
('purchase_order_text', 'Purchase Order Entry'),
('opom_text', 'Outstanding Purchase Orders Maintenance'),
('direct_supplier_invoice_text', 'Direct Supplier Invoice'),
('payments_suppliers_text', 'Payments To Suppliers'),
('supplier_invoice_text', 'Supplier Invoices'),
('supplier_credit_text', 'Supplier Credit Notes'),
('allocates_text', 'Allocate Supplier Payments Or Credit Notes'),
('purchase_order_inquiry_text', 'Purchase Order Inquiry'),
('supplier_transaction_inquiry_text', 'Supplier Transaction Inquiry'),
('allocate_inquiry_text', 'Supplier Allocation Inquiry'),
('supplier_reports_text', 'Supplier And Purchasing Reports'),
('suppliers_text', 'Suppliers'),
('inventry_location_text', 'Inventory Location Transfer'),
('inventory_adjustments_text', 'Inventory Adjustments'),
('inventory_item_movemnets_text', 'Inventory Item Movements'),
('inventory_item_status_text', 'Inventory Item Status'),
('inventory_reports_text', 'Inventory Reports'),
('items_text', 'Items'),
('foreign_item_codes_text', 'Foreign Item Codes'),
('sales_kits_text', 'Sales Kits'),
('item_categories_text', 'Item Categories'),
('inventory_locations_text', 'Inventory Locations'),
('unit_measure_text', 'Units Of Measure'),
('recorder_levels_text', 'Recorder levels'),
('import_csv_text', 'Import CSV Items'),
('sales_pricing_text', 'Sales Pricing'),
('purchase_pricing_text', 'Purchasing Pricing'),
('standard_cost_text', 'Standard Costs'),
('bank_payments_voucher_text', 'Bank Payments Voucher'),
('bank_deposit_voucher_text', 'Bank Deposits Voucher'),
('cash_payments_voucher_text', 'Cash Payment Voucher'),
('cash_receipt_voucher_text', 'Cash Receipt Voucher'),
('bank_account_transfer_text', 'Bank Account Transfer'),
('journal_entry_text', 'Journal Entry'),
('reconcile_account_text', 'Reconcile Bank Account'),
('journal_inquiry_text', 'Journal Inquiry'),
('gl_text', 'GL Inquiry'),
('bank_account_inquiry_text', 'Bank Account Inquiry'),
('tax_inquiry_text', 'Tax Inquiry'),
('trial_balance_text', 'Trial Balance'),
('pf_drill_text', 'Balance Sheet drilldown'),
('drill_balance_text', 'Balance Sheet drilldown'),
('banking_reports_text', 'Banking Reports'),
('general_ledger_text', 'General Ledger Reports'),
('bank_account_text', 'Bank Account'),
('quick_entries_text', 'Quick Entries'),
('account_tag_text', 'Account Tags'),
('gl_account_text', 'GL Accounts'),
('gl_account_group_text', 'GL Account Groups'),
('closing_text1', ''),
('company_setup_text', 'Company Setup'),
('access_setup_text', 'Access Setup'),
('user_location_text', 'User Locations Access'),
('display_setup_text', 'Display Setup'),
('transaction_ref_text', 'Transaction References'),
('taxes_text', 'Taxes'),
('tax_group_text', 'Tax Group'),
('item_tax_type_text', 'Item Tax Type'),
('system_gl_text', 'System and General GL Setup'),
('fiscal_years_text', 'Fiscal Years'),
('print_profile_text', 'Print Profiles'),
('payment_terms_text', 'Payment Terms'),
('shipping_company_text', 'Shipping Company'),
('point_sale_text', 'Points Of Sale'),
('void_transaction_text', 'Void a Transaction'),
('print_transaction_text', 'View Or Print Transactions'),
('backup_text', 'Backup And Restore'),
('sales_quotation_text', 'Sale Quotation Entry'),
('sales_quotation', '1'),
('revaluation', '1'),
('closing', '1'),
('exchange_rates', '1'),
('currencies', '1'),
('revenue_cost', '1'),
('reconcile_account', '1'),
('gl_account_classes', '1'),
('revaluation_text', 'Revaluation'),
('closing_text', 'Closing GL Transactions'),
('exchange_rates_text', 'Exchange Rates'),
('currencies_text', 'Currencies'),
('revenue_cost_text', 'Revenue Cost'),
('reconcile_account_text', 'Reconcile Bank Account'),
('gl_account_classes_text', 'Gl Account CLasses'),
('sale_order_entry_text', 'Sale Order Entry'),
('journal_entry', '1'),
('user_account_setup_text', 'User Account Setup'),
('complete_voucher_text', 'Voucher Inquiry'),
('complete_voucher', '1');

### Structure of table `0_sys_types` ###

DROP TABLE IF EXISTS `0_sys_types`;

CREATE TABLE `0_sys_types` (
  `type_id` smallint(6) NOT NULL DEFAULT '0',
  `type_no` int(11) NOT NULL DEFAULT '1',
  `next_reference` varchar(100) COLLATE utf8_unicode_ci NOT NULL DEFAULT '',
  PRIMARY KEY (`type_id`)
) ENGINE=InnoDB DEFAULT CHARSET=utf8 COLLATE=utf8_unicode_ci ;

### Data of table `0_sys_types` ###

INSERT INTO `0_sys_types` VALUES
('0', '17', 'JV0001'),
('1', '7', 'BPV0001'),
('2', '4', 'BRV0001'),
('4', '3', 'FTV0001'),
('10', '16', 'SI0001'),
('11', '2', 'CCN001'),
('12', '6', 'CRV0001'),
('13', '1', 'DN001'),
('16', '2', 'LT001'),
('17', '2', 'IA01'),
('18', '1', 'PO0001'),
('20', '6', 'SI1511'),
('21', '1', 'SCN001'),
('22', '3', 'SP001'),
('25', '1', 'GRN001'),
('26', '1', 'WO001'),
('28', '1', 'WO001'),
('29', '1', 'WOP001'),
('30', '0', 'SO001'),
('32', '0', 'SQ001'),
('35', '1', 'CU001'),
('40', '1', 'D01'),
('41', '1', 'CPV001'),
('42', '1', 'CRV001');

### Structure of table `0_tag_associations` ###

DROP TABLE IF EXISTS `0_tag_associations`;

CREATE TABLE `0_tag_associations` (
  `record_id` varchar(15) COLLATE utf8_unicode_ci NOT NULL,
  `tag_id` int(11) NOT NULL,
  UNIQUE KEY `record_id` (`record_id`,`tag_id`)
) ENGINE=InnoDB DEFAULT CHARSET=utf8 COLLATE=utf8_unicode_ci ;

### Data of table `0_tag_associations` ###


### Structure of table `0_tags` ###

DROP TABLE IF EXISTS `0_tags`;

CREATE TABLE `0_tags` (
  `id` int(11) NOT NULL AUTO_INCREMENT,
  `type` smallint(6) NOT NULL,
  `name` varchar(30) COLLATE utf8_unicode_ci NOT NULL,
  `description` varchar(60) COLLATE utf8_unicode_ci DEFAULT NULL,
  `inactive` tinyint(1) NOT NULL DEFAULT '0',
  PRIMARY KEY (`id`),
  UNIQUE KEY `type` (`type`,`name`)
) ENGINE=InnoDB DEFAULT CHARSET=utf8 COLLATE=utf8_unicode_ci ;

### Data of table `0_tags` ###


### Structure of table `0_tax_group_items` ###

DROP TABLE IF EXISTS `0_tax_group_items`;

CREATE TABLE `0_tax_group_items` (
  `tax_group_id` int(11) NOT NULL DEFAULT '0',
  `tax_type_id` int(11) NOT NULL DEFAULT '0',
  `tax_shipping` tinyint(1) NOT NULL DEFAULT '0',
  PRIMARY KEY (`tax_group_id`,`tax_type_id`)
) ENGINE=InnoDB DEFAULT CHARSET=utf8 COLLATE=utf8_unicode_ci ;

### Data of table `0_tax_group_items` ###

INSERT INTO `0_tax_group_items` VALUES
('1', '1', '1');

### Structure of table `0_tax_groups` ###

DROP TABLE IF EXISTS `0_tax_groups`;

CREATE TABLE `0_tax_groups` (
  `id` int(11) NOT NULL AUTO_INCREMENT,
  `name` varchar(60) COLLATE utf8_unicode_ci NOT NULL DEFAULT '',
  `inactive` tinyint(1) NOT NULL DEFAULT '0',
  PRIMARY KEY (`id`),
  UNIQUE KEY `name` (`name`)
) ENGINE=InnoDB AUTO_INCREMENT=3 DEFAULT CHARSET=utf8 COLLATE=utf8_unicode_ci ;

### Data of table `0_tax_groups` ###

INSERT INTO `0_tax_groups` VALUES
('1', 'Tax', '0'),
('2', 'Tax Exempt', '0');

### Structure of table `0_tax_types` ###

DROP TABLE IF EXISTS `0_tax_types`;

CREATE TABLE `0_tax_types` (
  `id` int(11) NOT NULL AUTO_INCREMENT,
  `rate` double NOT NULL DEFAULT '0',
  `sales_gl_code` varchar(15) COLLATE utf8_unicode_ci NOT NULL DEFAULT '',
  `purchasing_gl_code` varchar(15) COLLATE utf8_unicode_ci NOT NULL DEFAULT '',
  `name` varchar(60) COLLATE utf8_unicode_ci NOT NULL DEFAULT '',
  `inactive` tinyint(1) NOT NULL DEFAULT '0',
  PRIMARY KEY (`id`)
) ENGINE=InnoDB AUTO_INCREMENT=2 DEFAULT CHARSET=utf8 COLLATE=utf8_unicode_ci ;

### Data of table `0_tax_types` ###

INSERT INTO `0_tax_types` VALUES
('1', '19', '2013', '2014', 'Tax', '0');

### Structure of table `0_trans_tax_details` ###

DROP TABLE IF EXISTS `0_trans_tax_details`;

CREATE TABLE `0_trans_tax_details` (
  `id` int(11) NOT NULL AUTO_INCREMENT,
  `trans_type` smallint(6) DEFAULT NULL,
  `trans_no` int(11) DEFAULT NULL,
  `tran_date` date NOT NULL,
  `tax_type_id` int(11) NOT NULL DEFAULT '0',
  `rate` double NOT NULL DEFAULT '0',
  `ex_rate` double NOT NULL DEFAULT '1',
  `included_in_price` tinyint(1) NOT NULL DEFAULT '0',
  `net_amount` double NOT NULL DEFAULT '0',
  `amount` double NOT NULL DEFAULT '0',
  `memo` tinytext COLLATE utf8_unicode_ci,
  `reg_type` tinyint(1) DEFAULT NULL,
  PRIMARY KEY (`id`),
  KEY `Type_and_Number` (`trans_type`,`trans_no`),
  KEY `tran_date` (`tran_date`)
) ENGINE=InnoDB AUTO_INCREMENT=11 DEFAULT CHARSET=utf8 COLLATE=utf8_unicode_ci ;

### Data of table `0_trans_tax_details` ###

INSERT INTO `0_trans_tax_details` VALUES
('1', '13', '1', '2017-07-04', '1', '19', '1', '1', '0', '0', 'auto', NULL),
('2', '10', '1', '2017-07-04', '1', '19', '1', '1', '0', '0', '001/2017', '0'),
('3', '13', '2', '2017-07-04', '1', '19', '1', '1', '0', '0', 'auto', NULL),
('4', '10', '2', '2017-07-04', '1', '19', '1', '1', '0', '0', '002/2017', '0'),
('5', '13', '3', '2017-07-04', '1', '19', '1', '1', '0', '0', 'auto', NULL),
('6', '10', '3', '2017-07-04', '1', '19', '1', '1', '0', '0', '003/2017', '0'),
('7', '20', '1', '2017-08-01', '1', '19', '1', '1', '0', '0', '43214321', '1'),
('8', '11', '1', '2017-06-30', '1', '19', '1', '1', '94.12', '17.88', '001/2017', '0'),
('9', '13', '4', '2017-06-30', '1', '19', '1', '1', '7468.9', '1419.09', 'auto', NULL),
('10', '10', '4', '2017-06-30', '1', '19', '1', '1', '7468.9', '1419.09', 'SI001/2017', '0');

### Structure of table `0_user_locations` ###

DROP TABLE IF EXISTS `0_user_locations`;

CREATE TABLE `0_user_locations` (
  `id` smallint(6) NOT NULL AUTO_INCREMENT,
  `loc_code` varchar(60) COLLATE utf8_unicode_ci NOT NULL DEFAULT '',
  `user_id` int(11) NOT NULL DEFAULT '1',
  `inactive` tinyint(1) NOT NULL DEFAULT '0',
  PRIMARY KEY (`id`)
) ENGINE=MyISAM AUTO_INCREMENT=9 DEFAULT CHARSET=utf8 COLLATE=utf8_unicode_ci ;

### Data of table `0_user_locations` ###

INSERT INTO `0_user_locations` VALUES
('1', 'DEF', '1', '0'),
('2', 'DEF', '2', '0'),
('3', 'DEF', '3', '0'),
('7', 'DEF', '5', '0'),
('5', 'DEF', '6', '0'),
('6', 'DEF', '4', '0'),
('8', 'DEF', '7', '0');

### Structure of table `0_useronline` ###

DROP TABLE IF EXISTS `0_useronline`;

CREATE TABLE `0_useronline` (
  `id` int(11) NOT NULL AUTO_INCREMENT,
  `timestamp` int(15) NOT NULL DEFAULT '0',
  `ip` varchar(40) COLLATE utf8_unicode_ci NOT NULL DEFAULT '',
  `file` varchar(100) COLLATE utf8_unicode_ci NOT NULL DEFAULT '',
  PRIMARY KEY (`id`),
  KEY `timestamp` (`timestamp`),
  KEY `ip` (`ip`)
) ENGINE=InnoDB DEFAULT CHARSET=utf8 COLLATE=utf8_unicode_ci ;

### Data of table `0_useronline` ###


### Structure of table `0_users` ###

DROP TABLE IF EXISTS `0_users`;

CREATE TABLE `0_users` (
  `id` smallint(6) NOT NULL AUTO_INCREMENT,
  `user_id` varchar(60) COLLATE utf8_unicode_ci NOT NULL DEFAULT '',
  `password` varchar(100) COLLATE utf8_unicode_ci NOT NULL DEFAULT '',
  `real_name` varchar(100) COLLATE utf8_unicode_ci NOT NULL DEFAULT '',
  `role_id` int(11) NOT NULL DEFAULT '1',
  `phone` varchar(30) COLLATE utf8_unicode_ci NOT NULL DEFAULT '',
  `email` varchar(100) COLLATE utf8_unicode_ci DEFAULT NULL,
  `language` varchar(20) COLLATE utf8_unicode_ci DEFAULT NULL,
  `date_format` tinyint(1) NOT NULL DEFAULT '0',
  `date_sep` tinyint(1) NOT NULL DEFAULT '0',
  `tho_sep` tinyint(1) NOT NULL DEFAULT '0',
  `dec_sep` tinyint(1) NOT NULL DEFAULT '0',
  `theme` varchar(20) COLLATE utf8_unicode_ci NOT NULL DEFAULT 'default',
  `page_size` varchar(20) COLLATE utf8_unicode_ci NOT NULL DEFAULT 'A4',
  `prices_dec` smallint(6) NOT NULL DEFAULT '2',
  `qty_dec` smallint(6) NOT NULL DEFAULT '2',
  `rates_dec` smallint(6) NOT NULL DEFAULT '4',
  `percent_dec` smallint(6) NOT NULL DEFAULT '1',
  `show_gl` tinyint(1) NOT NULL DEFAULT '1',
  `show_codes` tinyint(1) NOT NULL DEFAULT '0',
  `show_hints` tinyint(1) NOT NULL DEFAULT '0',
  `last_visit_date` datetime DEFAULT NULL,
  `query_size` tinyint(1) unsigned NOT NULL DEFAULT '10',
  `graphic_links` tinyint(1) DEFAULT '1',
  `pos` smallint(6) DEFAULT '1',
  `print_profile` varchar(30) COLLATE utf8_unicode_ci NOT NULL DEFAULT '',
  `rep_popup` tinyint(1) DEFAULT '1',
  `sticky_doc_date` tinyint(1) DEFAULT '0',
  `startup_tab` varchar(20) COLLATE utf8_unicode_ci NOT NULL DEFAULT '',
  `transaction_days` smallint(6) NOT NULL DEFAULT '30',
  `save_report_selections` smallint(6) NOT NULL DEFAULT '0',
  `use_date_picker` tinyint(1) NOT NULL DEFAULT '1',
  `def_print_destination` tinyint(1) NOT NULL DEFAULT '0',
  `def_print_orientation` tinyint(1) NOT NULL DEFAULT '0',
  `inactive` tinyint(1) NOT NULL DEFAULT '0',
  PRIMARY KEY (`id`),
  UNIQUE KEY `user_id` (`user_id`)
) ENGINE=InnoDB AUTO_INCREMENT=8 DEFAULT CHARSET=utf8 COLLATE=utf8_unicode_ci ;

### Data of table `0_users` ###

INSERT INTO `0_users` VALUES
('1', 'admin', 'e6a932cc8ec3516c62a37100f2ca9beb', 'Administrator', '2', '', NULL, 'C', '1', '2', '0', '0', 'premium', 'A4', '2', '2', '4', '1', '1', '0', '0', '2017-08-22 02:42:33', '10', '1', '1', '', '1', '0', 'dashboard', '30', '0', '1', '0', '0', '0'),
('4', 'aamir', '6a187acf3a64c7421e001b846201af97', 'Aamir Afaq Siddiqi', '2', '', NULL, 'C', '1', '2', '0', '0', 'premium', 'A4', '2', '2', '4', '1', '1', '0', '0', '2017-08-22 03:02:09', '10', '1', '1', '', '1', '0', 'dashboard', '30', '0', '1', '0', '0', '0'),
('5', 'saleem', '81dc9bdb52d04dc20036dbd8313ed055', 'Saleemuddin', '10', '', NULL, 'C', '1', '2', '0', '0', 'premium', 'A4', '2', '2', '4', '1', '1', '0', '0', '2017-07-05 06:17:36', '10', '1', '1', '', '1', '0', 'dashboard', '30', '0', '1', '0', '0', '0'),
('6', 'hanif', '81dc9bdb52d04dc20036dbd8313ed055', '', '2', '', NULL, 'C', '1', '2', '0', '0', 'premium', 'A4', '2', '2', '4', '1', '1', '0', '0', '2017-08-22 02:42:34', '10', '1', '1', '', '1', '0', 'dashboard', '30', '0', '1', '0', '0', '0'),
('7', 'aqadir', '81dc9bdb52d04dc20036dbd8313ed055', 'Abdul Qadir', '10', '', NULL, 'C', '1', '2', '0', '0', 'premium', 'A4', '2', '2', '4', '1', '1', '0', '0', NULL, '10', '1', '1', '', '1', '0', 'dashboard', '30', '0', '1', '0', '0', '0');

### Structure of table `0_voided` ###

DROP TABLE IF EXISTS `0_voided`;

CREATE TABLE `0_voided` (
  `type` int(11) NOT NULL DEFAULT '0',
  `id` int(11) NOT NULL DEFAULT '0',
  `date_` date NOT NULL DEFAULT '0000-00-00',
  `memo_` tinytext COLLATE utf8_unicode_ci NOT NULL,
  UNIQUE KEY `id` (`type`,`id`)
) ENGINE=InnoDB DEFAULT CHARSET=utf8 COLLATE=utf8_unicode_ci ;

### Data of table `0_voided` ###

INSERT INTO `0_voided` VALUES
('0', '17', '2017-08-01', ''),
('1', '1', '2017-08-01', ''),
('1', '2', '2017-08-01', ''),
('10', '1', '2017-07-12', ''),
('10', '2', '2017-07-12', ''),
('10', '3', '2017-07-12', ''),
('13', '1', '2017-07-12', ''),
('13', '2', '2017-07-12', ''),
('13', '3', '2017-07-12', ''),
('20', '1', '2017-08-02', '');

### Structure of table `0_widgets` ###

DROP TABLE IF EXISTS `0_widgets`;

CREATE TABLE `0_widgets` (
  `id` int(11) NOT NULL AUTO_INCREMENT,
  `user_id` smallint(6) NOT NULL,
  `column_id` int(11) NOT NULL,
  `sort_no` int(11) NOT NULL,
  `collapsed` tinyint(4) NOT NULL,
  `url` varchar(100) COLLATE utf8_bin NOT NULL,
  `title` varchar(100) COLLATE utf8_bin NOT NULL,
  `source` varchar(50) COLLATE utf8_bin NOT NULL,
  `width` varchar(50) COLLATE utf8_bin NOT NULL,
  `height` varchar(50) COLLATE utf8_bin NOT NULL,
  `is_system` tinyint(1) NOT NULL DEFAULT '0',
  `created_by` varchar(150) COLLATE utf8_bin NOT NULL,
  `dt_created` datetime NOT NULL,
  `updated_by` varchar(150) COLLATE utf8_bin DEFAULT NULL,
  `dt_updated` datetime DEFAULT NULL,
  PRIMARY KEY (`id`)
) ENGINE=InnoDB AUTO_INCREMENT=26 DEFAULT CHARSET=utf8 COLLATE=utf8_bin ;

### Data of table `0_widgets` ###

INSERT INTO `0_widgets` VALUES
('8', '3', '1', '0', '0', 'gl-in-fiscal-year.php', 'Profit and Loss', 'glfiscalyear', '100%', '370px', '1', '3', '2012-10-12 11:07:37', NULL, NULL),
('9', '3', '2', '0', '0', 'top-10-customer-in-fiscal-year.php', 'Top 10 customers in fiscal year', 'top10customerinfiscalyear', '100%', '630px', '1', '3', '2012-10-12 11:07:44', NULL, NULL),
('10', '2', '1', '0', '0', 'gl-in-fiscal-year.php', 'Profit and Loss', 'glfiscalyear', '100%', '370px', '1', '2', '2012-10-12 11:10:47', NULL, NULL),
('11', '2', '1', '1', '0', 'top-10-customer-in-fiscal-year.php', 'Top 10 customers in fiscal year', 'top10customerinfiscalyear', '100%', '630px', '1', '2', '2012-10-12 11:10:54', NULL, NULL),
('12', '2', '1', '2', '0', 'top-10-overdue-purchase-invoices.php', 'Top 10 Overdue Purchase Invoices', 'top10overduepurchaseinvoice', '100%', '300px', '1', '2', '2012-10-12 11:11:00', NULL, NULL),
('13', '2', '1', '3', '0', 'top-10-overdue-sales-invoices.php', 'Top 10 Overdue Sales Invoices', 'top10overduesalesinvoice', '100%', '300px', '1', '2', '2012-10-12 11:11:12', NULL, NULL),
('14', '2', '2', '1', '0', 'top-10-recent-sales-invoices.php', 'Top 10 Recent Sales Invoices', 'top10recentsalesinvoice', '100%', '300px', '1', '2', '2012-10-12 11:11:17', NULL, NULL),
('15', '2', '2', '3', '0', 'top-10-recent-sales-order.php', 'Top 10 Recent Sales Order', 'top10recentsalesorder', '100%', '300px', '1', '2', '2012-10-12 11:11:31', NULL, NULL),
('17', '2', '2', '0', '0', 'top-10-stock-in-fiscal-year.php', 'Top 10 Sold Items in fiscal year', 'top10iteminfiscalyear', '100%', '630px', '1', '2', '2012-10-12 11:11:37', NULL, NULL),
('18', '2', '2', '2', '0', 'top-10-supplier-in-fiscal-year.php', 'Top 10 suppliers in fiscal year', 'top10supplierinfiscalyear', '100%', '630px', '1', '2', '2012-10-12 11:11:45', NULL, NULL),
('19', '3', '1', '1', '0', 'top-10-overdue-purchase-invoices.php', 'Top 10 Overdue Purchase Invoices', 'top10overduepurchaseinvoice', '100%', '300px', '1', '3', '2012-10-12 11:15:30', NULL, NULL),
('21', '3', '2', '1', '0', 'top-10-overdue-sales-invoices.php', 'Top 10 Overdue Sales Invoices', 'top10overduesalesinvoice', '100%', '300px', '1', '3', '2012-10-12 11:15:48', NULL, NULL),
('22', '3', '1', '2', '0', 'top-10-recent-sales-invoices.php', 'Top 10 Recent Sales Invoices', 'top10recentsalesinvoice', '100%', '300px', '1', '3', '2012-10-12 11:15:56', NULL, NULL),
('23', '3', '1', '3', '0', 'top-10-recent-sales-order.php', 'Top 10 Recent Sales Order', 'top10recentsalesorder', '100%', '300px', '1', '3', '2012-10-12 11:16:03', NULL, NULL),
('24', '3', '2', '3', '0', 'top-10-stock-in-fiscal-year.php', 'Top 10 Sold Items in fiscal year', 'top10iteminfiscalyear', '100%', '630px', '1', '3', '2012-10-12 11:16:08', NULL, NULL),
('25', '3', '2', '2', '0', 'top-10-supplier-in-fiscal-year.php', 'Top 10 suppliers in fiscal year', 'top10supplierinfiscalyear', '100%', '630px', '1', '3', '2012-10-12 11:16:17', NULL, NULL);

### Structure of table `0_widgets_template` ###

DROP TABLE IF EXISTS `0_widgets_template`;

CREATE TABLE `0_widgets_template` (
  `id` int(11) NOT NULL AUTO_INCREMENT,
  `column_id` int(11) NOT NULL,
  `sort_no` int(11) NOT NULL,
  `collapsed` tinyint(4) NOT NULL,
  `url` varchar(100) NOT NULL,
  `title` varchar(100) NOT NULL,
  `source` varchar(50) NOT NULL,
  `width` varchar(50) NOT NULL,
  `height` varchar(50) NOT NULL,
  `is_system` tinyint(1) NOT NULL DEFAULT '0',
  `created_by` varchar(150) NOT NULL,
  `dt_created` datetime NOT NULL,
  `updated_by` varchar(150) DEFAULT NULL,
  `dt_updated` datetime DEFAULT NULL,
  PRIMARY KEY (`id`)
) ENGINE=InnoDB AUTO_INCREMENT=10 DEFAULT CHARSET=utf8 ;

### Data of table `0_widgets_template` ###

INSERT INTO `0_widgets_template` VALUES
('1', '2', '0', '0', 'top-10-customer-in-fiscal-year.php', 'Top 10 customers in fiscal year', 'top10customerinfiscalyear', '100%', '630px', '1', 'system', '2012-10-12 11:06:46', 'system', '2012-10-12 11:06:46'),
('2', '2', '0', '0', 'top-10-supplier-in-fiscal-year.php', 'Top 10 suppliers in fiscal year', 'top10supplierinfiscalyear', '100%', '630px', '1', 'system', '2012-10-12 11:06:46', 'system', '2012-10-12 11:06:46'),
('3', '2', '0', '0', 'top-10-stock-in-fiscal-year.php', 'Top 10 Sold Items in fiscal year', 'top10iteminfiscalyear', '100%', '630px', '1', 'system', '2012-10-12 11:06:46', 'system', '2012-10-12 11:06:46'),
('4', '2', '0', '0', 'top-10-dimension-in-fiscal-year.php', 'Top 10 Dimensions in fiscal year', 'top10dimensionfiscalyear', '100%', '370px', '1', 'system', '2012-10-12 11:06:46', 'system', '2012-10-12 11:06:46'),
('5', '2', '0', '0', 'top-10-overdue-sales-invoices.php', 'Top 10 Overdue Sales Invoices', 'top10overduesalesinvoice', '100%', '300px', '1', 'system', '2012-10-12 11:06:46', 'system', '2012-10-12 11:06:46'),
('6', '2', '0', '0', 'top-10-overdue-purchase-invoices.php', 'Top 10 Overdue Purchase Invoices', 'top10overduepurchaseinvoice', '100%', '300px', '1', 'system', '2012-10-12 11:06:46', 'system', '2012-10-12 11:06:46'),
('7', '2', '0', '0', 'gl-in-fiscal-year.php', 'Profit and Loss', 'glfiscalyear', '100%', '370px', '1', 'system', '2012-10-12 11:06:46', 'system', '2012-10-12 11:06:46'),
('8', '2', '0', '0', 'top-10-recent-sales-order.php', 'Top 10 Recent Sales Order', 'top10recentsalesorder', '100%', '300px', '1', 'system', '2012-10-12 11:06:46', 'system', '2012-10-12 11:06:46'),
('9', '2', '0', '0', 'top-10-recent-sales-invoices.php', 'Top 10 Recent Sales Invoices', 'top10recentsalesinvoice', '100%', '300px', '1', 'system', '2012-10-12 11:06:46', 'system', '2012-10-12 11:06:46');

### Structure of table `0_wo_costing` ###

DROP TABLE IF EXISTS `0_wo_costing`;

CREATE TABLE `0_wo_costing` (
  `id` int(11) NOT NULL AUTO_INCREMENT,
  `workorder_id` int(11) NOT NULL DEFAULT '0',
  `cost_type` tinyint(1) NOT NULL DEFAULT '0',
  `trans_type` int(11) NOT NULL DEFAULT '0',
  `trans_no` int(11) NOT NULL DEFAULT '0',
  `factor` double NOT NULL DEFAULT '1',
  PRIMARY KEY (`id`)
) ENGINE=InnoDB DEFAULT CHARSET=utf8 COLLATE=utf8_unicode_ci ;

### Data of table `0_wo_costing` ###


### Structure of table `0_wo_issue_items` ###

DROP TABLE IF EXISTS `0_wo_issue_items`;

CREATE TABLE `0_wo_issue_items` (
  `id` int(11) NOT NULL AUTO_INCREMENT,
  `stock_id` varchar(40) COLLATE utf8_unicode_ci DEFAULT NULL,
  `issue_id` int(11) DEFAULT NULL,
  `qty_issued` double DEFAULT NULL,
  `unit_cost` double NOT NULL DEFAULT '0',
  PRIMARY KEY (`id`)
) ENGINE=InnoDB DEFAULT CHARSET=utf8 COLLATE=utf8_unicode_ci ;

### Data of table `0_wo_issue_items` ###


### Structure of table `0_wo_issues` ###

DROP TABLE IF EXISTS `0_wo_issues`;

CREATE TABLE `0_wo_issues` (
  `issue_no` int(11) NOT NULL AUTO_INCREMENT,
  `workorder_id` int(11) NOT NULL DEFAULT '0',
  `reference` varchar(100) COLLATE utf8_unicode_ci DEFAULT NULL,
  `issue_date` date DEFAULT NULL,
  `loc_code` varchar(5) COLLATE utf8_unicode_ci DEFAULT NULL,
  `workcentre_id` int(11) DEFAULT NULL,
  PRIMARY KEY (`issue_no`),
  KEY `workorder_id` (`workorder_id`)
) ENGINE=InnoDB DEFAULT CHARSET=utf8 COLLATE=utf8_unicode_ci ;

### Data of table `0_wo_issues` ###


### Structure of table `0_wo_manufacture` ###

DROP TABLE IF EXISTS `0_wo_manufacture`;

CREATE TABLE `0_wo_manufacture` (
  `id` int(11) NOT NULL AUTO_INCREMENT,
  `reference` varchar(100) COLLATE utf8_unicode_ci DEFAULT NULL,
  `workorder_id` int(11) NOT NULL DEFAULT '0',
  `quantity` double NOT NULL DEFAULT '0',
  `date_` date NOT NULL DEFAULT '0000-00-00',
  PRIMARY KEY (`id`),
  KEY `workorder_id` (`workorder_id`)
) ENGINE=InnoDB DEFAULT CHARSET=utf8 COLLATE=utf8_unicode_ci ;

### Data of table `0_wo_manufacture` ###


### Structure of table `0_wo_requirements` ###

DROP TABLE IF EXISTS `0_wo_requirements`;

CREATE TABLE `0_wo_requirements` (
  `id` int(11) NOT NULL AUTO_INCREMENT,
  `workorder_id` int(11) NOT NULL DEFAULT '0',
  `stock_id` char(20) COLLATE utf8_unicode_ci NOT NULL DEFAULT '',
  `workcentre` int(11) NOT NULL DEFAULT '0',
  `units_req` double NOT NULL DEFAULT '1',
  `unit_cost` double NOT NULL DEFAULT '0',
  `loc_code` char(5) COLLATE utf8_unicode_ci NOT NULL DEFAULT '',
  `units_issued` double NOT NULL DEFAULT '0',
  PRIMARY KEY (`id`),
  KEY `workorder_id` (`workorder_id`)
) ENGINE=InnoDB DEFAULT CHARSET=utf8 COLLATE=utf8_unicode_ci ;

### Data of table `0_wo_requirements` ###


### Structure of table `0_workcentres` ###

DROP TABLE IF EXISTS `0_workcentres`;

CREATE TABLE `0_workcentres` (
  `id` int(11) NOT NULL AUTO_INCREMENT,
  `name` char(40) COLLATE utf8_unicode_ci NOT NULL DEFAULT '',
  `description` char(50) COLLATE utf8_unicode_ci NOT NULL DEFAULT '',
  `inactive` tinyint(1) NOT NULL DEFAULT '0',
  PRIMARY KEY (`id`),
  UNIQUE KEY `name` (`name`)
) ENGINE=InnoDB AUTO_INCREMENT=2 DEFAULT CHARSET=utf8 COLLATE=utf8_unicode_ci ;

### Data of table `0_workcentres` ###

INSERT INTO `0_workcentres` VALUES
('1', 'Work Centre', '', '0');

### Structure of table `0_workorders` ###

DROP TABLE IF EXISTS `0_workorders`;

CREATE TABLE `0_workorders` (
  `id` int(11) NOT NULL AUTO_INCREMENT,
  `wo_ref` varchar(60) COLLATE utf8_unicode_ci NOT NULL DEFAULT '',
  `loc_code` varchar(5) COLLATE utf8_unicode_ci NOT NULL DEFAULT '',
  `units_reqd` double NOT NULL DEFAULT '1',
  `stock_id` varchar(20) COLLATE utf8_unicode_ci NOT NULL DEFAULT '',
  `date_` date NOT NULL DEFAULT '0000-00-00',
  `type` tinyint(4) NOT NULL DEFAULT '0',
  `required_by` date NOT NULL DEFAULT '0000-00-00',
  `released_date` date NOT NULL DEFAULT '0000-00-00',
  `units_issued` double NOT NULL DEFAULT '0',
  `closed` tinyint(1) NOT NULL DEFAULT '0',
  `released` tinyint(1) NOT NULL DEFAULT '0',
  `additional_costs` double NOT NULL DEFAULT '0',
  PRIMARY KEY (`id`),
  UNIQUE KEY `wo_ref` (`wo_ref`)
) ENGINE=InnoDB DEFAULT CHARSET=utf8 COLLATE=utf8_unicode_ci ;

### Data of table `0_workorders` ###


### Structure of table `0_wth_tax_types` ###

DROP TABLE IF EXISTS `0_wth_tax_types`;

CREATE TABLE `0_wth_tax_types` (
  `id` smallint(6) unsigned NOT NULL AUTO_INCREMENT,
  `description` varchar(60) COLLATE utf8_unicode_ci NOT NULL DEFAULT '',
  `tax_percent` double NOT NULL DEFAULT '0',
  `code` varchar(15) COLLATE utf8_unicode_ci NOT NULL,
  `co_account` varchar(15) COLLATE utf8_unicode_ci NOT NULL,
  `level_id` int(11) NOT NULL DEFAULT '0',
  `wth_tax_category` int(11) NOT NULL,
  PRIMARY KEY (`id`),
  UNIQUE KEY `description` (`description`,`level_id`)
) ENGINE=MyISAM AUTO_INCREMENT=18 DEFAULT CHARSET=utf8 COLLATE=utf8_unicode_ci ;

### Data of table `0_wth_tax_types` ###

INSERT INTO `0_wth_tax_types` VALUES
('1', 'WHT Service', '0', 'wht_service', '1208', '0', '0'),
('2', 'WHT Supply of goods', '0', 'wht_supply', '1210', '0', '0'),
('3', 'WHT SRB Sales Tax', '0', 'wht_srb', '1209', '0', '0'),
('4', 'WHT Sales Tax FBR', '0', 'wht_fbr', '1207', '0', '0'),
('6', 'Filer Company', '4', '', '1210', '2', '3'),
('7', 'Nonfiler Company', '6', '', '1210', '2', '1'),
('8', 'Filer Other', '4.5', '', '1210', '2', '1'),
('9', 'Nonfile Other', '6.5', '', '1210', '2', '1'),
('10', 'Filer Company', '8', '', '1208', '1', '2'),
('11', 'Nonfiler Company', '12', '', '1208', '1', '2'),
('12', 'Filer Other', '10', '', '1208', '1', '2'),
('13', 'Nonfiler Other', '15', '', '1208', '1', '2'),
('14', 'SRB 1', '14', '', '1209', '3', '4'),
('15', 'SRB 2', '20', '', '1209', '3', '4'),
('16', 'FBR 1', '1', '', '1206', '4', '3'),
('17', 'FBR 2', '20', '', '1206', '4', '3');