# MySQL dump of database 'my_aipl' on host 'localhost'
# Backup Date and Time: 2017-08-23 01:38
# Built by SmartBiz 2.4.RC1
# http://smartbiz.cloud
# Company: AIPL
# User: Administrator

# Compatibility: 2.4.1


SET NAMES latin1;


### Structure of table `0_amortisation` ###

DROP TABLE IF EXISTS `0_amortisation`;

CREATE TABLE `0_amortisation` (
  `amortisation_id` bigint(20) unsigned NOT NULL AUTO_INCREMENT,
  `asset_id` int(11) DEFAULT NULL,
  `amortisation_year` int(11) DEFAULT NULL,
  `asset_value` double DEFAULT NULL,
  `amount` double DEFAULT NULL,
  `posted` int(11) NOT NULL DEFAULT '0',
  `inactive` tinyint(4) NOT NULL DEFAULT '0',
  `details` text,
  PRIMARY KEY (`amortisation_id`),
  UNIQUE KEY `amortisation_id` (`amortisation_id`),
  KEY `0_amortisation_asset_id` (`asset_id`)
) ENGINE=InnoDB DEFAULT CHARSET=latin1 ;

### Data of table `0_amortisation` ###


### Structure of table `0_areas` ###

DROP TABLE IF EXISTS `0_areas`;

CREATE TABLE `0_areas` (
  `area_code` int(11) NOT NULL AUTO_INCREMENT,
  `description` varchar(60) COLLATE utf8_unicode_ci NOT NULL DEFAULT '',
  `inactive` tinyint(1) NOT NULL DEFAULT '0',
  PRIMARY KEY (`area_code`),
  UNIQUE KEY `description` (`description`)
) ENGINE=InnoDB AUTO_INCREMENT=8 DEFAULT CHARSET=utf8 COLLATE=utf8_unicode_ci ;

### Data of table `0_areas` ###

INSERT INTO `0_areas` VALUES
('1', 'Switzerland', '0'),
('2', 'Germany', '0'),
('3', 'CAPETOWN-SOUTHAFRICA', '0'),
('4', 'England-Bradford', '0'),
('5', 'Sharjah UAE', '0'),
('6', 'LINZ-AUSTRIA', '0'),
('7', 'DUBAI-UAE', '0');

### Structure of table `0_asset_types` ###

DROP TABLE IF EXISTS `0_asset_types`;

CREATE TABLE `0_asset_types` (
  `asset_type_id` bigint(20) unsigned NOT NULL AUTO_INCREMENT,
  `asset_type_name` varchar(50) NOT NULL,
  `depreciation_type` int(11) NOT NULL DEFAULT '1',
  `depreciation_rate` double NOT NULL DEFAULT '10',
  `asset_account` varchar(15) DEFAULT NULL,
  `depreciation_account` varchar(15) DEFAULT NULL,
  `accumulated_account` varchar(15) DEFAULT NULL,
  `valuation_account` varchar(15) DEFAULT NULL,
  `disposal_account` varchar(15) DEFAULT NULL,
  `inactive` tinyint(4) NOT NULL DEFAULT '0',
  `details` text,
  PRIMARY KEY (`asset_type_id`),
  UNIQUE KEY `asset_type_id` (`asset_type_id`)
) ENGINE=InnoDB DEFAULT CHARSET=latin1 ;

### Data of table `0_asset_types` ###


### Structure of table `0_asset_valuations` ###

DROP TABLE IF EXISTS `0_asset_valuations`;

CREATE TABLE `0_asset_valuations` (
  `asset_valuation_id` bigint(20) unsigned NOT NULL AUTO_INCREMENT,
  `asset_id` int(11) DEFAULT NULL,
  `valuation_year` int(11) DEFAULT NULL,
  `asset_value` double NOT NULL DEFAULT '0',
  `value_change` double NOT NULL DEFAULT '0',
  `posted` int(11) NOT NULL DEFAULT '0',
  `inactive` tinyint(4) NOT NULL DEFAULT '0',
  `details` text,
  PRIMARY KEY (`asset_valuation_id`),
  UNIQUE KEY `asset_valuation_id` (`asset_valuation_id`),
  UNIQUE KEY `asset_id` (`asset_id`,`valuation_year`),
  KEY `0_asset_valuations_asset_id` (`asset_id`)
) ENGINE=InnoDB DEFAULT CHARSET=latin1 ;

### Data of table `0_asset_valuations` ###


### Structure of table `0_assets` ###

DROP TABLE IF EXISTS `0_assets`;

CREATE TABLE `0_assets` (
  `asset_id` bigint(20) unsigned NOT NULL AUTO_INCREMENT,
  `asset_type_id` int(11) DEFAULT NULL,
  `item_id` int(11) DEFAULT NULL,
  `asset_name` varchar(50) DEFAULT NULL,
  `asset_serial` varchar(50) DEFAULT NULL,
  `purchase_date` date NOT NULL,
  `purchase_value` double NOT NULL,
  `disposal_amount` double DEFAULT NULL,
  `disposal_date` date DEFAULT NULL,
  `disposal_posting` int(11) DEFAULT '0',
  `tag_number` varchar(50) DEFAULT NULL,
  `asset_location` varchar(50) DEFAULT NULL,
  `asset_condition` varchar(50) DEFAULT NULL,
  `asset_acquisition` varchar(50) DEFAULT NULL,
  `inactive` tinyint(4) NOT NULL DEFAULT '0',
  `details` text,
  PRIMARY KEY (`asset_id`),
  UNIQUE KEY `asset_id` (`asset_id`),
  KEY `0_assets_asset_type_id` (`asset_type_id`),
  KEY `0_assets_item_id` (`item_id`)
) ENGINE=InnoDB DEFAULT CHARSET=latin1 ;

### Data of table `0_assets` ###


### Structure of table `0_attachments` ###

DROP TABLE IF EXISTS `0_attachments`;

CREATE TABLE `0_attachments` (
  `id` int(11) unsigned NOT NULL AUTO_INCREMENT,
  `description` varchar(60) COLLATE utf8_unicode_ci NOT NULL DEFAULT '',
  `type_no` int(11) NOT NULL DEFAULT '0',
  `trans_no` int(11) NOT NULL DEFAULT '0',
  `unique_name` varchar(60) COLLATE utf8_unicode_ci NOT NULL DEFAULT '',
  `tran_date` date NOT NULL DEFAULT '0000-00-00',
  `filename` varchar(60) COLLATE utf8_unicode_ci NOT NULL DEFAULT '',
  `filesize` int(11) NOT NULL DEFAULT '0',
  `filetype` varchar(60) COLLATE utf8_unicode_ci NOT NULL DEFAULT '',
  PRIMARY KEY (`id`),
  KEY `type_no` (`type_no`,`trans_no`)
) ENGINE=InnoDB DEFAULT CHARSET=utf8 COLLATE=utf8_unicode_ci ;

### Data of table `0_attachments` ###


### Structure of table `0_audit_trail` ###

DROP TABLE IF EXISTS `0_audit_trail`;

CREATE TABLE `0_audit_trail` (
  `id` int(11) NOT NULL AUTO_INCREMENT,
  `type` smallint(6) unsigned NOT NULL DEFAULT '0',
  `trans_no` int(11) unsigned NOT NULL DEFAULT '0',
  `user` smallint(6) unsigned NOT NULL DEFAULT '0',
  `stamp` timestamp NOT NULL DEFAULT CURRENT_TIMESTAMP ON UPDATE CURRENT_TIMESTAMP,
  `description` varchar(60) COLLATE utf8_unicode_ci DEFAULT NULL,
  `fiscal_year` int(11) NOT NULL DEFAULT '0',
  `gl_date` date NOT NULL DEFAULT '0000-00-00',
  `gl_seq` int(11) unsigned DEFAULT NULL,
  PRIMARY KEY (`id`),
  KEY `Seq` (`fiscal_year`,`gl_date`,`gl_seq`),
  KEY `Type_and_Number` (`type`,`trans_no`)
) ENGINE=InnoDB AUTO_INCREMENT=532 DEFAULT CHARSET=utf8 COLLATE=utf8_unicode_ci ;

### Data of table `0_audit_trail` ###

INSERT INTO `0_audit_trail` VALUES
('1', '0', '18', '9', '2017-07-19 00:08:30', NULL, '3', '2017-07-01', NULL),
('2', '0', '18', '9', '2017-07-19 00:08:30', 'Voided.\n', '3', '2017-07-19', '0'),
('3', '0', '19', '9', '2017-07-19 07:58:13', NULL, '3', '2017-07-01', NULL),
('4', '0', '19', '9', '2017-08-18 00:50:42', 'Voided.\nDocument reentered.', '3', '2017-07-19', NULL),
('5', '0', '20', '9', '2017-07-20 05:36:22', NULL, '3', '2017-07-01', NULL),
('6', '22', '1', '9', '2017-07-20 05:35:34', NULL, '3', '2017-07-01', NULL),
('7', '22', '1', '9', '2017-07-20 05:35:34', 'Voided.\n', '3', '2017-07-20', '0'),
('8', '0', '20', '9', '2017-07-20 05:36:22', 'Voided.\n', '3', '2017-07-20', '0'),
('9', '0', '21', '9', '2017-07-20 06:45:59', NULL, '3', '2017-07-01', '0'),
('10', '22', '2', '9', '2017-07-20 06:47:15', NULL, '3', '2017-07-20', NULL),
('11', '22', '2', '9', '2017-07-20 06:47:15', 'Voided.\n', '3', '2017-07-20', '0'),
('12', '22', '3', '9', '2017-08-09 00:05:23', NULL, '3', '2017-07-01', NULL),
('13', '22', '4', '9', '2017-08-09 00:33:34', NULL, '3', '2017-07-03', NULL),
('14', '22', '5', '9', '2017-08-09 00:33:45', NULL, '3', '2017-07-03', NULL),
('15', '22', '6', '9', '2017-08-09 00:33:51', NULL, '3', '2017-07-01', NULL),
('16', '22', '7', '9', '2017-08-09 00:34:01', NULL, '3', '2017-07-20', NULL),
('17', '22', '8', '9', '2017-08-09 00:34:18', NULL, '3', '2017-07-01', NULL),
('18', '22', '9', '9', '2017-08-09 00:34:24', NULL, '3', '2017-07-01', NULL),
('19', '22', '10', '9', '2017-08-09 00:34:30', NULL, '3', '2017-07-01', NULL),
('20', '22', '11', '9', '2017-08-09 00:34:35', NULL, '3', '2017-07-01', NULL),
('21', '22', '12', '9', '2017-08-09 00:34:48', NULL, '3', '2017-07-01', NULL),
('22', '22', '13', '9', '2017-08-09 00:34:54', NULL, '3', '2017-07-10', NULL),
('23', '22', '14', '9', '2017-08-09 00:34:59', NULL, '3', '2017-07-01', NULL),
('24', '22', '15', '9', '2017-08-09 00:35:04', NULL, '3', '2017-07-01', NULL),
('25', '22', '16', '9', '2017-08-09 00:35:09', NULL, '3', '2017-07-01', NULL),
('26', '22', '17', '9', '2017-08-09 00:36:37', NULL, '3', '2017-07-05', NULL),
('27', '22', '18', '9', '2017-08-09 00:36:43', NULL, '3', '2017-07-05', NULL),
('28', '22', '19', '9', '2017-08-09 00:36:49', NULL, '3', '2017-07-08', NULL),
('29', '22', '20', '9', '2017-08-09 00:36:55', NULL, '3', '2017-07-01', NULL),
('30', '22', '21', '9', '2017-08-09 00:37:01', NULL, '3', '2017-07-10', NULL),
('31', '22', '22', '9', '2017-08-09 00:37:12', NULL, '3', '2017-07-01', NULL),
('32', '22', '23', '9', '2017-08-09 00:37:17', NULL, '3', '2017-07-08', NULL),
('33', '22', '24', '9', '2017-08-09 00:37:23', NULL, '3', '2017-07-07', NULL),
('34', '22', '25', '9', '2017-08-09 00:37:33', NULL, '3', '2017-07-01', NULL),
('35', '22', '26', '9', '2017-08-09 00:37:39', NULL, '3', '2017-07-01', NULL),
('36', '22', '27', '9', '2017-08-09 00:37:45', NULL, '3', '2017-07-20', NULL),
('37', '22', '28', '9', '2017-08-09 00:37:49', NULL, '3', '2017-07-12', NULL),
('38', '22', '29', '9', '2017-08-09 00:37:53', NULL, '3', '2017-07-13', NULL),
('39', '22', '30', '9', '2017-08-09 00:37:58', NULL, '3', '2017-07-13', NULL),
('40', '22', '31', '9', '2017-08-09 00:38:02', NULL, '3', '2017-07-13', NULL),
('41', '22', '32', '9', '2017-08-09 00:38:15', NULL, '3', '2017-07-14', NULL),
('42', '22', '33', '9', '2017-08-09 00:38:21', NULL, '3', '2017-07-14', NULL),
('43', '22', '34', '9', '2017-08-09 00:38:27', NULL, '3', '2017-07-18', NULL),
('44', '22', '35', '9', '2017-08-09 00:38:33', NULL, '3', '2017-07-15', NULL),
('45', '22', '36', '9', '2017-08-09 00:38:39', NULL, '3', '2017-07-18', NULL),
('46', '22', '37', '9', '2017-08-09 00:38:44', NULL, '3', '2017-07-18', NULL),
('47', '22', '38', '9', '2017-08-09 00:38:48', NULL, '3', '2017-07-15', NULL),
('48', '22', '39', '9', '2017-08-09 00:38:55', NULL, '3', '2017-07-15', NULL),
('49', '22', '40', '9', '2017-08-09 00:39:01', NULL, '3', '2017-07-15', NULL),
('50', '22', '41', '9', '2017-08-09 00:39:08', NULL, '3', '2017-07-17', NULL),
('51', '18', '1', '9', '2017-07-24 00:05:41', NULL, '3', '2017-07-01', '0'),
('52', '25', '1', '9', '2017-07-24 00:05:41', NULL, '3', '2017-07-01', '0'),
('53', '20', '1', '9', '2017-07-24 00:08:07', NULL, '3', '2017-07-01', NULL),
('54', '20', '1', '9', '2017-07-24 00:08:07', 'Voided.\n', '3', '2017-07-24', '0'),
('55', '18', '2', '9', '2017-07-24 00:14:27', NULL, '3', '2017-07-01', '0'),
('56', '25', '2', '9', '2017-07-24 00:14:27', NULL, '3', '2017-07-01', '0'),
('57', '20', '2', '9', '2017-07-24 00:15:44', NULL, '3', '2017-07-01', NULL),
('58', '20', '2', '9', '2017-07-24 00:15:44', 'Voided.\n', '3', '2017-07-24', '0'),
('59', '18', '3', '9', '2017-07-24 00:16:05', NULL, '3', '2017-07-01', '0'),
('60', '25', '3', '9', '2017-07-24 00:16:05', NULL, '3', '2017-07-01', '0'),
('61', '20', '3', '9', '2017-07-24 00:17:31', NULL, '3', '2017-07-01', NULL),
('62', '20', '3', '9', '2017-07-24 00:17:31', 'Voided.\n', '3', '2017-07-24', '0'),
('63', '30', '1', '9', '2017-07-24 00:19:23', NULL, '3', '2017-07-01', '0'),
('64', '13', '1', '9', '2017-07-24 00:23:11', NULL, '3', '2017-07-01', NULL),
('65', '10', '1', '9', '2017-07-24 00:23:11', NULL, '3', '2017-07-01', NULL),
('66', '13', '1', '9', '2017-07-24 00:23:11', 'Voided.', '3', '2017-07-24', '0'),
('67', '10', '1', '9', '2017-07-24 00:23:11', 'Voided.\n', '3', '2017-07-24', '0'),
('68', '30', '2', '9', '2017-07-24 00:25:41', NULL, '3', '2017-07-01', '0'),
('69', '13', '2', '9', '2017-07-26 01:16:08', NULL, '3', '2017-07-01', NULL),
('70', '10', '2', '9', '2017-07-26 01:16:08', NULL, '3', '2017-07-01', NULL),
('71', '13', '2', '9', '2017-07-26 01:16:08', 'Voided.', '3', '2017-07-26', '0'),
('72', '10', '2', '9', '2017-07-26 01:16:08', 'Voided.\n', '3', '2017-07-26', '0'),
('73', '18', '4', '9', '2017-07-26 04:47:51', NULL, '3', '2017-07-01', '0'),
('74', '25', '4', '9', '2017-07-26 04:47:51', NULL, '3', '2017-07-01', '0'),
('75', '20', '4', '9', '2017-07-26 04:53:16', NULL, '3', '2017-07-01', NULL),
('76', '20', '4', '9', '2017-07-26 04:53:16', 'Voided.\n', '3', '2017-07-26', '0'),
('77', '0', '22', '9', '2017-08-03 05:03:37', NULL, '3', '2017-07-01', '0'),
('78', '0', '23', '9', '2017-08-03 05:44:54', NULL, '3', '2017-07-01', '0'),
('79', '0', '24', '9', '2017-08-03 05:49:22', NULL, '3', '2017-07-01', '0'),
('80', '0', '25', '9', '2017-08-03 05:52:07', NULL, '3', '2017-07-01', '0'),
('81', '1', '1', '9', '2017-08-05 00:45:58', NULL, '3', '2017-08-05', NULL),
('82', '1', '1', '9', '2017-08-05 01:30:35', NULL, '3', '2017-08-05', NULL),
('83', '2', '1', '9', '2017-08-05 00:51:38', NULL, '3', '2017-08-05', NULL),
('84', '2', '1', '9', '2017-08-05 01:30:43', NULL, '3', '2017-08-05', NULL),
('85', '1', '1', '9', '2017-08-05 01:30:35', 'Voided.\n', '3', '2017-08-05', '0'),
('86', '2', '1', '9', '2017-08-05 01:30:43', 'Voided.\n', '3', '2017-08-05', '0'),
('87', '2', '2', '9', '2017-08-05 01:41:00', NULL, '3', '2017-08-05', NULL),
('88', '2', '2', '9', '2017-08-05 01:44:56', NULL, '3', '2017-08-05', NULL),
('89', '2', '2', '9', '2017-08-05 01:44:56', 'Voided.\n', '3', '2017-08-05', '0'),
('90', '0', '26', '9', '2017-08-07 00:07:16', NULL, '3', '2017-07-19', NULL),
('91', '0', '27', '9', '2017-08-05 02:18:47', NULL, '3', '2017-08-05', NULL),
('92', '0', '27', '9', '2017-08-05 02:18:47', 'Voided.\n', '3', '2017-08-05', '0'),
('93', '0', '28', '9', '2017-08-06 23:50:55', NULL, '3', '2017-07-04', '0'),
('94', '0', '26', '9', '2017-08-07 00:07:16', 'Voided.\nDocument reentered.', '3', '2017-08-07', '0'),
('95', '0', '29', '9', '2017-08-18 01:05:30', NULL, '3', '2017-07-19', NULL),
('96', '2', '3', '9', '2017-08-07 00:31:16', NULL, '3', '2017-07-05', '0'),
('97', '2', '4', '9', '2017-08-07 00:34:09', NULL, '3', '2017-07-05', '0'),
('98', '2', '5', '9', '2017-08-07 00:37:11', NULL, '3', '2017-07-07', '0'),
('99', '2', '6', '9', '2017-08-07 00:41:44', NULL, '3', '2017-07-07', '0'),
('100', '0', '30', '9', '2017-08-07 01:09:55', NULL, '3', '2017-07-07', '0'),
('101', '0', '31', '9', '2017-08-07 02:19:30', NULL, '3', '2017-07-10', '0'),
('102', '2', '7', '9', '2017-08-07 02:24:04', NULL, '3', '2017-07-11', '0'),
('103', '2', '8', '9', '2017-08-07 02:28:50', NULL, '3', '2017-07-12', '0'),
('104', '2', '9', '9', '2017-08-07 02:34:01', NULL, '3', '2017-07-12', '0'),
('105', '2', '10', '9', '2017-08-07 02:36:22', NULL, '3', '2017-07-12', '0'),
('106', '2', '11', '9', '2017-08-07 02:38:15', NULL, '3', '2017-07-13', '0'),
('107', '0', '32', '9', '2017-08-07 02:47:15', NULL, '3', '2017-07-13', '0'),
('108', '0', '33', '9', '2017-08-07 02:51:42', NULL, '3', '2017-07-13', '0'),
('109', '0', '34', '9', '2017-08-07 02:56:27', NULL, '3', '2017-07-17', '0'),
('110', '22', '3', '9', '2017-08-09 00:05:23', 'Voided.\n', '3', '2017-08-09', '0'),
('111', '22', '4', '9', '2017-08-09 00:33:34', 'Voided.\n', '3', '2017-08-09', '0'),
('112', '22', '5', '9', '2017-08-09 00:33:45', 'Voided.\n', '3', '2017-08-09', '0'),
('113', '22', '6', '9', '2017-08-09 00:33:51', 'Voided.\n', '3', '2017-08-09', '0'),
('114', '22', '7', '9', '2017-08-09 00:34:01', 'Voided.\n', '3', '2017-08-09', '0'),
('115', '22', '8', '9', '2017-08-09 00:34:18', 'Voided.\n', '3', '2017-08-09', '0'),
('116', '22', '9', '9', '2017-08-09 00:34:24', 'Voided.\n', '3', '2017-08-09', '0'),
('117', '22', '10', '9', '2017-08-09 00:34:30', 'Voided.\n', '3', '2017-08-09', '0'),
('118', '22', '11', '9', '2017-08-09 00:34:35', 'Voided.\n', '3', '2017-08-09', '0'),
('119', '22', '12', '9', '2017-08-09 00:34:48', 'Voided.\n', '3', '2017-08-09', '0'),
('120', '22', '13', '9', '2017-08-09 00:34:54', 'Voided.\n', '3', '2017-08-09', '0'),
('121', '22', '14', '9', '2017-08-09 00:34:59', 'Voided.\n', '3', '2017-08-09', '0'),
('122', '22', '15', '9', '2017-08-09 00:35:04', 'Voided.\n', '3', '2017-08-09', '0'),
('123', '22', '16', '9', '2017-08-09 00:35:09', 'Voided.\n', '3', '2017-08-09', '0'),
('124', '22', '17', '9', '2017-08-09 00:36:37', 'Voided.\n', '3', '2017-08-09', '0'),
('125', '22', '18', '9', '2017-08-09 00:36:43', 'Voided.\n', '3', '2017-08-09', '0'),
('126', '22', '19', '9', '2017-08-09 00:36:49', 'Voided.\n', '3', '2017-08-09', '0'),
('127', '22', '20', '9', '2017-08-09 00:36:55', 'Voided.\n', '3', '2017-08-09', '0'),
('128', '22', '21', '9', '2017-08-09 00:37:01', 'Voided.\n', '3', '2017-08-09', '0'),
('129', '22', '22', '9', '2017-08-09 00:37:12', 'Voided.\n', '3', '2017-08-09', '0'),
('130', '22', '23', '9', '2017-08-09 00:37:17', 'Voided.\n', '3', '2017-08-09', '0'),
('131', '22', '24', '9', '2017-08-09 00:37:23', 'Voided.\n', '3', '2017-08-09', '0'),
('132', '22', '25', '9', '2017-08-09 00:37:33', 'Voided.\n', '3', '2017-08-09', '0'),
('133', '22', '26', '9', '2017-08-09 00:37:39', 'Voided.\n', '3', '2017-08-09', '0'),
('134', '22', '27', '9', '2017-08-09 00:37:45', 'Voided.\n', '3', '2017-08-09', '0'),
('135', '22', '28', '9', '2017-08-09 00:37:49', 'Voided.\n', '3', '2017-08-09', '0'),
('136', '22', '29', '9', '2017-08-09 00:37:53', 'Voided.\n', '3', '2017-08-09', '0'),
('137', '22', '30', '9', '2017-08-09 00:37:58', 'Voided.\n', '3', '2017-08-09', '0'),
('138', '22', '31', '9', '2017-08-09 00:38:02', 'Voided.\n', '3', '2017-08-09', '0'),
('139', '22', '32', '9', '2017-08-09 00:38:15', 'Voided.\n', '3', '2017-08-09', '0'),
('140', '22', '33', '9', '2017-08-09 00:38:21', 'Voided.\n', '3', '2017-08-09', '0'),
('141', '22', '34', '9', '2017-08-09 00:38:27', 'Voided.\n', '3', '2017-08-09', '0'),
('142', '22', '35', '9', '2017-08-09 00:38:33', 'Voided.\n', '3', '2017-08-09', '0'),
('143', '22', '36', '9', '2017-08-09 00:38:39', 'Voided.\n', '3', '2017-08-09', '0'),
('144', '22', '37', '9', '2017-08-09 00:38:44', 'Voided.\n', '3', '2017-08-09', '0'),
('145', '22', '38', '9', '2017-08-09 00:38:48', 'Voided.\n', '3', '2017-08-09', '0'),
('146', '22', '39', '9', '2017-08-09 00:38:55', 'Voided.\n', '3', '2017-08-09', '0'),
('147', '22', '40', '9', '2017-08-09 00:39:01', 'Voided.\n', '3', '2017-08-09', '0'),
('148', '22', '41', '9', '2017-08-09 00:39:08', 'Voided.\n', '3', '2017-08-09', '0'),
('149', '30', '3', '9', '2017-08-09 01:08:40', NULL, '3', '2017-08-08', NULL),
('150', '30', '3', '10', '2017-08-09 01:08:40', 'Updated.', '3', '2017-08-08', '0'),
('151', '0', '35', '9', '2017-08-09 01:22:45', NULL, '3', '2017-07-03', '0'),
('152', '0', '36', '9', '2017-08-09 01:40:23', NULL, '3', '2017-08-09', NULL),
('153', '0', '36', '9', '2017-08-09 01:40:23', 'Voided.\n', '3', '2017-08-09', '0'),
('154', '0', '37', '9', '2017-08-09 01:41:31', NULL, '3', '2017-07-03', '0'),
('155', '0', '38', '9', '2017-08-09 01:45:06', NULL, '3', '2017-07-03', '0'),
('156', '0', '39', '9', '2017-08-09 01:48:01', NULL, '3', '2017-07-03', '0'),
('157', '0', '40', '9', '2017-08-09 01:50:30', NULL, '3', '2017-07-05', '0'),
('158', '0', '41', '9', '2017-08-09 01:52:30', NULL, '3', '2017-07-05', '0'),
('159', '0', '42', '9', '2017-08-09 01:54:34', NULL, '3', '2017-07-05', '0'),
('160', '0', '43', '9', '2017-08-09 01:56:12', NULL, '3', '2017-07-05', '0'),
('161', '0', '44', '9', '2017-08-09 01:57:53', NULL, '3', '2017-07-05', '0'),
('162', '0', '45', '9', '2017-08-09 01:59:34', NULL, '3', '2017-07-05', '0'),
('163', '0', '46', '9', '2017-08-10 00:25:10', NULL, '3', '2017-07-05', NULL),
('164', '0', '47', '9', '2017-08-09 02:06:22', NULL, '3', '2017-07-05', '0'),
('165', '0', '48', '9', '2017-08-09 02:08:22', NULL, '3', '2017-07-06', '0'),
('166', '0', '49', '9', '2017-08-09 02:09:46', NULL, '3', '2017-07-07', '0'),
('167', '0', '50', '9', '2017-08-09 02:11:36', NULL, '3', '2017-07-10', '0'),
('168', '0', '51', '9', '2017-08-09 02:13:13', NULL, '3', '2017-07-10', '0'),
('169', '0', '52', '9', '2017-08-09 02:14:49', NULL, '3', '2017-07-06', '0'),
('170', '0', '53', '9', '2017-08-09 02:16:55', NULL, '3', '2017-07-10', '0'),
('171', '0', '54', '9', '2017-08-09 02:19:03', NULL, '3', '2017-07-06', '0'),
('172', '0', '55', '9', '2017-08-09 02:20:51', NULL, '3', '2017-07-10', '0'),
('173', '0', '56', '9', '2017-08-09 02:22:41', NULL, '3', '2017-07-07', '0'),
('174', '0', '57', '9', '2017-08-09 02:24:11', NULL, '3', '2017-07-11', '0'),
('175', '0', '58', '9', '2017-08-09 02:25:40', NULL, '3', '2017-07-11', '0'),
('176', '0', '59', '9', '2017-08-09 02:27:29', NULL, '3', '2017-07-11', '0'),
('177', '0', '60', '9', '2017-08-09 02:28:40', NULL, '3', '2017-07-12', '0'),
('178', '0', '61', '9', '2017-08-09 02:30:45', NULL, '3', '2017-07-12', '0'),
('179', '30', '4', '9', '2017-08-09 05:19:43', NULL, '3', '2017-08-09', NULL),
('180', '0', '62', '9', '2017-08-09 02:35:38', NULL, '3', '2017-07-13', '0'),
('181', '0', '63', '9', '2017-08-09 02:38:38', NULL, '3', '2017-07-13', '0'),
('182', '0', '64', '9', '2017-08-09 02:39:58', NULL, '3', '2017-07-13', '0'),
('183', '0', '65', '9', '2017-08-09 02:41:12', NULL, '3', '2017-07-13', '0'),
('184', '0', '66', '9', '2017-08-09 02:50:31', NULL, '3', '2017-07-13', '0'),
('185', '0', '67', '9', '2017-08-09 02:51:52', NULL, '3', '2017-07-13', '0'),
('186', '0', '68', '9', '2017-08-09 02:57:51', NULL, '3', '2017-07-14', '0'),
('187', '0', '69', '9', '2017-08-09 02:59:12', NULL, '3', '2017-07-14', '0'),
('188', '0', '70', '9', '2017-08-09 04:15:45', NULL, '3', '2017-07-14', '0'),
('189', '0', '71', '9', '2017-08-09 04:17:26', NULL, '3', '2017-07-18', '0'),
('190', '0', '72', '9', '2017-08-09 04:22:38', NULL, '3', '2017-07-18', '0'),
('191', '0', '73', '9', '2017-08-09 04:25:58', NULL, '3', '2017-07-18', '0'),
('192', '0', '74', '9', '2017-08-09 04:27:31', NULL, '3', '2017-07-18', '0'),
('193', '0', '75', '9', '2017-08-09 04:28:49', NULL, '3', '2017-07-17', '0'),
('194', '0', '76', '9', '2017-08-09 04:35:05', NULL, '3', '2017-07-17', '0'),
('195', '0', '77', '9', '2017-08-17 00:17:43', NULL, '3', '2017-07-17', NULL),
('196', '0', '78', '9', '2017-08-09 04:43:33', NULL, '3', '2017-07-18', '0'),
('197', '0', '79', '9', '2017-08-09 04:58:58', NULL, '3', '2017-07-19', '0'),
('198', '0', '80', '9', '2017-08-09 05:06:11', NULL, '3', '2017-07-25', '0'),
('199', '0', '81', '9', '2017-08-09 05:08:30', NULL, '3', '2017-07-24', '0'),
('200', '0', '82', '9', '2017-08-09 05:14:43', NULL, '3', '2017-07-31', '0'),
('201', '0', '83', '9', '2017-08-09 05:16:04', NULL, '3', '2017-07-20', '0'),
('202', '0', '84', '9', '2017-08-09 05:17:37', NULL, '3', '2017-07-20', '0'),
('203', '0', '85', '9', '2017-08-09 05:18:39', NULL, '3', '2017-07-20', '0'),
('204', '0', '86', '9', '2017-08-09 05:19:43', NULL, '3', '2017-07-31', '0'),
('205', '30', '4', '9', '2017-08-10 01:21:42', 'Deleted.', '3', '2017-08-09', NULL),
('206', '0', '3', '9', '2017-08-10 00:43:03', 'Deleted.', '3', '2017-08-09', NULL),
('207', '0', '87', '9', '2017-08-09 05:23:45', NULL, '3', '2017-07-31', '0'),
('208', '0', '88', '9', '2017-08-09 05:26:34', NULL, '3', '2017-07-31', '0'),
('209', '0', '89', '9', '2017-08-09 05:28:32', NULL, '3', '2017-07-24', '0'),
('210', '0', '90', '9', '2017-08-09 05:29:31', NULL, '3', '2017-07-24', '0'),
('211', '0', '91', '9', '2017-08-17 00:52:25', NULL, '3', '2017-07-31', NULL),
('212', '0', '92', '9', '2017-08-09 05:33:43', NULL, '3', '2017-07-20', '0'),
('213', '0', '93', '9', '2017-08-09 05:34:50', NULL, '3', '2017-07-31', '0'),
('214', '0', '94', '9', '2017-08-09 05:35:43', NULL, '3', '2017-07-24', '0'),
('215', '0', '95', '9', '2017-08-09 05:40:39', NULL, '3', '2017-07-20', '0'),
('216', '0', '96', '9', '2017-08-09 05:42:46', NULL, '3', '2017-07-24', '0'),
('217', '0', '97', '9', '2017-08-09 05:45:38', NULL, '3', '2017-07-31', '0'),
('218', '0', '98', '9', '2017-08-09 05:50:40', NULL, '3', '2017-07-25', '0'),
('219', '0', '99', '9', '2017-08-17 00:39:25', NULL, '3', '2017-07-31', NULL),
('220', '0', '100', '9', '2017-08-09 05:52:52', NULL, '3', '2017-07-21', '0'),
('221', '0', '101', '9', '2017-08-09 05:53:51', NULL, '3', '2017-07-31', '0'),
('222', '0', '102', '9', '2017-08-09 05:55:27', NULL, '3', '2017-07-31', '0'),
('223', '0', '103', '9', '2017-08-09 05:56:31', NULL, '3', '2017-07-31', '0'),
('224', '0', '104', '9', '2017-08-16 23:34:20', NULL, '3', '2017-07-19', NULL),
('225', '0', '105', '9', '2017-08-09 07:00:44', NULL, '3', '2017-07-04', '0'),
('226', '0', '106', '9', '2017-08-09 07:02:55', NULL, '3', '2017-07-05', '0'),
('227', '0', '107', '9', '2017-08-09 07:04:19', NULL, '3', '2017-07-05', '0'),
('228', '0', '108', '9', '2017-08-09 07:07:24', NULL, '3', '2017-07-05', '0'),
('229', '0', '109', '9', '2017-08-09 07:09:01', NULL, '3', '2017-07-05', '0'),
('230', '0', '110', '9', '2017-08-09 07:10:23', NULL, '3', '2017-07-07', '0'),
('231', '0', '111', '9', '2017-08-09 07:30:40', NULL, '3', '2017-07-10', '0'),
('232', '0', '112', '9', '2017-08-21 02:22:47', NULL, '3', '2017-07-11', NULL),
('233', '0', '113', '9', '2017-08-21 02:25:52', NULL, '3', '2017-07-11', NULL),
('234', '0', '114', '9', '2017-08-09 08:03:32', NULL, '3', '2017-07-12', '0'),
('235', '0', '115', '9', '2017-08-09 08:12:54', NULL, '3', '2017-07-13', '0'),
('236', '0', '116', '9', '2017-08-09 08:14:09', NULL, '3', '2017-07-13', '0'),
('237', '0', '117', '9', '2017-08-09 08:15:52', NULL, '3', '2017-07-14', '0'),
('238', '0', '118', '9', '2017-08-09 08:17:37', NULL, '3', '2017-07-14', '0'),
('239', '0', '119', '9', '2017-08-09 08:22:28', NULL, '3', '2017-07-19', '0'),
('240', '0', '120', '9', '2017-08-09 08:33:47', NULL, '3', '2017-07-05', '0'),
('241', '0', '121', '9', '2017-08-09 08:36:49', NULL, '3', '2017-07-05', '0'),
('242', '0', '122', '9', '2017-08-09 08:48:30', NULL, '3', '2017-07-05', '0'),
('243', '0', '123', '9', '2017-08-09 08:51:24', NULL, '3', '2017-07-05', '0'),
('244', '0', '124', '9', '2017-08-21 02:26:31', NULL, '3', '2017-07-11', NULL),
('245', '0', '125', '9', '2017-08-09 08:57:51', NULL, '3', '2017-07-13', '0'),
('246', '0', '126', '9', '2017-08-09 09:00:06', NULL, '3', '2017-07-21', '0'),
('247', '0', '127', '9', '2017-08-09 09:01:52', NULL, '3', '2017-07-24', '0'),
('248', '0', '128', '9', '2017-08-09 23:36:19', NULL, '3', '2017-07-25', '0'),
('249', '0', '129', '9', '2017-08-09 23:38:03', NULL, '3', '2017-07-25', '0'),
('250', '0', '130', '9', '2017-08-09 23:41:24', NULL, '3', '2017-07-25', '0'),
('251', '0', '131', '9', '2017-08-09 23:43:03', NULL, '3', '2017-07-27', '0'),
('252', '0', '132', '9', '2017-08-09 23:44:40', NULL, '3', '2017-07-28', '0'),
('253', '0', '133', '9', '2017-08-09 23:47:33', NULL, '3', '2017-07-28', '0'),
('254', '0', '134', '9', '2017-08-09 23:49:15', NULL, '3', '2017-07-31', '0'),
('255', '0', '135', '9', '2017-08-09 23:50:44', NULL, '3', '2017-07-31', '0'),
('256', '0', '136', '9', '2017-08-09 23:55:12', NULL, '3', '2017-07-31', '0'),
('257', '0', '46', '9', '2017-08-10 00:25:10', 'Voided.\nDocument reentered.', '3', '2017-08-10', '0'),
('258', '0', '137', '9', '2017-08-10 00:25:10', NULL, '3', '2017-07-04', '0'),
('259', '0', '3', '9', '2017-08-10 07:23:02', 'Deleted.', '3', '2017-08-10', NULL),
('260', '17', '1', '9', '2017-08-19 06:24:20', NULL, '3', '2017-07-01', NULL),
('261', '0', '138', '9', '2017-08-19 06:23:06', NULL, '3', '2017-07-01', NULL),
('262', '30', '4', '9', '2017-08-10 01:22:57', NULL, '3', '2017-08-10', NULL),
('263', '30', '4', '9', '2017-08-10 01:24:42', 'Deleted.', '3', '2017-08-10', NULL),
('264', '30', '4', '9', '2017-08-10 01:26:11', NULL, '3', '2017-08-10', NULL),
('265', '30', '4', '9', '2017-08-10 01:31:20', 'Deleted.', '3', '2017-08-10', NULL),
('266', '30', '4', '9', '2017-08-10 02:08:46', NULL, '3', '2017-08-10', NULL),
('267', '30', '4', '9', '2017-08-10 02:09:27', 'Deleted.', '3', '2017-08-10', NULL),
('268', '30', '4', '9', '2017-08-10 02:09:59', NULL, '3', '2017-08-10', NULL),
('269', '30', '4', '9', '2017-08-10 06:04:10', 'Deleted.', '3', '2017-08-10', NULL),
('270', '0', '139', '9', '2017-08-10 02:42:00', NULL, '3', '2017-07-13', '0'),
('271', '0', '140', '9', '2017-08-10 02:51:39', NULL, '3', '2017-07-13', '0'),
('272', '0', '141', '9', '2017-08-10 02:54:32', NULL, '3', '2017-07-18', '0'),
('273', '0', '142', '9', '2017-08-10 04:43:31', NULL, '3', '2017-07-18', '0'),
('274', '0', '143', '9', '2017-08-10 05:13:04', NULL, '3', '2017-07-19', '0'),
('275', '30', '4', '9', '2017-08-10 06:04:48', NULL, '3', '2017-08-10', NULL),
('276', '30', '4', '9', '2017-08-10 07:22:24', 'Deleted.', '3', '2017-08-10', NULL),
('277', '30', '4', '9', '2017-08-10 07:22:47', NULL, '3', '2017-08-10', NULL),
('278', '30', '4', '9', '2017-08-11 00:51:53', 'Deleted.', '3', '2017-08-10', NULL),
('279', '0', '3', '9', '2017-08-10 07:23:21', 'Deleted.', '3', '2017-08-10', NULL),
('280', '0', '3', '9', '2017-08-23 01:13:38', 'Deleted.', '3', '2017-08-10', NULL),
('281', '0', '144', '9', '2017-08-19 06:23:21', NULL, '3', '2017-07-01', NULL),
('282', '30', '4', '9', '2017-08-11 00:55:42', NULL, '3', '2017-08-11', NULL),
('283', '30', '4', '9', '2017-08-11 05:19:55', 'Deleted.', '3', '2017-08-11', NULL),
('284', '30', '4', '9', '2017-08-23 01:13:49', NULL, '3', '2017-08-11', NULL),
('285', '30', '5', '10', '2017-08-11 05:28:18', NULL, '3', '2017-08-11', '0'),
('286', '30', '6', '10', '2017-08-11 05:29:21', NULL, '3', '2017-08-11', '0'),
('287', '30', '7', '9', '2017-08-23 01:14:26', NULL, '3', '2017-08-11', NULL),
('288', '30', '8', '10', '2017-08-11 05:36:07', NULL, '3', '2017-08-11', '0'),
('289', '30', '9', '10', '2017-08-11 05:39:15', NULL, '3', '2017-08-11', '0'),
('290', '30', '10', '10', '2017-08-11 05:41:44', NULL, '3', '2017-08-11', '0'),
('291', '0', '10', '10', '2017-08-11 06:19:50', 'Deleted.', '3', '2017-08-11', NULL),
('292', '0', '9', '10', '2017-08-11 05:42:24', 'Deleted.', '3', '2017-08-11', '0'),
('293', '30', '11', '9', '2017-08-11 06:19:34', NULL, '3', '2017-08-11', NULL),
('294', '30', '11', '9', '2017-08-11 06:20:49', 'Deleted.', '3', '2017-08-11', NULL),
('295', '0', '10', '9', '2017-08-11 06:19:50', 'Deleted.', '3', '2017-08-11', '0'),
('296', '30', '11', '9', '2017-08-23 01:15:25', NULL, '3', '2017-08-11', NULL),
('297', '30', '12', '10', '2017-08-11 06:21:43', NULL, '3', '2017-08-11', '0'),
('298', '0', '12', '10', '2017-08-23 01:13:21', 'Deleted.', '3', '2017-08-11', NULL),
('299', '30', '13', '10', '2017-08-11 06:27:45', NULL, '3', '2017-08-11', '0'),
('300', '30', '14', '9', '2017-08-23 01:12:31', NULL, '3', '2017-08-11', NULL),
('301', '30', '15', '1', '2017-08-23 01:12:06', NULL, '3', '2017-08-12', NULL),
('302', '30', '16', '9', '2017-08-23 01:11:48', NULL, '3', '2017-08-12', NULL),
('303', '30', '17', '9', '2017-08-23 01:11:23', NULL, '3', '2017-08-12', NULL),
('304', '30', '18', '9', '2017-08-12 00:30:25', NULL, '3', '2017-08-12', NULL),
('305', '30', '18', '9', '2017-08-12 00:32:49', 'Deleted.', '3', '2017-08-12', NULL),
('306', '30', '18', '10', '2017-08-12 00:32:49', NULL, '3', '2017-08-12', '0'),
('307', '30', '19', '10', '2017-08-12 00:34:59', NULL, '3', '2017-08-12', '0'),
('308', '30', '20', '1', '2017-08-18 00:49:44', NULL, '3', '2017-08-12', NULL),
('309', '30', '21', '10', '2017-08-12 02:08:35', NULL, '3', '2017-08-12', NULL),
('310', '30', '22', '10', '2017-08-12 02:08:00', NULL, '3', '2017-08-12', NULL),
('311', '0', '145', '9', '2017-08-12 01:46:14', NULL, '3', '2017-07-04', '0'),
('312', '0', '146', '9', '2017-08-12 01:53:10', NULL, '3', '2017-07-04', '0'),
('313', '0', '147', '9', '2017-08-12 01:58:21', NULL, '3', '2017-07-04', '0'),
('314', '30', '22', '9', '2017-08-18 00:32:27', 'Deleted.', '3', '2017-08-12', NULL),
('315', '30', '21', '9', '2017-08-18 00:49:32', 'Updated.', '3', '2017-08-12', NULL),
('316', '0', '148', '9', '2017-08-12 02:42:36', NULL, '3', '2017-07-05', '0'),
('317', '0', '149', '9', '2017-08-12 02:44:55', NULL, '3', '2017-07-05', '0'),
('318', '0', '150', '9', '2017-08-12 02:51:42', NULL, '3', '2017-07-06', '0'),
('319', '0', '151', '9', '2017-08-12 04:12:49', NULL, '3', '2017-07-10', '0'),
('320', '0', '152', '9', '2017-08-12 06:59:12', NULL, '3', '2017-07-11', NULL),
('321', '0', '153', '9', '2017-08-12 04:18:58', NULL, '3', '2017-07-13', '0'),
('322', '0', '154', '9', '2017-08-12 04:25:58', NULL, '3', '2017-07-14', '0'),
('323', '0', '155', '9', '2017-08-12 04:28:19', NULL, '3', '2017-07-17', '0'),
('324', '0', '156', '9', '2017-08-12 04:31:34', NULL, '3', '2017-07-18', '0'),
('325', '0', '157', '9', '2017-08-12 04:33:44', NULL, '3', '2017-07-19', '0'),
('326', '0', '158', '9', '2017-08-12 04:36:03', NULL, '3', '2017-07-21', '0'),
('327', '0', '159', '9', '2017-08-12 04:38:11', NULL, '3', '2017-07-24', '0'),
('328', '0', '160', '9', '2017-08-12 04:40:49', NULL, '3', '2017-07-25', '0'),
('329', '0', '161', '9', '2017-08-12 04:43:49', NULL, '3', '2017-07-27', '0'),
('330', '0', '162', '9', '2017-08-12 04:45:31', NULL, '3', '2017-07-31', '0'),
('331', '0', '163', '9', '2017-08-12 06:26:06', NULL, '3', '2017-07-21', NULL),
('332', '0', '164', '9', '2017-08-12 05:18:49', NULL, '3', '2017-07-31', '0'),
('333', '0', '165', '9', '2017-08-12 06:23:54', NULL, '3', '2017-07-27', NULL),
('334', '0', '166', '9', '2017-08-12 05:57:40', NULL, '3', '2017-07-31', '0'),
('335', '0', '167', '9', '2017-08-12 06:27:38', NULL, '3', '2017-07-31', NULL),
('336', '0', '165', '9', '2017-08-12 06:23:54', 'Voided.\nDocument reentered.', '3', '2017-08-12', '0'),
('337', '0', '168', '9', '2017-08-12 06:23:54', NULL, '3', '2017-07-27', '0'),
('338', '0', '163', '9', '2017-08-12 06:26:06', 'Voided.\nDocument reentered.', '3', '2017-08-12', '0'),
('339', '0', '169', '9', '2017-08-12 06:26:06', NULL, '3', '2017-07-21', '0'),
('340', '0', '167', '9', '2017-08-12 06:27:38', 'Voided.\nDocument reentered.', '3', '2017-08-12', '0'),
('341', '0', '170', '9', '2017-08-12 06:27:38', NULL, '3', '2017-07-31', '0'),
('342', '0', '152', '9', '2017-08-12 06:59:12', 'Voided.\nDocument reentered.', '3', '2017-08-12', '0'),
('343', '0', '171', '9', '2017-08-12 06:59:13', NULL, '3', '2017-07-11', '0'),
('344', '0', '172', '9', '2017-08-15 00:17:26', NULL, '3', '2017-07-31', '0'),
('345', '0', '173', '9', '2017-08-15 06:29:00', NULL, '3', '2017-08-15', '0'),
('346', '0', '174', '9', '2017-08-15 07:12:07', NULL, '3', '2017-07-31', '0'),
('347', '0', '175', '9', '2017-08-17 07:31:54', NULL, '3', '2017-07-31', NULL),
('348', '0', '176', '9', '2017-08-15 07:56:18', NULL, '3', '2017-07-31', '0'),
('349', '0', '177', '9', '2017-08-17 05:56:24', NULL, '3', '2017-07-31', NULL),
('350', '0', '178', '9', '2017-08-17 23:46:44', NULL, '3', '2017-07-31', NULL),
('351', '0', '179', '9', '2017-08-17 01:58:28', NULL, '3', '2017-07-31', NULL),
('352', '0', '180', '9', '2017-08-16 05:10:42', NULL, '3', '2017-07-04', '0'),
('353', '0', '181', '9', '2017-08-16 05:17:46', NULL, '3', '2017-07-06', '0'),
('354', '0', '182', '9', '2017-08-16 05:19:46', NULL, '3', '2017-07-06', '0'),
('355', '0', '183', '9', '2017-08-16 05:25:04', NULL, '3', '2017-07-07', '0'),
('356', '0', '184', '9', '2017-08-16 05:30:10', NULL, '3', '2017-07-07', '0'),
('357', '0', '185', '9', '2017-08-16 05:35:35', NULL, '3', '2017-07-10', '0'),
('358', '0', '186', '9', '2017-08-16 05:39:48', NULL, '3', '2017-07-10', '0'),
('359', '0', '187', '9', '2017-08-16 05:41:25', NULL, '3', '2017-07-10', '0'),
('360', '0', '188', '9', '2017-08-16 05:43:01', NULL, '3', '2017-07-10', '0'),
('361', '0', '189', '9', '2017-08-16 05:44:39', NULL, '3', '2017-07-10', '0'),
('362', '0', '190', '9', '2017-08-16 05:47:49', NULL, '3', '2017-07-10', '0'),
('363', '0', '191', '9', '2017-08-16 05:49:56', NULL, '3', '2017-07-10', '0'),
('364', '0', '192', '9', '2017-08-16 06:30:11', NULL, '3', '2017-07-11', NULL),
('365', '0', '193', '9', '2017-08-16 05:57:28', NULL, '3', '2017-07-11', '0'),
('366', '0', '194', '9', '2017-08-16 06:01:55', NULL, '3', '2017-07-11', '0'),
('367', '0', '195', '9', '2017-08-16 06:08:59', NULL, '3', '2017-07-11', '0'),
('368', '0', '192', '9', '2017-08-16 06:30:11', 'Voided.\nDocument reentered.', '3', '2017-08-16', '0'),
('369', '0', '196', '9', '2017-08-16 06:30:12', NULL, '3', '2017-07-13', '0'),
('370', '0', '197', '9', '2017-08-16 06:41:56', NULL, '3', '2017-07-13', '0'),
('371', '0', '198', '9', '2017-08-16 06:55:07', NULL, '3', '2017-07-14', '0'),
('372', '0', '199', '9', '2017-08-16 06:57:41', NULL, '3', '2017-07-13', '0'),
('373', '0', '200', '9', '2017-08-16 07:12:00', NULL, '3', '2017-07-17', '0'),
('374', '0', '201', '9', '2017-08-16 07:13:36', NULL, '3', '2017-07-17', '0'),
('375', '0', '202', '9', '2017-08-16 07:15:32', NULL, '3', '2017-07-15', '0'),
('376', '0', '203', '9', '2017-08-16 07:19:34', NULL, '3', '2017-07-17', '0'),
('377', '0', '204', '9', '2017-08-16 07:24:49', NULL, '3', '2017-07-17', '0'),
('378', '0', '205', '9', '2017-08-16 07:40:09', NULL, '3', '2017-07-18', NULL),
('379', '0', '205', '9', '2017-08-16 07:40:09', 'Voided.\nDocument reentered.', '3', '2017-08-16', '0'),
('380', '0', '206', '9', '2017-08-16 07:40:09', NULL, '3', '2017-07-18', '0'),
('381', '0', '207', '9', '2017-08-16 07:49:25', NULL, '3', '2017-07-19', '0'),
('382', '0', '208', '9', '2017-08-16 07:51:04', NULL, '3', '2017-07-19', '0'),
('383', '0', '209', '9', '2017-08-16 07:52:23', NULL, '3', '2017-07-19', '0'),
('384', '0', '210', '9', '2017-08-16 07:54:03', NULL, '3', '2017-07-21', '0'),
('385', '0', '211', '9', '2017-08-16 08:00:43', NULL, '3', '2017-07-24', '0'),
('386', '0', '212', '9', '2017-08-16 08:04:47', NULL, '3', '2017-07-25', '0'),
('387', '0', '213', '9', '2017-08-16 08:07:40', NULL, '3', '2017-07-27', '0'),
('388', '0', '214', '9', '2017-08-16 08:09:19', NULL, '3', '2017-07-31', '0'),
('389', '0', '215', '9', '2017-08-16 08:10:40', NULL, '3', '2017-07-31', '0'),
('390', '0', '216', '9', '2017-08-16 08:17:37', NULL, '3', '2017-07-28', '0'),
('391', '0', '104', '9', '2017-08-16 23:34:20', 'Voided.\n', '3', '2017-08-16', '0'),
('392', '0', '217', '9', '2017-08-16 23:57:33', NULL, '3', '2017-07-25', '0'),
('393', '0', '218', '9', '2017-08-17 00:00:32', NULL, '3', '2017-07-25', '0'),
('394', '0', '77', '9', '2017-08-17 00:17:43', 'Voided.\nDocument reentered.', '3', '2017-08-17', '0'),
('395', '0', '219', '9', '2017-08-17 00:17:43', NULL, '3', '2017-07-17', '0'),
('396', '0', '220', '9', '2017-08-17 00:28:17', NULL, '3', '2017-07-24', '0'),
('397', '0', '221', '9', '2017-08-17 00:36:52', NULL, '3', '2017-07-24', '0'),
('398', '0', '99', '9', '2017-08-17 00:39:25', 'Voided.\nDocument reentered.', '3', '2017-08-17', '0'),
('399', '0', '222', '9', '2017-08-17 00:39:25', NULL, '3', '2017-08-01', '0'),
('400', '0', '91', '9', '2017-08-17 00:52:25', 'Voided.\nDocument reentered.', '3', '2017-08-17', '0'),
('401', '0', '223', '9', '2017-08-17 00:52:25', NULL, '3', '2017-07-31', '0'),
('402', '0', '179', '9', '2017-08-17 01:58:28', 'Voided.\nDocument reentered.', '3', '2017-08-17', '0'),
('403', '0', '224', '9', '2017-08-18 00:58:29', NULL, '3', '2017-07-31', NULL),
('404', '2', '12', '9', '2017-08-17 02:09:53', NULL, '3', '2017-08-17', NULL),
('405', '2', '12', '9', '2017-08-17 02:22:26', NULL, '3', '2017-08-17', NULL),
('406', '2', '13', '9', '2017-08-17 02:32:32', NULL, '3', '2017-08-01', NULL),
('407', '2', '12', '9', '2017-08-17 02:22:26', 'Voided.\nDocument reentered.', '3', '2017-08-17', '0'),
('408', '2', '14', '9', '2017-08-17 02:34:10', NULL, '3', '2017-08-01', NULL),
('409', '2', '13', '9', '2017-08-17 02:32:32', 'Voided.\nDocument reentered.', '3', '2017-08-17', '0'),
('410', '2', '15', '9', '2017-08-18 01:09:04', NULL, '3', '2017-08-01', NULL),
('411', '2', '14', '9', '2017-08-17 02:34:10', 'Voided.\nDocument reentered.', '3', '2017-08-17', '0'),
('412', '0', '225', '9', '2017-08-17 04:22:05', NULL, '3', '2017-07-01', '0'),
('413', '0', '226', '9', '2017-08-17 04:24:35', NULL, '3', '2017-07-01', '0'),
('415', '0', '227', '9', '2017-08-17 04:30:15', NULL, '3', '2017-07-01', '0'),
('416', '0', '228', '9', '2017-08-17 04:31:40', NULL, '3', '2017-07-01', '0'),
('417', '0', '229', '9', '2017-08-17 04:32:38', NULL, '3', '2017-07-01', '0'),
('418', '0', '230', '9', '2017-08-17 04:37:13', NULL, '3', '2017-07-01', '0'),
('419', '0', '231', '9', '2017-08-17 04:38:33', NULL, '3', '2017-07-01', '0'),
('420', '0', '232', '9', '2017-08-17 04:39:48', NULL, '3', '2017-07-01', '0'),
('421', '0', '233', '9', '2017-08-17 04:41:18', NULL, '3', '2017-07-01', '0'),
('422', '0', '234', '9', '2017-08-17 04:42:37', NULL, '3', '2017-07-01', '0'),
('423', '0', '235', '9', '2017-08-17 04:43:55', NULL, '3', '2017-07-01', '0'),
('424', '0', '236', '9', '2017-08-17 04:44:53', NULL, '3', '2017-07-01', '0'),
('425', '0', '237', '9', '2017-08-17 05:51:42', NULL, '3', '2017-07-31', '0'),
('426', '0', '177', '9', '2017-08-17 05:56:24', 'Voided.\n', '3', '2017-08-17', '0'),
('427', '0', '238', '9', '2017-08-17 06:06:58', NULL, '3', '2017-07-31', '0'),
('428', '0', '175', '9', '2017-08-17 07:31:54', 'Voided.\nDocument reentered.', '3', '2017-08-17', '0'),
('429', '0', '239', '9', '2017-08-19 06:58:41', NULL, '3', '2017-07-31', NULL),
('430', '0', '240', '9', '2017-08-17 07:33:08', NULL, '3', '2017-07-31', '0'),
('431', '0', '178', '9', '2017-08-17 23:46:44', 'Voided.\nDocument reentered.', '3', '2017-08-17', '0'),
('432', '0', '241', '9', '2017-08-17 23:46:44', NULL, '3', '2017-07-31', '0'),
('433', '30', '22', '10', '2017-08-18 00:49:09', NULL, '3', '2017-08-18', NULL),
('434', '30', '22', '10', '2017-08-18 00:49:09', 'Deleted.', '3', '2017-08-18', '0'),
('435', '30', '21', '10', '2017-08-18 00:49:32', 'Deleted.', '3', '2017-08-18', '0'),
('436', '30', '20', '10', '2017-08-23 01:19:15', 'Deleted.', '3', '2017-08-18', NULL),
('437', '0', '19', '10', '2017-08-18 00:51:14', 'Deleted.', '3', '2017-08-18', NULL),
('438', '0', '19', '10', '2017-08-18 00:51:42', 'Deleted.', '3', '2017-08-18', NULL),
('439', '0', '19', '10', '2017-08-18 00:52:54', 'Deleted.', '3', '2017-08-18', NULL),
('440', '0', '19', '10', '2017-08-23 01:10:17', 'Deleted.', '3', '2017-08-18', NULL),
('441', '0', '224', '9', '2017-08-18 00:58:29', 'Voided.\n', '3', '2017-08-18', '0'),
('442', '0', '29', '9', '2017-08-18 01:05:30', 'Voided.\nDocument reentered.', '3', '2017-08-18', '0'),
('443', '0', '242', '9', '2017-08-19 05:06:04', NULL, '3', '2017-07-19', NULL),
('444', '2', '15', '9', '2017-08-18 01:09:04', 'Voided.\n', '3', '2017-08-18', '0'),
('445', '0', '243', '9', '2017-08-18 08:10:03', NULL, '3', '2017-07-01', NULL),
('446', '0', '243', '9', '2017-08-18 08:10:03', 'Voided.\nDocument reentered.', '3', '2017-08-18', '0'),
('447', '0', '244', '9', '2017-08-18 08:10:03', NULL, '3', '2017-07-01', '0'),
('448', '0', '245', '9', '2017-08-18 08:17:36', NULL, '3', '2017-08-18', NULL),
('449', '0', '245', '9', '2017-08-18 08:17:36', 'Voided.\nDocument reentered.', '3', '2017-08-18', '0'),
('450', '0', '246', '9', '2017-08-19 00:19:36', NULL, '3', '2017-08-18', NULL),
('451', '0', '246', '9', '2017-08-19 00:19:36', 'Voided.\n', '3', '2017-08-19', '0'),
('452', '0', '247', '9', '2017-08-19 06:46:30', NULL, '3', '2017-08-17', NULL),
('453', '41', '1', '9', '2017-08-19 06:21:54', NULL, '3', '2017-08-17', NULL),
('454', '0', '248', '9', '2017-08-19 06:46:47', NULL, '3', '2017-08-17', NULL),
('455', '0', '242', '9', '2017-08-19 05:06:04', 'Voided.\nDocument reentered.', '3', '2017-08-19', '0'),
('456', '0', '249', '9', '2017-08-19 05:06:04', NULL, '3', '2017-07-19', '0'),
('457', '41', '1', '9', '2017-08-19 06:21:54', 'Voided.\n', '3', '2017-08-19', '0'),
('458', '0', '138', '9', '2017-08-19 06:23:06', 'Voided.\n', '3', '2017-08-19', '0'),
('459', '0', '144', '9', '2017-08-19 06:23:21', 'Voided.\n', '3', '2017-08-19', '0'),
('460', '17', '1', '9', '2017-08-19 06:24:20', 'Voided.\n', '3', '2017-08-19', '0'),
('461', '0', '247', '9', '2017-08-19 06:46:30', 'Voided.\n', '3', '2017-08-19', '0'),
('462', '0', '248', '9', '2017-08-19 06:46:47', 'Voided.\n', '3', '2017-08-19', '0'),
('463', '0', '239', '9', '2017-08-19 06:58:41', 'Voided.\nDocument reentered.', '3', '2017-08-19', '0'),
('464', '0', '250', '9', '2017-08-19 07:03:03', NULL, '3', '2017-07-31', NULL),
('465', '0', '250', '9', '2017-08-19 07:03:03', 'Voided.\nDocument reentered.', '3', '2017-08-19', '0'),
('466', '0', '251', '9', '2017-08-19 07:03:03', NULL, '3', '2017-07-31', '0'),
('467', '0', '112', '9', '2017-08-21 02:22:47', 'Voided.\nDocument reentered.', '3', '2017-08-21', '0'),
('468', '0', '252', '9', '2017-08-21 02:22:48', NULL, '3', '2017-07-11', '0'),
('469', '0', '113', '9', '2017-08-21 02:25:52', 'Voided.\nDocument reentered.', '3', '2017-08-21', '0'),
('470', '0', '253', '9', '2017-08-21 02:25:52', NULL, '3', '2017-07-11', '0'),
('471', '0', '124', '9', '2017-08-21 02:26:31', 'Voided.\nDocument reentered.', '3', '2017-08-21', '0'),
('472', '0', '254', '9', '2017-08-21 02:26:31', NULL, '3', '2017-07-11', '0'),
('473', '0', '255', '9', '2017-08-21 02:57:29', NULL, '3', '2017-07-01', NULL),
('474', '0', '255', '9', '2017-08-21 02:57:29', 'Voided.\nDocument reentered.', '3', '2017-08-21', '0'),
('475', '0', '256', '9', '2017-08-21 04:08:02', NULL, '3', '2017-07-01', NULL),
('476', '0', '256', '9', '2017-08-21 04:08:02', 'Voided.\nDocument reentered.', '3', '2017-08-21', '0'),
('477', '0', '257', '9', '2017-08-21 04:08:02', NULL, '3', '2017-07-01', '0'),
('478', '0', '258', '9', '2017-08-21 04:16:34', NULL, '3', '2017-07-01', '0'),
('479', '0', '259', '9', '2017-08-21 04:20:51', NULL, '3', '2017-07-01', '0'),
('480', '0', '260', '9', '2017-08-21 05:22:49', NULL, '3', '2017-07-31', '0'),
('481', '0', '261', '9', '2017-08-21 05:51:50', NULL, '3', '2017-07-20', '0'),
('482', '0', '262', '9', '2017-08-21 06:05:33', NULL, '3', '2017-07-31', '0'),
('483', '0', '263', '9', '2017-08-22 01:45:43', NULL, '3', '2017-07-04', NULL),
('484', '0', '264', '9', '2017-08-21 08:06:40', NULL, '3', '2017-07-08', '0'),
('485', '0', '265', '9', '2017-08-21 08:07:52', NULL, '3', '2017-07-10', '0'),
('486', '0', '266', '9', '2017-08-21 08:09:07', NULL, '3', '2017-07-22', '0'),
('487', '0', '267', '9', '2017-08-21 08:10:32', NULL, '3', '2017-07-25', '0'),
('488', '0', '268', '9', '2017-08-21 08:12:43', NULL, '3', '2017-07-29', '0'),
('489', '0', '269', '9', '2017-08-22 00:35:45', NULL, '3', '2017-07-21', '0'),
('490', '0', '270', '9', '2017-08-22 00:38:25', NULL, '3', '2017-07-04', '0'),
('491', '0', '271', '9', '2017-08-22 00:40:13', NULL, '3', '2017-07-08', '0'),
('492', '0', '272', '9', '2017-08-22 00:42:36', NULL, '3', '2017-07-27', '0'),
('493', '0', '273', '9', '2017-08-22 00:44:40', NULL, '3', '2017-07-31', '0'),
('494', '0', '274', '9', '2017-08-22 00:48:06', NULL, '3', '2017-07-14', '0'),
('495', '0', '275', '9', '2017-08-22 00:56:55', NULL, '3', '2017-07-31', '0'),
('496', '0', '276', '9', '2017-08-22 00:59:44', NULL, '3', '2017-07-06', '0'),
('497', '0', '277', '9', '2017-08-22 01:01:07', NULL, '3', '2017-07-10', '0'),
('498', '0', '278', '9', '2017-08-22 01:02:51', NULL, '3', '2017-07-12', '0'),
('499', '0', '279', '9', '2017-08-22 01:05:01', NULL, '3', '2017-07-24', '0'),
('500', '0', '280', '9', '2017-08-22 01:06:55', NULL, '3', '2017-07-26', '0'),
('501', '0', '281', '9', '2017-08-22 01:09:30', NULL, '3', '2017-07-31', '0'),
('502', '0', '282', '9', '2017-08-22 01:10:59', NULL, '3', '2017-07-31', '0'),
('505', '0', '263', '9', '2017-08-22 01:45:43', 'Voided.\nDocument reentered.', '3', '2017-08-22', '0'),
('506', '0', '283', '9', '2017-08-22 01:45:43', NULL, '3', '2017-07-04', '0'),
('507', '0', '284', '9', '2017-08-22 05:25:18', NULL, '3', '2017-08-22', NULL),
('508', '0', '284', '9', '2017-08-22 05:25:18', 'Voided.\nDocument reentered.', '3', '2017-08-22', '0'),
('509', '0', '285', '9', '2017-08-22 05:25:19', NULL, '3', '2017-09-02', '0'),
('510', '0', '19', '9', '2017-08-23 01:11:08', 'Deleted.', '3', '2017-08-23', NULL),
('511', '0', '19', '9', '2017-08-23 01:21:29', 'Deleted.', '3', '2017-08-23', NULL),
('512', '30', '17', '9', '2017-08-23 01:11:23', 'Deleted.', '3', '2017-08-23', '0'),
('513', '0', '286', '9', '2017-08-23 01:11:38', NULL, '3', '2017-08-23', '0'),
('514', '30', '16', '9', '2017-08-23 01:11:48', 'Deleted.', '3', '2017-08-23', '0'),
('515', '30', '15', '9', '2017-08-23 01:12:06', 'Deleted.', '3', '2017-08-23', '0'),
('516', '30', '14', '9', '2017-08-23 01:12:31', 'Deleted.', '3', '2017-08-23', '0'),
('517', '0', '13', '9', '2017-08-23 01:13:02', 'Deleted.', '3', '2017-08-23', NULL),
('518', '0', '13', '9', '2017-08-23 01:13:02', 'Deleted.', '3', '2017-08-23', '0'),
('519', '0', '12', '9', '2017-08-23 01:13:21', 'Deleted.', '3', '2017-08-23', '0'),
('520', '0', '3', '9', '2017-08-23 01:24:15', 'Deleted.', '3', '2017-08-23', NULL),
('521', '30', '4', '9', '2017-08-23 01:13:49', 'Deleted.', '3', '2017-08-23', '0'),
('522', '0', '5', '9', '2017-08-23 01:14:04', 'Deleted.', '3', '2017-08-23', '0'),
('523', '30', '7', '9', '2017-08-23 01:14:26', 'Deleted.', '3', '2017-08-23', '0'),
('524', '30', '11', '9', '2017-08-23 01:15:25', 'Deleted.', '3', '2017-08-23', '0'),
('525', '30', '20', '9', '2017-08-23 01:19:15', NULL, '3', '2017-08-23', '0'),
('526', '0', '287', '9', '2017-08-23 01:20:06', NULL, '3', '2017-08-23', '0'),
('527', '0', '19', '9', '2017-08-23 01:21:29', 'Deleted.', '3', '2017-08-23', '0'),
('528', '0', '3', '9', '2017-08-23 01:24:28', 'Deleted.', '3', '2017-08-23', NULL),
('529', '0', '3', '9', '2017-08-23 01:24:36', 'Deleted.', '3', '2017-08-23', NULL),
('530', '0', '3', '9', '2017-08-23 01:25:02', 'Deleted.', '3', '2017-08-23', NULL),
('531', '0', '3', '9', '2017-08-23 01:25:02', 'Deleted.', '3', '2017-08-23', '0');

### Structure of table `0_bank_accounts` ###

DROP TABLE IF EXISTS `0_bank_accounts`;

CREATE TABLE `0_bank_accounts` (
  `account_code` varchar(15) COLLATE utf8_unicode_ci NOT NULL DEFAULT '',
  `account_type` smallint(6) NOT NULL DEFAULT '0',
  `bank_account_name` varchar(60) COLLATE utf8_unicode_ci NOT NULL DEFAULT '',
  `bank_account_number` varchar(100) COLLATE utf8_unicode_ci NOT NULL DEFAULT '',
  `bank_name` varchar(60) COLLATE utf8_unicode_ci NOT NULL DEFAULT '',
  `bank_address` tinytext COLLATE utf8_unicode_ci,
  `bank_curr_code` char(3) COLLATE utf8_unicode_ci NOT NULL DEFAULT '',
  `dflt_curr_act` tinyint(1) NOT NULL DEFAULT '0',
  `id` smallint(6) NOT NULL AUTO_INCREMENT,
  `bank_charge_act` varchar(15) COLLATE utf8_unicode_ci NOT NULL DEFAULT '',
  `last_reconciled_date` timestamp NOT NULL DEFAULT '0000-00-00 00:00:00',
  `ending_reconcile_balance` double NOT NULL DEFAULT '0',
  `inactive` tinyint(1) NOT NULL DEFAULT '0',
  PRIMARY KEY (`id`),
  KEY `bank_account_name` (`bank_account_name`),
  KEY `bank_account_number` (`bank_account_number`),
  KEY `account_code` (`account_code`)
) ENGINE=InnoDB AUTO_INCREMENT=22 DEFAULT CHARSET=utf8 COLLATE=utf8_unicode_ci ;

### Data of table `0_bank_accounts` ###

INSERT INTO `0_bank_accounts` VALUES
('101001', '3', 'PETTY CASH', '', 'PETTY CASH', NULL, 'PKR', '0', '9', '601605', '0000-00-00 00:00:00', '0', '0'),
('101005', '3', 'PETTY CASH PXS', '', 'PETTY CASH PXS', NULL, 'PKR', '0', '10', '601605', '0000-00-00 00:00:00', '0', '0'),
('101900', '3', 'PETTY CASH UOF', '', 'PETTY CASH UOF', NULL, 'PKR', '0', '11', '601605', '0000-00-00 00:00:00', '0', '0'),
('101999', '3', 'UNDEPOSIT CASH COLLECTION', '', 'UNDEPOSIT CASH COLLECTION', NULL, 'PKR', '0', '12', '601605', '0000-00-00 00:00:00', '0', '0'),
('102001', '0', 'HMBL 148581', '', 'HMBL 148581', NULL, 'PKR', '0', '13', '601605', '0000-00-00 00:00:00', '0', '0'),
('102002', '0', 'HMBL 150251', '', 'HMBL 150251', NULL, 'PKR', '0', '14', '601605', '0000-00-00 00:00:00', '0', '0'),
('102003', '0', 'NIB 10350287', '', 'NIB 10350287', NULL, 'PKR', '0', '15', '601605', '0000-00-00 00:00:00', '0', '0'),
('102900', '0', 'KASB 001 UOF', '', 'KASB 001 UOF', NULL, 'PKR', '0', '16', '601605', '0000-00-00 00:00:00', '0', '0'),
('102905', '0', 'NIB 547 UOF', '', 'NIB 547 UOF', NULL, 'PKR', '0', '17', '601605', '0000-00-00 00:00:00', '0', '0'),
('102910', '0', 'MCB 068', '', 'MCB 068', NULL, 'PKR', '0', '18', '601605', '0000-00-00 00:00:00', '0', '0'),
('10122', '3', 'Cash In Hand Nadeem', '', 'Cash In Hand Nadeem', NULL, 'PKR', '0', '20', '5036', '0000-00-00 00:00:00', '0', '0'),
('10144', '1', 'HBL A/C#16830014204103 (D-GROUND)', ' A/C#16830014204103', 'HBL A/C#16830014204103 (D-GROUND)', 'D-GROUND FAISALABAD PAKISTAN', 'PKR', '0', '21', '5036', '2017-08-18 00:00:00', '0', '0');

### Structure of table `0_bank_trans` ###

DROP TABLE IF EXISTS `0_bank_trans`;

CREATE TABLE `0_bank_trans` (
  `id` int(11) NOT NULL AUTO_INCREMENT,
  `type` smallint(6) DEFAULT NULL,
  `trans_no` int(11) DEFAULT NULL,
  `bank_act` varchar(15) COLLATE utf8_unicode_ci NOT NULL DEFAULT '',
  `ref` varchar(40) COLLATE utf8_unicode_ci DEFAULT NULL,
  `trans_date` date NOT NULL DEFAULT '0000-00-00',
  `amount` double DEFAULT NULL,
  `dimension_id` int(11) NOT NULL DEFAULT '0',
  `dimension2_id` int(11) NOT NULL DEFAULT '0',
  `person_type_id` int(11) NOT NULL DEFAULT '0',
  `person_id` tinyblob,
  `reconciled` date DEFAULT NULL,
  `cheque` int(11) NOT NULL,
  PRIMARY KEY (`id`),
  KEY `bank_act` (`bank_act`,`ref`),
  KEY `type` (`type`,`trans_no`),
  KEY `bank_act_2` (`bank_act`,`reconciled`),
  KEY `bank_act_3` (`bank_act`,`trans_date`)
) ENGINE=InnoDB AUTO_INCREMENT=255 DEFAULT CHARSET=utf8 COLLATE=utf8_unicode_ci ;

### Data of table `0_bank_trans` ###

INSERT INTO `0_bank_trans` VALUES
('1', '0', '19', '20', 'JV001/2017', '2017-07-01', '0', '0', '0', '0', NULL, NULL, '0'),
('2', '0', '20', '20', 'JV001/2017', '2017-07-01', '0', '0', '0', '0', NULL, NULL, '0'),
('3', '22', '1', '20', 'SP001/2017', '2017-07-01', '0', '0', '0', '3', '6', NULL, '0'),
('4', '0', '21', '21', 'JV001/2017', '2017-07-01', '4706072.22', '0', '0', '0', NULL, NULL, '0'),
('5', '22', '2', '21', 'SP001/2017', '2017-07-20', '0', '0', '0', '3', '1', NULL, '0'),
('6', '22', '3', '21', 'SP001/2017', '2017-07-01', '0', '0', '0', '3', '6', NULL, '0'),
('7', '22', '4', '21', 'SP002/2017', '2017-07-03', '0', '0', '0', '3', '1', NULL, '0'),
('8', '22', '5', '21', 'SP003/2017', '2017-07-03', '0', '0', '0', '3', '1', NULL, '0'),
('9', '22', '6', '21', 'SP004/2017', '2017-07-01', '0', '0', '0', '3', '1', NULL, '0'),
('10', '22', '7', '21', 'SP005/2017', '2017-07-20', '0', '0', '0', '3', '1', NULL, '0'),
('11', '22', '8', '21', 'SP006/2017', '2017-07-01', '0', '0', '0', '3', '1', NULL, '0'),
('12', '22', '9', '21', 'SP007/2017', '2017-07-01', '0', '0', '0', '3', '1', NULL, '0'),
('13', '22', '10', '21', 'SP008/2017', '2017-07-01', '0', '0', '0', '3', '8', NULL, '0'),
('14', '22', '11', '21', 'SP009/2017', '2017-07-01', '0', '0', '0', '3', '1', NULL, '0'),
('15', '22', '12', '21', 'SP010/2017', '2017-07-01', '0', '0', '0', '3', '1', NULL, '0'),
('16', '22', '13', '21', 'SP011/2017', '2017-07-10', '0', '0', '0', '3', '1', NULL, '0'),
('17', '22', '14', '21', 'SP012/2017', '2017-07-01', '0', '0', '0', '3', '1', NULL, '0'),
('18', '22', '15', '21', 'SP013/2017', '2017-07-01', '0', '0', '0', '3', '9', NULL, '0'),
('19', '22', '16', '21', 'SP014/2017', '2017-07-01', '0', '0', '0', '3', '1', NULL, '0'),
('20', '22', '17', '21', 'SP015/2017', '2017-07-05', '0', '0', '0', '3', '1', NULL, '0'),
('21', '22', '18', '21', 'SP016/2017', '2017-07-05', '0', '0', '0', '3', '3', NULL, '0'),
('22', '22', '19', '21', 'SP017/2017', '2017-07-08', '0', '0', '0', '3', '1', NULL, '0'),
('23', '22', '20', '21', 'SP018/2017', '2017-07-01', '0', '0', '0', '3', '1', NULL, '0'),
('24', '22', '21', '21', 'SP019/2017', '2017-07-10', '0', '0', '0', '3', '1', NULL, '0'),
('25', '22', '22', '21', 'SP020/2017', '2017-07-01', '0', '0', '0', '3', '12', NULL, '0'),
('26', '22', '23', '21', 'SP021/2017', '2017-07-08', '0', '0', '0', '3', '1', NULL, '0'),
('27', '22', '24', '21', 'SP022/2017', '2017-07-07', '0', '0', '0', '3', '1', NULL, '0'),
('28', '22', '25', '21', 'SP023/2017', '2017-07-01', '0', '0', '0', '3', '1', NULL, '0'),
('29', '22', '26', '21', 'SP024/2017', '2017-07-01', '0', '0', '0', '3', '1', NULL, '0'),
('30', '22', '27', '21', 'SP025/2017', '2017-07-20', '0', '0', '0', '3', '1', NULL, '0'),
('31', '22', '28', '21', 'SP026/2017', '2017-07-12', '0', '0', '0', '3', '1', NULL, '0'),
('32', '22', '29', '21', 'SP027/2017', '2017-07-13', '0', '0', '0', '3', '1', NULL, '0'),
('33', '22', '30', '21', 'SP028/2017', '2017-07-13', '0', '0', '0', '3', '1', NULL, '0'),
('34', '22', '31', '21', 'SP029/2017', '2017-07-13', '0', '0', '0', '3', '1', NULL, '0'),
('35', '22', '32', '21', 'SP030/2017', '2017-07-14', '0', '0', '0', '3', '1', NULL, '0'),
('36', '22', '33', '21', 'SP031/2017', '2017-07-14', '0', '0', '0', '3', '1', NULL, '0'),
('37', '22', '34', '21', 'SP032/2017', '2017-07-18', '0', '0', '0', '3', '1', NULL, '0'),
('38', '22', '35', '21', 'SP033/2017', '2017-07-15', '0', '0', '0', '3', '1', NULL, '0'),
('39', '22', '36', '21', 'SP034/2017', '2017-07-18', '0', '0', '0', '3', '1', NULL, '0'),
('40', '22', '37', '21', 'SP035/2017', '2017-07-18', '0', '0', '0', '3', '1', NULL, '0'),
('41', '22', '38', '21', 'SP036/2017', '2017-07-15', '0', '0', '0', '3', '1', NULL, '0'),
('42', '22', '39', '21', 'SP037/2017', '2017-07-15', '0', '0', '0', '3', '1', NULL, '0'),
('43', '22', '40', '21', 'SP038/2017', '2017-07-15', '0', '0', '0', '3', '1', NULL, '0'),
('44', '22', '41', '21', 'SP039/2017', '2017-07-17', '0', '0', '0', '3', '1', NULL, '0'),
('45', '1', '1', '21', 'BPV001/2017', '2017-08-05', '0', '0', '0', '2', '3', NULL, '0'),
('46', '2', '1', '21', 'BRV001/2017', '2017-08-05', '0', '0', '0', '2', '3', NULL, '0'),
('47', '2', '2', '21', 'BRV001/2017', '2017-08-05', '0', '0', '0', '2', '3', NULL, '0'),
('48', '0', '26', '21', 'JV006/2017', '2017-07-19', '0', '0', '0', '0', NULL, NULL, '0'),
('49', '0', '28', '21', 'JV007/2017', '2017-07-04', '5050000', '0', '0', '0', NULL, NULL, '0'),
('50', '0', '29', '21', 'JV006/2017', '2017-07-19', '0', '0', '0', '0', NULL, NULL, '0'),
('51', '2', '3', '21', 'BRV001/2017', '2017-07-05', '3700000', '0', '0', '0', 'FAFB LOAN', NULL, '0'),
('52', '2', '4', '21', 'BRV002/2017', '2017-07-05', '4500000', '0', '0', '0', 'FAFB LOAN', NULL, '0'),
('53', '2', '5', '21', 'BRV003/2017', '2017-07-07', '4150000', '0', '0', '0', 'FAPC LOAN', NULL, '0'),
('54', '2', '6', '21', 'BRV004/2017', '2017-07-07', '2250000', '0', '0', '0', 'FAFB LOAN', NULL, '0'),
('55', '0', '30', '21', 'JV008/2017', '2017-07-07', '5568824', '0', '0', '0', NULL, NULL, '0'),
('56', '0', '31', '21', 'JV009/2017', '2017-07-10', '5032613', '0', '0', '0', NULL, NULL, '0'),
('57', '2', '7', '21', 'BRV005/2017', '2017-07-11', '15000000', '0', '0', '0', 'Pre Shipment Loan', NULL, '0'),
('58', '2', '8', '21', 'BRV006/2017', '2017-07-12', '4150000', '0', '0', '0', 'Fafb Loan', NULL, '0'),
('59', '2', '9', '21', 'BRV007/2017', '2017-07-12', '5600000', '0', '0', '0', 'Fafb Loan', NULL, '0'),
('60', '2', '10', '21', 'BRV008/2017', '2017-07-12', '3150000', '0', '0', '0', NULL, NULL, '0'),
('61', '2', '11', '21', 'BRV009/2017', '2017-07-13', '4200000', '0', '0', '0', 'FAPC LOAN', NULL, '0'),
('62', '0', '32', '21', 'JV010/2017', '2017-07-13', '4189856', '0', '0', '0', NULL, NULL, '0'),
('63', '0', '33', '21', 'JV011/2017', '2017-07-13', '1619', '0', '0', '0', NULL, NULL, '0'),
('64', '0', '34', '21', 'JV012/2017', '2017-07-17', '1544943', '0', '0', '0', NULL, NULL, '0'),
('65', '0', '35', '21', 'JV013/2017', '2017-07-03', '-851124', '0', '0', '0', NULL, NULL, '0'),
('66', '0', '36', '21', 'JV014/2017', '2017-08-09', '0', '0', '0', '0', NULL, NULL, '0'),
('67', '0', '37', '21', 'JV015/2017', '2017-07-03', '-69000', '0', '0', '0', NULL, NULL, '0'),
('68', '0', '38', '21', 'JV016/2017', '2017-07-03', '-200000', '0', '0', '0', NULL, NULL, '0'),
('69', '0', '39', '21', 'JV017/2017', '2017-07-03', '-50140', '0', '0', '0', NULL, NULL, '0'),
('70', '0', '40', '21', 'JV018/2017', '2017-07-05', '-50000', '0', '0', '0', NULL, NULL, '0'),
('71', '0', '41', '21', 'JV019/2017', '2017-07-05', '-137831', '0', '0', '0', NULL, NULL, '0'),
('72', '0', '42', '21', 'JV020/2017', '2017-07-05', '-20100', '0', '0', '0', NULL, NULL, '0'),
('73', '0', '43', '21', 'JV021/2017', '2017-07-05', '-687950', '0', '0', '0', NULL, NULL, '0'),
('74', '0', '44', '21', 'JV022/2017', '2017-07-05', '-94993', '0', '0', '0', NULL, NULL, '0'),
('75', '0', '45', '21', 'JV023/2017', '2017-07-05', '-239550', '0', '0', '0', NULL, NULL, '0'),
('76', '0', '46', '21', 'JV024/2017', '2017-07-05', '0', '0', '0', '0', NULL, NULL, '0'),
('77', '0', '47', '21', 'JV025/2017', '2017-07-05', '-2390', '0', '0', '0', NULL, NULL, '0'),
('78', '0', '48', '21', 'JV026/2017', '2017-07-06', '-13080', '0', '0', '0', NULL, NULL, '0'),
('79', '0', '49', '21', 'JV027/2017', '2017-07-07', '-266800', '0', '0', '0', NULL, NULL, '0'),
('80', '0', '50', '21', 'JV028/2017', '2017-07-10', '-25000', '0', '0', '0', NULL, NULL, '0'),
('81', '0', '51', '21', 'JV029/2017', '2017-07-10', '-109933', '0', '0', '0', NULL, NULL, '0'),
('82', '0', '52', '21', 'JV030/2017', '2017-07-06', '-121741', '0', '0', '0', NULL, NULL, '0'),
('83', '0', '53', '21', 'JV031/2017', '2017-07-10', '-50000', '0', '0', '0', NULL, NULL, '0'),
('84', '0', '54', '21', 'JV032/2017', '2017-07-06', '-67008', '0', '0', '0', NULL, NULL, '0'),
('85', '0', '55', '21', 'JV033/2017', '2017-07-10', '-33863', '0', '0', '0', NULL, NULL, '0'),
('86', '0', '56', '21', 'JV034/2017', '2017-07-07', '-26058', '0', '0', '0', NULL, NULL, '0'),
('87', '0', '57', '21', 'JV035/2017', '2017-07-11', '-26869', '0', '0', '0', NULL, NULL, '0'),
('88', '0', '58', '21', 'JV036/2017', '2017-07-11', '-245817', '0', '0', '0', NULL, NULL, '0'),
('89', '0', '59', '21', 'JV037/2017', '2017-07-11', '-100000', '0', '0', '0', NULL, NULL, '0'),
('90', '0', '60', '21', 'JV038/2017', '2017-07-12', '-20000', '0', '0', '0', NULL, NULL, '0'),
('91', '0', '61', '21', 'JV039/2017', '2017-07-12', '-50000', '0', '0', '0', NULL, NULL, '0'),
('92', '0', '62', '21', 'JV040/2017', '2017-07-13', '-38018', '0', '0', '0', NULL, NULL, '0'),
('93', '0', '63', '21', 'JV041/2017', '2017-07-13', '-23174', '0', '0', '0', NULL, NULL, '0'),
('94', '0', '64', '21', 'JV042/2017', '2017-07-13', '-31600', '0', '0', '0', NULL, NULL, '0'),
('95', '0', '65', '21', 'JV043/2017', '2017-07-13', '-75576', '0', '0', '0', NULL, NULL, '0'),
('96', '0', '66', '21', 'JV044/2017', '2017-07-13', '-50000', '0', '0', '0', NULL, NULL, '0'),
('97', '0', '67', '21', 'JV045/2017', '2017-07-13', '-50000', '0', '0', '0', NULL, NULL, '0'),
('98', '0', '68', '21', 'JV046/2017', '2017-07-14', '-33200', '0', '0', '0', NULL, NULL, '0'),
('99', '0', '69', '21', 'JV047/2017', '2017-07-14', '-52500', '0', '0', '0', NULL, NULL, '0'),
('100', '0', '70', '21', 'JV048/2017', '2017-07-14', '-149550', '0', '0', '0', NULL, NULL, '0'),
('101', '0', '71', '21', 'JV049/2017', '2017-07-18', '-112256', '0', '0', '0', NULL, NULL, '0'),
('102', '0', '72', '21', 'JV050/2017', '2017-07-18', '-400000', '0', '0', '0', NULL, NULL, '0'),
('103', '0', '73', '21', 'JV051/2017', '2017-07-18', '-170650', '0', '0', '0', NULL, NULL, '0'),
('104', '0', '74', '21', 'JV052/2017', '2017-07-18', '-111767', '0', '0', '0', NULL, NULL, '0'),
('105', '0', '75', '21', 'JV053/2017', '2017-07-17', '-75584', '0', '0', '0', NULL, NULL, '0'),
('106', '0', '76', '21', 'JV054/2017', '2017-07-17', '-247500', '0', '0', '0', NULL, NULL, '0'),
('107', '0', '77', '21', 'JV055/2017', '2017-07-17', '0', '0', '0', '0', NULL, NULL, '0'),
('108', '0', '78', '21', 'JV056/2017', '2017-07-18', '-40000', '0', '0', '0', NULL, NULL, '0'),
('109', '0', '79', '21', 'JV057/2017', '2017-07-19', '-36200', '0', '0', '0', NULL, NULL, '0'),
('110', '0', '80', '21', 'JV058/2017', '2017-07-25', '-488560', '0', '0', '0', NULL, NULL, '0'),
('111', '0', '81', '21', 'JV059/2017', '2017-07-24', '-15000', '0', '0', '0', NULL, NULL, '0'),
('112', '0', '82', '21', 'JV060/2017', '2017-07-31', '-96372', '0', '0', '0', NULL, NULL, '0'),
('113', '0', '83', '21', 'JV061/2017', '2017-07-20', '-28731', '0', '0', '0', NULL, NULL, '0'),
('114', '0', '84', '21', 'JV062/2017', '2017-07-20', '-34899', '0', '0', '0', NULL, NULL, '0'),
('115', '0', '85', '21', 'JV063/2017', '2017-07-20', '-42420', '0', '0', '0', NULL, NULL, '0'),
('116', '0', '86', '21', 'JV064/2017', '2017-07-31', '-73003', '0', '0', '0', NULL, NULL, '0'),
('117', '0', '87', '21', 'JV065/2017', '2017-07-31', '-594000', '0', '0', '0', NULL, NULL, '0'),
('118', '0', '88', '21', 'JV066/2017', '2017-07-31', '-666279', '0', '0', '0', NULL, NULL, '0'),
('119', '0', '89', '21', 'JV067/2017', '2017-07-24', '-304557', '0', '0', '0', NULL, NULL, '0'),
('120', '0', '90', '21', 'JV068/2017', '2017-07-24', '-291273', '0', '0', '0', NULL, NULL, '0'),
('121', '0', '91', '21', 'JV069/2017', '2017-07-31', '0', '0', '0', '0', NULL, NULL, '0'),
('122', '0', '92', '21', 'JV070/2017', '2017-07-20', '-159752', '0', '0', '0', NULL, NULL, '0'),
('123', '0', '93', '21', 'JV071/2017', '2017-07-31', '-342329', '0', '0', '0', NULL, NULL, '0'),
('124', '0', '94', '21', 'JV072/2017', '2017-07-24', '-199400', '0', '0', '0', NULL, NULL, '0'),
('125', '0', '95', '21', 'JV073/2017', '2017-07-20', '-22100', '0', '0', '0', NULL, NULL, '0'),
('126', '0', '96', '21', 'JV074/2017', '2017-07-24', '-200000', '0', '0', '0', NULL, NULL, '0'),
('127', '0', '97', '21', 'JV075/2017', '2017-07-31', '-198852', '0', '0', '0', NULL, NULL, '0'),
('128', '0', '98', '21', 'JV076/2017', '2017-07-25', '-276743', '0', '0', '0', NULL, NULL, '0'),
('129', '0', '99', '21', 'JV077/2017', '2017-07-31', '0', '0', '0', '0', NULL, NULL, '0'),
('130', '0', '100', '21', 'JV078/2017', '2017-07-21', '-120000', '0', '0', '0', NULL, NULL, '0'),
('131', '0', '101', '21', 'JV079/2017', '2017-07-31', '-96481', '0', '0', '0', NULL, NULL, '0'),
('132', '0', '102', '21', 'JV080/2017', '2017-07-31', '-13720', '0', '0', '0', NULL, NULL, '0'),
('133', '0', '103', '21', 'JV081/2017', '2017-07-31', '-250000', '0', '0', '0', NULL, NULL, '0'),
('134', '0', '104', '21', 'JV082/2017', '2017-07-19', '0', '0', '0', '0', NULL, NULL, '0'),
('135', '0', '105', '21', 'JV083/2017', '2017-07-04', '-811210', '0', '0', '0', NULL, NULL, '0'),
('136', '0', '106', '21', 'JV084/2017', '2017-07-05', '-3571268', '0', '0', '0', NULL, NULL, '0'),
('137', '0', '107', '21', 'JV085/2017', '2017-07-05', '-1509532', '0', '0', '0', NULL, NULL, '0'),
('138', '0', '108', '21', 'JV086/2017', '2017-07-05', '-4516018', '0', '0', '0', NULL, NULL, '0'),
('139', '0', '109', '21', 'JV087/2017', '2017-07-05', '-3732928', '0', '0', '0', NULL, NULL, '0'),
('140', '0', '110', '21', 'JV088/2017', '2017-07-07', '-5053844', '0', '0', '0', NULL, NULL, '0'),
('141', '0', '111', '21', 'JV089/2017', '2017-07-10', '-4505714', '0', '0', '0', NULL, NULL, '0'),
('142', '0', '112', '21', 'JV090/2017', '2017-07-11', '0', '0', '0', '0', NULL, NULL, '0'),
('143', '0', '113', '21', 'JV091/2017', '2017-07-11', '0', '0', '0', '0', NULL, NULL, '0'),
('144', '0', '114', '21', 'JV092/2017', '2017-07-12', '-4155276', '0', '0', '0', NULL, NULL, '0'),
('145', '0', '115', '21', 'JV093/2017', '2017-07-13', '-3165874', '0', '0', '0', NULL, NULL, '0'),
('146', '0', '116', '21', 'JV094/2017', '2017-07-13', '-5617030', '0', '0', '0', NULL, NULL, '0'),
('147', '0', '117', '21', 'JV095/2017', '2017-07-14', '-2254004', '0', '0', '0', NULL, NULL, '0'),
('148', '0', '118', '21', 'JV096/2017', '2017-07-14', '-291480', '0', '0', '0', NULL, NULL, '0'),
('149', '0', '119', '21', 'JV097/2017', '2017-07-19', '-3155594', '0', '0', '0', NULL, NULL, '0'),
('150', '0', '120', '21', 'JV098/2017', '2017-07-05', '512414', '0', '0', '0', NULL, NULL, '0'),
('151', '0', '121', '21', 'JV099/2017', '2017-07-05', '978347', '0', '0', '0', NULL, NULL, '0'),
('152', '0', '122', '21', 'JV100/2017', '2017-07-05', '469900', '0', '0', '0', NULL, NULL, '0'),
('153', '0', '123', '21', 'JV101/2017', '2017-07-05', '978359', '0', '0', '0', NULL, NULL, '0'),
('154', '0', '124', '21', 'JV102/2017', '2017-07-11', '0', '0', '0', '0', NULL, NULL, '0'),
('155', '0', '125', '21', 'JV103/2017', '2017-07-13', '76635', '0', '0', '0', NULL, NULL, '0'),
('156', '0', '126', '21', 'JV104/2017', '2017-07-21', '-3715035', '0', '0', '0', NULL, NULL, '0'),
('157', '0', '127', '21', 'JV105/2017', '2017-07-24', '2500000', '0', '0', '0', NULL, NULL, '0'),
('158', '0', '128', '21', 'JV106/2017', '2017-07-25', '-4212800', '0', '0', '0', NULL, NULL, '0'),
('159', '0', '129', '21', 'JV107/2017', '2017-07-25', '4200000', '0', '0', '0', NULL, NULL, '0'),
('160', '0', '130', '21', 'JV108/2017', '2017-07-25', '4700000', '0', '0', '0', NULL, NULL, '0'),
('161', '0', '131', '21', 'JV109/2017', '2017-07-27', '-4165793', '0', '0', '0', NULL, NULL, '0'),
('162', '0', '132', '21', 'JV110/2017', '2017-07-28', '-6255177', '0', '0', '0', NULL, NULL, '0'),
('163', '0', '133', '21', 'JV111/2017', '2017-07-28', '6200000', '0', '0', '0', NULL, NULL, '0'),
('164', '0', '134', '21', 'JV112/2017', '2017-07-31', '-2504449', '0', '0', '0', NULL, NULL, '0'),
('165', '0', '135', '21', 'JV113/2017', '2017-07-31', '4600000', '0', '0', '0', NULL, NULL, '0'),
('166', '0', '136', '21', 'JV114/2017', '2017-07-31', '8150000', '0', '0', '0', NULL, NULL, '0'),
('167', '0', '137', '21', 'JV115/2017', '2017-07-04', '-3840', '0', '0', '0', NULL, NULL, '0'),
('168', '0', '139', '21', 'JV117/2017', '2017-07-13', '-73764', '0', '0', '0', NULL, NULL, '0'),
('169', '0', '140', '21', 'JV118/2017', '2017-07-13', '-28090', '0', '0', '0', NULL, NULL, '0'),
('170', '0', '141', '21', 'JV119/2017', '2017-07-18', '-600000', '0', '0', '0', NULL, NULL, '0'),
('171', '0', '142', '21', 'JV120/2017', '2017-07-18', '-385000', '0', '0', '0', NULL, NULL, '0'),
('172', '0', '143', '21', 'JV121/2017', '2017-07-19', '-10000', '0', '0', '0', NULL, NULL, '0'),
('173', '0', '145', '21', 'JV123/2017', '2017-07-04', '-464', '0', '0', '0', NULL, NULL, '0'),
('174', '0', '146', '21', 'JV124/2017', '2017-07-04', '-3000', '0', '0', '0', NULL, NULL, '0'),
('175', '0', '147', '21', 'JV125/2017', '2017-07-04', '-35', '0', '0', '0', NULL, NULL, '0'),
('176', '0', '148', '21', 'JV126/2017', '2017-07-05', '-968.94', '0', '0', '0', NULL, NULL, '0'),
('177', '0', '149', '21', 'JV127/2017', '2017-07-05', '-1500', '0', '0', '0', NULL, NULL, '0'),
('178', '0', '150', '21', 'JV128/2017', '2017-07-06', '-34041.28', '0', '0', '0', NULL, NULL, '0'),
('179', '0', '151', '21', 'JV129/2017', '2017-07-10', '-3075', '0', '0', '0', NULL, NULL, '0'),
('180', '0', '152', '21', 'JV130/2017', '2017-07-11', '0', '0', '0', '0', NULL, NULL, '0'),
('181', '0', '153', '21', 'JV131/2017', '2017-07-13', '-2500', '0', '0', '0', NULL, NULL, '0'),
('182', '0', '154', '21', 'JV132/2017', '2017-07-14', '-483.65', '0', '0', '0', NULL, NULL, '0'),
('183', '0', '155', '21', 'JV133/2017', '2017-07-17', '-869.94', '0', '0', '0', NULL, NULL, '0'),
('184', '0', '156', '21', 'JV134/2017', '2017-07-18', '-290', '0', '0', '0', NULL, NULL, '0'),
('185', '0', '157', '21', 'JV135/2017', '2017-07-19', '-1085.23', '0', '0', '0', NULL, NULL, '0'),
('186', '0', '158', '21', 'JV136/2017', '2017-07-21', '-1500', '0', '0', '0', NULL, NULL, '0'),
('187', '0', '159', '21', 'JV137/2017', '2017-07-24', '-2698.2', '0', '0', '0', NULL, NULL, '0'),
('188', '0', '160', '21', 'JV138/2017', '2017-07-25', '-2930', '0', '0', '0', NULL, NULL, '0'),
('189', '0', '161', '21', 'JV139/2017', '2017-07-27', '-1500', '0', '0', '0', NULL, NULL, '0'),
('190', '0', '162', '21', 'JV140/2017', '2017-07-31', '-87.24', '0', '0', '0', NULL, NULL, '0'),
('191', '0', '163', '21', 'JV141/2017', '2017-07-21', '0', '0', '0', '0', NULL, NULL, '0'),
('192', '0', '165', '21', 'JV143/2017', '2017-07-27', '0', '0', '0', '0', NULL, NULL, '0'),
('193', '0', '166', '21', 'JV144/2017', '2017-07-31', '2750642', '0', '0', '0', NULL, NULL, '0'),
('194', '0', '167', '21', 'JV145/2017', '2017-07-31', '0', '0', '0', '0', NULL, NULL, '0'),
('195', '0', '168', '21', 'JV143/2017', '2017-07-27', '4659326', '0', '0', '0', NULL, NULL, '0'),
('196', '0', '169', '21', 'JV141/2017', '2017-07-21', '4243247', '0', '0', '0', NULL, NULL, '0'),
('197', '0', '171', '21', 'JV130/2017', '2017-07-11', '-3329.32', '0', '0', '0', NULL, NULL, '0'),
('198', '0', '180', '21', 'JV154/2017', '2017-07-04', '-2500000', '0', '0', '0', NULL, NULL, '0'),
('199', '0', '181', '21', 'JV155/2017', '2017-07-06', '-500000', '0', '0', '0', NULL, NULL, '0'),
('200', '0', '182', '21', 'JV156/2017', '2017-07-06', '-700000', '0', '0', '0', NULL, NULL, '0'),
('201', '0', '183', '21', 'JV157/2017', '2017-07-07', '-3000000', '0', '0', '0', NULL, NULL, '0'),
('202', '0', '184', '21', 'JV158/2017', '2017-07-07', '-7275', '0', '0', '0', NULL, NULL, '0'),
('203', '0', '185', '21', 'JV159/2017', '2017-07-10', '-300000', '0', '0', '0', NULL, NULL, '0'),
('204', '0', '186', '21', 'JV160/2017', '2017-07-10', '-300476', '0', '0', '0', NULL, NULL, '0'),
('205', '0', '187', '21', 'JV161/2017', '2017-07-10', '-552439', '0', '0', '0', NULL, NULL, '0'),
('206', '0', '188', '21', 'JV162/2017', '2017-07-10', '-716392', '0', '0', '0', NULL, NULL, '0'),
('207', '0', '189', '21', 'JV163/2017', '2017-07-10', '-164580', '0', '0', '0', NULL, NULL, '0'),
('208', '0', '190', '21', 'JV164/2017', '2017-07-10', '-128895', '0', '0', '0', NULL, NULL, '0'),
('209', '0', '191', '21', 'JV165/2017', '2017-07-10', '-350000', '0', '0', '0', NULL, NULL, '0'),
('210', '0', '192', '21', 'JV166/2017', '2017-07-11', '0', '0', '0', '0', NULL, NULL, '0'),
('211', '0', '193', '21', 'JV167/2017', '2017-07-11', '-41000', '0', '0', '0', NULL, NULL, '0'),
('212', '0', '194', '21', 'JV168/2017', '2017-07-11', '-27395', '0', '0', '0', NULL, NULL, '0'),
('213', '0', '195', '21', 'JV169/2017', '2017-07-11', '-582379', '0', '0', '0', NULL, NULL, '0'),
('214', '0', '196', '21', 'JV170/2017', '2017-07-13', '-16416', '0', '0', '0', NULL, NULL, '0'),
('215', '0', '197', '21', 'JV171/2017', '2017-07-13', '-2500000', '0', '0', '0', NULL, NULL, '0'),
('216', '0', '198', '21', 'JV172/2017', '2017-07-14', '-400000', '0', '0', '0', NULL, NULL, '0'),
('217', '0', '199', '21', 'JV173/2017', '2017-07-13', '-71713', '0', '0', '0', NULL, NULL, '0'),
('218', '0', '200', '21', 'JV174/2017', '2017-07-17', '-465228', '0', '0', '0', NULL, NULL, '0'),
('219', '0', '201', '21', 'JV175/2017', '2017-07-17', '-74604', '0', '0', '0', NULL, NULL, '0'),
('220', '0', '202', '21', 'JV176/2017', '2017-07-15', '12643', '0', '0', '0', NULL, NULL, '0'),
('221', '0', '203', '21', 'JV177/2017', '2017-07-17', '-224384', '0', '0', '0', NULL, NULL, '0'),
('222', '0', '204', '21', 'JV178/2017', '2017-07-17', '991787', '0', '0', '0', NULL, NULL, '0'),
('223', '0', '205', '21', 'JV179/2017', '2017-07-18', '0', '0', '0', '0', NULL, NULL, '0'),
('224', '0', '206', '21', 'JV179/2017', '2017-07-18', '-1000000', '0', '0', '0', NULL, NULL, '0'),
('225', '0', '207', '21', 'JV180/2017', '2017-07-19', '-7582', '0', '0', '0', NULL, NULL, '0'),
('226', '0', '208', '21', 'JV181/2017', '2017-07-19', '-4162', '0', '0', '0', NULL, NULL, '0'),
('227', '0', '209', '21', 'JV182/2017', '2017-07-19', '-150000', '0', '0', '0', NULL, NULL, '0'),
('228', '0', '210', '21', 'JV183/2017', '2017-07-21', '-3200000', '0', '0', '0', NULL, NULL, '0'),
('229', '0', '211', '21', 'JV184/2017', '2017-07-24', '-2400000', '0', '0', '0', NULL, NULL, '0'),
('230', '0', '212', '21', 'JV185/2017', '2017-07-25', '-3600000', '0', '0', '0', NULL, NULL, '0'),
('231', '0', '213', '21', 'JV186/2017', '2017-07-27', '-500000', '0', '0', '0', NULL, NULL, '0'),
('232', '0', '214', '21', 'JV187/2017', '2017-07-31', '-200000', '0', '0', '0', NULL, NULL, '0'),
('233', '0', '215', '21', 'JV188/2017', '2017-07-31', '-150000', '0', '0', '0', NULL, NULL, '0'),
('234', '0', '216', '21', 'JV189/2017', '2017-07-28', '-100000', '0', '0', '0', NULL, NULL, '0'),
('235', '0', '217', '21', 'JV190/2017', '2017-07-25', '-250000', '0', '0', '0', NULL, NULL, '0'),
('236', '0', '218', '21', 'JV191/2017', '2017-07-25', '-250000', '0', '0', '0', NULL, NULL, '0'),
('237', '0', '219', '21', 'JV055/2017', '2017-07-17', '-185823', '0', '0', '0', NULL, NULL, '0'),
('238', '0', '220', '21', 'JV192/2017', '2017-07-24', '253597', '0', '0', '0', NULL, NULL, '0'),
('239', '0', '221', '21', 'JV193/2017', '2017-07-24', '3068957', '0', '0', '0', NULL, NULL, '0'),
('240', '0', '222', '21', 'JV194/2017', '2017-08-01', '-237716', '0', '0', '0', NULL, NULL, '0'),
('241', '0', '223', '21', 'JV069/2017', '2017-07-31', '-483854', '0', '0', '0', NULL, NULL, '0'),
('242', '2', '12', '21', 'BRV010/2017', '2017-08-17', '0', '0', '0', '2', '5', NULL, '0'),
('243', '2', '13', '21', 'BRV010/2017', '2017-08-01', '0', '0', '0', '0', NULL, NULL, '0'),
('244', '2', '14', '21', 'BRV010/2017', '2017-08-01', '0', '0', '0', '0', NULL, NULL, '0'),
('245', '2', '15', '21', 'BRV010/2017', '2017-08-01', '0', '0', '0', '0', NULL, NULL, '0'),
('246', '0', '242', '21', 'JV006/2017', '2017-07-19', '0', '0', '0', '0', NULL, NULL, '0'),
('247', '0', '247', '20', 'JV211/2017', '2017-08-17', '0', '0', '0', '0', NULL, NULL, '0'),
('248', '41', '1', '20', 'CPV001/2017', '2017-08-17', '0', '0', '0', '0', NULL, NULL, '0'),
('249', '0', '248', '20', 'JV212/2017', '2017-08-17', '0', '0', '0', '0', NULL, NULL, '0'),
('250', '0', '249', '21', 'JV006/2017', '2017-07-19', '3468068', '0', '0', '0', NULL, NULL, '0'),
('251', '0', '252', '21', 'JV090/2017', '2017-07-11', '-2961200', '0', '0', '0', NULL, NULL, '0'),
('252', '0', '253', '21', 'JV091/2017', '2017-07-11', '-5484478', '0', '0', '0', NULL, NULL, '0'),
('253', '0', '254', '21', 'JV102/2017', '2017-07-11', '-7056841', '0', '0', '0', NULL, NULL, '0'),
('254', '0', '284', '21', 'JV237/2017', '2017-08-22', '0', '0', '0', '0', NULL, NULL, '0');

### Structure of table `0_bom` ###

DROP TABLE IF EXISTS `0_bom`;

CREATE TABLE `0_bom` (
  `id` int(11) NOT NULL AUTO_INCREMENT,
  `parent` char(20) COLLATE utf8_unicode_ci NOT NULL DEFAULT '',
  `component` char(20) COLLATE utf8_unicode_ci NOT NULL DEFAULT '',
  `workcentre_added` int(11) NOT NULL DEFAULT '0',
  `loc_code` char(5) COLLATE utf8_unicode_ci NOT NULL DEFAULT '',
  `quantity` double NOT NULL DEFAULT '1',
  PRIMARY KEY (`parent`,`component`,`workcentre_added`,`loc_code`),
  KEY `component` (`component`),
  KEY `id` (`id`),
  KEY `loc_code` (`loc_code`),
  KEY `parent` (`parent`,`loc_code`),
  KEY `workcentre_added` (`workcentre_added`)
) ENGINE=InnoDB DEFAULT CHARSET=utf8 COLLATE=utf8_unicode_ci ;

### Data of table `0_bom` ###


### Structure of table `0_budget_trans` ###

DROP TABLE IF EXISTS `0_budget_trans`;

CREATE TABLE `0_budget_trans` (
  `id` int(11) NOT NULL AUTO_INCREMENT,
  `tran_date` date NOT NULL DEFAULT '0000-00-00',
  `account` varchar(15) COLLATE utf8_unicode_ci NOT NULL DEFAULT '',
  `memo_` tinytext COLLATE utf8_unicode_ci NOT NULL,
  `amount` double NOT NULL DEFAULT '0',
  `dimension_id` int(11) DEFAULT '0',
  `dimension2_id` int(11) DEFAULT '0',
  PRIMARY KEY (`id`),
  KEY `Account` (`account`,`tran_date`,`dimension_id`,`dimension2_id`)
) ENGINE=InnoDB AUTO_INCREMENT=13 DEFAULT CHARSET=utf8 COLLATE=utf8_unicode_ci ;

### Data of table `0_budget_trans` ###


### Structure of table `0_chart_class` ###

DROP TABLE IF EXISTS `0_chart_class`;

CREATE TABLE `0_chart_class` (
  `cid` varchar(3) COLLATE utf8_unicode_ci NOT NULL,
  `class_name` varchar(60) COLLATE utf8_unicode_ci NOT NULL DEFAULT '',
  `ctype` tinyint(1) NOT NULL DEFAULT '0',
  `inactive` tinyint(1) NOT NULL DEFAULT '0',
  PRIMARY KEY (`cid`)
) ENGINE=InnoDB DEFAULT CHARSET=utf8 COLLATE=utf8_unicode_ci ;

### Data of table `0_chart_class` ###

INSERT INTO `0_chart_class` VALUES
('10', 'Assets', '1', '0'),
('20', 'Liabilities', '2', '0'),
('30', 'Capital', '3', '0'),
('40', 'Income', '4', '0'),
('50', 'Expenses', '6', '0');

### Structure of table `0_chart_master` ###

DROP TABLE IF EXISTS `0_chart_master`;

CREATE TABLE `0_chart_master` (
  `account_code` varchar(15) COLLATE utf8_unicode_ci NOT NULL DEFAULT '',
  `account_code2` varchar(15) COLLATE utf8_unicode_ci NOT NULL DEFAULT '',
  `account_name` varchar(60) COLLATE utf8_unicode_ci NOT NULL DEFAULT '',
  `account_type` varchar(10) COLLATE utf8_unicode_ci NOT NULL DEFAULT '0',
  `inactive` tinyint(1) NOT NULL DEFAULT '0',
  PRIMARY KEY (`account_code`),
  KEY `account_name` (`account_name`),
  KEY `accounts_by_type` (`account_type`,`account_code`)
) ENGINE=InnoDB DEFAULT CHARSET=utf8 COLLATE=utf8_unicode_ci ;

### Data of table `0_chart_master` ###

INSERT INTO `0_chart_master` VALUES
('10112', '', 'Petty Cash', '1011', '0'),
('10121', '', 'Vehicle Running Expense', '503', '0'),
('10122', '', 'Cash In Hand Nadeem', '1011', '0'),
('1013', '', 'Accounts Receivables', '101', '0'),
('1014', '', 'Allowance for doubtful accounts', '101', '0'),
('10144', '', 'HBL A/C#16830014204103 (D-GROUND)', '1012', '0'),
('10145', '', 'HBL Khurrianwala (16817900641103) ', '1012', '0'),
('1015', '', 'Witholding Tax Deducted at Source', '101', '0'),
('1016', '', 'Witholding Tax Deducted at Source - Service', '101', '0'),
('1017', '', 'Witholding Tax Deducted at Source - SRB/PRA', '101', '0'),
('1018', '', 'Witholding Tax Deducted at Source - Supplies', '101', '0'),
('1019', '', 'With-holding Tax (Cash Withdrawal)', '101', '0'),
('1021', '', 'Inventory', '102', '0'),
('1022', '', 'Stocks of Raw Materials', '102', '0'),
('1023', '', 'Stocks of Work In Progress', '102', '0'),
('1024', '', 'Stocks of Finished Goods', '102', '0'),
('1025', '', 'Goods Received Clearing account', '102', '0'),
('1031', '', 'Office Furniture and Equipment', '103', '0'),
('1032', '', 'Accum. Amort. - Furn. and Equip.', '103', '0'),
('1033', '', 'Vehicle', '103', '0'),
('1034', '', 'Accum. Amort. - Vehicle', '103', '0'),
('1035', '', 'Securities', '101', '0'),
('1036', '', 'Prepaid Exps', '101', '0'),
('1037', '', 'Rebate Receivables', '101', '0'),
('1038', '', 'RND Receivables', '101', '0'),
('1039', '', 'Sales Tax Receivable', '101', '0'),
('1040', '', 'Plant &amp; Machinery', '103', '0'),
('1041', '', 'Land And Building Khurrianwala Unit', '103', '0'),
('1042', '', 'Sea Freight Expenses', '501', '0'),
('1043', '', 'Commission Exps', '501', '0'),
('1044', '', 'Land &amp; Building House Kareem Town', '103', '0'),
('1045', '', 'Land and Building Small Industrial Estate Unit', '103', '0'),
('1046', '', 'Babar Majeed Sb Adv', '104', '0'),
('1047', '', 'Yasir Majeed Sb Adv', '104', '0'),
('1048', '', 'Ansar Majeed Sb Adv', '104', '0'),
('2011', '', 'Shipping Creditors-1', '201', '0'),
('20111', '', 'AIL Production', '201', '0'),
('2012', '', 'Witholding Tax', '201', '0'),
('2013', '', 'GST Input', '201', '0'),
('2014', '', 'GST Output', '201', '0'),
('2015', '', 'Other Creditors', '201', '0'),
('2016', '', 'Employee Salary tax Payables', '201', '0'),
('2017', '', 'Tax Payable-Director&#039;s Salary', '201', '0'),
('2018', '', 'Tax Payable Sales Tax (With Held)', '201', '0'),
('2019', '', 'Post Dated Cheque 1420', '201', '0'),
('2020', '', 'Tax U/S 153 Payable', '201', '0'),
('2021', '', 'Bank Loans', '202', '0'),
('20211', '', 'Muhammad Shafique 1320 (WEAVING INCHARGE) P.F P/A', '2021', '0'),
('20212', '', 'Shahzaib Younas 2958 (DOCUMENTATION OFFICER) P.F P/A', '2021', '0'),
('20213', '', 'Tanveer Gillani 1004 (MANAGER ACCOUNTS) P.F P/A', '2021', '0'),
('20214', '', 'Toheed Asghar 2852 (MARKETING MANAGER) P.F P/A', '2021', '0'),
('2022', '', 'Loans from Shareholders', '202', '0'),
('2023', '', 'HBL ERF P-II', '204', '0'),
('2024', '', 'Hbl Pre Shipment Loan', '204', '0'),
('2025', '', 'Hbl-Post Shipment - Fafb Loan', '204', '0'),
('2026', '', 'Hbl-Post Shipment - Fapc Loan', '204', '0'),
('2027', '', 'Mark Up Payable Against Short Term Loan', '204', '0'),
('2028', '', 'House-Karim Town Payable', '201', '0'),
('3011', '', 'Common Shares', '301', '0'),
('3012', '', 'Opening Balance Equity', '301', '0'),
('3021', '', 'Reserves and Surplus', '302', '0'),
('4011', '', 'Sales Revenue', '401', '0'),
('4021', '', 'Shipping and Handling', '402', '0'),
('4022', '', 'Interest', '402', '0'),
('4023', '', 'Foreign Exchange Gain', '402', '0'),
('4024', '', 'Prompt Payment Discounts', '402', '0'),
('4025', '', 'Discounts Given', '402', '0'),
('412', '', 'Exchange Rate Differance', '402', '0'),
('5011', '', 'Cost of Goods Sold - Retail', '501', '0'),
('5012', '', 'Material Usage Variance', '501', '0'),
('5013', '', 'Consumable Materials', '501', '0'),
('5014', '', 'Purchase Price Variance', '501', '0'),
('5015', '', 'Purchases of Materials', '501', '0'),
('5016', '', 'Discounts Received', '501', '0'),
('5017', '', 'Freight Charges (Fsd)', '501', '0'),
('5018', '', 'Salary Ail Export', '502', '0'),
('5019', '', 'Salary Rnd', '502', '0'),
('5020', '', 'Provident Funds', '502', '0'),
('5021', '', 'Social Securities', '502', '0'),
('5022', '', 'EOBI Exps', '502', '0'),
('5023', '', 'Director&#039;s Salaries ', '502', '0'),
('5024', '', 'Bailing Expenses', '501', '0'),
('5025', '', 'Co Expenses', '503', '0'),
('5026', '', 'Dyeing Expenses', '501', '0'),
('5027', '', 'Freight Charges Yarn', '501', '0'),
('5028', '', 'GSP Expenses', '503', '0'),
('5029', '', 'Import Expenses-B', '501', '0'),
('5030', '', 'Profit and Loss', '503', '0'),
('5031', '', 'Legal &amp; Professional Expenses', '503', '0'),
('5032', '', 'Advertising and Promotions', '503', '0'),
('5033', '', 'Bad Debts', '503', '0'),
('5034', '', 'Amortization Expense', '503', '0'),
('5035', '', 'Insurance', '503', '0'),
('5036', '', 'Mark Up Charges Agaist Short Term Loans', '506', '0'),
('5037', '', 'Office Supplies', '503', '0'),
('5038', '', 'Rent', '503', '0'),
('5039', '', 'Repair and Maintenance', '503', '0'),
('5040', '', 'Telephone', '503', '0'),
('5041', '', 'Travelling Exps', '503', '0'),
('5042', '', 'Utilities', '503', '0'),
('5043', '', 'Registrations', '503', '0'),
('5044', '', 'Licenses', '503', '0'),
('5045', '', 'Foreign Exchange Profit', '402', '0'),
('5046', '', 'Mobile Exps', '503', '0'),
('5047', '', 'Entertainment Exps', '503', '0'),
('5048', '', 'Courier Exps', '503', '0'),
('5049', '', 'Bank Charges', '506', '0'),
('5050', '', 'Bank Charges Against Negotiation-B', '506', '0'),
('5051', '', 'Export Development Services Charges Against Negotiation-B', '506', '0'),
('5052', '', 'Foreign Bank Charges (Short Realization) B', '506', '0'),
('5053', '', 'With Holding Tax Against Negotiation-B', '506', '0'),
('5054', '', 'Export Exhibition Expenses', '503', '0'),
('5055', '', 'Animal Expenses', '503', '0'),
('5056', '', 'Building Repair Expenses', '503', '0'),
('5057', '', 'Charity &amp; Donation', '503', '0'),
('5058', '', 'Computer Expenses', '503', '0'),
('5059', '', 'Electric Repair-Adm Expenses', '503', '0'),
('5060', '', 'Entertainment-Adm Expenses', '503', '0'),
('5061', '', 'Misc Expenses-Adm', '503', '0'),
('5062', '', 'Mobile Bill Expenses (Directors)', '503', '0'),
('5063', '', 'Mobile Bill Expenses (Employees)', '503', '0'),
('5064', '', 'Postage &amp; Telegram Expenses', '503', '0'),
('5065', '', 'Tax Charges Director&#039;s Salary', '506', '0'),
('5066', '', 'Internet Expenses', '503', '0'),
('5067', '', 'Furniture &amp; Fixture Repair', '503', '0'),
('5069', '', 'Salary Production', '502', '0'),
('5070', '', 'Loading Unloading Expenses', '501', '0'),
('50701', '', 'Muhammad Iqbal 1733 (HOD EXPORTS) P.F P/A', '2021', '0'),
('5071', '', 'Mending Expenses', '501', '0'),
('5072', '', 'Washing Expenses', '501', '0'),
('5073', '', 'Electric Repair Expenses', '501', '0'),
('5074', '', 'Gas Expenses', '501', '0'),
('5076', '', 'Generator Expenses', '501', '0'),
('5077', '', 'Machinery Repair &amp; Maintenance Expenses', '501', '0'),
('5078', '', 'Misc Expenses', '501', '0'),
('5079', '', 'Vehicle Running Expenses', '501', '0'),
('5080', '', 'Electric Bill', '501', '0'),
('5081', '', 'Local Freight Expenses', '501', '0'),
('5082', '', 'Clearing Expenses', '501', '0'),
('5083', '', 'Air Freight Expenses', '501', '0'),
('5090', '', 'House-Karim Town', '505', '0'),
('5091', '', 'Empty', '505', '0'),
('5092', '', 'Empty', '505', '0'),
('6001', '', 'Rizwan Driver P.Adv', '106', '0'),
('6002', '', 'Sajjad Khan P/Advance', '106', '0');

### Structure of table `0_chart_types` ###

DROP TABLE IF EXISTS `0_chart_types`;

CREATE TABLE `0_chart_types` (
  `id` varchar(10) COLLATE utf8_unicode_ci NOT NULL,
  `name` varchar(60) COLLATE utf8_unicode_ci NOT NULL DEFAULT '',
  `class_id` varchar(3) COLLATE utf8_unicode_ci NOT NULL DEFAULT '',
  `parent` varchar(10) COLLATE utf8_unicode_ci NOT NULL DEFAULT '-1',
  `inactive` tinyint(1) NOT NULL DEFAULT '0',
  PRIMARY KEY (`id`),
  KEY `name` (`name`),
  KEY `class_id` (`class_id`)
) ENGINE=InnoDB DEFAULT CHARSET=utf8 COLLATE=utf8_unicode_ci ;

### Data of table `0_chart_types` ###

INSERT INTO `0_chart_types` VALUES
('101', 'Current Assets', '10', '', '0'),
('1011', 'Cash', '10', '101', '0'),
('1012', 'Bank', '10', '101', '0'),
('102', 'Inventory Assets', '10', '', '0'),
('103', 'Fixed Assets', '10', '', '0'),
('104', 'Advances ', '10', '', '0'),
('106', 'Purchase Advances', '10', '', '0'),
('201', 'Current Liabilities', '20', '', '0'),
('202', 'Long Term Liabilities', '20', '', '0'),
('2021', 'Provident Funds Payable', '20', '202', '0'),
('204', 'Short Term Loan', '20', '', '0'),
('301', 'Share Capital', '30', '', '0'),
('302', 'Retained Earnings', '30', '', '0'),
('401', 'Sales Revenue', '40', '', '0'),
('402', 'Other Revenue', '40', '', '0'),
('501', 'Cost of Goods Sold', '50', '', '0'),
('502', 'Payroll Expenses', '50', '', '0'),
('503', 'General &amp; Administrative Expenses', '50', '', '0'),
('505', 'Drawings', '50', '', '0'),
('506', 'Financial &amp; Taxation Charges', '50', '', '0');

### Structure of table `0_comments` ###

DROP TABLE IF EXISTS `0_comments`;

CREATE TABLE `0_comments` (
  `type` int(11) NOT NULL DEFAULT '0',
  `id` int(11) NOT NULL DEFAULT '0',
  `date_` date DEFAULT '0000-00-00',
  `memo_` tinytext COLLATE utf8_unicode_ci,
  KEY `type_and_id` (`type`,`id`)
) ENGINE=InnoDB DEFAULT CHARSET=utf8 COLLATE=utf8_unicode_ci ;

### Data of table `0_comments` ###

INSERT INTO `0_comments` VALUES
('0', '18', '2017-07-01', 'OPENINING TEST'),
('0', '19', '2017-07-01', 'test'),
('0', '20', '2017-07-19', 'OPENING BANK BALANCE AS ON 1ST JULY 2017'),
('22', '1', '2017-07-01', 'CHQ#00003084 ISSUED TO COMBINED FREIGHT INT'),
('0', '21', '2017-07-01', 'OPENING ACCOUNT BALANCE AS ON 1ST JULY 2017'),
('22', '3', '2017-07-01', 'CHQ#00003084 ISSUED TO COMBINE FREIGHT'),
('22', '4', '2017-07-03', 'CHQ#00003128 ISSUED FOR CASH IN HAND'),
('22', '5', '2017-07-03', 'CHQ#00003129 ISSUED FOR CHELDREN FEE OF YASIR MAJEEDSB'),
('22', '6', '2017-07-01', 'CHQ#00002920 ISSUED TO QUALITY THREAD AGST SOTRE PURCHASE'),
('22', '7', '2017-07-20', 'CHQ#00003092 ISSUED TO ABU TARAB AGST STORE PURCHASE'),
('22', '8', '2017-07-01', 'CHQ#00003111 ISSUED TO AHMED ENTERPRISES AGST STORE PURCHASE '),
('22', '9', '2017-07-01', 'CHQ#00003098 ISSUED TO MAIZ PRINTERS AGST STORE PURCHASE'),
('22', '10', '2017-07-01', 'CHQ#00003105 ISSUED TO MALIK AHAD BROTHERS '),
('22', '11', '2017-07-01', 'CHQ#00003125 ISSUED FOR PTCL BILL KARIM TOWN MAY-17'),
('22', '12', '2017-07-01', 'CHQ#00003126 ISSUED FOR PTCL BILL OF UNIT FOR M/O MAY-17'),
('22', '13', '2017-07-10', 'CHQ#00003043 ISSUED TO ACME COLLAR KNITTING'),
('22', '14', '2017-07-01', 'CHQ#3087 ISSUED TO FAHEEM TRADERS AGST STORE PURCHASE'),
('22', '15', '2017-07-01', 'CHQ#00003102 ISSUED TO MASTER FREIGHT SERVICES'),
('22', '16', '2017-07-01', 'CHQ#00003122 ISSUED TO SAJJAD KHAN AGST LOAN '),
('22', '17', '2017-07-05', 'CHQ#00003132 ISSUED FOR HKT ELECTRIC BILL FOR M/O JUN-17'),
('22', '18', '2017-07-05', 'CHQ#00003133 ISSUED TO CIE SUPPLY CHAIN'),
('22', '19', '2017-07-08', 'CHQ#0003148 ISSUED TO MEHAK ENTERPRISES AGST STORE PURCHASE'),
('22', '20', '2017-07-01', 'CHQ#00003090 ISSUED TO FINE THREAD AGST STORE PURCHASE'),
('22', '21', '2017-07-10', 'CHQ#00003110 ISSUED TO AHMED ENTERPRISES AGST STORE PURCHASE'),
('22', '22', '2017-07-01', 'CHQ#00003103 ISSUED OT RIAZ AGENCIES'),
('22', '23', '2017-07-08', 'CHQ#00003123 ISSUED TO TOTAL QUALITY SYSTEM '),
('22', '24', '2017-07-07', 'CHQ#00003165 ISSUED TO SAJJAD KHAN FOR STORE PURCHASE'),
('22', '25', '2017-07-01', 'CHQ#00003037 ISSUED TO EOBI'),
('22', '26', '2017-07-01', 'CHQ#00003163 ISSUED TO ABS PRODUCTS AGST STORE PURCHASE'),
('22', '27', '2017-07-20', 'CHQ#00003173 ISSUED FOR CASH IN HAND NADEEM'),
('22', '28', '2017-07-12', 'CHQ#00003175 ISSUED TO AM TEXTILE LIMITED AGST PROCESSING'),
('22', '29', '2017-07-13', 'CHQ#00003178 PAID TO SAJJAD KHAN FOR STORE PURCHASE'),
('22', '30', '2017-07-13', 'CHQ#00003179 ISSUED TO SAJJAD KHAN FOR STORE PURCHASE'),
('22', '31', '2017-07-13', 'CHQ#00003118 ISSUED TO AL-REHMAT AGST PROCESSING'),
('22', '32', '2017-07-14', 'CHQ#00003169 ISSUE TO PAK PUBLIC SECURITY'),
('22', '33', '2017-07-14', 'CHQ#00003170 ISSUE TO SHAHZAD CONE DYEING'),
('22', '34', '2017-07-18', 'CHQ#00003119 ISSUED TO AL-REHMAT AGST PROCESSING'),
('22', '35', '2017-07-15', 'CHQ#00003134 ISSUED TO ALI MACHINERY FOR MACHINES PURCHASE'),
('22', '36', '2017-07-18', 'CHQ#00003136 ISSUED TO AL-REHMAT AGST PROCESSING'),
('22', '37', '2017-07-18', 'CHQ#00003137 ISSUED TO AL-REHMAT AGST PROCESSING'),
('22', '38', '2017-07-15', 'CHQ#00003138 ISSUED TO AL-REHMAT AGST PROCESSING'),
('22', '39', '2017-07-15', 'CHQ#00003146 ISSUED TO RAFIQ FABRICS AGST PROCESSING'),
('22', '40', '2017-07-15', 'CHQ#00003158 ISSUED TO CON YOUNAS NAWAZ TEXTILES'),
('22', '41', '2017-07-17', 'CHQ#00003192 ISSUED TO SAJJAD KHAN FOR STORE PURCHASE'),
('20', '4', '2017-07-01', 'TEST'),
('0', '22', '2017-07-01', 'OPENING BALANCE OF PLANT AND MACHINERY AS ON 01-07-2017'),
('0', '23', '2017-07-01', 'OPENING BALANCE OF LAND &amp; BUILDING KHURRINWALA UNIT'),
('0', '24', '2017-07-01', 'OPENING BALANCE OF LAND &amp; BUILDING HOUSE KAREEM TOWN '),
('0', '25', '2017-07-01', 'OPENING BALANCE OF LAND &amp; BUILDING OF SMALL INDUSTRIAL ESTATE'),
('1', '1', '2017-08-05', 'TEST'),
('2', '1', '2017-08-05', 'TEST'),
('2', '2', '2017-08-05', 'TEST'),
('0', '26', '2017-07-19', 'TEST'),
('0', '27', '2017-08-05', 'TEST'),
('0', '29', '2017-08-07', 'FAX PAYMENT ODC 16832018817 HBL 20170000031632 INV# 6061 EUR 25000,5867.45@ 113.90,114.40 LESS EXP 50668.62 MIMCO GMBH FDBC-26058'),
('2', '3', '2017-07-05', 'CUSTOMER CREDIT ODC 16831974517 HBL 20170000028529 INV# 6056 LOAN GRANT BY BANK FAFB'),
('2', '4', '2017-07-05', 'CUSTOMER CREDIT ODC 16831975517 HBL 20170000031163 INV# 6060 LOAN GRANT BY BANK FAFB'),
('2', '5', '2017-07-07', 'CUSTOMER CREDIT FSAFPC 05308817 HBL 20170000032387 INV# 6064 LOAN GRANT BY BANK FAPC'),
('2', '6', '2017-07-07', 'CUSTOMER CREDIT ODC 16+831991717 HBL 20170000032323 INV# 6063 LOAN GRANT BY BANK FAFB'),
('0', '30', '2017-07-07', 'FAX PAYMENT ODC 16831962717 HBL 20170000029803 INV#6058 USD 52668.24@107.25 LESS EXP 79845 LASSIG FDBC-26027'),
('2', '7', '2017-07-11', 'CUSTOMER CREDIT FSAFPC 205312917 LOAN GRANT BY BANK PRE-SHIPMENT LOAN'),
('2', '8', '2017-07-12', 'CUSTOMER CREDIT ODC 16832037017 HBL 20170000032387 INV# 6064 LOAN GRANT BY BANK FAFB'),
('2', '9', '2017-07-12', 'CUSTOMER DEBIT ODC 16832018517 HBL 20170000032388 INV# 6065 LOAN GRANT BY BANK FAFB'),
('2', '10', '2017-07-12', 'CUSTOMER DEBIT ODC 16832018817 HBL 20170000031632 INV# 6061LOAN GRANT BY BANK FAFB'),
('2', '11', '2017-07-13', 'CUSTOMER CREDIT FSAFPC 05319917 HBL 20170000033698 INV# 6066 LOAN GRANT BY BANK FAPC'),
('0', '32', '2017-07-13', 'FAX PAYMENT ODC 16831641817 HBL 20170000024748 INV# 6046 USD 39526.54@101.50  MARBA  FDBC-25842'),
('0', '33', '2017-07-13', 'FAX PAYMENT ODC 13831943117 HBL 20170000030087 INV# 6059 USD 198.56@ 101.50  MARBA FDBC-26011'),
('0', '34', '2017-07-17', 'FAX PAYMENT ODC 16832036517 HBL20170000013398 INV# 6013 USD 14935.15@ 105  APL UAE FDBC-26075 ( 105-101.50=3.50*14935.15 )'),
('0', '35', '2017-07-03', 'Chq#00003084 Paid to Combined Freight'),
('0', '36', '2017-08-09', 'test'),
('0', '37', '2017-07-03', 'CHQ#00003108 ISSUED FOR CASH IN HAND NADEEM'),
('0', '38', '2017-07-03', 'CHQ#00003128 ISSUED FOR CASH IN HAND NADEEM'),
('0', '39', '2017-07-03', 'CHQ#00003129 ISSUED FOR FEE OF YASIR SB CHILDREN'),
('0', '40', '2017-07-05', 'CHQ#00002920 ISSUED FOR QUALITY THREAD '),
('0', '41', '2017-07-05', 'CHQ#00003041 ISSUED FOR DHL PAKISTAN'),
('0', '42', '2017-07-05', 'CHQ#00003092 ISSUED FOR ABU TARAB '),
('0', '43', '2017-07-05', 'CHQ#00003111 ISSUED FOR AHMED ENTERPRISES'),
('0', '44', '2017-07-05', 'CHQ#00003098 ISSUED FOR MAIZ PRINTERS'),
('0', '45', '2017-07-05', 'CHQ#0003105 ISSUED TO MALIK AHAD BROTHERS'),
('0', '46', '2017-07-05', 'CHQ#00003125 ISSUED FOR HOUSE KARIM-TOWN'),
('0', '47', '2017-07-05', 'CHQ#00003126 ISSUED FOR PTCL BILL'),
('0', '48', '2017-07-06', 'CHQ#00002780 ISSUED TO MASTER FREIGHT SERVICES'),
('0', '49', '2017-07-07', 'CHQ#00002916 ISSUED TO SN TEXTILE YRN'),
('0', '50', '2017-07-10', 'CHQ#0003043 ISSUED TO ACMI COLLAR CON'),
('0', '51', '2017-07-10', 'CHQ#00003087 ISSUED TO FAHEEM TRADERS STORE'),
('0', '52', '2017-07-06', 'CHQ#00003102 ISSUED TO MASTER FREIGHT SERVICES'),
('0', '53', '2017-07-10', 'CHQ#00003122 ISSUED TO SAJJAD KHAN AGST LOAN'),
('0', '54', '2017-07-06', 'CHQ#00003132 ISSUED FOR HOUSE KARIM TOWN EXP'),
('0', '55', '2017-07-10', 'CHQ#00003133 ISSUED TO CEI SUPPLY CHAIN SYSTEM'),
('0', '56', '2017-07-07', 'CHQ#00003148 ISSUED TO MEHAK ENTERPRISES STORE'),
('0', '57', '2017-07-11', 'CHQ#00003090 ISSUED TO FINE THREAD STORE'),
('0', '58', '2017-07-11', 'CHQ#00003110 ISSUED TO AHMED ENTERPRISES STORE'),
('0', '59', '2017-07-11', 'CHQ#0003103 ISSUED TO RIAZ AGENCEIS'),
('0', '60', '2017-07-12', 'CHQ#00003123 ISSUED TO TOTAL QUALITY SYSTEM '),
('0', '61', '2017-07-12', 'CHQ#00003165 ISSUED TO SAJJAD KHAN FOR PURCHASE'),
('0', '62', '2017-07-13', 'CHQ#00003037 ISSUED FOR EOBI '),
('0', '63', '2017-07-13', 'CHQ#00003163 ISSUED TO ABS PRODUCTD STORE'),
('0', '64', '2017-07-13', 'CHQ#00003173 ISSUED FOR CASH IN HAND NADEEM'),
('0', '65', '2017-07-13', 'CHQ#00003175 ISSUED TO AM TEXTILE PROCESSING'),
('0', '66', '2017-07-13', 'CHQ#00003178 ISSUED TO SAJJAD KHAN FOR PURCHASE'),
('0', '67', '2017-07-13', 'CHQ#00003179 ISSUED TO SAJJAD FOR STORE PURCHASE'),
('0', '68', '2017-07-14', 'CHQ#00003118 ISSUED TO AL-REHMAT TRADERS PROCESSING'),
('0', '69', '2017-07-14', 'CHQ#00003169 ISSUED TO PAK PUBLIC SECURITY'),
('0', '70', '2017-07-14', 'CHQ#0003170 ISSUED TO SHAHZAD CONE DYEING PROCESSING'),
('0', '71', '2017-07-18', 'CHQ#00003119 ISSUED TO AL-REHMAT PROCESSING'),
('0', '72', '2017-07-18', 'CHQ#0003134 ISSUED TO ALI MACHINERY WORKS'),
('0', '73', '2017-07-18', 'CHQ#00003136 ISSUED TO AL-REHMAT TRADER PROCESSING'),
('0', '74', '2017-07-18', 'CHQ#0003137 ISSUED TO AL-REHMAT TRADERS PROCESSING'),
('0', '75', '2017-07-17', 'CHQ#00003138 ISSUED TO AL-REHMAT TRADER PROCESSING'),
('0', '76', '2017-07-17', 'CHQ#00003146 ISSUED TO RAFIQ FABRICS PROCESSING '),
('0', '77', '2017-07-17', 'CHQ#00003158 ISSUED TO YOUNIS NAWAZ CONV'),
('0', '78', '2017-07-18', 'CHQ#00003192 ISSUED TO SAJJAD FOR PURCHASE'),
('0', '79', '2017-07-19', 'CHQ#00003086 ISSUED TO CODA BAR STORE'),
('0', '80', '2017-07-25', 'CHQ#00003100 ISSUED TO RAAZIQ INTERNATIONAL'),
('0', '81', '2017-07-24', 'CHQ#00003104 ISSUED TO NEXLINX'),
('0', '82', '2017-07-31', 'CHQ#00003135 ISSUED TO AL-REHMAT TRADERS'),
('0', '83', '2017-07-20', 'CHQ#00003139 ISSUED TO AL-REHMAT PROCESSING'),
('0', '84', '2017-07-20', 'CHQ#00003140 ISSUED TO AL-REHMAT PROCESSING'),
('0', '85', '2017-07-20', 'CHQ#00003141 ISSUED TO AL-REHMAT PROCESSING'),
('0', '86', '2017-07-31', 'CHQ#00003142 ISSUED TO AL-REHMAT PROCESSING'),
('0', '87', '2017-07-31', 'CHQ#00003144 ISSUED TO AL-REHMAT PROCESSING'),
('0', '88', '2017-07-31', 'CHQ#00003145 ISSUED TO AL-REHMAT PROCESSING'),
('0', '89', '2017-07-24', 'CHQ#00003147 ISSUED TO RAFIQ PROCESSING '),
('0', '90', '2017-07-24', 'CHQ#00003153 ISSUED TO SAMIRA FABRIC CONV'),
('0', '91', '2017-07-31', 'CHQ#00003154 ISSUED TO SAMIRA FABRIC CONV'),
('0', '92', '2017-07-20', 'CHQ#00003155 ISSUED TO TANVEER HASSAN CONV'),
('0', '93', '2017-07-31', 'CHQ#00003159 ISSUED TO YOUNAS NAWAZ CONV'),
('0', '94', '2017-07-24', 'CHQ#00003171 ISSUED TO SHAHZAD CONE DYEING PROCESSING'),
('0', '95', '2017-07-20', 'CHQ#00003174 ISSUED TO NEW MALIK GOODS'),
('0', '96', '2017-07-24', 'CHQ#00003176 ISSUED TO M.NAWAZ CIVIL CONTRACTOR'),
('0', '97', '2017-07-31', 'CHQ#00003183 ISSUED TO ARSHAD CORPORATION D.UNIT'),
('0', '98', '2017-07-25', 'CHQ#00003185 ISSUED TO HAJI IHTESHAM CONV'),
('0', '99', '2017-07-31', 'CHQ#00003190 ISSUED TO DHL '),
('0', '100', '2017-07-21', 'CHQ#00003202 ISSUED TO SAJJAD FOR PURCHASE'),
('0', '101', '2017-07-31', 'CHQ#00003209 ISSUED TO SOCIAL SECURITY'),
('0', '102', '2017-07-31', 'CHQ#00003214 ISSUED TO COMBINE FREIGHT INT'),
('0', '103', '2017-07-31', 'CHQ#00003219 ISSUED TO SAJJAD FOR PURCHASE'),
('0', '104', '2017-07-19', 'FAX PAYMENT ODC 16832018817 HBL 20170000031632 INV# 6061 EUR 31.62.45@ 112  MIMCO GMBH FDBC-26058'),
('0', '105', '2017-07-04', 'CUSTOMER DEBIT FSAFPC 05200217 HBL 20170000025625 INV# 6051 LOAN AND MARK UP ADJ BY BANK FAPC'),
('0', '106', '2017-07-05', 'CUSTOMER DEBIT FSAFPC 05251317 HBL 20170000029803 INV# 6058 LOAN AND MARK UP ADJ BY BANK FAPC'),
('0', '107', '2017-07-05', 'CUSTOMER DEBIT FSAFPC 05248417 HBL 20170000029803 INV# 6058 LOAN AND MARK UP ADJ BY BANK FAPC'),
('0', '108', '2017-07-05', 'CUSTOMER DEBIT FSAFPC 05274017 HBL 20170000021163 INV# 6060 LOAN AND MARK UP ADJ BY BANK FAPC'),
('0', '109', '2017-07-05', 'CUSTOMER DEBIT FSAFPC 05231617 HBL 20170000028529 INV# 6056 LOAN AND MARK UP ADJ BY BANK FAPC'),
('0', '110', '2017-07-07', 'CUSTOMER DEBIT ODC 16831962717 HBL 20170000029803 INV# 6058 LOAN AND MARK UP ADJ BY BANK @ 9.26 FAFB'),
('0', '111', '2017-07-10', 'CUSTOMER DEBIT ODC 16831975517 HBL 20170000031163 INV# 6060 LOAN AND MARK UP ADJ BY BANK FAFB@9.27'),
('0', '114', '2017-07-12', 'CUSTOMER DEBIT FSAFPC 05308817 HBL 20170000032387 INV# 6064 LOAN AND MARK UP ADJ BY BANK FAPC'),
('0', '115', '2017-07-13', 'CUSTOMER DEBIT FSAFPC 05285117 HBL 20170000031632 INV# 6061 LOAN AND MARK UP ADJ BY BANK FAPC'),
('0', '116', '2017-07-13', 'CUSTOMER DEBIT FSAFPC 05293417 HBL 20170000032388 INV# 6065 LOAN AND MARK UP ADJ BY BANK FAPC'),
('0', '117', '2017-07-14', 'CUSTOMER DEBIT ODC 16831991717 HBL 20170000032323 INV# 6063 LOAN AND MARK UP ADJ BY BANK FAFB@ 9.28'),
('0', '118', '2017-07-14', 'FX RECEIPT  ODC 16831555617 HBL 20170000023246 INV# 6041 USD 2810.80@ 103.70'),
('0', '119', '2017-07-19', 'CUSTOMER DEBIT ODC 16832018817 HBL 20170000031632 INV# 6061 LOAN AND MARK UP ADJ BY BANK FAFB @9.26'),
('0', '120', '2017-07-05', 'FAX PAYMENT ODC 16831384117 HBL 20170000019824 INV# 6033 GBP 3830@ 130 ALP UK BUT ADJ IN D G UK FDBC-25702'),
('0', '121', '2017-07-05', 'FAX PAYMENT ODC 16831772817 HBL 20170000025656 INV# 6051 GBP 7320@ 130  APL UK BUT ADJ IN DG UK FDBC-25918'),
('0', '122', '2017-07-05', 'FAX PAYMENT ODC 16831499417 HBL 20170000021632 INV# 6039 GBP 3530@ 130  APL UK BUT ADJ IN DG UK FDBC-25764'),
('0', '123', '2017-07-05', 'FAX PAYMENT ODC 16831499217 HBL 20170000020304 INV# 6036 GBP 7320 @ 130  APL UK BUT ADJ IN DG UK FDBC-25765'),
('0', '124', '2017-07-11', 'CUSTOMER DEBIT FSAFPC 1683049191 LOAN AND MARK UP ADJ BY BANK PRE-SHIPMENT'),
('0', '125', '2017-07-13', 'FAX PAYMENT ODC 16831641817 HBL20170000024748 INV# 6046 USD 754.90@1041.50 VISSION SUPPORT BUT ADJ IN MARBA FDBC-25824'),
('0', '126', '2017-07-21', 'CUSTOMER DEBIT ODC 16831974517 HBL 20170000028529 INV# 6056 LOAN AND MARK UP ADJ BY BANK FAFB  FOR 16 DAYS@ 9.27'),
('0', '127', '2017-07-24', 'CUSTOMER CREDIT ODC 16832124517 HBL 20170000033899 INV# 6067 LOAN GRANT BY BANK  FAFB'),
('0', '128', '2017-07-25', 'CUSTOMER DEBIT FSAFPC 05319917 HBL 20170000033698 INV# 6066 LOAN AND MARK UP ADJ BY BANK FAPC'),
('0', '129', '2017-07-25', 'CUSTOMER CREDIT ODC 16832136017 HBL 20170000033698 INV# 6066 LOAN GRANT BY BANK FAFB'),
('0', '130', '2017-07-25', 'CUSTOMER CREDIT FSAFPC 05344717 HBL 20170000035603 INV# 6069 LOAN GRANT BY BANK FAPC'),
('0', '131', '2017-07-27', 'CUSTOMER DEBIT ODC 16832037017 HBL 20170000032387 INV# 6064 LOAN AND MARK UP ADJ BY BANK FOR 15 DAYS@ 9.26'),
('0', '132', '2017-07-28', 'CUSTOMER DEBIT FSAFPC 05291117 HBL 20170000032351 INV# 6062 LOAN AND MARK UP ADJ BY BANK FAPC'),
('0', '133', '2017-07-28', 'COSTOMER CREDIT ELC 30000613817 HBL 20170000032351 INV# 6062 LOAN GRANT BY BANK FAFB'),
('0', '134', '2017-07-31', 'CUSTOMER DEBIT ODC 16832124517 HBL 20170000033899 INV# 6067 LOAN AND MARK UP ADJ BY BANK FOR 7 DAYS@ 9.28'),
('0', '135', '2017-07-31', 'CUSTOMER CREDIT FSAFPC 05364717 HBL 20170000035979 INV# 6070 LOAN GRANT BY BANK FAPC'),
('0', '136', '2017-07-31', 'CUSTOMER CREDIT FSAFPC 05366817 HBL 20170000036695 INV# 6073 LOAN GRANT BY BANK FAPC'),
('0', '137', '2017-08-10', 'CHQ#00003125 ISSUED FOR HOUSE KARIM-TOWN'),
('0', '138', '2017-07-01', 'ADJ'),
('0', '139', '2017-07-13', 'CHQ#00003127 ISSUED TO AL-RAYAH INT AGST COM'),
('0', '140', '2017-07-13', 'CHQ#00003172 ISSUED FOR BABAR SB CHILDREN FEE M/O JUL-17'),
('0', '141', '2017-07-18', 'CHQ#00003187 &amp; 88 ISSUED TO YASIR MAJEED SB'),
('0', '142', '2017-07-18', 'CHQ#00003191 ISSUED FOR DD FOR TDAP FOR EXHIBITION EXP 2017'),
('0', '143', '2017-07-19', 'CHQ#00003196 ISSUED TO DYS SOLUTION '),
('0', '144', '2017-07-01', 'ADJ'),
('0', '145', '2017-07-04', 'STOP PAYMENT CHG'),
('0', '146', '2017-07-04', 'CUSTOMER DEBIT ODC16831974517 &amp; ODC16831975517 '),
('0', '147', '2017-07-04', 'STATEMENT CHARGES'),
('0', '148', '2017-07-05', 'WHT DEDUCTION AGT CASH WITHDRAWL'),
('0', '149', '2017-07-05', 'CUSTOMER DEBIT TI ODC46831991717PK'),
('0', '150', '2017-07-06', 'BANK CHARGSE/CREDIT CARD/WHT '),
('0', '151', '2017-07-10', 'bank charges &amp; wht '),
('0', '152', '2017-07-11', 'bank charges &amp; wht'),
('0', '153', '2017-07-13', 'bank charges'),
('0', '154', '2017-07-14', 'bank charges &amp; cash withdrawl'),
('0', '155', '2017-07-17', 'wht agt cash withdrawl'),
('0', '156', '2017-07-18', 'comm. bankers chq 17953636\n'),
('0', '157', '2017-07-19', 'wht agt cash withdrawl'),
('0', '158', '2017-07-21', 'bank charges'),
('0', '159', '2017-07-24', 'bank chg,wht'),
('0', '160', '2017-07-25', 'wht and lc advising chg'),
('0', '161', '2017-07-27', 'customer debit ELC30000613817'),
('0', '162', '2017-07-31', 'profit/markup'),
('0', '163', '2017-07-21', 'relzd. 40132.96$ @ 101.50 odc#16831974517 inv#6056'),
('0', '164', '2017-07-31', 'Chq#00003249 Issued For Employee Salary tax M/O Jul-17'),
('0', '165', '2017-07-27', 'relzd 45008.93$ @ 105 odc#16832037017 inv#6064 '),
('0', '166', '2017-07-31', 'relzd. 26695.70$ @ 101.5 odc#168321245 inv#6067'),
('0', '167', '2017-07-31', 'Chq#00003248 Issued to Total Quality System M/O July-17'),
('0', '168', '2017-08-12', 'relzd 45008.93$ @ 105 odc#16832037017 inv#6064 '),
('0', '169', '2017-08-12', 'relzd. 40132.96$ @ 101.50 odc#16831974517 inv#6056'),
('0', '170', '2017-08-12', 'Chq#00003248 Issued to Total Quality System M/O July-17'),
('0', '171', '2017-08-12', 'bank charges &amp; wht'),
('0', '172', '2017-07-31', 'Monthly fee against Consultancy of Total Quality System M/O Jul-17'),
('0', '173', '2017-08-15', 'PAYORDER B.O JUNAID SB FOR TDAP #00003253'),
('0', '174', '2017-07-31', 'Cost Of Goods Sold Exp Paid through Ail Production'),
('0', '175', '2017-07-31', 'Stitching Expenses paid through Ail Production'),
('0', '176', '2017-07-31', 'Admin Expenses Through Ail Production M/O JUl-17'),
('0', '177', '2017-07-31', 'House Karim Town Expenses Through Ail Production'),
('0', '178', '2017-07-31', 'Paid to Ansar Sb Internet Exp M/O July Ail Production'),
('0', '180', '2017-07-04', 'TFR CHQ#3109  TO HBL-8403 FREEDOM'),
('0', '181', '2017-07-06', 'TFR THR. CHQ#3130 TO HBL-8403'),
('0', '182', '2017-07-06', 'TFR THR. CHQ#3131 TO HBL'),
('0', '183', '2017-07-07', 'TFR THR. CHQ#3149 TO HBL'),
('0', '184', '2017-07-07', 'PAYMENT THR. CHQ#3081 HBL-1420 TO FREIGHT SYSTEM'),
('0', '185', '2017-07-10', 'payment thr. chq#2924 hbl-1420 to raaziq international'),
('0', '186', '2017-07-10', 'payment thr. chq#2925 hbl-1420 to raaziq international'),
('0', '187', '2017-07-10', 'payment to arshad dying thr. chq#3113 hbl-1420'),
('0', '188', '2017-07-10', 'payment to arshad dying thr. chq#3114 hbl-1420'),
('0', '189', '2017-07-10', 'payment to tanvir hassan thr chq#3012 hbl-1420'),
('0', '190', '2017-07-10', 'payment thr. chq#3101 hbl-1420 to port link international'),
('0', '191', '2017-07-10', 'tfr thr. chq#3082 to hbl khu'),
('0', '192', '2017-07-11', 'payment to ahmad enterprises thr. chq#3110 hbl-1420'),
('0', '193', '2017-07-11', 'payment to fine thread thr. chq#2926 hbl-1420'),
('0', '194', '2017-07-11', 'payment to lagend club thr. chq#3152 hbl-1420'),
('0', '195', '2017-07-11', 'payment to lagend club thr. chq#3151 hbl-1420'),
('0', '196', '2017-08-16', 'paid thr. chq#3168 directors salary tax jun-17 hbl-1420'),
('0', '197', '2017-07-13', 'balance tfr to hbl-8403 freedom chq#3150 from hbl-1420'),
('0', '198', '2017-07-14', 'balance tfr thr. chq#3088 hbl-1420 to hbl-khu'),
('0', '199', '2017-07-13', '1% TAX CHALLAN FOR M/O JUN-17 thr. chq#3124 hbl-1420'),
('0', '200', '2017-07-17', 'payment to arshad dying thr. chq#3115 hbl-1420'),
('0', '201', '2017-07-17', 'payment to ferozdin fabrics thr. chq#3161 hbl-1420'),
('0', '202', '2017-07-15', 'freight refunded from hussain textile agt containor freight VSS inv#6004'),
('0', '203', '2017-07-17', 'trf debit markup 30062017 hbl-1420'),
('0', '204', '2017-07-17', 'sales tax refunded i/b 0602-islamabad-c.d.a. civ hbl-1420'),
('0', '205', '2017-07-18', 'director salary yasir sb m/o jun-17 thr. chq#3189 hbl-1420'),
('0', '206', '2017-08-16', 'balance tfr thr chq#3164 hbl-1420 to hbl-8403'),
('0', '207', '2017-07-19', 'tax paid thr chq#3200 hbl-1420 m/o jun-17'),
('0', '208', '2017-07-19', 'FOR INPUT&amp;OUT PUT DIFFERENCE FOR M/O JUN-17 thr chq#3199 hbl-1420'),
('0', '209', '2017-07-19', 'balance tfr thr chq#3166 hbl-1420 to hbl-khu'),
('0', '210', '2017-07-21', 'balance tfr thr chq#3180 hbl-1420 to hbl-8403 freedom'),
('0', '211', '2017-07-24', 'balance tfr thr chq#3197 and 3204 hbl-1420 to hbl 8403 freedom 1100000+1300000'),
('0', '212', '2017-07-25', 'balance tfr thr chq#3205 hbl-1420 to hbl-freedom'),
('0', '213', '2017-07-27', 'balance tfr thr chq#3206 hbl-1420 to hbl freedom'),
('0', '214', '2017-07-31', 'balance tfr thr chq#3198 hbl-1420 to hbl freedom'),
('0', '215', '2017-07-31', 'balance tfr thr chq#3220 hbl-1420 to hbl freedom'),
('0', '216', '2017-07-28', 'balance tfr chq#3207 hbl-1420 to hbl-freedom'),
('0', '217', '2017-07-25', 'debit 2200186 HBLBancassurance App id 2200186 Policy no. UL20140000472091006 0 i/b2266-consumer BABAR MAJEED SB'),
('0', '218', '2017-07-25', '	debit 2200187 HBLBancassurance App id 2200187 Policy no. UL201400004676692006 0 i/b2266-consumer BABAR MAJEED SB'),
('0', '219', '2017-08-17', 'CHQ#00003158 ISSUED TO YOUNIS NAWAZ CONV'),
('0', '220', '2017-07-24', 'FAX PAYMENT ODC1683203651 HBL-2017-13398 ADJ FROM INV#6013 APL U.A.E USD 2404.81@101.5 ALRABAYA '),
('0', '221', '2017-07-24', 'FAX PAYMENT ODC1683199171 HBL-201732323 ALRABEYA INT ADJ FROM MARBA INV#6063 USD 29056.24@101.5'),
('0', '222', '2017-08-17', 'CHQ#00003190 ISSUED TO DHL '),
('0', '223', '2017-08-17', 'CHQ#00003154 ISSUED TO SAMIRA FABRIC CONV'),
('2', '13', '2017-08-01', 'test'),
('2', '14', '2017-08-01', 'test'),
('2', '15', '2017-08-01', 'test'),
('0', '225', '2017-07-01', 'Opening Balance of CEI Supply Chain 01-Jul-2017'),
('0', '226', '2017-07-01', 'Opening Balance of Combined Freight International 01-Jul-2017'),
('0', '227', '2017-07-01', 'Opening Balance of DHL Pakistan 01-Jul-17'),
('0', '228', '2017-07-01', 'Opening Balance of Freight System Pakistan 01-Jul-17'),
('0', '229', '2017-07-01', 'Opening Balance of Malik Ahad Brothers 01-Jul-17'),
('0', '230', '2017-07-01', 'Opening Balance of Master Freight Services 01-Jul-17'),
('0', '231', '2017-07-01', 'Opening Balance of Mian Cargo Services 01-Jul-17'),
('0', '232', '2017-07-01', 'Opening Balance of New Malik Goods 01-Jul-17'),
('0', '233', '2017-07-01', 'Opening Balance of Port Link International 01-Jul-17'),
('0', '234', '2017-07-01', 'Opening Balance of Raaziq International 01-Jul-17'),
('0', '235', '2017-07-01', 'Opening Balance of Riaz Agencies 01-Jul-17'),
('0', '236', '2017-07-01', 'Opening Balance of SDV Pakistan 01-Jul-17'),
('0', '238', '2017-07-31', 'House Karim Town Expenses Paid Through Ail Prod Jul-17'),
('0', '239', '2017-08-17', 'Stitching Expenses paid through Ail Production'),
('0', '240', '2017-07-31', 'Tax Charges of Directors salary M/O Jun-17 Ail Production'),
('0', '241', '2017-08-17', 'Paid to Ansar Sb Internet Exp M/O July Ail Production'),
('0', '242', '2017-08-18', 'FAX PAYMENT ODC 16832018817 HBL 20170000031632 INV# 6061 EUR 25000,5867.45@ 113.90,114.40 LESS EXP 50668.62 MIMCO GMBH FDBC-26058'),
('0', '243', '2017-07-01', 'ISSUE TO UBL INSURANCE AGAINST FIRST QATER 170255+30118=200373/4=50093'),
('0', '244', '2017-08-18', 'ISSUE TO UBL INSURANCE AGAINST FIRST QATER 170255+30118=200373/4=50093'),
('0', '245', '2017-08-18', 'Chq#3258 Issued to Riaz Travelling '),
('0', '246', '2017-08-18', 'Chq#3258 Issued To Riaz Travelling Agst Stitching Labour Advance'),
('0', '247', '2017-08-17', 'Opening Balance of Cash In Hand Nadeem From Ail Production Cash A/C 17-08-17'),
('41', '1', '2017-08-17', 'PLEASE OPEN VOUCHER FOR FURTHER DETAIL'),
('0', '248', '2017-08-17', 'hello'),
('0', '249', '2017-08-19', 'FAX PAYMENT ODC 16832018817 HBL 20170000031632 INV# 6061 EUR 25000,5867.45@ 113.90,114.40 LESS EXP 50668.62 MIMCO GMBH FDBC-26058'),
('0', '250', '2017-08-19', 'Stitching Expenses paid through Ail Production'),
('0', '251', '2017-08-19', 'Stitching Expenses paid through Ail Production'),
('0', '254', '2017-08-21', 'CUSTOMER DEBIT FSAFPC 1683049191 LOAN AND MARK UP ADJ BY BANK PRE-SHIPMENT'),
('0', '255', '2017-07-01', 'Opening Balance Mark Up Payable 01-Jul-17'),
('0', '256', '2017-08-21', 'Opening Balance Mark Up Payable 01-Jul-17'),
('0', '257', '2017-08-21', 'Opening Balance Mark Up Payable 01-Jul-17'),
('0', '258', '2017-07-01', 'opning balance of babar sb a/c'),
('0', '259', '2017-07-01', 'OPNING BALANCE OF YASIR MAJEED SB A/C'),
('0', '260', '2017-07-31', 'Accrual of Director&#039;s Salary For the Month Of Jul-17'),
('0', '261', '2017-07-20', 'Accrual of Ail Export,Rnd &amp; Production Salary from 21-Jun to 20-Jul17'),
('0', '262', '2017-07-31', 'Accrual of House Karim Town Exp M/O Jul-17'),
('0', '263', '2017-07-04', 'Bill#1052 of Malik Liaqat Cargo services agst inv#6019 04-07-17'),
('0', '264', '2017-07-08', 'Bill#9058 OF MALIK AHAD BROTHERS AGST INV#6066 08-07-17'),
('0', '265', '2017-07-10', 'BILL#9059 OF MALIK AHAD BROTHERS AGST INV#6067 10-07-17'),
('0', '266', '2017-07-22', 'BILL#9076 OF MALIK AHAD BROTHERS AGST INV#6069 22-07-17'),
('0', '267', '2017-07-25', 'BILL#9080 OF MALIK AHAD BROTHERS AGST INV#6070 25-07-17'),
('0', '268', '2017-07-29', 'BILl#9085+86 OF MALIK AHAD BROTHERS AGST INV#6072+73 29-07-17'),
('0', '269', '2017-07-21', 'Bill# LHE/368 OF MATRIX LOGISTICS AGST INV#6070 21-07-17'),
('0', '270', '2017-07-04', 'BILL#FSD44 OF MASTER FREIGHT SERVICES AGST INV#6019 4-7-17'),
('0', '271', '2017-07-08', 'BILl#4116 OF COMBINED FREIGHT INT AGST INV#6067 08-07-17'),
('0', '272', '2017-07-27', 'BILL#4347 OF COMBINED FREIGHT INT AGST INV#6069 27-07-17'),
('0', '273', '2017-07-31', 'BILl#4520 OF COMBINED FREIGHT INT AGST INV#6072 31-07-17'),
('0', '274', '2017-07-14', 'BILL#31 OF RAAZIQ INTERNATIONAL AGST INV#6068 14-07-17'),
('0', '275', '2017-07-31', 'BILL#4519 OF COMBINED FREIGHT INT AGST INV#6073 31-07-17'),
('0', '276', '2017-07-06', 'BILL#632/17 OF RIAZ AGENCIES AGST INV#6019 06-07-17'),
('0', '277', '2017-07-10', 'BILL#645/17 OF RIAZ AGENCIES AGST INV#6066/17 10-07-17'),
('0', '278', '2017-07-12', 'BILL#6067 OF RIAZ AGENCIES AGST INV#6067/17 12-07-17'),
('0', '279', '2017-07-24', 'BILL#679/17 OF RIAZ AGENCIES AGST INV#6069/17 24-07-17'),
('0', '280', '2017-07-26', 'BILL#685/17 OF RIAZ AGENCIES AGST INV#6070/17 26-07-17'),
('0', '281', '2017-07-31', 'BILL#705/17 OF RIAZ AGENCIES AGST INV#6072/17 31-07-17'),
('0', '282', '2017-07-31', 'BILL#702/17 OF RIAZ AGENCIES AGST INV#6073/17 31-07-17'),
('0', '283', '2017-08-22', 'Bill#1052 of Malik Liaqat Cargo services agst inv#6019 04-07-17'),
('0', '284', '2017-08-22', 'NEW MALIK GOODS AGST BILL# 1052 CHQ# 00003262'),
('0', '285', '2017-08-22', 'NEW MALIK GOODS AGST BILL# 1052 CHQ# 00003262'),
('0', '286', '2017-08-23', 'Faheem Bike Repairing Exp Through Sajjad Khan'),
('0', '287', '2017-08-23', 'Babar sb Car Repair,Electric &amp; Computer Expenses Through Sajjad');

### Structure of table `0_credit_status` ###

DROP TABLE IF EXISTS `0_credit_status`;

CREATE TABLE `0_credit_status` (
  `id` int(11) NOT NULL AUTO_INCREMENT,
  `reason_description` char(100) COLLATE utf8_unicode_ci NOT NULL DEFAULT '',
  `dissallow_invoices` tinyint(1) NOT NULL DEFAULT '0',
  `inactive` tinyint(1) NOT NULL DEFAULT '0',
  PRIMARY KEY (`id`),
  UNIQUE KEY `reason_description` (`reason_description`)
) ENGINE=InnoDB AUTO_INCREMENT=5 DEFAULT CHARSET=utf8 COLLATE=utf8_unicode_ci ;

### Data of table `0_credit_status` ###

INSERT INTO `0_credit_status` VALUES
('1', 'Good History', '0', '0'),
('3', 'No more work until payment received', '1', '0'),
('4', 'In liquidation', '1', '0');

### Structure of table `0_crm_categories` ###

DROP TABLE IF EXISTS `0_crm_categories`;

CREATE TABLE `0_crm_categories` (
  `id` int(11) NOT NULL AUTO_INCREMENT COMMENT 'pure technical key',
  `type` varchar(20) COLLATE utf8_unicode_ci NOT NULL COMMENT 'contact type e.g. customer',
  `action` varchar(20) COLLATE utf8_unicode_ci NOT NULL COMMENT 'detailed usage e.g. department',
  `name` varchar(30) COLLATE utf8_unicode_ci NOT NULL COMMENT 'for category selector',
  `description` tinytext COLLATE utf8_unicode_ci NOT NULL COMMENT 'usage description',
  `system` tinyint(1) NOT NULL DEFAULT '0' COMMENT 'nonzero for core system usage',
  `inactive` tinyint(1) NOT NULL DEFAULT '0',
  PRIMARY KEY (`id`),
  UNIQUE KEY `type` (`type`,`action`),
  UNIQUE KEY `type_2` (`type`,`name`)
) ENGINE=InnoDB AUTO_INCREMENT=13 DEFAULT CHARSET=utf8 COLLATE=utf8_unicode_ci ;

### Data of table `0_crm_categories` ###

INSERT INTO `0_crm_categories` VALUES
('1', 'cust_branch', 'general', 'General', 'General contact data for customer branch (overrides company setting)', '1', '0'),
('2', 'cust_branch', 'invoice', 'Invoices', 'Invoice posting (overrides company setting)', '1', '0'),
('3', 'cust_branch', 'order', 'Orders', 'Order confirmation (overrides company setting)', '1', '0'),
('4', 'cust_branch', 'delivery', 'Deliveries', 'Delivery coordination (overrides company setting)', '1', '0'),
('5', 'customer', 'general', 'General', 'General contact data for customer', '1', '0'),
('6', 'customer', 'order', 'Orders', 'Order confirmation', '1', '0'),
('7', 'customer', 'delivery', 'Deliveries', 'Delivery coordination', '1', '0'),
('8', 'customer', 'invoice', 'Invoices', 'Invoice posting', '1', '0'),
('9', 'supplier', 'general', 'General', 'General contact data for supplier', '1', '0'),
('10', 'supplier', 'order', 'Orders', 'Order confirmation', '1', '0'),
('11', 'supplier', 'delivery', 'Deliveries', 'Delivery coordination', '1', '0'),
('12', 'supplier', 'invoice', 'Invoices', 'Invoice posting', '1', '0');

### Structure of table `0_crm_contacts` ###

DROP TABLE IF EXISTS `0_crm_contacts`;

CREATE TABLE `0_crm_contacts` (
  `id` int(11) NOT NULL AUTO_INCREMENT,
  `person_id` int(11) NOT NULL DEFAULT '0' COMMENT 'foreign key to crm_contacts',
  `type` varchar(20) COLLATE utf8_unicode_ci NOT NULL COMMENT 'foreign key to crm_categories',
  `action` varchar(20) COLLATE utf8_unicode_ci NOT NULL COMMENT 'foreign key to crm_categories',
  `entity_id` varchar(11) COLLATE utf8_unicode_ci DEFAULT NULL COMMENT 'entity id in related class table',
  PRIMARY KEY (`id`),
  KEY `type` (`type`,`action`)
) ENGINE=InnoDB AUTO_INCREMENT=113 DEFAULT CHARSET=utf8 COLLATE=utf8_unicode_ci ;

### Data of table `0_crm_contacts` ###

INSERT INTO `0_crm_contacts` VALUES
('1', '1', 'cust_branch', 'general', '1'),
('2', '1', 'customer', 'general', '1'),
('3', '2', 'cust_branch', 'general', '2'),
('4', '2', 'customer', 'general', '2'),
('5', '3', 'supplier', 'general', '1'),
('6', '4', 'supplier', 'general', '2'),
('7', '5', 'supplier', 'general', '3'),
('8', '6', 'supplier', 'general', '4'),
('9', '7', 'supplier', 'general', '5'),
('10', '8', 'supplier', 'general', '6'),
('11', '9', 'supplier', 'general', '7'),
('12', '10', 'supplier', 'general', '8'),
('13', '11', 'supplier', 'general', '9'),
('14', '12', 'supplier', 'general', '10'),
('15', '13', 'supplier', 'general', '11'),
('16', '14', 'supplier', 'general', '12'),
('18', '15', 'customer', 'general', '3'),
('19', '16', 'cust_branch', 'general', '4'),
('20', '16', 'customer', 'general', '4'),
('21', '17', 'supplier', 'general', '13'),
('22', '18', 'cust_branch', 'general', '5'),
('23', '18', 'customer', 'general', '5'),
('24', '19', 'cust_branch', 'general', '6'),
('25', '19', 'customer', 'general', '6'),
('26', '20', 'cust_branch', 'general', '7'),
('27', '20', 'customer', 'general', '7'),
('28', '21', 'cust_branch', 'general', '8'),
('29', '21', 'customer', 'general', '8'),
('30', '22', 'cust_branch', 'general', '9'),
('31', '22', 'customer', 'general', '9'),
('32', '23', 'cust_branch', 'general', '10'),
('33', '23', 'customer', 'general', '10'),
('34', '24', 'cust_branch', 'general', '11'),
('35', '24', 'customer', 'general', '11'),
('36', '25', 'cust_branch', 'general', '12'),
('37', '25', 'customer', 'general', '12'),
('38', '26', 'cust_branch', 'general', '13'),
('39', '26', 'customer', 'general', '13'),
('40', '27', 'cust_branch', 'general', '14'),
('41', '27', 'customer', 'general', '14'),
('42', '28', 'cust_branch', 'general', '15'),
('43', '28', 'customer', 'general', '15'),
('44', '29', 'cust_branch', 'general', '16'),
('45', '29', 'customer', 'general', '16'),
('46', '30', 'cust_branch', 'general', '17'),
('47', '30', 'customer', 'general', '17'),
('48', '31', 'cust_branch', 'general', '18'),
('49', '31', 'customer', 'general', '18'),
('50', '32', 'cust_branch', 'general', '19'),
('51', '32', 'customer', 'general', '19'),
('52', '33', 'cust_branch', 'general', '20'),
('53', '33', 'customer', 'general', '20'),
('54', '34', 'cust_branch', 'general', '21'),
('55', '34', 'customer', 'general', '21'),
('56', '35', 'cust_branch', 'general', '22'),
('57', '35', 'customer', 'general', '22'),
('58', '36', 'cust_branch', 'general', '23'),
('59', '36', 'customer', 'general', '23'),
('60', '37', 'cust_branch', 'general', '24'),
('61', '37', 'customer', 'general', '24'),
('62', '15', 'cust_branch', 'general', '3'),
('63', '38', 'cust_branch', 'general', '25'),
('64', '39', 'supplier', 'general', '14'),
('65', '40', 'supplier', 'general', '15'),
('66', '41', 'cust_branch', 'general', '26'),
('67', '41', 'customer', 'general', '25'),
('68', '42', 'supplier', 'general', '16'),
('69', '43', 'supplier', 'general', '17'),
('70', '44', 'cust_branch', 'general', '27'),
('71', '44', 'customer', 'general', '27'),
('72', '45', 'cust_branch', 'general', '28'),
('73', '45', 'customer', 'general', '28'),
('74', '46', 'supplier', 'general', '18'),
('75', '47', 'supplier', 'general', '19'),
('76', '48', 'supplier', 'general', '20'),
('77', '49', 'supplier', 'general', '21'),
('78', '50', 'supplier', 'general', '22'),
('79', '51', 'supplier', 'general', '23'),
('80', '52', 'supplier', 'general', '24'),
('81', '53', 'supplier', 'general', '25'),
('82', '54', 'supplier', 'general', '26'),
('83', '55', 'supplier', 'general', '27'),
('84', '56', 'supplier', 'general', '28'),
('85', '57', 'supplier', 'general', '29'),
('86', '58', 'supplier', 'general', '30'),
('87', '59', 'supplier', 'general', '31'),
('88', '60', 'supplier', 'general', '32'),
('89', '61', 'cust_branch', 'general', '29'),
('90', '61', 'customer', 'general', '29'),
('91', '62', 'supplier', 'general', '33'),
('92', '63', 'supplier', 'general', '34'),
('93', '64', 'cust_branch', 'general', '30'),
('94', '64', 'customer', 'general', '30'),
('95', '65', 'supplier', 'general', '35'),
('96', '66', 'cust_branch', 'general', '31'),
('97', '66', 'customer', 'general', '31'),
('100', '68', 'cust_branch', 'general', '33'),
('101', '68', 'customer', 'general', '37'),
('102', '69', 'supplier', 'general', '36'),
('103', '70', 'supplier', 'general', '37'),
('104', '71', 'supplier', 'general', '38'),
('105', '72', 'supplier', 'general', '39'),
('106', '73', 'supplier', 'general', '40'),
('107', '74', 'supplier', 'general', '41'),
('108', '75', 'supplier', 'general', '42'),
('109', '76', 'supplier', 'general', '43'),
('110', '77', 'supplier', 'general', '44'),
('111', '78', 'cust_branch', 'general', '34'),
('112', '78', 'customer', 'general', '38');

### Structure of table `0_crm_persons` ###

DROP TABLE IF EXISTS `0_crm_persons`;

CREATE TABLE `0_crm_persons` (
  `id` int(11) NOT NULL AUTO_INCREMENT,
  `ref` varchar(30) COLLATE utf8_unicode_ci NOT NULL,
  `name` varchar(60) COLLATE utf8_unicode_ci NOT NULL,
  `name2` varchar(60) COLLATE utf8_unicode_ci DEFAULT NULL,
  `address` tinytext COLLATE utf8_unicode_ci,
  `phone` varchar(30) COLLATE utf8_unicode_ci DEFAULT NULL,
  `phone2` varchar(30) COLLATE utf8_unicode_ci DEFAULT NULL,
  `fax` varchar(30) COLLATE utf8_unicode_ci DEFAULT NULL,
  `email` varchar(100) COLLATE utf8_unicode_ci DEFAULT NULL,
  `lang` char(5) COLLATE utf8_unicode_ci DEFAULT NULL,
  `notes` tinytext COLLATE utf8_unicode_ci NOT NULL,
  `inactive` tinyint(1) NOT NULL DEFAULT '0',
  PRIMARY KEY (`id`),
  KEY `ref` (`ref`)
) ENGINE=InnoDB AUTO_INCREMENT=79 DEFAULT CHARSET=utf8 COLLATE=utf8_unicode_ci ;

### Data of table `0_crm_persons` ###

INSERT INTO `0_crm_persons` VALUES
('1', 'Test Customer', 'Test Customer', NULL, 'Vehari', NULL, NULL, NULL, NULL, NULL, '', '0'),
('2', 'Sw001', 'Marba Trade GMBH', NULL, 'Emmersbergstrasse 1\nCH-8200 Schaffhausen', '+41 (0) 52 316 40 61', NULL, NULL, NULL, NULL, '', '0'),
('3', 'Ashar  Prodeuction ', '', NULL, NULL, NULL, NULL, NULL, NULL, NULL, '', '0'),
('4', 'Ashar  Prodeuction ', '', NULL, NULL, NULL, NULL, NULL, NULL, NULL, '', '0'),
('5', 'CEI SUPPLY CHAIN PVT LTTD', '', NULL, NULL, NULL, NULL, NULL, NULL, NULL, '', '0'),
('6', 'XYZ', '', NULL, NULL, NULL, NULL, NULL, NULL, NULL, '', '0'),
('7', 'RAAZIQ INTERNATIONAL (PVT) LTD', '', NULL, NULL, '92-41-2624963', '92-41-2624968', '2624886', NULL, NULL, '', '0'),
('8', 'COMBINED FREIGHT INTERNATIONAL', 'MISS ASMA', NULL, NULL, '0092-213-2465741', '0092-213-2465741-5', NULL, 'info@cfipak.com', NULL, '', '0'),
('9', 'DHL PAKISTAN (PVT) LTD', 'RIZWAN MUMTAZ', NULL, NULL, '0302-8226300', NULL, NULL, NULL, NULL, '', '0'),
('10', 'MALIK AHAD BROTHERS', 'M.IFTKHAR', NULL, NULL, '0300-6622385', '0301-7979493', '041-8563419', NULL, NULL, '', '0'),
('11', 'MASTER FREIGHT SERVICES (PVT) ', '', NULL, NULL, '+92-41-8727400', '+92-41-8727600', NULL, NULL, NULL, '', '0'),
('12', 'MIAN CARGO SERVICES', '', NULL, NULL, '0300-7275767', '0336-7665600', NULL, NULL, NULL, '', '0'),
('13', 'NEW MALIK GOODS FORWADING AGEN', '', NULL, NULL, '0300-8664699', '041-8563174', NULL, 'NMGFSD@MOBILINK.BLACKBERRY.COM', NULL, '', '0'),
('14', 'RIAZ AGENCIES', '', NULL, NULL, NULL, NULL, NULL, 'riazagenciesfaisalabad@gmail.com', NULL, '', '0'),
('15', 'MIMCO GMBH', 'MIMCO GMBH', NULL, 'GERMANY', NULL, NULL, NULL, NULL, NULL, '', '0'),
('16', 'SENSTEX AB', 'SENSTEX AB', NULL, NULL, NULL, NULL, NULL, NULL, NULL, '', '0'),
('17', 'SHIPPING TEST', '', NULL, NULL, NULL, NULL, NULL, NULL, NULL, '', '0'),
('18', ' EMIRATES (AE-101)', ' EMIRATES (AE-101)', NULL, 'EMIRATES INDUSTRIES L.L.C\nP.O. BOX: 37084, DUBAI, U.A.E', NULL, NULL, NULL, NULL, NULL, '', '0'),
('19', 'A.A LAQUIS LIMITED (WI-101)', 'A.A LAQUIS LIMITED (WI-101)', NULL, 'TRINIDAD-WESTINDIES', NULL, NULL, NULL, NULL, NULL, '', '0'),
('20', 'ASHAR PROFESSIONAL LINEN-UK', 'ASHAR PROFESSIONAL LINEN-UK', NULL, 'UK', NULL, NULL, NULL, NULL, NULL, '', '0'),
('21', 'CAPELINEN (SA-104)', 'CAPELINEN (SA-104)', NULL, 'CAPETOWN-SOUTHAFRICA', NULL, NULL, NULL, NULL, NULL, '', '0'),
('22', 'CLINITEX S.R.O', 'CLINITEX S.R.O', NULL, 'Ostrava-Kuncicky, Czech Republic', NULL, NULL, NULL, NULL, NULL, '', '0'),
('23', 'DG (UK) TEXTILES LTD (UK-102)', 'DG (UK) TEXTILES LTD (UK-102)', NULL, 'UK', NULL, NULL, NULL, NULL, NULL, '', '0'),
('24', 'EURO MOTOS (EM-101)', 'EURO MOTOS (EM-101)', NULL, 'PORTUGAL', NULL, NULL, NULL, NULL, NULL, '', '0'),
('25', 'FORTEXA (DK-101)', 'FORTEXA (DK-101)', NULL, 'Fortexa Scandinavia A/S\nStenholm 9\n9400 Nrresundby\nDANMARK\n\n\n', NULL, NULL, NULL, NULL, NULL, '', '0'),
('26', 'FWL (AS-101)', 'FWL (AS-101)', NULL, 'LINZ', NULL, NULL, NULL, NULL, NULL, '', '0'),
('27', 'GLOBAL SOURCE PVT LTD', 'GLOBAL SOURCE PVT LTD', NULL, 'DURBAN SOUTH AFRICA', NULL, NULL, NULL, NULL, NULL, '', '0'),
('28', 'HOTELWASCHE (GY-102)', 'HOTELWASCHE (GY-102)', NULL, 'GERMANY', NULL, NULL, NULL, NULL, NULL, '', '0'),
('29', 'LASSIG GMBH (LG-101)', 'LASSIG GMBH (LG-101)', NULL, 'GERMANY', NULL, NULL, NULL, NULL, NULL, '', '0'),
('30', 'LAWRENCE MICHAV FABRICS ', 'LAWRENCE MICHAV FABRICS ', NULL, 'PRETORIA SOUTH AFRICA', NULL, NULL, NULL, NULL, NULL, '', '0'),
('31', 'M/S AMAN MEDICAL SERVICE COMPA', 'M/S AMAN MEDICAL SERVICE COMPANY', NULL, 'M/S AMAN MEDICAL SERVICE COMPANY\nGRAVITY TOWER, FLOOR-8\nAHMED AL-JABAR ST\nSHARQ. KUWAIT', NULL, NULL, NULL, NULL, NULL, '', '0'),
('32', 'PFEIFFER TEXTILE', 'PFEIFFER TEXTILE', NULL, 'SWITZERLAND', NULL, NULL, NULL, NULL, NULL, '', '0'),
('33', 'PROMOTERS TEXTIL AB', 'PROMOTERS TEXTIL AB', NULL, 'PROMOTERS TEXTIL AB\nKraketegen 19 \n42351 TORSLANDA\nSWEDEN', NULL, NULL, NULL, NULL, NULL, '', '0'),
('34', 'PULSIVA', 'PULSIVA', NULL, 'GERMANY', NULL, NULL, NULL, NULL, NULL, '', '0'),
('35', 'SALIMA TRADING CORP', 'SALIMA TRADING CORP. (KS-101)', NULL, 'SAUDIARAB', NULL, NULL, NULL, NULL, NULL, '', '0'),
('36', 'VISION SUPPORT SERVICES LTD.', 'VISION SUPPORT SERVICES LTD.', NULL, 'VISION SUPPORT SERVICES LTD.\nDARWEN HOUSE\nWALKER PARK\nBLACKBURN\nLANCASHIRE\nBB1  2QE', NULL, NULL, NULL, NULL, NULL, '', '0'),
('37', 'ASHAR PROFESSIONAL LINEN U.A.E', 'ASHAR PROFESSIONAL LINEN U.A.E (APE)', NULL, 'ASHAR PROFESSIONAL LINENS FZE UAE', NULL, NULL, NULL, NULL, NULL, '', '0'),
('38', '', '', NULL, NULL, NULL, NULL, NULL, NULL, NULL, '', '0'),
('39', 'AIL PRODUCTION EXPS', '', NULL, NULL, NULL, NULL, NULL, NULL, NULL, '', '0'),
('40', 'AIL PRODUCTION CASH &amp; BANK', '', NULL, NULL, NULL, NULL, NULL, NULL, NULL, '', '0'),
('41', 'MARBA TRADE GMBH-1', 'MARBA TRADE GMBH-1', NULL, 'GERMANY', NULL, NULL, NULL, NULL, NULL, '', '0'),
('42', 'Al-Rayah Intl.', '', NULL, NULL, NULL, NULL, NULL, NULL, NULL, '', '0'),
('43', 'DYS SOLUTIONS PVT LTD.', '', NULL, NULL, NULL, NULL, NULL, NULL, NULL, '', '0'),
('44', 'DG (UK) TEXTILES LTD ', 'DG (UK) TEXTILES LTD ', NULL, 'U.K', NULL, NULL, NULL, NULL, NULL, '', '0'),
('45', 'testing customer', 'testing customer', NULL, 'testing customer', NULL, NULL, NULL, NULL, NULL, '', '0'),
('46', 'Total Quality System', '', NULL, NULL, NULL, NULL, NULL, NULL, NULL, '', '0'),
('47', 'Freight System', '', NULL, NULL, NULL, NULL, NULL, NULL, NULL, '', '0'),
('48', 'Port Link International', '', NULL, NULL, NULL, NULL, NULL, NULL, NULL, '', '0'),
('49', 'SDV PAKISTAN (PVT) LTD', '', NULL, NULL, NULL, NULL, NULL, NULL, NULL, '', '0'),
('50', 'Ahsen Majeed Dasti A/C', '', NULL, NULL, NULL, NULL, NULL, NULL, NULL, '', '0'),
('51', 'Asim Umer Commission A/C', '', NULL, NULL, NULL, NULL, NULL, NULL, NULL, '', '0'),
('52', 'Bhatti Interior', '', NULL, NULL, NULL, NULL, NULL, NULL, NULL, '', '0'),
('53', 'IBM Enterprises', '', NULL, NULL, NULL, NULL, NULL, NULL, NULL, '', '0'),
('54', 'Ihsen Mini Mazda Services', '', NULL, NULL, NULL, NULL, NULL, NULL, NULL, '', '0'),
('55', 'Inam Ullah Rejection', '', NULL, NULL, NULL, NULL, NULL, NULL, NULL, '', '0'),
('56', 'Khan Brothers Transport', '', NULL, NULL, NULL, NULL, NULL, NULL, NULL, '', '0'),
('57', 'M.M Eng Works &amp; Foundary', '', NULL, NULL, NULL, NULL, NULL, NULL, NULL, '', '0'),
('58', 'Mudassar Doubling', '', NULL, NULL, NULL, NULL, NULL, NULL, NULL, '', '0'),
('59', 'Ail Production (Cash)', '', NULL, NULL, NULL, NULL, NULL, NULL, NULL, '', '0'),
('60', 'Ail Production (Cash)', '', NULL, NULL, NULL, NULL, NULL, NULL, NULL, '', '0'),
('61', 'ALARABEYA INTERNATIONAL', 'ALARABEYA INTERNATIONAL INSUANCE BR', NULL, NULL, NULL, NULL, NULL, NULL, NULL, '', '0'),
('62', 'UBL Insurance ', '', NULL, 'Insurance', NULL, NULL, NULL, NULL, NULL, '', '0'),
('63', 'Riaz Travelling U#3', '', NULL, 'Travelling ', NULL, NULL, NULL, NULL, NULL, '', '0'),
('64', 'Matrix Logistics', 'Matrix Logistics', NULL, NULL, NULL, NULL, NULL, NULL, NULL, '', '0'),
('65', 'Matrix Logistics', '', NULL, NULL, NULL, NULL, NULL, NULL, NULL, '', '0'),
('66', 'FWL - EUR', 'FWL - EUR', NULL, 'LINZ AUSTRIA', NULL, NULL, NULL, NULL, NULL, '', '0'),
('67', 'EM-101', 'EMIRATES - USD', NULL, 'DUBAI-UAE', NULL, NULL, NULL, NULL, NULL, '', '0'),
('68', 'EMIRATES - USD', 'EMIRATES - USD', NULL, 'DUBAI/UAE', NULL, NULL, NULL, NULL, NULL, '', '0'),
('69', 'Ahsen Majeed Dasti A/C', '', NULL, NULL, NULL, NULL, NULL, NULL, NULL, '', '0'),
('70', 'Muhammad Nawaz (CIVIL CONTRACT', '', NULL, NULL, NULL, NULL, NULL, NULL, NULL, '', '0'),
('71', 'Nexlinx Network PVT LTD', '', NULL, NULL, NULL, NULL, NULL, NULL, NULL, '', '0'),
('72', 'Pak Public Security Services P', '', NULL, NULL, NULL, NULL, NULL, NULL, NULL, '', '0'),
('73', 'Pakistan State Oil', '', NULL, NULL, NULL, NULL, NULL, NULL, NULL, '', '0'),
('74', 'Riaz Chisty Contractor', '', NULL, NULL, NULL, NULL, NULL, NULL, NULL, '', '0'),
('75', 'Riaz Petrolium Services', '', NULL, NULL, NULL, NULL, NULL, NULL, NULL, '', '0'),
('76', 'Riaz Travelling Unit # 3', '', NULL, NULL, NULL, NULL, NULL, NULL, NULL, '', '0'),
('77', 'Total Quality System', '', NULL, NULL, NULL, NULL, NULL, NULL, NULL, '', '0'),
('78', 'EM-101', 'EMIRATES - USD', NULL, 'DUBAI-U.A.E', NULL, NULL, NULL, NULL, NULL, '', '0');

### Structure of table `0_currencies` ###

DROP TABLE IF EXISTS `0_currencies`;

CREATE TABLE `0_currencies` (
  `currency` varchar(60) COLLATE utf8_unicode_ci NOT NULL DEFAULT '',
  `curr_abrev` char(3) COLLATE utf8_unicode_ci NOT NULL DEFAULT '',
  `curr_symbol` varchar(10) COLLATE utf8_unicode_ci NOT NULL DEFAULT '',
  `country` varchar(100) COLLATE utf8_unicode_ci NOT NULL DEFAULT '',
  `hundreds_name` varchar(15) COLLATE utf8_unicode_ci NOT NULL DEFAULT '',
  `auto_update` tinyint(1) NOT NULL DEFAULT '1',
  `inactive` tinyint(1) NOT NULL DEFAULT '0',
  PRIMARY KEY (`curr_abrev`)
) ENGINE=InnoDB DEFAULT CHARSET=utf8 COLLATE=utf8_unicode_ci ;

### Data of table `0_currencies` ###

INSERT INTO `0_currencies` VALUES
('Euro', 'EUR', '', 'France', 'Cents', '0', '0'),
('Great British Pounds', 'GBP', '', 'England', 'Penny', '0', '0'),
('Pakistani Rupee', 'PKR', 'Rs.', 'Pakistan', 'Paisa', '0', '0'),
('US Dollars', 'USD', '$', 'United States', 'Cents', '0', '0');

### Structure of table `0_cust_allocations` ###

DROP TABLE IF EXISTS `0_cust_allocations`;

CREATE TABLE `0_cust_allocations` (
  `id` int(11) NOT NULL AUTO_INCREMENT,
  `person_id` int(11) DEFAULT NULL,
  `amt` double unsigned DEFAULT NULL,
  `date_alloc` date NOT NULL DEFAULT '0000-00-00',
  `trans_no_from` int(11) DEFAULT NULL,
  `trans_type_from` int(11) DEFAULT NULL,
  `trans_no_to` int(11) DEFAULT NULL,
  `trans_type_to` int(11) DEFAULT NULL,
  PRIMARY KEY (`id`),
  UNIQUE KEY `trans_type_from` (`person_id`,`trans_type_from`,`trans_no_from`,`trans_type_to`,`trans_no_to`),
  KEY `From` (`trans_type_from`,`trans_no_from`),
  KEY `To` (`trans_type_to`,`trans_no_to`)
) ENGINE=InnoDB DEFAULT CHARSET=utf8 COLLATE=utf8_unicode_ci ;

### Data of table `0_cust_allocations` ###


### Structure of table `0_cust_branch` ###

DROP TABLE IF EXISTS `0_cust_branch`;

CREATE TABLE `0_cust_branch` (
  `branch_code` int(11) NOT NULL AUTO_INCREMENT,
  `debtor_no` int(11) NOT NULL DEFAULT '0',
  `br_name` varchar(60) COLLATE utf8_unicode_ci NOT NULL DEFAULT '',
  `branch_ref` varchar(30) COLLATE utf8_unicode_ci NOT NULL DEFAULT '',
  `br_address` tinytext COLLATE utf8_unicode_ci NOT NULL,
  `area` int(11) DEFAULT NULL,
  `salesman` int(11) NOT NULL DEFAULT '0',
  `default_location` varchar(5) COLLATE utf8_unicode_ci NOT NULL DEFAULT '',
  `tax_group_id` int(11) DEFAULT NULL,
  `sales_account` varchar(15) COLLATE utf8_unicode_ci NOT NULL DEFAULT '',
  `sales_discount_account` varchar(15) COLLATE utf8_unicode_ci NOT NULL DEFAULT '',
  `receivables_account` varchar(15) COLLATE utf8_unicode_ci NOT NULL DEFAULT '',
  `payment_discount_account` varchar(15) COLLATE utf8_unicode_ci NOT NULL DEFAULT '',
  `default_ship_via` int(11) NOT NULL DEFAULT '1',
  `br_post_address` tinytext COLLATE utf8_unicode_ci NOT NULL,
  `group_no` int(11) NOT NULL DEFAULT '0',
  `notes` tinytext COLLATE utf8_unicode_ci NOT NULL,
  `bank_account` varchar(60) COLLATE utf8_unicode_ci DEFAULT NULL,
  `inactive` tinyint(1) NOT NULL DEFAULT '0',
  PRIMARY KEY (`branch_code`,`debtor_no`),
  KEY `branch_ref` (`branch_ref`),
  KEY `group_no` (`group_no`)
) ENGINE=InnoDB AUTO_INCREMENT=35 DEFAULT CHARSET=utf8 COLLATE=utf8_unicode_ci ;

### Data of table `0_cust_branch` ###

INSERT INTO `0_cust_branch` VALUES
('1', '1', 'Test Customer', 'Test Customer', 'Vehari', '1', '1', 'DEF', '1', '', '35201', '1081', '35201', '1', 'Vehari', '0', '', NULL, '0'),
('2', '2', 'Switzerland', 'Switzerland', 'Emmersbergstrasse 1\nCH-8200 Schaffhausen', '1', '1', 'DEF', '1', '', '4025', '1013', '4025', '1', 'Emmersbergstrasse 1\nCH-8200 Schaffhausen', '0', '', NULL, '0'),
('3', '3', 'MIMCO GMBH', 'MIMCO GMBH', 'GERMANY', '1', '1', 'DEF', '1', '', '4025', '1013', '4025', '1', 'GERMANY', '0', '', NULL, '0'),
('4', '4', 'SENSTEX AB', 'SENSTEX AB', '', '1', '1', '', '1', '', '4025', '1013', '4025', '1', '', '0', '', NULL, '0'),
('5', '5', ' EMIRATES (AE-101)', ' EMIRATES (AE-101)', 'EMIRATES INDUSTRIES L.L.C\nP.O. BOX: 37084, DUBAI, U.A.E', '1', '1', 'DEF', '1', '', '4025', '1013', '4025', '1', 'EMIRATES INDUSTRIES L.L.C\nP.O. BOX: 37084, DUBAI, U.A.E', '0', '', NULL, '0'),
('6', '6', 'A.A LAQUIS LIMITED (WI-101)', 'A.A LAQUIS LIMITED (WI-101)', 'TRINIDAD-WESTINDIES', '1', '1', 'DEF', '1', '', '4025', '1013', '4025', '1', 'TRINIDAD-WESTINDIES', '0', '', NULL, '0'),
('7', '7', 'England-Bradford', 'England-Bradford', 'UK', '4', '1', 'DEF', '1', '', '4025', '1013', '4025', '1', 'UK', '0', '', NULL, '0'),
('8', '8', 'SOUTHAFRICA', 'CAPETOWN-SOUTHAFRICA', 'CAPETOWN-SOUTHAFRICA', '3', '2', 'DEF', '1', '', '4025', '1013', '4025', '1', 'CAPETOWN-SOUTHAFRICA', '0', '', NULL, '0'),
('9', '9', 'CLINITEX S.R.O', 'CLINITEX S.R.O', 'Ostrava-Kuncicky, Czech Republic', '1', '1', 'DEF', '1', '', '4025', '1013', '4025', '1', 'Ostrava-Kuncicky, Czech Republic', '0', '', NULL, '0'),
('10', '10', 'DG (UK) TEXTILES LTD (UK-102)', 'DG (UK) TEXTILES LTD (UK-102)', 'UK', '1', '1', 'DEF', '1', '', '4025', '1013', '4025', '1', 'UK', '0', '', NULL, '0'),
('11', '11', 'EURO MOTOS (EM-101)', 'EURO MOTOS (EM-101)', 'PORTUGAL', '1', '1', 'DEF', '1', '', '4025', '1013', '4025', '1', 'PORTUGAL', '0', '', NULL, '0'),
('12', '12', 'FORTEXA (DK-101)', 'FORTEXA (DK-101)', 'Fortexa Scandinavia A/S\nStenholm 9\n9400 Nrresundby\nDANMARK\n\n\n', '1', '1', 'DEF', '1', '', '4025', '1013', '4025', '1', 'Fortexa Scandinavia A/S\nStenholm 9\n9400 Nrresundby\nDANMARK\n\n\n', '0', '', NULL, '0'),
('13', '13', 'FWL (AS-101)', 'FWL (AS-101)', 'LINZ', '1', '1', 'DEF', '1', '', '4025', '1013', '4025', '1', 'LINZ', '0', '', NULL, '0'),
('14', '14', 'GLOBAL SOURCE PVT LTD', 'GLOBAL SOURCE PVT LTD', 'DURBAN SOUTH AFRICA', '1', '1', 'DEF', '1', '', '4025', '1013', '4025', '1', 'DURBAN SOUTH AFRICA', '0', '', NULL, '0'),
('15', '15', 'HOTELWASCHE (GY-102)', 'HOTELWASCHE (GY-102)', 'GERMANY', '1', '1', 'DEF', '1', '', '4025', '1013', '4025', '1', 'GERMANY', '0', '', NULL, '0'),
('16', '16', 'LASSIG GMBH (LG-101)', 'LASSIG GMBH (LG-101)', 'GERMANY', '1', '1', 'DEF', '1', '', '4025', '1013', '4025', '1', 'GERMANY', '0', '', NULL, '0'),
('17', '17', 'LAWRENCE MICHAV FABRICS ', 'LAWRENCE MICHAV FABRICS ', 'PRETORIA SOUTH AFRICA', '1', '1', 'DEF', '1', '', '4025', '1013', '4025', '1', 'PRETORIA SOUTH AFRICA', '0', '', NULL, '0'),
('18', '18', 'M/S AMAN MEDICAL SERVICE COMPANY', 'M/S AMAN MEDICAL SERVICE COMPA', 'M/S AMAN MEDICAL SERVICE COMPANY\nGRAVITY TOWER, FLOOR-8\nAHMED AL-JABAR ST\nSHARQ. KUWAIT', '1', '1', 'DEF', '1', '', '4025', '1013', '4025', '1', 'M/S AMAN MEDICAL SERVICE COMPANY\nGRAVITY TOWER, FLOOR-8\nAHMED AL-JABAR ST\nSHARQ. KUWAIT', '0', '', NULL, '0'),
('19', '19', 'PFEIFFER TEXTILE', 'PFEIFFER TEXTILE', 'SWITZERLAND', '1', '1', 'DEF', '1', '', '4025', '1013', '4025', '1', 'SWITZERLAND', '0', '', NULL, '0'),
('20', '20', 'PROMOTERS TEXTIL AB', 'PROMOTERS TEXTIL AB', 'PROMOTERS TEXTIL AB\nKraketegen 19 \n42351 TORSLANDA\nSWEDEN', '1', '1', 'DEF', '1', '', '4025', '1013', '4025', '1', 'PROMOTERS TEXTIL AB\nKraketegen 19 \n42351 TORSLANDA\nSWEDEN', '0', '', NULL, '0'),
('21', '21', 'PULSIVA', 'PULSIVA', 'GERMANY', '1', '1', 'DEF', '1', '', '4025', '1013', '4025', '1', 'GERMANY', '0', '', NULL, '0'),
('22', '22', 'SALIMA TRADING CORP. (KS-101)', 'SALIMA TRADING CORP', 'SAUDIARAB', '1', '1', 'DEF', '1', '', '4025', '1013', '4025', '1', 'SAUDIARAB', '0', '', NULL, '0'),
('23', '23', 'VISION SUPPORT SERVICES LTD.', 'VISION SUPPORT SERVICES LTD.', 'VISION SUPPORT SERVICES LTD.\nDARWEN HOUSE\nWALKER PARK\nBLACKBURN\nLANCASHIRE\nBB1  2QE', '1', '1', 'DEF', '1', '', '4025', '1013', '4025', '1', 'VISION SUPPORT SERVICES LTD.\nDARWEN HOUSE\nWALKER PARK\nBLACKBURN\nLANCASHIRE\nBB1  2QE', '0', '', NULL, '0'),
('24', '24', 'Sharjah UAE', 'Sharjah UAE', 'ASHAR PROFESSIONAL LINENS FZE UAE', '5', '2', 'DEF', '1', '', '4025', '1013', '4025', '1', 'ASHAR PROFESSIONAL LINENS FZE UAE', '0', '', NULL, '0'),
('25', '2', 'GERMANY', 'GERMANY', '', '2', '1', 'DEF', '1', '', '4025', '1013', '4025', '1', '', '0', '', NULL, '0'),
('26', '25', 'MARBA TRADE GMBH-1', 'MARBA TRADE GMBH-1', 'GERMANY', '2', '3', 'DEF', '1', '', '4025', '1013', '4025', '1', 'GERMANY', '0', '', NULL, '0'),
('27', '27', 'DG (UK) TEXTILES LTD ', 'DG (UK) TEXTILES LTD ', 'U.K', '4', '2', 'DEF', '2', '', '4025', '1013', '4025', '1', 'U.K', '0', '', NULL, '0'),
('28', '28', 'testing customer', 'testing customer', 'testing customer', '4', '3', 'DEF', '1', '', '4025', '1013', '4025', '1', 'testing customer', '0', '', NULL, '0'),
('29', '29', 'ALARABEYA INTERNATIONAL INSUANCE BR', 'ALARABEYA INTERNATIONAL', '', '5', '2', 'DEF', '1', '', '4025', '1013', '4025', '1', '', '0', '', NULL, '0'),
('30', '30', 'Matrix Logistics', 'Matrix Logistics', '', '3', '2', 'DEF', '1', '', '4025', '1013', '4025', '1', '', '0', '', NULL, '0'),
('31', '31', 'FWL - EUR', 'FWL - EUR', 'LINZ AUSTRIA', '6', '2', 'DEF', '1', '', '4025', '1013', '4025', '1', 'LINZ AUSTRIA', '0', '', NULL, '0'),
('33', '37', 'EMIRATES - USD', 'EMRTS', 'DUBAI/UAE', '7', '2', 'DEF', '2', '', '4025', '1013', '4025', '1', 'DUBAI/UAE', '0', '', NULL, '0'),
('34', '38', 'EMIRATES - USD', 'EM-101', 'DUBAI-U.A.E', '7', '2', 'DEF', '1', '', '4025', '1013', '4025', '1', 'DUBAI-U.A.E', '0', '', NULL, '0');

### Structure of table `0_dashboard_reminders` ###

DROP TABLE IF EXISTS `0_dashboard_reminders`;

CREATE TABLE `0_dashboard_reminders` (
  `id` int(11) NOT NULL AUTO_INCREMENT,
  `role_id` int(11) NOT NULL,
  `next_date` date NOT NULL,
  `description` text,
  `frequency` varchar(20) NOT NULL,
  `param` text,
  PRIMARY KEY (`id`)
) ENGINE=InnoDB DEFAULT CHARSET=utf8 ;

### Data of table `0_dashboard_reminders` ###


### Structure of table `0_dashboard_widgets` ###

DROP TABLE IF EXISTS `0_dashboard_widgets`;

CREATE TABLE `0_dashboard_widgets` (
  `id` int(11) NOT NULL AUTO_INCREMENT,
  `user_id` int(11) NOT NULL,
  `app` varchar(50) NOT NULL,
  `column_id` int(11) NOT NULL,
  `sort_no` int(11) NOT NULL,
  `collapsed` tinyint(1) NOT NULL,
  `widget` varchar(100) NOT NULL,
  `description` varchar(100) NOT NULL,
  `param` text,
  PRIMARY KEY (`id`)
) ENGINE=InnoDB AUTO_INCREMENT=40 DEFAULT CHARSET=utf8 ;

### Data of table `0_dashboard_widgets` ###

INSERT INTO `0_dashboard_widgets` VALUES
('1', '1', 'AP', '1', '1', '0', 'weeklysales', 'Top 10 Sales Weeks', '{&quot;top&quot;:&quot;10&quot;,&quot;orderby&quot;:&quot;Gross Sales&quot;,&quot;orderby_seq&quot;:&quot;desc&quot;,&quot;graph_type&quot;:&quot;Table&quot;,&quot;data_filter&quot;:&quot;dm.payment_terms = -1&quot;}'),
('2', '1', 'AP', '1', '0', '0', 'weeklysales', 'Weekly Sales', '{&quot;top&quot;:&quot;&quot;,&quot;orderby&quot;:&quot;Week End&quot;,&quot;orderby_seq&quot;:&quot;asc&quot;,&quot;graph_type&quot;:&quot;LineChart&quot;,&quot;data_filter&quot;:&quot;&quot;}'),
('3', '1', 'AP', '2', '1', '0', 'weeklysales', 'Lowest weeks sales', '{&quot;top&quot;:&quot;10&quot;,&quot;orderby&quot;:&quot;Gross Sales&quot;,&quot;orderby_seq&quot;:&quot;asc&quot;,&quot;graph_type&quot;:&quot;Table&quot;,&quot;data_filter&quot;:&quot;&quot;}'),
('6', '1', 'AP', '2', '0', '0', 'dailysales', 'Daily Sales', '{&quot;top&quot;:&quot;10&quot;,&quot;data_filter&quot;:&quot;dm.payment_terms = -1&quot;,&quot;graph_type&quot;:&quot;LineChart&quot;}'),
('7', '1', 'orders', '1', '0', '0', 'customers', 'Top 10 Customers', '{&quot;top&quot;:&quot;10&quot;,&quot;data_filter&quot;:&quot;&quot;,&quot;graph_type&quot;:&quot;Table&quot;}'),
('9', '1', 'orders', '1', '1', '0', 'salesinvoices', 'Overdue invoices', '{&quot;data_filter&quot;:&quot;&quot;}'),
('10', '1', 'AP', '1', '0', '0', 'suppliers', 'Top 10 Suppliers', '{&quot;top&quot;:&quot;&quot;,&quot;data_filter&quot;:&quot;&quot;,&quot;graph_type&quot;:&quot;Table&quot;}'),
('11', '1', 'AP', '2', '0', '0', 'suppliers', 'Top 10 Suppliers', '{&quot;top&quot;:&quot;&quot;,&quot;data_filter&quot;:&quot;&quot;,&quot;graph_type&quot;:&quot;ColumnChart&quot;}'),
('12', '1', 'GL', '2', '1', '0', 'glreturn', 'Return', '{&quot;graph_type&quot;:&quot;Table&quot;,&quot;data_filter&quot;:&quot;&quot;}'),
('13', '1', 'GL', '2', '0', '0', 'glreturn', 'Return', '{&quot;graph_type&quot;:&quot;PieChart&quot;,&quot;data_filter&quot;:&quot;&quot;}'),
('14', '1', 'stock', '1', '0', '0', 'items', 'Top 10 Items', '{&quot;top&quot;:&quot;&quot;,&quot;item_type&quot;:&quot;stock&quot;,&quot;graph_type&quot;:&quot;Table&quot;,&quot;data_filter&quot;:&quot;&quot;}'),
('15', '1', 'stock', '2', '0', '0', 'items', 'Top 10 Items', '{&quot;top&quot;:&quot;&quot;,&quot;item_type&quot;:&quot;stock&quot;,&quot;graph_type&quot;:&quot;PieChart&quot;,&quot;data_filter&quot;:&quot;&quot;}'),
('16', '1', 'manuf', '1', '0', '0', 'items', 'Top 10 items', '{&quot;top&quot;:&quot;&quot;,&quot;item_type&quot;:&quot;manuf&quot;,&quot;graph_type&quot;:&quot;Table&quot;,&quot;data_filter&quot;:&quot;&quot;}'),
('17', '1', 'manuf', '2', '0', '0', 'items', 'Top 10 Items', '{&quot;top&quot;:&quot;&quot;,&quot;item_type&quot;:&quot;manuf&quot;,&quot;graph_type&quot;:&quot;PieChart&quot;,&quot;data_filter&quot;:&quot;&quot;}'),
('18', '1', 'orders', '2', '0', '0', 'customers', 'Top 10 Customers', '{&quot;top&quot;:&quot;&quot;,&quot;data_filter&quot;:&quot;&quot;,&quot;graph_type&quot;:&quot;ColumnChart&quot;}'),
('19', '1', 'GL', '2', '2', '0', 'bankbalances', 'Bank Balances', '{&quot;data_filter&quot;:&quot;&quot;}'),
('20', '1', 'GL', '1', '1', '0', 'dailybankbalances', 'Daily Current Account Balance', '{&quot;days_past&quot;:&quot;&quot;,&quot;days_future&quot;:&quot;&quot;,&quot;bank_act&quot;:&quot;0&quot;,&quot;graph_type&quot;:&quot;ColumnChart&quot;}'),
('21', '1', 'GL', '1', '0', '0', 'banktransactions', 'Current Account Transactions', '{&quot;days_past&quot;:&quot;15&quot;,&quot;days_future&quot;:&quot;15&quot;,&quot;bank_act&quot;:&quot;0&quot;,&quot;data_filter&quot;:&quot;&quot;}'),
('22', '2', 'AP', '1', '1', '0', 'weeklysales', 'Top 10 Sales Weeks', '{&quot;top&quot;:&quot;10&quot;,&quot;orderby&quot;:&quot;Gross Sales&quot;,&quot;orderby_seq&quot;:&quot;desc&quot;,&quot;graph_type&quot;:&quot;Table&quot;,&quot;data_filter&quot;:&quot;dm.payment_terms = -1&quot;}'),
('23', '2', 'AP', '1', '0', '0', 'weeklysales', 'Weekly Sales', '{&quot;top&quot;:&quot;&quot;,&quot;orderby&quot;:&quot;Week End&quot;,&quot;orderby_seq&quot;:&quot;asc&quot;,&quot;graph_type&quot;:&quot;LineChart&quot;,&quot;data_filter&quot;:&quot;&quot;}'),
('24', '2', 'AP', '2', '1', '0', 'weeklysales', 'Lowest weeks sales', '{&quot;top&quot;:&quot;10&quot;,&quot;orderby&quot;:&quot;Gross Sales&quot;,&quot;orderby_seq&quot;:&quot;asc&quot;,&quot;graph_type&quot;:&quot;Table&quot;,&quot;data_filter&quot;:&quot;&quot;}'),
('25', '2', 'AP', '2', '0', '0', 'dailysales', 'Daily Sales', '{&quot;top&quot;:&quot;10&quot;,&quot;data_filter&quot;:&quot;dm.payment_terms = -1&quot;,&quot;graph_type&quot;:&quot;LineChart&quot;}'),
('26', '2', 'orders', '1', '0', '0', 'customers', 'Top 10 Customers', '{&quot;top&quot;:&quot;10&quot;,&quot;data_filter&quot;:&quot;&quot;,&quot;graph_type&quot;:&quot;Table&quot;}'),
('27', '2', 'orders', '1', '1', '0', 'salesinvoices', 'Overdue invoices', '{&quot;data_filter&quot;:&quot;&quot;}'),
('28', '2', 'AP', '1', '0', '0', 'suppliers', 'Top 10 Suppliers', '{&quot;top&quot;:&quot;&quot;,&quot;data_filter&quot;:&quot;&quot;,&quot;graph_type&quot;:&quot;Table&quot;}'),
('29', '2', 'AP', '2', '0', '0', 'suppliers', 'Top 10 Suppliers', '{&quot;top&quot;:&quot;&quot;,&quot;data_filter&quot;:&quot;&quot;,&quot;graph_type&quot;:&quot;ColumnChart&quot;}'),
('30', '2', 'GL', '2', '1', '0', 'glreturn', 'Return', '{&quot;graph_type&quot;:&quot;Table&quot;,&quot;data_filter&quot;:&quot;&quot;}'),
('31', '2', 'GL', '2', '0', '0', 'glreturn', 'Return', '{&quot;graph_type&quot;:&quot;PieChart&quot;,&quot;data_filter&quot;:&quot;&quot;}'),
('32', '2', 'stock', '1', '0', '0', 'items', 'Top 10 Items', '{&quot;top&quot;:&quot;&quot;,&quot;item_type&quot;:&quot;stock&quot;,&quot;graph_type&quot;:&quot;Table&quot;,&quot;data_filter&quot;:&quot;&quot;}'),
('33', '2', 'stock', '2', '0', '0', 'items', 'Top 10 Items', '{&quot;top&quot;:&quot;&quot;,&quot;item_type&quot;:&quot;stock&quot;,&quot;graph_type&quot;:&quot;PieChart&quot;,&quot;data_filter&quot;:&quot;&quot;}'),
('34', '2', 'manuf', '1', '0', '0', 'items', 'Top 10 items', '{&quot;top&quot;:&quot;&quot;,&quot;item_type&quot;:&quot;manuf&quot;,&quot;graph_type&quot;:&quot;Table&quot;,&quot;data_filter&quot;:&quot;&quot;}'),
('35', '2', 'manuf', '2', '0', '0', 'items', 'Top 10 Items', '{&quot;top&quot;:&quot;&quot;,&quot;item_type&quot;:&quot;manuf&quot;,&quot;graph_type&quot;:&quot;PieChart&quot;,&quot;data_filter&quot;:&quot;&quot;}'),
('36', '2', 'orders', '2', '0', '0', 'customers', 'Top 10 Customers', '{&quot;top&quot;:&quot;&quot;,&quot;data_filter&quot;:&quot;&quot;,&quot;graph_type&quot;:&quot;ColumnChart&quot;}'),
('37', '2', 'GL', '2', '2', '0', 'bankbalances', 'Bank Balances', '{&quot;data_filter&quot;:&quot;&quot;}'),
('38', '2', 'GL', '1', '1', '0', 'dailybankbalances', 'Daily Current Account Balance', '{&quot;days_past&quot;:&quot;&quot;,&quot;days_future&quot;:&quot;&quot;,&quot;bank_act&quot;:&quot;0&quot;,&quot;graph_type&quot;:&quot;ColumnChart&quot;}'),
('39', '2', 'GL', '1', '0', '0', 'banktransactions', 'Current Account Transactions', '{&quot;days_past&quot;:&quot;15&quot;,&quot;days_future&quot;:&quot;15&quot;,&quot;bank_act&quot;:&quot;0&quot;,&quot;data_filter&quot;:&quot;&quot;}');

### Structure of table `0_debtor_trans` ###

DROP TABLE IF EXISTS `0_debtor_trans`;

CREATE TABLE `0_debtor_trans` (
  `trans_no` int(11) unsigned NOT NULL DEFAULT '0',
  `type` smallint(6) unsigned NOT NULL DEFAULT '0',
  `version` tinyint(1) unsigned NOT NULL DEFAULT '0',
  `debtor_no` int(11) unsigned DEFAULT NULL,
  `branch_code` int(11) NOT NULL DEFAULT '-1',
  `tran_date` date NOT NULL DEFAULT '0000-00-00',
  `due_date` date NOT NULL DEFAULT '0000-00-00',
  `reference` varchar(60) COLLATE utf8_unicode_ci NOT NULL DEFAULT '',
  `tpe` int(11) NOT NULL DEFAULT '0',
  `order_` int(11) NOT NULL DEFAULT '0',
  `ov_amount` double NOT NULL DEFAULT '0',
  `ov_gst` double NOT NULL DEFAULT '0',
  `gst_wh` double NOT NULL,
  `ov_freight` double NOT NULL DEFAULT '0',
  `ov_freight_tax` double NOT NULL DEFAULT '0',
  `ov_discount` double NOT NULL DEFAULT '0',
  `alloc` double NOT NULL DEFAULT '0',
  `prep_amount` double NOT NULL DEFAULT '0',
  `rate` double NOT NULL DEFAULT '1',
  `ship_via` int(11) DEFAULT NULL,
  `dimension_id` int(11) NOT NULL DEFAULT '0',
  `dimension2_id` int(11) NOT NULL DEFAULT '0',
  `payment_terms` int(11) DEFAULT NULL,
  `tax_included` tinyint(1) unsigned NOT NULL DEFAULT '0',
  `supply_disc` int(11) NOT NULL,
  `service_disc` int(11) NOT NULL,
  `fbr_disc` int(11) NOT NULL,
  `srb_disc` int(11) NOT NULL,
  `write_back` int(11) NOT NULL,
  `supply_tax_id` int(11) NOT NULL,
  `service_tax_id` int(11) NOT NULL,
  `fbr_tax_id` int(11) NOT NULL,
  `srb_tax_id` int(11) NOT NULL,
  PRIMARY KEY (`type`,`trans_no`),
  KEY `debtor_no` (`debtor_no`,`branch_code`),
  KEY `tran_date` (`tran_date`),
  KEY `order_` (`order_`)
) ENGINE=InnoDB DEFAULT CHARSET=utf8 COLLATE=utf8_unicode_ci ;

### Data of table `0_debtor_trans` ###

INSERT INTO `0_debtor_trans` VALUES
('26', '0', '1', '3', '3', '2017-07-19', '0000-00-00', 'JV006/2017', '0', '0', '0', '0', '0', '0', '0', '0', '0', '0', '1', NULL, '0', '0', NULL, '0', '0', '0', '0', '0', '0', '0', '0', '0', '0'),
('27', '0', '1', '5', '5', '2017-08-05', '0000-00-00', 'JV007/2017', '0', '0', '0', '0', '0', '0', '0', '0', '0', '0', '1', NULL, '0', '0', NULL, '0', '0', '0', '0', '0', '0', '0', '0', '0', '0'),
('29', '0', '1', '3', '3', '2017-07-19', '0000-00-00', 'JV006/2017', '0', '0', '0', '0', '0', '0', '0', '0', '0', '0', '1', NULL, '0', '0', NULL, '0', '0', '0', '0', '0', '0', '0', '0', '0', '0'),
('30', '0', '0', '16', '16', '2017-07-07', '0000-00-00', 'JV008/2017', '0', '0', '-5348871', '0', '0', '0', '0', '0', '0', '0', '1', NULL, '0', '0', NULL, '0', '0', '0', '0', '0', '0', '0', '0', '0', '0'),
('31', '0', '0', '10', '10', '2017-07-10', '0000-00-00', 'JV009/2017', '0', '0', '-4915397', '0', '0', '0', '0', '0', '0', '0', '1', NULL, '0', '0', NULL, '0', '0', '0', '0', '0', '0', '0', '0', '0', '0'),
('32', '0', '0', '2', '2', '2017-07-13', '0000-00-00', 'JV010/2017', '0', '0', '-4011943', '0', '0', '0', '0', '0', '0', '0', '1', NULL, '0', '0', NULL, '0', '0', '0', '0', '0', '0', '0', '0', '0', '0'),
('33', '0', '0', '2', '2', '2017-07-13', '0000-00-00', 'JV011/2017', '0', '0', '-20153', '0', '0', '0', '0', '0', '0', '0', '1', NULL, '0', '0', NULL, '0', '0', '0', '0', '0', '0', '0', '0', '0', '0'),
('34', '0', '0', '24', '24', '2017-07-17', '0000-00-00', 'JV012/2017', '0', '0', '-1515918', '0', '0', '0', '0', '0', '0', '0', '1', NULL, '0', '0', NULL, '0', '0', '0', '0', '0', '0', '0', '0', '0', '0'),
('36', '0', '1', '5', '5', '2017-08-09', '0000-00-00', 'JV014/2017', '0', '0', '0', '0', '0', '0', '0', '0', '0', '0', '1', NULL, '0', '0', NULL, '0', '0', '0', '0', '0', '0', '0', '0', '0', '0'),
('104', '0', '1', '3', '3', '2017-07-19', '0000-00-00', 'JV082/2017', '0', '0', '0', '0', '0', '0', '0', '0', '0', '0', '1', NULL, '0', '0', NULL, '0', '0', '0', '0', '0', '0', '0', '0', '0', '0'),
('120', '0', '0', '7', '7', '2017-07-05', '0000-00-00', 'JV098/2017', '0', '0', '-497899', '0', '0', '0', '0', '0', '0', '0', '1', NULL, '0', '0', NULL, '0', '0', '0', '0', '0', '0', '0', '0', '0', '0'),
('121', '0', '0', '7', '7', '2017-07-05', '0000-00-00', 'JV099/2017', '0', '0', '-951600', '0', '0', '0', '0', '0', '0', '0', '1', NULL, '0', '0', NULL, '0', '0', '0', '0', '0', '0', '0', '0', '0', '0'),
('122', '0', '0', '7', '7', '2017-07-05', '0000-00-00', 'JV100/2017', '0', '0', '-458900', '0', '0', '0', '0', '0', '0', '0', '1', NULL, '0', '0', NULL, '0', '0', '0', '0', '0', '0', '0', '0', '0', '0'),
('123', '0', '0', '7', '7', '2017-07-05', '0000-00-00', 'JV101/2017', '0', '0', '-951600', '0', '0', '0', '0', '0', '0', '0', '1', NULL, '0', '0', NULL, '0', '0', '0', '0', '0', '0', '0', '0', '0', '0'),
('125', '0', '0', '23', '23', '2017-07-13', '0000-00-00', 'JV103/2017', '0', '0', '-76623', '0', '0', '0', '0', '0', '0', '0', '1', NULL, '0', '0', NULL, '0', '0', '0', '0', '0', '0', '0', '0', '0', '0'),
('163', '0', '1', '4', '4', '2017-07-21', '0000-00-00', 'JV141/2017', '0', '0', '0', '0', '0', '0', '0', '0', '0', '0', '1', NULL, '0', '0', NULL, '0', '0', '0', '0', '0', '0', '0', '0', '0', '0'),
('165', '0', '1', '9', '9', '2017-07-27', '0000-00-00', 'JV143/2017', '0', '0', '0', '0', '0', '0', '0', '0', '0', '0', '1', NULL, '0', '0', NULL, '0', '0', '0', '0', '0', '0', '0', '0', '0', '0'),
('166', '0', '0', '5', '5', '2017-07-31', '0000-00-00', 'JV144/2017', '0', '0', '-2709613', '0', '0', '0', '0', '0', '0', '0', '1', NULL, '0', '0', NULL, '0', '0', '0', '0', '0', '0', '0', '0', '0', '0'),
('168', '0', '0', '9', '9', '2017-07-27', '0000-00-00', 'JV143/2017', '0', '0', '-4568406', '0', '0', '0', '0', '0', '0', '0', '1', NULL, '0', '0', NULL, '0', '0', '0', '0', '0', '0', '0', '0', '0', '0'),
('169', '0', '0', '4', '4', '2017-07-21', '0000-00-00', 'JV141/2017', '0', '0', '-4076540', '0', '0', '0', '0', '0', '0', '0', '1', NULL, '0', '0', NULL, '0', '0', '0', '0', '0', '0', '0', '0', '0', '0'),
('220', '0', '0', '29', '29', '2017-07-24', '0000-00-00', 'JV192/2017', '0', '0', '-244088', '0', '0', '0', '0', '0', '0', '0', '1', NULL, '0', '0', NULL, '0', '0', '0', '0', '0', '0', '0', '0', '0', '0'),
('221', '0', '0', '29', '29', '2017-07-24', '0000-00-00', 'JV193/2017', '0', '0', '-2949208', '0', '0', '0', '0', '0', '0', '0', '1', NULL, '0', '0', NULL, '0', '0', '0', '0', '0', '0', '0', '0', '0', '0'),
('242', '0', '1', '3', '3', '2017-07-19', '0000-00-00', 'JV006/2017', '0', '0', '0', '0', '0', '0', '0', '0', '0', '0', '1', NULL, '0', '0', NULL, '0', '0', '0', '0', '0', '0', '0', '0', '0', '0'),
('249', '0', '0', '3', '3', '2017-07-19', '0000-00-00', 'JV006/2017', '0', '0', '-3478932', '0', '0', '0', '0', '0', '0', '0', '1', NULL, '0', '0', NULL, '0', '0', '0', '0', '0', '0', '0', '0', '0', '0'),
('1', '1', '1', '3', '3', '2017-08-05', '0000-00-00', 'BPV001/2017', '0', '0', '0', '0', '0', '0', '0', '0', '0', '0', '1', '0', '0', '0', NULL, '0', '0', '0', '0', '0', '0', '0', '0', '0', '0'),
('1', '2', '1', '3', '3', '2017-08-05', '0000-00-00', 'BRV001/2017', '0', '0', '0', '0', '0', '0', '0', '0', '0', '0', '1', '0', '0', '0', NULL, '0', '0', '0', '0', '0', '0', '0', '0', '0', '0'),
('2', '2', '1', '3', '3', '2017-08-05', '0000-00-00', 'BRV001/2017', '0', '0', '0', '0', '0', '0', '0', '0', '0', '0', '1', '0', '0', '0', NULL, '0', '0', '0', '0', '0', '0', '0', '0', '0', '0'),
('12', '2', '1', '5', '5', '2017-08-17', '0000-00-00', 'BRV010/2017', '0', '0', '0', '0', '0', '0', '0', '0', '0', '0', '1', '0', '0', '0', NULL, '0', '0', '0', '0', '0', '0', '0', '0', '0', '0'),
('1', '10', '2', '3', '3', '2017-07-01', '2017-09-29', 'SI001/2017', '1', '1', '0', '0', '0', '0', '0', '0', '0', '0', '1', '1', '0', '0', '5', '1', '0', '0', '0', '0', '0', '0', '0', '0', '0'),
('2', '10', '2', '3', '3', '2017-07-01', '2017-09-29', 'SI001/2017', '1', '2', '0', '0', '0', '0', '0', '0', '0', '0', '1', '1', '0', '0', '5', '1', '0', '0', '0', '0', '0', '0', '0', '0', '0'),
('1', '13', '2', '3', '3', '2017-07-01', '2017-09-29', 'auto', '1', '1', '0', '0', '0', '0', '0', '0', '0', '0', '1', '1', '0', '0', '5', '1', '0', '0', '0', '0', '0', '0', '0', '0', '0'),
('2', '13', '2', '3', '3', '2017-07-01', '2017-09-29', 'auto', '1', '2', '0', '0', '0', '0', '0', '0', '0', '0', '1', '1', '0', '0', '5', '1', '0', '0', '0', '0', '0', '0', '0', '0', '0');

### Structure of table `0_debtor_trans_details` ###

DROP TABLE IF EXISTS `0_debtor_trans_details`;

CREATE TABLE `0_debtor_trans_details` (
  `id` int(11) NOT NULL AUTO_INCREMENT,
  `debtor_trans_no` int(11) DEFAULT NULL,
  `debtor_trans_type` int(11) DEFAULT NULL,
  `stock_id` varchar(20) COLLATE utf8_unicode_ci NOT NULL DEFAULT '',
  `description` tinytext COLLATE utf8_unicode_ci,
  `unit_price` double NOT NULL DEFAULT '0',
  `unit_tax` double NOT NULL DEFAULT '0',
  `quantity` double NOT NULL DEFAULT '0',
  `discount_percent` double NOT NULL DEFAULT '0',
  `standard_cost` double NOT NULL DEFAULT '0',
  `qty_done` double NOT NULL DEFAULT '0',
  `src_id` int(11) NOT NULL,
  PRIMARY KEY (`id`),
  KEY `Transaction` (`debtor_trans_type`,`debtor_trans_no`),
  KEY `src_id` (`src_id`)
) ENGINE=InnoDB AUTO_INCREMENT=5 DEFAULT CHARSET=utf8 COLLATE=utf8_unicode_ci ;

### Data of table `0_debtor_trans_details` ###

INSERT INTO `0_debtor_trans_details` VALUES
('1', '1', '13', 'OB', 'OPENING BALANCE', '0', '0', '0', '0', '0', '1', '0'),
('2', '1', '10', 'OB', 'OPENING BALANCE', '0', '0', '0', '0', '0', '0', '0'),
('3', '2', '13', 'OBB', 'OPENING BALANCE', '0', '0', '0', '0', '0', '1', '0'),
('4', '2', '10', 'OBB', 'OPENING BALANCE', '0', '0', '0', '0', '0', '0', '0');

### Structure of table `0_debtors_master` ###

DROP TABLE IF EXISTS `0_debtors_master`;

CREATE TABLE `0_debtors_master` (
  `debtor_no` int(11) NOT NULL AUTO_INCREMENT,
  `name` varchar(100) COLLATE utf8_unicode_ci NOT NULL DEFAULT '',
  `debtor_ref` varchar(30) COLLATE utf8_unicode_ci NOT NULL,
  `address` tinytext COLLATE utf8_unicode_ci,
  `tax_id` varchar(55) COLLATE utf8_unicode_ci NOT NULL DEFAULT '',
  `ntn_no` varchar(55) COLLATE utf8_unicode_ci NOT NULL,
  `curr_code` char(3) COLLATE utf8_unicode_ci NOT NULL DEFAULT '',
  `sales_type` int(11) NOT NULL DEFAULT '1',
  `dimension_id` int(11) NOT NULL DEFAULT '0',
  `dimension2_id` int(11) NOT NULL DEFAULT '0',
  `credit_status` int(11) NOT NULL DEFAULT '0',
  `payment_terms` int(11) DEFAULT NULL,
  `discount` double NOT NULL DEFAULT '0',
  `pymt_discount` double NOT NULL DEFAULT '0',
  `credit_limit` float NOT NULL DEFAULT '1000',
  `notes` tinytext COLLATE utf8_unicode_ci NOT NULL,
  `inactive` tinyint(1) NOT NULL DEFAULT '0',
  PRIMARY KEY (`debtor_no`),
  UNIQUE KEY `debtor_ref` (`debtor_ref`),
  KEY `name` (`name`)
) ENGINE=InnoDB AUTO_INCREMENT=39 DEFAULT CHARSET=utf8 COLLATE=utf8_unicode_ci ;

### Data of table `0_debtors_master` ###

INSERT INTO `0_debtors_master` VALUES
('1', 'Test Customer', 'Test Customer', 'Vehari', '', '', 'EUR', '1', '0', '0', '1', '5', '0', '0', '0', '', '0'),
('2', 'Marba Trade GMBH', 'Marba Trade GMBH', 'Emmersbergstrasse 1\nCH-8200 Schaffhausen', '', '', 'PKR', '2', '0', '0', '1', '1', '0', '0', '0', '', '0'),
('3', 'MIMCO GMBH', 'MIMCO GMBH', 'mimco gmbh', '', '', 'PKR', '1', '0', '0', '1', '5', '0', '0', '0', '', '0'),
('4', 'SENSTEX AB', 'SENSTEX AB', NULL, '', '', 'PKR', '1', '0', '0', '1', '5', '0', '0', '0', '', '0'),
('5', ' EMIRATES (AE-101)', ' EMIRATES (AE-101)', 'EMIRATES INDUSTRIES L.L.C\nP.O. BOX: 37084, DUBAI, U.A.E', '', '', 'PKR', '1', '0', '0', '1', '5', '0', '0', '0', '', '0'),
('6', 'A.A LAQUIS LIMITED (WI-101)', 'A.A LAQUIS LIMITED (WI-101)', 'TRINIDAD-WESTINDIES', '', '', 'PKR', '1', '0', '0', '1', '5', '0', '0', '0', '', '0'),
('7', 'ASHAR PROFESSIONAL UK (UK-106)', 'ASHAR PROFESSIONAL UK', 'UK', '', '', 'PKR', '1', '0', '0', '1', '5', '0', '0', '0', '', '0'),
('8', 'CAPELINEN (SA-104)', 'CAPELINEN (SA-104)', 'CAPETOWN-SOUTHAFRICA', '', '', 'PKR', '1', '0', '0', '1', '5', '0', '0', '0', '', '0'),
('9', 'CLINITEX S.R.O', 'CLINITEX S.R.O', 'Ostrava-Kuncicky, Czech Republic', '', '', 'PKR', '1', '0', '0', '1', '5', '0', '0', '0', '', '0'),
('10', 'DG (UK) TEXTILES LTD (UK-102)', 'DG (UK) TEXTILES LTD (UK-102)', 'UK', '', '', 'PKR', '1', '0', '0', '1', '5', '0', '0', '0', '', '0'),
('11', 'EURO MOTOS (EM-101)', 'EURO MOTOS (EM-101)', 'PORTUGAL', '', '', 'EUR', '1', '0', '0', '1', '5', '0', '0', '0', '', '0'),
('12', 'FORTEXA (DK-101)', 'FORTEXA (DK-101)', 'Fortexa Scandinavia A/S\nStenholm 9\n9400 Nrresundby\nDANMARK\n\n\n', '', '', 'PKR', '1', '0', '0', '1', '5', '0', '0', '0', '', '0'),
('13', 'FWL (AS-101)', 'FWL (AS-101)', 'LINZ', '', '', 'PKR', '1', '0', '0', '1', '5', '0', '0', '0', '', '0'),
('14', 'GLOBAL SOURCE PVT LTD', 'GLOBAL SOURCE PVT LTD', 'DURBAN SOUTH AFRICA', '', '', 'PKR', '1', '0', '0', '1', '5', '0', '0', '0', '', '0'),
('15', 'HOTELWASCHE (GY-102)', 'HOTELWASCHE (GY-102)', 'GERMANY', '', '', 'PKR', '1', '0', '0', '1', '5', '0', '0', '0', '', '0'),
('16', 'LASSIG GMBH (LG-101)', 'LASSIG GMBH (LG-101)', 'GERMANY', '', '', 'PKR', '1', '0', '0', '1', '5', '0', '0', '0', '', '0'),
('17', 'LAWRENCE MICHAV FABRICS ', 'LAWRENCE MICHAV FABRICS ', 'PRETORIA SOUTH AFRICA', '', '', 'PKR', '1', '0', '0', '1', '5', '0', '0', '0', '', '0'),
('18', 'M/S AMAN MEDICAL SERVICE COMPANY', 'M/S AMAN MEDICAL SERVICE COMPA', 'M/S AMAN MEDICAL SERVICE COMPANY\nGRAVITY TOWER, FLOOR-8\nAHMED AL-JABAR ST\nSHARQ. KUWAIT', '', '', 'PKR', '1', '0', '0', '1', '5', '0', '0', '0', '', '0'),
('19', 'PFEIFFER TEXTILE', 'PFEIFFER TEXTILE', 'SWITZERLAND', '', '', 'PKR', '1', '0', '0', '1', '5', '0', '0', '0', '', '0'),
('20', 'PROMOTERS TEXTIL AB', 'PROMOTERS TEXTIL AB', 'PROMOTERS TEXTIL AB\nKraketegen 19 \n42351 TORSLANDA\nSWEDEN', '', '', 'PKR', '1', '0', '0', '1', '5', '0', '0', '0', '', '0'),
('21', 'PULSIVA', 'PULSIVA', 'GERMANY', '', '', 'PKR', '1', '0', '0', '1', '5', '0', '0', '0', '', '0'),
('22', 'SALIMA TRADING CORP. (KS-101)', 'SALIMA TRADING CORP', 'SAUDIARAB', '', '', 'PKR', '1', '0', '0', '1', '5', '0', '0', '0', '', '0'),
('23', 'VISION SUPPORT SERVICES LTD.', 'VISION SUPPORT SERVICES LTD.', 'VISION SUPPORT SERVICES LTD.\nDARWEN HOUSE\nWALKER PARK\nBLACKBURN\nLANCASHIRE\nBB1  2QE', '', '', 'PKR', '1', '0', '0', '1', '5', '0', '0', '0', '', '0'),
('24', 'ASHAR PROFESSIONAL LINEN U.A.E (APE)', 'ASHAR PROFESSIONAL LINEN U.A.E', 'ASHAR PROFESSIONAL LINENS FZE UAE', '', '', 'PKR', '1', '0', '0', '1', '5', '0', '0', '0', '', '0'),
('25', 'MARBA TRADE GMBH-1', 'MARBA TRADE GMBH-1', 'GERMANY', '', '', 'USD', '1', '0', '0', '1', '5', '0', '0', '0', '', '1'),
('27', 'DG (UK) TEXTILES LTD ', 'DG (UK) TEXTILES LTD ', 'U.K', '', '', 'GBP', '1', '0', '0', '1', '5', '0', '0', '0', '', '1'),
('28', 'testing customer', 'testing customer', 'testing customer', '', '', 'GBP', '1', '0', '0', '1', '5', '0', '0', '0', '', '0'),
('29', 'ALARABEYA INTERNATIONAL INSUANCE BR', 'ALARABEYA INTERNATIONAL', NULL, '', '', 'PKR', '1', '0', '0', '1', '5', '0', '0', '0', '', '0'),
('30', 'Matrix Logistics', 'Matrix Logistics', NULL, '', '', 'PKR', '1', '0', '0', '1', '5', '0', '0', '0', '', '1'),
('31', 'FWL - EUR', 'FWL - EUR', 'LINZ AUSTRIA', '', '', 'EUR', '1', '0', '0', '1', '6', '0', '0', '0', '', '0'),
('37', 'EMIRATES - USD', 'EMIRATES - USD', 'DUBAI/UAE', '', '', 'USD', '1', '0', '0', '1', '6', '0', '0', '0', '', '0'),
('38', 'EMIRATES - USD', 'EM-101', 'DUBAI-U.A.E', '', '', 'USD', '1', '0', '0', '1', '6', '0', '0', '0', '', '0');

### Structure of table `0_dimensions` ###

DROP TABLE IF EXISTS `0_dimensions`;

CREATE TABLE `0_dimensions` (
  `id` int(11) NOT NULL AUTO_INCREMENT,
  `reference` varchar(60) COLLATE utf8_unicode_ci NOT NULL DEFAULT '',
  `name` varchar(60) COLLATE utf8_unicode_ci NOT NULL DEFAULT '',
  `type_` tinyint(1) NOT NULL DEFAULT '1',
  `closed` tinyint(1) NOT NULL DEFAULT '0',
  `date_` date NOT NULL DEFAULT '0000-00-00',
  `due_date` date NOT NULL DEFAULT '0000-00-00',
  PRIMARY KEY (`id`),
  UNIQUE KEY `reference` (`reference`),
  KEY `date_` (`date_`),
  KEY `due_date` (`due_date`),
  KEY `type_` (`type_`)
) ENGINE=InnoDB DEFAULT CHARSET=utf8 COLLATE=utf8_unicode_ci ;

### Data of table `0_dimensions` ###


### Structure of table `0_exchange_rates` ###

DROP TABLE IF EXISTS `0_exchange_rates`;

CREATE TABLE `0_exchange_rates` (
  `id` int(11) NOT NULL AUTO_INCREMENT,
  `curr_code` char(3) COLLATE utf8_unicode_ci NOT NULL DEFAULT '',
  `rate_buy` double NOT NULL DEFAULT '0',
  `rate_sell` double NOT NULL DEFAULT '0',
  `date_` date NOT NULL DEFAULT '0000-00-00',
  PRIMARY KEY (`id`),
  UNIQUE KEY `curr_code` (`curr_code`,`date_`)
) ENGINE=InnoDB AUTO_INCREMENT=4 DEFAULT CHARSET=utf8 COLLATE=utf8_unicode_ci ;

### Data of table `0_exchange_rates` ###

INSERT INTO `0_exchange_rates` VALUES
('2', 'USD', '105', '105', '2017-02-17'),
('3', 'GBP', '136', '136', '2017-08-12');

### Structure of table `0_fiscal_year` ###

DROP TABLE IF EXISTS `0_fiscal_year`;

CREATE TABLE `0_fiscal_year` (
  `id` int(11) NOT NULL AUTO_INCREMENT,
  `begin` date DEFAULT '0000-00-00',
  `end` date DEFAULT '0000-00-00',
  `closed` tinyint(1) NOT NULL DEFAULT '0',
  PRIMARY KEY (`id`),
  UNIQUE KEY `begin` (`begin`),
  UNIQUE KEY `end` (`end`)
) ENGINE=InnoDB AUTO_INCREMENT=4 DEFAULT CHARSET=utf8 COLLATE=utf8_unicode_ci ;

### Data of table `0_fiscal_year` ###

INSERT INTO `0_fiscal_year` VALUES
('1', '2015-07-01', '2016-06-30', '0'),
('2', '2016-07-01', '2017-06-30', '0'),
('3', '2017-07-01', '2018-06-30', '0');

### Structure of table `0_gl_trans` ###

DROP TABLE IF EXISTS `0_gl_trans`;

CREATE TABLE `0_gl_trans` (
  `counter` int(11) NOT NULL AUTO_INCREMENT,
  `type` smallint(6) NOT NULL DEFAULT '0',
  `type_no` int(11) NOT NULL DEFAULT '0',
  `tran_date` date NOT NULL DEFAULT '0000-00-00',
  `account` varchar(15) COLLATE utf8_unicode_ci NOT NULL DEFAULT '',
  `memo_` tinytext COLLATE utf8_unicode_ci NOT NULL,
  `amount` double NOT NULL DEFAULT '0',
  `dimension_id` int(11) NOT NULL DEFAULT '0',
  `dimension2_id` int(11) NOT NULL DEFAULT '0',
  `person_type_id` int(11) DEFAULT NULL,
  `person_id` tinyblob,
  `cheque` int(11) NOT NULL,
  PRIMARY KEY (`counter`),
  KEY `Type_and_Number` (`type`,`type_no`),
  KEY `dimension_id` (`dimension_id`),
  KEY `dimension2_id` (`dimension2_id`),
  KEY `tran_date` (`tran_date`),
  KEY `account_and_tran_date` (`account`,`tran_date`)
) ENGINE=InnoDB AUTO_INCREMENT=1036 DEFAULT CHARSET=utf8 COLLATE=utf8_unicode_ci ;

### Data of table `0_gl_trans` ###

INSERT INTO `0_gl_trans` VALUES
('1', '0', '18', '2017-07-01', '10121', 'OPENINING TEST', '0', '0', '0', NULL, NULL, '0'),
('2', '0', '18', '2017-07-01', '3012', 'OPENINING TEST', '0', '0', '0', NULL, NULL, '0'),
('3', '0', '19', '2017-07-01', '10122', 'test', '0', '0', '0', NULL, NULL, '0'),
('4', '0', '19', '2017-07-01', '3012', 'test', '0', '0', '0', NULL, NULL, '0'),
('5', '0', '20', '2017-07-01', '10122', 'OPENING BANK BALANCE AS ON 1ST JULY 2017', '0', '0', '0', NULL, NULL, '0'),
('6', '0', '20', '2017-07-01', '3012', 'OPENING BANK BALANCE AS ON 1ST JULY 2017', '0', '0', '0', NULL, NULL, '0'),
('7', '22', '1', '2017-07-01', '2011', '', '0', '0', '0', '3', '6', '0'),
('8', '22', '1', '2017-07-01', '10122', '', '0', '0', '0', NULL, NULL, '0'),
('9', '0', '21', '2017-07-01', '10144', 'OPENING ACCOUNT BALANCE AS ON 1ST JULY 2017', '4706072.22', '0', '0', NULL, NULL, '0'),
('10', '0', '21', '2017-07-01', '3012', 'OPENING ACCOUNT BALANCE AS ON 1ST JULY 2017', '-4706072.22', '0', '0', NULL, NULL, '0'),
('11', '22', '2', '2017-07-20', '2011', '', '0', '0', '0', '3', '1', '0'),
('12', '22', '2', '2017-07-20', '10144', '', '0', '0', '0', NULL, NULL, '0'),
('13', '22', '3', '2017-07-01', '2011', '', '0', '0', '0', '3', '6', '0'),
('14', '22', '3', '2017-07-01', '10144', '', '0', '0', '0', NULL, NULL, '0'),
('15', '22', '4', '2017-07-03', '2011', '', '0', '0', '0', '3', '1', '0'),
('16', '22', '4', '2017-07-03', '10144', '', '0', '0', '0', NULL, NULL, '0'),
('17', '22', '5', '2017-07-03', '2011', '', '0', '0', '0', '3', '1', '0'),
('18', '22', '5', '2017-07-03', '10144', '', '0', '0', '0', NULL, NULL, '0'),
('19', '22', '6', '2017-07-01', '2011', '', '0', '0', '0', '3', '1', '0'),
('20', '22', '6', '2017-07-01', '10144', '', '0', '0', '0', NULL, NULL, '0'),
('21', '22', '7', '2017-07-20', '2011', '', '0', '0', '0', '3', '1', '0'),
('22', '22', '7', '2017-07-20', '10144', '', '0', '0', '0', NULL, NULL, '0'),
('23', '22', '8', '2017-07-01', '2011', '', '0', '0', '0', '3', '1', '0'),
('24', '22', '8', '2017-07-01', '10144', '', '0', '0', '0', NULL, NULL, '0'),
('25', '22', '9', '2017-07-01', '2011', '', '0', '0', '0', '3', '1', '0'),
('26', '22', '9', '2017-07-01', '10144', '', '0', '0', '0', NULL, NULL, '0'),
('27', '22', '10', '2017-07-01', '2011', '', '0', '0', '0', '3', '8', '0'),
('28', '22', '10', '2017-07-01', '10144', '', '0', '0', '0', NULL, NULL, '0'),
('29', '22', '11', '2017-07-01', '2011', '', '0', '0', '0', '3', '1', '0'),
('30', '22', '11', '2017-07-01', '10144', '', '0', '0', '0', NULL, NULL, '0'),
('31', '22', '12', '2017-07-01', '2011', '', '0', '0', '0', '3', '1', '0'),
('32', '22', '12', '2017-07-01', '10144', '', '0', '0', '0', NULL, NULL, '0'),
('33', '22', '13', '2017-07-10', '2011', '', '0', '0', '0', '3', '1', '0'),
('34', '22', '13', '2017-07-10', '10144', '', '0', '0', '0', NULL, NULL, '0'),
('35', '22', '14', '2017-07-01', '2011', '', '0', '0', '0', '3', '1', '0'),
('36', '22', '14', '2017-07-01', '10144', '', '0', '0', '0', NULL, NULL, '0'),
('37', '22', '15', '2017-07-01', '2011', '', '0', '0', '0', '3', '9', '0'),
('38', '22', '15', '2017-07-01', '10144', '', '0', '0', '0', NULL, NULL, '0'),
('39', '22', '16', '2017-07-01', '2011', '', '0', '0', '0', '3', '1', '0'),
('40', '22', '16', '2017-07-01', '10144', '', '0', '0', '0', NULL, NULL, '0'),
('41', '22', '17', '2017-07-05', '2011', '', '0', '0', '0', '3', '1', '0'),
('42', '22', '17', '2017-07-05', '10144', '', '0', '0', '0', NULL, NULL, '0'),
('43', '22', '18', '2017-07-05', '2011', '', '0', '0', '0', '3', '3', '0'),
('44', '22', '18', '2017-07-05', '10144', '', '0', '0', '0', NULL, NULL, '0'),
('45', '22', '19', '2017-07-08', '2011', '', '0', '0', '0', '3', '1', '0'),
('46', '22', '19', '2017-07-08', '10144', '', '0', '0', '0', NULL, NULL, '0'),
('47', '22', '20', '2017-07-01', '2011', '', '0', '0', '0', '3', '1', '0'),
('48', '22', '20', '2017-07-01', '10144', '', '0', '0', '0', NULL, NULL, '0'),
('49', '22', '21', '2017-07-10', '2011', '', '0', '0', '0', '3', '1', '0'),
('50', '22', '21', '2017-07-10', '10144', '', '0', '0', '0', NULL, NULL, '0'),
('51', '22', '22', '2017-07-01', '2011', '', '0', '0', '0', '3', '12', '0'),
('52', '22', '22', '2017-07-01', '10144', '', '0', '0', '0', NULL, NULL, '0'),
('53', '22', '23', '2017-07-08', '2011', '', '0', '0', '0', '3', '1', '0'),
('54', '22', '23', '2017-07-08', '10144', '', '0', '0', '0', NULL, NULL, '0'),
('55', '22', '24', '2017-07-07', '2011', '', '0', '0', '0', '3', '1', '0'),
('56', '22', '24', '2017-07-07', '10144', '', '0', '0', '0', NULL, NULL, '0'),
('57', '22', '25', '2017-07-01', '2011', '', '0', '0', '0', '3', '1', '0'),
('58', '22', '25', '2017-07-01', '10144', '', '0', '0', '0', NULL, NULL, '0'),
('59', '22', '26', '2017-07-01', '2011', '', '0', '0', '0', '3', '1', '0'),
('60', '22', '26', '2017-07-01', '10144', '', '0', '0', '0', NULL, NULL, '0'),
('61', '22', '27', '2017-07-20', '2011', '', '0', '0', '0', '3', '1', '0'),
('62', '22', '27', '2017-07-20', '10144', '', '0', '0', '0', NULL, NULL, '0'),
('63', '22', '28', '2017-07-12', '2011', '', '0', '0', '0', '3', '1', '0'),
('64', '22', '28', '2017-07-12', '10144', '', '0', '0', '0', NULL, NULL, '0'),
('65', '22', '29', '2017-07-13', '2011', '', '0', '0', '0', '3', '1', '0'),
('66', '22', '29', '2017-07-13', '10144', '', '0', '0', '0', NULL, NULL, '0'),
('67', '22', '30', '2017-07-13', '2011', '', '0', '0', '0', '3', '1', '0'),
('68', '22', '30', '2017-07-13', '10144', '', '0', '0', '0', NULL, NULL, '0'),
('69', '22', '31', '2017-07-13', '2011', '', '0', '0', '0', '3', '1', '0'),
('70', '22', '31', '2017-07-13', '10144', '', '0', '0', '0', NULL, NULL, '0'),
('71', '22', '32', '2017-07-14', '2011', '', '0', '0', '0', '3', '1', '0'),
('72', '22', '32', '2017-07-14', '10144', '', '0', '0', '0', NULL, NULL, '0'),
('73', '22', '33', '2017-07-14', '2011', '', '0', '0', '0', '3', '1', '0'),
('74', '22', '33', '2017-07-14', '10144', '', '0', '0', '0', NULL, NULL, '0'),
('75', '22', '34', '2017-07-18', '2011', '', '0', '0', '0', '3', '1', '0'),
('76', '22', '34', '2017-07-18', '10144', '', '0', '0', '0', NULL, NULL, '0'),
('77', '22', '35', '2017-07-15', '2011', '', '0', '0', '0', '3', '1', '0'),
('78', '22', '35', '2017-07-15', '10144', '', '0', '0', '0', NULL, NULL, '0'),
('79', '22', '36', '2017-07-18', '2011', '', '0', '0', '0', '3', '1', '0'),
('80', '22', '36', '2017-07-18', '10144', '', '0', '0', '0', NULL, NULL, '0'),
('81', '22', '37', '2017-07-18', '2011', '', '0', '0', '0', '3', '1', '0'),
('82', '22', '37', '2017-07-18', '10144', '', '0', '0', '0', NULL, NULL, '0'),
('83', '22', '38', '2017-07-15', '2011', '', '0', '0', '0', '3', '1', '0'),
('84', '22', '38', '2017-07-15', '10144', '', '0', '0', '0', NULL, NULL, '0'),
('85', '22', '39', '2017-07-15', '2011', '', '0', '0', '0', '3', '1', '0'),
('86', '22', '39', '2017-07-15', '10144', '', '0', '0', '0', NULL, NULL, '0'),
('87', '22', '40', '2017-07-15', '2011', '', '0', '0', '0', '3', '1', '0'),
('88', '22', '40', '2017-07-15', '10144', '', '0', '0', '0', NULL, NULL, '0'),
('89', '22', '41', '2017-07-17', '2011', '', '0', '0', '0', '3', '1', '0'),
('90', '22', '41', '2017-07-17', '10144', '', '0', '0', '0', NULL, NULL, '0'),
('91', '20', '1', '2017-07-01', '2014', '', '0', '0', '0', NULL, NULL, '0'),
('92', '20', '1', '2017-07-01', '2011', '', '0', '0', '0', '3', '1', '0'),
('93', '20', '1', '2017-07-01', '1021', '', '0', '0', '0', NULL, NULL, '0'),
('94', '20', '2', '2017-07-01', '2014', '', '0', '0', '0', NULL, NULL, '0'),
('95', '20', '2', '2017-07-01', '2011', '', '0', '0', '0', '3', '1', '0'),
('96', '20', '2', '2017-07-01', '2011', '', '0', '0', '0', '3', '1', '0'),
('97', '20', '3', '2017-07-01', '2014', '', '0', '0', '0', NULL, NULL, '0'),
('98', '20', '3', '2017-07-01', '2011', '', '0', '0', '0', '3', '1', '0'),
('99', '20', '3', '2017-07-01', '3012', '', '0', '0', '0', NULL, NULL, '0'),
('100', '13', '1', '2017-07-01', '3012', '', '0', '0', '0', NULL, NULL, '0'),
('101', '13', '1', '2017-07-01', '3012', '', '0', '0', '0', NULL, NULL, '0'),
('102', '10', '1', '2017-07-01', '2011', '', '0', '0', '0', '2', '3', '0'),
('103', '10', '1', '2017-07-01', '1013', '', '0', '0', '0', '2', '3', '0'),
('104', '10', '1', '2017-07-01', '2013', '', '0', '0', '0', NULL, NULL, '0'),
('105', '10', '2', '2017-07-01', '3012', '', '0', '0', '0', NULL, NULL, '0'),
('106', '10', '2', '2017-07-01', '1013', '', '0', '0', '0', '2', '3', '0'),
('107', '10', '2', '2017-07-01', '2013', '', '0', '0', '0', NULL, NULL, '0'),
('108', '20', '4', '2017-07-01', '2014', '', '0', '0', '0', NULL, NULL, '0'),
('109', '20', '4', '2017-07-01', '20111', '', '0', '0', '0', '3', '13', '0'),
('110', '20', '4', '2017-07-01', '3012', '', '0', '0', '0', NULL, NULL, '0'),
('111', '0', '22', '2017-07-01', '1040', 'OPENING BALANCE OF PLANT AND MACHINERY AS ON 01-07-2017', '15682500', '0', '0', NULL, NULL, '0'),
('112', '0', '22', '2017-07-01', '3012', 'OPENING BALANCE OF PLANT AND MACHINERY AS ON 01-07-2017', '-15682500', '0', '0', NULL, NULL, '0'),
('113', '0', '23', '2017-07-01', '1041', 'OPENING BALANCE OF LAND &amp; BUILDING KHURRINWALA UNIT', '54655074', '0', '0', NULL, NULL, '0'),
('114', '0', '23', '2017-07-01', '3012', 'OPENING BALANCE OF LAND &amp; BUILDING KHURRINWALA UNIT', '-54655074', '0', '0', NULL, NULL, '0'),
('115', '0', '24', '2017-07-01', '1044', 'OPENING BALANCE OF LAND &amp; BUILDING HOUSE KAREEM TOWN ', '43720420', '0', '0', NULL, NULL, '0'),
('116', '0', '24', '2017-07-01', '3012', 'OPENING BALANCE OF LAND &amp; BUILDING HOUSE KAREEM TOWN ', '-43720420', '0', '0', NULL, NULL, '0'),
('117', '0', '25', '2017-07-01', '1045', 'OPENING BALANCE OF LAND &amp; BUILDING OF SMALL INDUSTRIAL ESTATE', '44120885', '0', '0', NULL, NULL, '0'),
('118', '0', '25', '2017-07-01', '3012', 'OPENING BALANCE OF LAND &amp; BUILDING OF SMALL INDUSTRIAL ESTATE', '-44120885', '0', '0', NULL, NULL, '0'),
('119', '1', '1', '2017-08-05', '2012', 'TEST', '0', '0', '0', NULL, NULL, '0'),
('120', '1', '1', '2017-08-05', '5051', 'TEST', '0', '0', '0', NULL, NULL, '0'),
('121', '1', '1', '2017-08-05', '5050', 'TEST', '0', '0', '0', NULL, NULL, '0'),
('122', '1', '1', '2017-08-05', '5052', 'TEST', '0', '0', '0', NULL, NULL, '0'),
('123', '1', '1', '2017-08-05', '10144', 'TEST', '0', '0', '0', NULL, NULL, '0'),
('124', '2', '1', '2017-08-05', '5045', 'TEST', '0', '0', '0', NULL, NULL, '0'),
('125', '2', '1', '2017-08-05', '10144', 'TEST', '0', '0', '0', NULL, NULL, '0'),
('126', '2', '2', '2017-08-05', '2012', 'TEST', '0', '0', '0', NULL, NULL, '0'),
('127', '2', '2', '2017-08-05', '10144', 'TEST', '0', '0', '0', NULL, NULL, '0'),
('128', '0', '26', '2017-07-19', '10144', 'TEST', '0', '0', '0', NULL, NULL, '0'),
('129', '0', '26', '2017-07-19', '1013', 'TEST', '0', '0', '0', '2', '3', '0'),
('130', '0', '26', '2017-07-19', '5045', 'TEST', '0', '0', '0', NULL, NULL, '0'),
('131', '0', '26', '2017-07-19', '2012', 'TEST', '0', '0', '0', NULL, NULL, '0'),
('132', '0', '26', '2017-07-19', '5051', 'TEST', '0', '0', '0', NULL, NULL, '0'),
('133', '0', '26', '2017-07-19', '5050', 'TEST', '0', '0', '0', NULL, NULL, '0'),
('134', '0', '26', '2017-07-19', '5052', 'TEST', '0', '0', '0', NULL, NULL, '0'),
('135', '0', '27', '2017-08-05', '1013', 'TEST', '0', '0', '0', '2', '5', '0'),
('136', '0', '27', '2017-08-05', '4011', 'TEST', '0', '0', '0', NULL, NULL, '0'),
('137', '0', '28', '2017-07-04', '10144', 'CUSTOMER DREDIT ODC 16831962717 HBL 20170000029803 INV# 6058 LOAN GRANT BY BANK FAFB', '5050000', '0', '0', NULL, NULL, '0'),
('138', '0', '28', '2017-07-04', '2025', 'CUSTOMER DREDIT ODC 16831962717 HBL 20170000029803 INV# 6058 LOAN GRANT BY BANK FAFB', '-5050000', '0', '0', NULL, NULL, '0'),
('139', '0', '29', '2017-07-19', '10144', 'FAX PAYMENT ODC 16832018817 HBL 20170000031632 INV# 6061 EUR 25000,5867.45@ 113.90,114.40 LESS EXP 50668.62 MIMCO GMBH FDBC-26058', '0', '0', '0', NULL, NULL, '0'),
('140', '0', '29', '2017-07-19', '1013', 'FAX PAYMENT ODC 16832018817 HBL 20170000031632 INV# 6061 EUR 31.62.45@ 112 MIMCO GMBH FDBC-26058', '0', '0', '0', '2', '3', '0'),
('141', '0', '29', '2017-07-19', '5045', 'FAX PAYMENT ODC 16832018817 HBL 20170000031632 INV# 6061 EUR 25000,5867.45@ 113.90,114.40 MIMCO GMBH FDBC-26058 ( 113.99-112=1.99*31.62.45)', '0', '0', '0', NULL, NULL, '0'),
('142', '0', '29', '2017-07-19', '2012', 'FAX PAYMENT ODC 16832018817 HBL 20170000031632 INV# 6061 EUR 25000,5867.45@ 113.90,114.40 MIMCO GMBH FDBC-26058 ( TAXATIONS )', '0', '0', '0', NULL, NULL, '0'),
('143', '0', '29', '2017-07-19', '5051', 'FAX PAYMENT ODC 16832018817 HBL 20170000031632 INV# 6061 EUR 25000,5867.45@ 113.90,114.40 MIMCO GMBH FDBC-26058 ( ODC )', '0', '0', '0', NULL, NULL, '0'),
('144', '0', '29', '2017-07-19', '5050', 'FAX PAYMENT ODC 16832018817 HBL 20170000031632 INV# 6061 EUR 25000,5867.45@ 113.90,114.40 MIMCO GMBH FDBC-26058 ( BC )', '0', '0', '0', NULL, NULL, '0'),
('145', '0', '29', '2017-07-19', '5052', 'FAX PAYMENT ODC 16832018817 HBL 20170000031632 INV# 6061 EUR 25000,5867.45@ 113.90,114.40 MIMCO GMBH FDBC-26058 ( FOREIGN BC 195*113.99)', '0', '0', '0', NULL, NULL, '0'),
('146', '2', '3', '2017-07-05', '2025', 'CUSTOMER CREDIT ODC 16831974517 HBL 20170000028529 INV# 6056 LOAN GRANT BY BANK FAFB', '-3700000', '0', '0', NULL, NULL, '0'),
('147', '2', '3', '2017-07-05', '10144', 'CUSTOMER CREDIT ODC 16831974517 HBL 20170000028529 INV# 6056 LOAN GRANT BY BANK FAFB', '3700000', '0', '0', NULL, NULL, '0'),
('148', '2', '4', '2017-07-05', '2025', 'CUSTOMER CREDIT ODC 16831975517 HBL 20170000031163 INV# 6060 LOAN GRANT BY BANK FAFB', '-4500000', '0', '0', NULL, NULL, '0'),
('149', '2', '4', '2017-07-05', '10144', 'CUSTOMER CREDIT ODC 16831975517 HBL 20170000031163 INV# 6060 LOAN GRANT BY BANK FAFB', '4500000', '0', '0', NULL, NULL, '0'),
('150', '2', '5', '2017-07-07', '2026', 'CUSTOMER CREDIT FSAFPC 05308817 HBL 20170000032387 INV# 6064 LOAN GRANT BY BANK FAPC', '-4150000', '0', '0', NULL, NULL, '0'),
('151', '2', '5', '2017-07-07', '10144', 'CUSTOMER CREDIT FSAFPC 05308817 HBL 20170000032387 INV# 6064 LOAN GRANT BY BANK FAPC', '4150000', '0', '0', NULL, NULL, '0'),
('152', '2', '6', '2017-07-07', '2025', 'CUSTOMER CREDIT ODC 16+831991717 HBL 20170000032323 INV# 6063 LOAN GRANT BY BANK FAFB', '-2250000', '0', '0', NULL, NULL, '0'),
('153', '2', '6', '2017-07-07', '10144', 'CUSTOMER CREDIT ODC 16+831991717 HBL 20170000032323 INV# 6063 LOAN GRANT BY BANK FAFB', '2250000', '0', '0', NULL, NULL, '0'),
('154', '0', '30', '2017-07-07', '10144', 'FAX PAYMENT ODC 16831962717 HBL 20170000029803 INV#6058 USD 52668.24@107.25 LESS EXP 79845 LASSIG FDBC-26027', '5568824', '0', '0', NULL, NULL, '0'),
('155', '0', '30', '2017-07-07', '5051', 'FAX PAYMENT ODC 16831962717 HBL 20170000029803 INV#6058 USD 52668.24@107.25 LESS EXP 79845 LASSIG FDBC-26027', '14130', '0', '0', NULL, NULL, '0'),
('156', '0', '30', '2017-07-07', '5050', 'FAX PAYMENT ODC 16831962717 HBL 20170000029803 INV#6058 USD 52668.24@107.25 LESS EXP 79845 LASSIG FDBC-26027', '9196', '0', '0', NULL, NULL, '0'),
('157', '0', '30', '2017-07-07', '5052', 'FAX PAYMENT ODC 16831962717 HBL 20170000029803 INV#6058 USD 52668.24@107.25 LESS EXP 79845 LASSIG FDBC-26027', '3217', '0', '0', NULL, NULL, '0'),
('158', '0', '30', '2017-07-07', '5053', 'FAX PAYMENT ODC 16831962717 HBL 20170000029803 INV#6058 USD 52668.24@107.25 LESS EXP 79845 LASSIG FDBC-26027', '56519', '0', '0', NULL, NULL, '0'),
('159', '0', '30', '2017-07-07', '412', 'FAX PAYMENT ODC 16831962717 HBL 20170000029803 INV#6058 USD 52668.24@107.25 LESS EXP 79845 LASSIG FDBC-26027', '-303015', '0', '0', NULL, NULL, '0'),
('160', '0', '30', '2017-07-07', '1013', 'FAX PAYMENT ODC 16831962717 HBL 20170000029803 INV#6058 USD 52668.24@107.25 LESS EXP 79845 LASSIG FDBC-26027', '-5348871', '0', '0', '2', '16', '0'),
('161', '0', '31', '2017-07-10', '10144', 'FAX PAYMENT ODC 16831975517 HBL 20170000031163 INV# 6060 GBP 37810.75@135 LESS EXP 71839 DG UK FDBC-26035', '5032613', '0', '0', NULL, NULL, '0'),
('162', '0', '31', '2017-07-10', '5053', 'FAX PAYMENT ODC 16831975517 HBL 20170000031163 INV# 6060 GBP 37810.75@135 DG UK FDBC-26035 ( TAXATIONS )', '51044', '0', '0', NULL, NULL, '0'),
('163', '0', '31', '2017-07-10', '5051', 'FAX PAYMENT ODC 16831975517 HBL 20170000031163 INV# 6060 GBP 37810.75@135  DG UK FDBC-26035 ( ODC )', '12423', '0', '0', NULL, NULL, '0'),
('164', '0', '31', '2017-07-10', '5050', 'FAX PAYMENT ODC 16831975517 HBL 20170000031163 INV# 6060 GBP 37810.75@135  DG UK FDBC-26035 ( BC )', '8371', '0', '0', NULL, NULL, '0'),
('165', '0', '31', '2017-07-10', '412', 'FAX PAYMENT ODC 16831975517 HBL 20170000031163 INV# 6060 GBP 37810.75@135  DG UK FDBC-26035 ( 135-130=5*17810.75 )', '-189054', '0', '0', NULL, NULL, '0'),
('166', '0', '31', '2017-07-10', '1013', 'FAX PAYMENT ODC 16831975517 HBL 20170000031163 INV# 6060 GBP 37810.75@1350  DG UK FDBC-26035', '-4915397', '0', '0', '2', '10', '0'),
('167', '2', '7', '2017-07-11', '2024', 'CUSTOMER CREDIT FSAFPC 205312917 LOAN GRANT BY BANK PRE-SHIPMENT LOAN', '-15000000', '0', '0', NULL, NULL, '0'),
('168', '2', '7', '2017-07-11', '10144', 'CUSTOMER CREDIT FSAFPC 205312917 LOAN GRANT BY BANK PRE-SHIPMENT LOAN', '15000000', '0', '0', NULL, NULL, '0'),
('169', '2', '8', '2017-07-12', '2025', 'CUSTOMER CREDIT ODC 16832037017 HBL 20170000032387 INV# 6064 LOAN GRANT BY BANK FAFB', '-4150000', '0', '0', NULL, NULL, '0'),
('170', '2', '8', '2017-07-12', '10144', 'CUSTOMER CREDIT ODC 16832037017 HBL 20170000032387 INV# 6064 LOAN GRANT BY BANK FAFB', '4150000', '0', '0', NULL, NULL, '0'),
('171', '2', '9', '2017-07-12', '2025', 'CUSTOMER DEBIT ODC 16832018517 HBL 20170000032388 INV# 6065 LOAN GRANT BY BANK FAFB', '-5600000', '0', '0', NULL, NULL, '0'),
('172', '2', '9', '2017-07-12', '10144', 'CUSTOMER DEBIT ODC 16832018517 HBL 20170000032388 INV# 6065 LOAN GRANT BY BANK FAFB', '5600000', '0', '0', NULL, NULL, '0'),
('173', '2', '10', '2017-07-12', '2025', 'CUSTOMER DEBIT ODC 16832018817 HBL 20170000031632 INV# 6061LOAN GRANT BY BANK FAFB', '-3150000', '0', '0', NULL, NULL, '0'),
('174', '2', '10', '2017-07-12', '10144', 'CUSTOMER DEBIT ODC 16832018817 HBL 20170000031632 INV# 6061LOAN GRANT BY BANK FAFB', '3150000', '0', '0', NULL, NULL, '0'),
('175', '2', '11', '2017-07-13', '2026', 'CUSTOMER CREDIT FSAFPC 05319917 HBL 20170000033698 INV# 6066 LOAN GRANT BY BANK FAPC', '-4200000', '0', '0', NULL, NULL, '0'),
('176', '2', '11', '2017-07-13', '10144', 'CUSTOMER CREDIT FSAFPC 05319917 HBL 20170000033698 INV# 6066 LOAN GRANT BY BANK FAPC', '4200000', '0', '0', NULL, NULL, '0'),
('177', '0', '32', '2017-07-13', '10144', 'FAX PAYMENT ODC 16831641817 HBL 20170000024748 INV# 6046 USD 39526.54@107.25 LESS EXP 49365 MARBA  FDBC-25842', '4189856', '0', '0', NULL, NULL, '0'),
('178', '0', '32', '2017-07-13', '5053', 'FAX PAYMENT ODC 16831641817 HBL 20170000024748 INV# 6046 USD 39526.54@107.25  MARBA  FDBC-25842 ( TAXATIONS )', '42392', '0', '0', NULL, NULL, '0'),
('179', '0', '32', '2017-07-13', '5050', 'FAX PAYMENT ODC 16831641817 HBL 20170000024748 INV# 6046 USD 39526.54@107.25  MARBA  FDBC-25842 ( BC )', '6973', '0', '0', NULL, NULL, '0'),
('180', '0', '32', '2017-07-13', '412', 'FAX PAYMENT ODC 16831641817 HBL 20170000024748 INV# 6046 USD 39526.54@107.25  MARBA  FDBC-25842 ( 107.25-101.50=5.75*39526.54 )', '-227278', '0', '0', NULL, NULL, '0'),
('181', '0', '32', '2017-07-13', '1013', 'FAX PAYMENT ODC 16831641817 HBL 20170000024748 INV# 6046 USD 39526.54@101.50  MARBA  FDBC-25842', '-4011943', '0', '0', '2', '2', '0'),
('182', '0', '33', '2017-07-13', '10144', 'FAX PAYMENT ODC 13831943117 HBL 20170000030087 INV# 6059 USD 198.56@ 107.25 LESS EXP 19677 MARBA FDBC-26011', '1619', '0', '0', NULL, NULL, '0'),
('183', '0', '33', '2017-07-13', '5053', 'FAX PAYMENT ODC 13831943117 HBL 20170000030087 INV# 6059 USD 198.56@ 107.25  MARBA FDBC-26011 ( TAXATIONS )', '213', '0', '0', NULL, NULL, '0'),
('184', '0', '33', '2017-07-13', '5051', 'FAX PAYMENT ODC 13831943117 HBL 20170000030087 INV# 6059 USD 198.56@ 107.25  MARBA FDBC-26011 ( ODC )', '17630', '0', '0', NULL, NULL, '0'),
('185', '0', '33', '2017-07-13', '5050', 'FAX PAYMENT ODC 13831943117 HBL 20170000030087 INV# 6059 USD 198.56@ 107.25  MARBA FDBC-26011 ( BC )', '1833', '0', '0', NULL, NULL, '0'),
('186', '0', '33', '2017-07-13', '412', 'FAX PAYMENT ODC 13831943117 HBL 20170000030087 INV# 6059 USD 198.56@ 107.25  MARBA FDBC-26011 ( 107.25-101.50=5.75*198.56 )', '-1142', '0', '0', NULL, NULL, '0'),
('187', '0', '33', '2017-07-13', '1013', 'FAX PAYMENT ODC 13831943117 HBL 20170000030087 INV# 6059 USD 198.56@ 101.50  MARBA FDBC-26011', '-20153', '0', '0', '2', '2', '0'),
('188', '0', '34', '2017-07-17', '10144', 'FAX PAYMENT ODC 16832036517 HBL20170000013398 INV# 6013 USD 14935.15@ 105 LESS EXP 23248 APL UAE FDBC-26075', '1544943', '0', '0', NULL, NULL, '0'),
('189', '0', '34', '2017-07-17', '5053', 'FAX PAYMENT ODC 16832036517 HBL20170000013398 INV# 6013 USD 14935.15@ 105  APL UAE FDBC-26075 ( TAXATIONS )', '15682', '0', '0', NULL, NULL, '0'),
('190', '0', '34', '2017-07-17', '5051', 'FAX PAYMENT ODC 16832036517 HBL20170000013398 INV# 6013 USD 14935.15@ 105  APL UAE FDBC-26075 ( ODC )', '4528', '0', '0', NULL, NULL, '0'),
('191', '0', '34', '2017-07-17', '5050', 'FAX PAYMENT ODC 16832036517 HBL20170000013398 INV# 6013 USD 14935.15@ 105  APL UAE FDBC-26075 ( BC )', '3038', '0', '0', NULL, NULL, '0'),
('192', '0', '34', '2017-07-17', '412', 'FAX PAYMENT ODC 16832036517 HBL20170000013398 INV# 6013 USD 14935.15@ 105  APL UAE FDBC-26075 ( 105-101.50=3.50*14935.15 )', '-52273', '0', '0', NULL, NULL, '0'),
('193', '0', '34', '2017-07-17', '1013', 'FAX PAYMENT ODC 16832036517 HBL20170000013398 INV# 6013 USD 14935.15@ 105  APL UAE FDBC-26075 ( 105-101.50=3.50*14935.15 )', '-1515918', '0', '0', '2', '24', '0'),
('194', '0', '35', '2017-07-03', '2011', 'Chq#00003084 Paid to Combined Freight', '851124', '0', '0', '3', '6', '0'),
('195', '0', '35', '2017-07-03', '10144', 'Chq#00003084 Paid to Combined Freight', '-851124', '0', '0', NULL, NULL, '0'),
('196', '0', '36', '2017-08-09', '10144', 'test', '0', '0', '0', NULL, NULL, '0'),
('197', '0', '36', '2017-08-09', '1013', 'test', '0', '0', '0', '2', '5', '0'),
('198', '0', '37', '2017-07-03', '20111', 'CHQ#00003108 ISSUED FOR CASH IN HAND NADEEM', '69000', '0', '0', '3', '15', '0'),
('199', '0', '37', '2017-07-03', '10144', 'CHQ#00003108 ISSUED FOR CASH IN HAND NADEEM', '-69000', '0', '0', NULL, NULL, '0'),
('200', '0', '38', '2017-07-03', '20111', 'CHQ#00003128 ISSUED FOR CASH IN HAND NADEEM', '200000', '0', '0', '3', '15', '0'),
('201', '0', '38', '2017-07-03', '10144', 'CHQ#00003128 ISSUED FOR CASH IN HAND NADEEM', '-200000', '0', '0', NULL, NULL, '0'),
('202', '0', '39', '2017-07-03', '20111', 'CHQ#00003129 ISSUED FOR FEE OF YASIR SB CHILDREN', '50140', '0', '0', '3', '14', '0'),
('203', '0', '39', '2017-07-03', '10144', 'CHQ#00003129 ISSUED FOR FEE OF YASIR SB CHILDREN', '-50140', '0', '0', NULL, NULL, '0'),
('204', '0', '40', '2017-07-05', '20111', 'CHQ#00002920 ISSUED FOR QUALITY THREAD ', '50000', '0', '0', '3', '15', '0'),
('205', '0', '40', '2017-07-05', '10144', 'CHQ#00002920 ISSUED FOR QUALITY THREAD ', '-50000', '0', '0', NULL, NULL, '0'),
('206', '0', '41', '2017-07-05', '2011', 'CHQ#00003041 ISSUED FOR DHL PAKISTAN', '137831', '0', '0', '3', '7', '0'),
('207', '0', '41', '2017-07-05', '10144', 'CHQ#00003041 ISSUED FOR DHL PAKISTAN', '-137831', '0', '0', NULL, NULL, '0'),
('208', '0', '42', '2017-07-05', '20111', 'CHQ#00003092 ISSUED FOR ABU TARAB ', '20100', '0', '0', '3', '15', '0'),
('209', '0', '42', '2017-07-05', '10144', 'CHQ#00003092 ISSUED FOR ABU TARAB ', '-20100', '0', '0', NULL, NULL, '0'),
('210', '0', '43', '2017-07-05', '20111', 'CHQ#00003111 ISSUED FOR AHMED ENTERPRISES', '687950', '0', '0', '3', '15', '0'),
('211', '0', '43', '2017-07-05', '10144', 'CHQ#00003111 ISSUED FOR AHMED ENTERPRISES', '-687950', '0', '0', NULL, NULL, '0'),
('212', '0', '44', '2017-07-05', '20111', 'CHQ#00003098 ISSUED FOR MAIZ PRINTERS', '94993', '0', '0', '3', '15', '0'),
('213', '0', '44', '2017-07-05', '10144', 'CHQ#00003098 ISSUED FOR MAIZ PRINTERS', '-94993', '0', '0', NULL, NULL, '0'),
('214', '0', '45', '2017-07-05', '2011', 'CHQ#0003105 ISSUED TO MALIK AHAD BROTHERS', '239550', '0', '0', '3', '8', '0'),
('215', '0', '45', '2017-07-05', '10144', 'CHQ#0003105 ISSUED TO MALIK AHAD BROTHERS', '-239550', '0', '0', NULL, NULL, '0'),
('216', '0', '46', '2017-07-05', '20111', 'CHQ#00003125 ISSUED FOR HOUSE KARIM-TOWN', '0', '0', '0', '3', '14', '0'),
('217', '0', '46', '2017-07-05', '10144', 'CHQ#00003125 ISSUED FOR HOUSE KARIM-TOWN', '0', '0', '0', NULL, NULL, '0'),
('218', '0', '47', '2017-07-05', '20111', 'CHQ#00003126 ISSUED FOR PTCL BILL', '2390', '0', '0', '3', '14', '0'),
('219', '0', '47', '2017-07-05', '10144', 'CHQ#00003126 ISSUED FOR PTCL BILL', '-2390', '0', '0', NULL, NULL, '0'),
('220', '0', '48', '2017-07-06', '2011', 'CHQ#00002780 ISSUED TO MASTER FREIGHT SER', '13080', '0', '0', '3', '9', '0'),
('221', '0', '48', '2017-07-06', '10144', 'CHQ#00002780 ISSUED TO MASTER FREIGHT SER', '-13080', '0', '0', NULL, NULL, '0'),
('222', '0', '49', '2017-07-07', '20111', 'CHQ#00002916 ISSUED TO SN TEXTILE YRN', '266800', '0', '0', '3', '15', '0'),
('223', '0', '49', '2017-07-07', '10144', 'CHQ#00002916 ISSUED TO SN TEXTILE YRN', '-266800', '0', '0', NULL, NULL, '0'),
('224', '0', '50', '2017-07-10', '20111', 'CHQ#0003043 ISSUED TO ACMI COLLAR CON', '25000', '0', '0', '3', '15', '0'),
('225', '0', '50', '2017-07-10', '10144', 'CHQ#0003043 ISSUED TO ACMI COLLAR CON', '-25000', '0', '0', NULL, NULL, '0'),
('226', '0', '51', '2017-07-10', '20111', 'CHQ#00003087 ISSUED TO FAHEEM TRADERS STORE', '109933', '0', '0', '3', '15', '0'),
('227', '0', '51', '2017-07-10', '10144', 'CHQ#00003087 ISSUED TO FAHEEM TRADERS STORE', '-109933', '0', '0', NULL, NULL, '0'),
('228', '0', '52', '2017-07-06', '2011', 'CHQ#00003102 ISSUED TO MASTER FREIGHT SERVICES', '121741', '0', '0', '3', '9', '0'),
('229', '0', '52', '2017-07-06', '10144', 'CHQ#00003102 ISSUED TO MASTER FREIGHT SERVICES', '-121741', '0', '0', NULL, NULL, '0'),
('230', '0', '53', '2017-07-10', '20111', 'CHQ#00003122 ISSUED TO SAJJAD KHAN AGST LOAN', '50000', '0', '0', '3', '15', '0'),
('231', '0', '53', '2017-07-10', '10144', 'CHQ#00003122 ISSUED TO SAJJAD KHAN AGST LOAN', '-50000', '0', '0', NULL, NULL, '0'),
('232', '0', '54', '2017-07-06', '20111', 'CHQ#00003132 ISSUED FOR HOUSE KARIM TOWN EXP', '67008', '0', '0', '3', '14', '0'),
('233', '0', '54', '2017-07-06', '10144', 'CHQ#00003132 ISSUED FOR HOUSE KARIM TOWN EXP', '-67008', '0', '0', NULL, NULL, '0'),
('234', '0', '55', '2017-07-10', '2011', 'CHQ#00003133 ISSUED TO CEI SUPPLY CHAIN SYSTEM', '33863', '0', '0', '3', '3', '0'),
('235', '0', '55', '2017-07-10', '10144', 'CHQ#00003133 ISSUED TO CEI SUPPLY CHAIN SYSTEM', '-33863', '0', '0', NULL, NULL, '0'),
('236', '0', '56', '2017-07-07', '20111', 'CHQ#00003148 ISSUED TO MEHAK ENTERPRISES', '26058', '0', '0', '3', '15', '0'),
('237', '0', '56', '2017-07-07', '10144', 'CHQ#00003148 ISSUED TO MEHAK ENTERPRISES', '-26058', '0', '0', NULL, NULL, '0'),
('238', '0', '57', '2017-07-11', '20111', 'CHQ#00003090 ISSUED TO FINE THREAD STORE', '26869', '0', '0', '3', '15', '0'),
('239', '0', '57', '2017-07-11', '10144', 'CHQ#00003090 ISSUED TO FINE THREAD STORE', '-26869', '0', '0', NULL, NULL, '0'),
('240', '0', '58', '2017-07-11', '20111', 'CHQ#00003110 ISSUED TO AHMED ENTERPRISES STORE', '245817', '0', '0', '3', '15', '0'),
('241', '0', '58', '2017-07-11', '10144', 'CHQ#00003110 ISSUED TO AHMED ENTERPRISES STORE', '-245817', '0', '0', NULL, NULL, '0'),
('242', '0', '59', '2017-07-11', '2011', 'CHQ#0003103 ISSUED TO RIAZ AGENCEIS', '100000', '0', '0', '3', '12', '0'),
('243', '0', '59', '2017-07-11', '10144', 'CHQ#0003103 ISSUED TO RIAZ AGENCEIS', '-100000', '0', '0', NULL, NULL, '0'),
('244', '0', '60', '2017-07-12', '20111', 'CHQ#00003123 ISSUED TO TOTAL QUALITY SYSTEM ', '20000', '0', '0', '3', '15', '0'),
('245', '0', '60', '2017-07-12', '10144', 'CHQ#00003123 ISSUED TO TOTAL QUALITY SYSTEM ', '-20000', '0', '0', NULL, NULL, '0'),
('246', '0', '61', '2017-07-12', '20111', 'CHQ#00003165 ISSUED TO SAJJAD KHAN FOR PURCHASE', '50000', '0', '0', '3', '15', '0'),
('247', '0', '61', '2017-07-12', '10144', 'CHQ#00003165 ISSUED TO SAJJAD KHAN FOR PURCHASE', '-50000', '0', '0', NULL, NULL, '0'),
('248', '0', '62', '2017-07-13', '20111', 'CHQ#00003037 ISSUED FOR EOBI ', '38018', '0', '0', '3', '15', '0'),
('249', '0', '62', '2017-07-13', '10144', 'CHQ#00003037 ISSUED FOR EOBI ', '-38018', '0', '0', NULL, NULL, '0'),
('250', '0', '63', '2017-07-13', '20111', 'CHQ#00003163 ISSUED TO ABS PRODUCTD STORE', '23174', '0', '0', '3', '15', '0'),
('251', '0', '63', '2017-07-13', '10144', 'CHQ#00003163 ISSUED TO ABS PRODUCTD STORE', '-23174', '0', '0', NULL, NULL, '0'),
('252', '0', '64', '2017-07-13', '20111', 'CHQ#00003173 ISSUED FOR CASH IN HAND NADEEM', '31600', '0', '0', '3', '15', '0'),
('253', '0', '64', '2017-07-13', '10144', 'CHQ#00003173 ISSUED FOR CASH IN HAND NADEEM', '-31600', '0', '0', NULL, NULL, '0'),
('254', '0', '65', '2017-07-13', '20111', 'CHQ#00003175 ISSUED TO AM TEXTILE PROCESSING', '75576', '0', '0', '3', '15', '0'),
('255', '0', '65', '2017-07-13', '10144', 'CHQ#00003175 ISSUED TO AM TEXTILE PROCESSING', '-75576', '0', '0', NULL, NULL, '0'),
('256', '0', '66', '2017-07-13', '20111', 'CHQ#00003178 ISSUED TO SAJJAD KHAN FOR PURCHASE', '50000', '0', '0', '3', '15', '0'),
('257', '0', '66', '2017-07-13', '10144', 'CHQ#00003178 ISSUED TO SAJJAD KHAN FOR PURCHASE', '-50000', '0', '0', NULL, NULL, '0'),
('258', '0', '67', '2017-07-13', '20111', 'CHQ#00003179 ISSUED TO SAJJAD FOR STORE PURCHASE', '50000', '0', '0', '3', '15', '0'),
('259', '0', '67', '2017-07-13', '10144', 'CHQ#00003179 ISSUED TO SAJJAD FOR STORE PURCHASE', '-50000', '0', '0', NULL, NULL, '0'),
('260', '0', '68', '2017-07-14', '20111', 'CHQ#00003118 ISSUED TO AL-REHMAT TRADERS PROCESSING', '33200', '0', '0', '3', '15', '0'),
('261', '0', '68', '2017-07-14', '10144', 'CHQ#00003118 ISSUED TO AL-REHMAT TRADERS PROCESSING', '-33200', '0', '0', NULL, NULL, '0'),
('262', '0', '69', '2017-07-14', '20111', 'CHQ#00003169 ISSUED TO PAK PUBLIC SECURITY', '52500', '0', '0', '3', '15', '0'),
('263', '0', '69', '2017-07-14', '10144', 'CHQ#00003169 ISSUED TO PAK PUBLIC SECURITY', '-52500', '0', '0', NULL, NULL, '0'),
('264', '0', '70', '2017-07-14', '20111', 'CHQ#0003170 ISSUED TO SHAHZAD CONE DYEING PROCESSING', '149550', '0', '0', '3', '15', '0'),
('265', '0', '70', '2017-07-14', '10144', 'CHQ#0003170 ISSUED TO SHAHZAD CONE DYEING PROCESSING', '-149550', '0', '0', NULL, NULL, '0'),
('266', '0', '71', '2017-07-18', '20111', 'CHQ#00003119 ISSUED TO AL-REHMAT PROCESSING', '112256', '0', '0', '3', '15', '0'),
('267', '0', '71', '2017-07-18', '10144', 'CHQ#00003119 ISSUED TO AL-REHMAT PROCESSING', '-112256', '0', '0', NULL, NULL, '0'),
('268', '0', '72', '2017-07-18', '20111', 'CHQ#0003134 ISSUED TO ALI MACHINERY WORKS', '400000', '0', '0', '3', '15', '0'),
('269', '0', '72', '2017-07-18', '10144', 'CHQ#0003134 ISSUED TO ALI MACHINERY WORKS', '-400000', '0', '0', NULL, NULL, '0'),
('270', '0', '73', '2017-07-18', '20111', 'CHQ#00003136 ISSUED TO AL-REHMAT TRADER PROCESSING', '170650', '0', '0', '3', '15', '0'),
('271', '0', '73', '2017-07-18', '10144', 'CHQ#00003136 ISSUED TO AL-REHMAT TRADER PROCESSING', '-170650', '0', '0', NULL, NULL, '0'),
('272', '0', '74', '2017-07-18', '20111', 'CHQ#0003137 ISSUED TO AL-REHMAT TRADERS PROCESSING', '111767', '0', '0', '3', '15', '0'),
('273', '0', '74', '2017-07-18', '10144', 'CHQ#0003137 ISSUED TO AL-REHMAT TRADERS PROCESSING', '-111767', '0', '0', NULL, NULL, '0'),
('274', '0', '75', '2017-07-17', '20111', 'CHQ#00003138 ISSUED TO AL-REHMAT TRADER PROCESSING', '75584', '0', '0', '3', '15', '0'),
('275', '0', '75', '2017-07-17', '10144', 'CHQ#00003138 ISSUED TO AL-REHMAT TRADER PROCESSING', '-75584', '0', '0', NULL, NULL, '0'),
('276', '0', '76', '2017-07-17', '20111', 'CHQ#00003146 ISSUED TO RAFIQ FABRICS PROCESSING ', '247500', '0', '0', '3', '15', '0'),
('277', '0', '76', '2017-07-17', '10144', 'CHQ#00003146 ISSUED TO RAFIQ FABRICS PROCESSING ', '-247500', '0', '0', NULL, NULL, '0'),
('278', '0', '77', '2017-07-17', '20111', 'CHQ#00003158 ISSUED TO YOUNIS NAWAZ CONV', '0', '0', '0', '3', '15', '0'),
('279', '0', '77', '2017-07-17', '10144', 'CHQ#00003158 ISSUED TO YOUNIS NAWAZ CONV', '0', '0', '0', NULL, NULL, '0'),
('280', '0', '78', '2017-07-18', '20111', 'CHQ#00003192 ISSUED TO SAJJAD FOR PURCHASE', '40000', '0', '0', '3', '15', '0'),
('281', '0', '78', '2017-07-18', '10144', 'CHQ#00003192 ISSUED TO SAJJAD FOR PURCHASE', '-40000', '0', '0', NULL, NULL, '0'),
('282', '0', '79', '2017-07-19', '20111', 'CHQ#00003086 ISSUED TO CODA BAR STORE', '36200', '0', '0', '3', '15', '0'),
('283', '0', '79', '2017-07-19', '10144', 'CHQ#00003086 ISSUED TO CODA BAR STORE', '-36200', '0', '0', NULL, NULL, '0'),
('284', '0', '80', '2017-07-25', '2011', 'CHQ#00003100 ISSUED TO RAAZIQ INTERNATIONAL', '488560', '0', '0', '3', '5', '0'),
('285', '0', '80', '2017-07-25', '10144', 'CHQ#00003100 ISSUED TO RAAZIQ INTERNATIONAL', '-488560', '0', '0', NULL, NULL, '0'),
('286', '0', '81', '2017-07-24', '20111', 'CHQ#00003104 ISSUED TO NEXLINX', '15000', '0', '0', '3', '15', '0'),
('287', '0', '81', '2017-07-24', '10144', 'CHQ#00003104 ISSUED TO NEXLINX', '-15000', '0', '0', NULL, NULL, '0'),
('288', '0', '82', '2017-07-31', '20111', 'CHQ#00003135 ISSUED TO AL-REHMAT TRADERS', '96372', '0', '0', '3', '15', '0'),
('289', '0', '82', '2017-07-31', '10144', 'CHQ#00003135 ISSUED TO AL-REHMAT TRADERS', '-96372', '0', '0', NULL, NULL, '0'),
('290', '0', '83', '2017-07-20', '20111', 'CHQ#00003139 ISSUED TO AL-REHMAT PROCESSING', '28731', '0', '0', '3', '15', '0'),
('291', '0', '83', '2017-07-20', '10144', 'CHQ#00003139 ISSUED TO AL-REHMAT PROCESSING', '-28731', '0', '0', NULL, NULL, '0'),
('292', '0', '84', '2017-07-20', '2011', 'CHQ#00003140 ISSUED TO AL-REHMAT PROCESSING', '34899', '0', '0', '3', '1', '0'),
('293', '0', '84', '2017-07-20', '10144', 'CHQ#00003140 ISSUED TO AL-REHMAT PROCESSING', '-34899', '0', '0', NULL, NULL, '0'),
('294', '0', '85', '2017-07-20', '20111', 'CHQ#00003141 ISSUED TO AL-REHMAT PROCESSING', '42420', '0', '0', '3', '15', '0'),
('295', '0', '85', '2017-07-20', '10144', 'CHQ#00003141 ISSUED TO AL-REHMAT PROCESSING', '-42420', '0', '0', NULL, NULL, '0'),
('296', '0', '86', '2017-07-31', '20111', 'CHQ#00003142 ISSUED TO AL-REHMAT PROCESSING', '73003', '0', '0', '3', '15', '0'),
('297', '0', '86', '2017-07-31', '10144', 'CHQ#00003142 ISSUED TO AL-REHMAT PROCESSING', '-73003', '0', '0', NULL, NULL, '0'),
('298', '0', '87', '2017-07-31', '20111', 'CHQ#00003144 ISSUED TO AL-REHMAT PROCESSING', '594000', '0', '0', '3', '15', '0'),
('299', '0', '87', '2017-07-31', '10144', 'CHQ#00003144 ISSUED TO AL-REHMAT PROCESSING', '-594000', '0', '0', NULL, NULL, '0'),
('300', '0', '88', '2017-07-31', '20111', 'CHQ#00003145 ISSUED TO AL-REHMAT PROCESSING', '666279', '0', '0', '3', '15', '0'),
('301', '0', '88', '2017-07-31', '10144', 'CHQ#00003145 ISSUED TO AL-REHMAT PROCESSING', '-666279', '0', '0', NULL, NULL, '0'),
('302', '0', '89', '2017-07-24', '20111', 'CHQ#00003147 ISSUED TO RAFIQ PROCESSING ', '304557', '0', '0', '3', '15', '0'),
('303', '0', '89', '2017-07-24', '10144', 'CHQ#00003147 ISSUED TO RAFIQ PROCESSING ', '-304557', '0', '0', NULL, NULL, '0'),
('304', '0', '90', '2017-07-24', '20111', 'CHQ#00003153 ISSUED TO SAMIRA FABRIC CONV', '291273', '0', '0', '3', '15', '0'),
('305', '0', '90', '2017-07-24', '10144', 'CHQ#00003153 ISSUED TO SAMIRA FABRIC CONV', '-291273', '0', '0', NULL, NULL, '0'),
('306', '0', '91', '2017-07-31', '20111', 'CHQ#00003154 ISSUED TO SAMIRA FABRIC CONV', '0', '0', '0', '3', '15', '0'),
('307', '0', '91', '2017-07-31', '10144', 'CHQ#00003154 ISSUED TO SAMIRA FABRIC CONV', '0', '0', '0', NULL, NULL, '0'),
('308', '0', '92', '2017-07-20', '20111', 'CHQ#00003155 ISSUED TO TANVEER HASSAN CONV', '159752', '0', '0', '3', '15', '0'),
('309', '0', '92', '2017-07-20', '10144', 'CHQ#00003155 ISSUED TO TANVEER HASSAN CONV', '-159752', '0', '0', NULL, NULL, '0'),
('310', '0', '93', '2017-07-31', '20111', 'CHQ#00003159 ISSUED TO YOUNAS NAWAZ CONV', '342329', '0', '0', '3', '15', '0'),
('311', '0', '93', '2017-07-31', '10144', 'CHQ#00003159 ISSUED TO YOUNAS NAWAZ CONV', '-342329', '0', '0', NULL, NULL, '0'),
('312', '0', '94', '2017-07-24', '20111', 'CHQ#00003171 ISSUED TO SHAHZAD CONE DYEING PROCESSING', '199400', '0', '0', '3', '15', '0'),
('313', '0', '94', '2017-07-24', '10144', 'CHQ#00003171 ISSUED TO SHAHZAD CONE DYEING PROCESSING', '-199400', '0', '0', NULL, NULL, '0'),
('314', '0', '95', '2017-07-20', '2011', 'CHQ#00003174 ISSUED TO NEW MALIK GOODS', '22100', '0', '0', '3', '11', '0'),
('315', '0', '95', '2017-07-20', '10144', 'CHQ#00003174 ISSUED TO NEW MALIK GOODS', '-22100', '0', '0', NULL, NULL, '0'),
('316', '0', '96', '2017-07-24', '20111', 'CHQ#00003176 ISSUED TO M.NAWAZ CIVIL CONTRACTOR', '200000', '0', '0', '3', '15', '0'),
('317', '0', '96', '2017-07-24', '10144', 'CHQ#00003176 ISSUED TO M.NAWAZ CIVIL CONTRACTOR', '-200000', '0', '0', NULL, NULL, '0'),
('318', '0', '97', '2017-07-31', '20111', 'CHQ#00003183 ISSUED TO ARSHAD CORPORATION D.UNIT', '198852', '0', '0', '3', '15', '0'),
('319', '0', '97', '2017-07-31', '10144', 'CHQ#00003183 ISSUED TO ARSHAD CORPORATION D.UNIT', '-198852', '0', '0', NULL, NULL, '0'),
('320', '0', '98', '2017-07-25', '20111', 'CHQ#00003185 ISSUED TO HAJI IHTESHAM CONV', '276743', '0', '0', '3', '15', '0'),
('321', '0', '98', '2017-07-25', '10144', 'CHQ#00003185 ISSUED TO HAJI IHTESHAM CONV', '-276743', '0', '0', NULL, NULL, '0'),
('322', '0', '99', '2017-07-31', '2011', 'CHQ#00003190 ISSUED TO DHL ', '0', '0', '0', '3', '7', '0'),
('323', '0', '99', '2017-07-31', '10144', 'CHQ#00003190 ISSUED TO DHL ', '0', '0', '0', NULL, NULL, '0'),
('324', '0', '100', '2017-07-21', '20111', 'CHQ#00003202 ISSUED TO SAJJAD FOR PURCHASE', '120000', '0', '0', '3', '15', '0'),
('325', '0', '100', '2017-07-21', '10144', 'CHQ#00003202 ISSUED TO SAJJAD FOR PURCHASE', '-120000', '0', '0', NULL, NULL, '0'),
('326', '0', '101', '2017-07-31', '20111', 'CHQ#00003209 ISSUED TO SOCIAL SECURITY', '96481', '0', '0', '3', '15', '0'),
('327', '0', '101', '2017-07-31', '10144', 'CHQ#00003209 ISSUED TO SOCIAL SECURITY', '-96481', '0', '0', NULL, NULL, '0'),
('328', '0', '102', '2017-07-31', '2011', 'CHQ#00003214 ISSUED TO COMBINE FREIGHT INT', '13720', '0', '0', '3', '6', '0'),
('329', '0', '102', '2017-07-31', '10144', 'CHQ#00003214 ISSUED TO COMBINE FREIGHT INT', '-13720', '0', '0', NULL, NULL, '0'),
('330', '0', '103', '2017-07-31', '20111', 'CHQ#00003219 ISSUED TO SAJJAD FOR PURCHASE', '250000', '0', '0', '3', '15', '0'),
('331', '0', '103', '2017-07-31', '10144', 'CHQ#00003219 ISSUED TO SAJJAD FOR PURCHASE', '-250000', '0', '0', NULL, NULL, '0'),
('332', '0', '104', '2017-07-19', '10144', 'FAX PAYMENT ODC 16832018817 HBL 20170000031632 INV# 6061 EUR 25000,5867.45@ 113.90,114.40 LESS EXP 50668.62 MIMCO GMBH FDBC-26058', '0', '0', '0', NULL, NULL, '0'),
('333', '0', '104', '2017-07-19', '5053', 'FAX PAYMENT ODC 16832018817 HBL 20170000031632 INV# 6061 EUR 25000,5867.45@ 113.90,114.40 LESS EXP 50668.62 MIMCO GMBH FDBC-26058', '0', '0', '0', NULL, NULL, '0'),
('334', '0', '104', '2017-07-19', '5051', 'FAX PAYMENT ODC 16832018817 HBL 20170000031632 INV# 6061 EUR 25000,5867.45@ 113.90,114.40  MIMCO GMBH FDBC-26058 ( ODC )', '0', '0', '0', NULL, NULL, '0'),
('335', '0', '104', '2017-07-19', '5050', 'FAX PAYMENT ODC 16832018817 HBL 20170000031632 INV# 6061 EUR 25000,5867.45@ 113.90,114.40  MIMCO GMBH FDBC-26058 ( BC )', '0', '0', '0', NULL, NULL, '0'),
('336', '0', '104', '2017-07-19', '5052', 'FAX PAYMENT ODC 16832018817 HBL 20170000031632 INV# 6061 EUR 25000,5867.45@ 113.90,114.40  MIMCO GMBH FDBC-26058 ( FOREIGN BC 195*113.99)', '0', '0', '0', NULL, NULL, '0'),
('337', '0', '104', '2017-07-19', '412', 'FAX PAYMENT ODC 16832018817 HBL 20170000031632 INV# 6061 EUR 25000,5867.45@ 113.90,114.40  MIMCO GMBH FDBC-26058 ( 113.99-112=1.99*31.62.45)', '0', '0', '0', NULL, NULL, '0'),
('338', '0', '104', '2017-07-19', '1013', 'FAX PAYMENT ODC 16832018817 HBL 20170000031632 INV# 6061 EUR 31.62.45@ 112  MIMCO GMBH FDBC-26058', '0', '0', '0', '2', '3', '0'),
('339', '0', '105', '2017-07-04', '2026', 'CUSTOMER DEBIT FSAFPC 05200217 HBL 20170000025625 INV# 6051 LOAN AND MARK UP ADJ BY BANK FAPC', '800000', '0', '0', NULL, NULL, '0'),
('340', '0', '105', '2017-07-04', '5036', 'CUSTOMER DEBIT FSAFPC 05200217 HBL 20170000025625 INV# 6051 LOAN AND MARK UP ADJ BY BANK FAPC', '11210', '0', '0', NULL, NULL, '0'),
('341', '0', '105', '2017-07-04', '10144', 'CUSTOMER DEBIT FSAFPC 05200217 HBL 20170000025625 INV# 6051 LOAN AND MARK UP ADJ BY BANK FAPC', '-811210', '0', '0', NULL, NULL, '0'),
('342', '0', '106', '2017-07-05', '2026', 'CUSTOMER DEBIT FSAFPC 05251317 HBL 20170000029803 INV# 6058 LOAN AND MARK UP ADJ BY BANK FAPC', '3550000', '0', '0', NULL, NULL, '0'),
('343', '0', '106', '2017-07-05', '5036', 'CUSTOMER DEBIT FSAFPC 05251317 HBL 20170000029803 INV# 6058 LOAN AND MARK UP ADJ BY BANK FAPC', '21268', '0', '0', NULL, NULL, '0'),
('344', '0', '106', '2017-07-05', '10144', 'CUSTOMER DEBIT FSAFPC 05251317 HBL 20170000029803 INV# 6058 LOAN AND MARK UP ADJ BY BANK FAPC', '-3571268', '0', '0', NULL, NULL, '0'),
('345', '0', '107', '2017-07-05', '2026', 'CUSTOMER DEBIT FSAFPC 05248417 HBL 20170000029803 INV# 6058 LOAN AND MARK UP ADJ BY BANK FAPC', '1500000', '0', '0', NULL, NULL, '0'),
('346', '0', '107', '2017-07-05', '5036', 'CUSTOMER DEBIT FSAFPC 05248417 HBL 20170000029803 INV# 6058 LOAN AND MARK UP ADJ BY BANK FAPC', '9532', '0', '0', NULL, NULL, '0'),
('347', '0', '107', '2017-07-05', '10144', 'CUSTOMER DEBIT FSAFPC 05248417 HBL 20170000029803 INV# 6058 LOAN AND MARK UP ADJ BY BANK FAPC', '-1509532', '0', '0', NULL, NULL, '0'),
('348', '0', '108', '2017-07-05', '2026', 'CUSTOMER DEBIT FSAFPC 05274017 HBL 20170000021163 INV# 6060 LOAN AND MARK UP ADJ BY BANK FAPC', '4500000', '0', '0', NULL, NULL, '0'),
('349', '0', '108', '2017-07-05', '5036', 'CUSTOMER DEBIT FSAFPC 05274017 HBL 20170000021163 INV# 6060 LOAN AND MARK UP ADJ BY BANK FAPC', '16018', '0', '0', NULL, NULL, '0'),
('350', '0', '108', '2017-07-05', '10144', 'CUSTOMER DEBIT FSAFPC 05274017 HBL 20170000021163 INV# 6060 LOAN AND MARK UP ADJ BY BANK FAPC', '-4516018', '0', '0', NULL, NULL, '0'),
('351', '0', '109', '2017-07-05', '2026', 'CUSTOMER DEBIT FSAFPC 05231617 HBL 20170000028529 INV# 6056 LOAN AND MARK UP ADJ BY BANK FAPC', '3700000', '0', '0', NULL, NULL, '0'),
('352', '0', '109', '2017-07-05', '5036', 'CUSTOMER DEBIT FSAFPC 05231617 HBL 20170000028529 INV# 6056 LOAN AND MARK UP ADJ BY BANK FAPC', '32928', '0', '0', NULL, NULL, '0'),
('353', '0', '109', '2017-07-05', '10144', 'CUSTOMER DEBIT FSAFPC 05231617 HBL 20170000028529 INV# 6056 LOAN AND MARK UP ADJ BY BANK FAPC', '-3732928', '0', '0', NULL, NULL, '0'),
('354', '0', '110', '2017-07-07', '2025', 'CUSTOMER DEBIT ODC 16831962717 HBL 20170000029803 INV# 6058 LOAN AND MARK UP ADJ BY BANK @ 9.26 FAFB', '5050000', '0', '0', NULL, NULL, '0'),
('355', '0', '110', '2017-07-07', '5036', 'CUSTOMER DEBIT ODC 16831962717 HBL 20170000029803 INV# 6058 LOAN AND MARK UP ADJ BY BANK @ 9.26 FAFB', '3844', '0', '0', NULL, NULL, '0'),
('356', '0', '110', '2017-07-07', '10144', 'CUSTOMER DEBIT ODC 16831962717 HBL 20170000029803 INV# 6058 LOAN AND MARK UP ADJ BY BANK @ 9.26 FAFB', '-5053844', '0', '0', NULL, NULL, '0'),
('357', '0', '111', '2017-07-10', '2025', 'CUSTOMER DEBIT ODC 16831975517 HBL 20170000031163 INV# 6060 LOAN AND MARK UP ADJ BY BANK FAFB@9.27', '4500000', '0', '0', NULL, NULL, '0'),
('358', '0', '111', '2017-07-10', '5036', 'CUSTOMER DEBIT ODC 16831975517 HBL 20170000031163 INV# 6060 LOAN AND MARK UP ADJ BY BANK FAFB@9.27', '5714', '0', '0', NULL, NULL, '0'),
('359', '0', '111', '2017-07-10', '10144', 'CUSTOMER DEBIT ODC 16831975517 HBL 20170000031163 INV# 6060 LOAN AND MARK UP ADJ BY BANK FAFB@9.27', '-4505714', '0', '0', NULL, NULL, '0'),
('360', '0', '112', '2017-07-11', '2024', 'CUSTOMER DEBIT FSAFPC 1683051164 LOAN AND MARK UP ADJ BY BANK PRE-SHIPMENT', '0', '0', '0', NULL, NULL, '0'),
('361', '0', '112', '2017-07-11', '2027', 'CUSTOMER DEBIT FSAFPC 1683051164 LOAN AND MARK UP ADJ BY BANK PRE-SHIPMENT', '0', '0', '0', NULL, NULL, '0'),
('362', '0', '112', '2017-07-11', '10144', 'CUSTOMER DEBIT FSAFPC 1683051164 LOAN AND MARK UP ADJ BY BANK PRE-SHIPMENT', '0', '0', '0', NULL, NULL, '0'),
('363', '0', '112', '2017-07-11', '5036', 'MARK UP RECORED PRE-SHIPMENT LOAN OF 2900000', '0', '0', '0', NULL, NULL, '0'),
('364', '0', '112', '2017-07-11', '2027', 'MARK UP RECORED PRE-SHIPMENT LOAN OF 2900000', '0', '0', '0', NULL, NULL, '0'),
('365', '0', '113', '2017-07-11', '2024', 'CUSTOMER DEBIT FSAFPC 1683049592 LOAN AND MARK UP ADJ BY BANK PRE-SHIPMENT', '0', '0', '0', NULL, NULL, '0'),
('366', '0', '113', '2017-07-11', '2027', 'CUSTOMER DEBIT FSAFPC 1683049592 LOAN AND MARK UP ADJ BY BANK PRE-SHIPMENT', '0', '0', '0', NULL, NULL, '0'),
('367', '0', '113', '2017-07-11', '10144', 'CUSTOMER DEBIT FSAFPC 1683049592 LOAN AND MARK UP ADJ BY BANK PRE-SHIPMENT', '0', '0', '0', NULL, NULL, '0'),
('368', '0', '113', '2017-07-11', '5036', 'MARK UP RECORED PRE-SHIPMENT LOAN OF 5300000', '0', '0', '0', NULL, NULL, '0'),
('369', '0', '113', '2017-07-11', '2027', 'MARK UP RECORED PRE-SHIPMENT LOAN OF 5300000', '0', '0', '0', NULL, NULL, '0'),
('370', '0', '114', '2017-07-12', '2026', 'CUSTOMER DEBIT FSAFPC 05308817 HBL 20170000032387 INV# 6064 LOAN AND MARK UP ADJ BY BANK FAPC', '4150000', '0', '0', NULL, NULL, '0'),
('371', '0', '114', '2017-07-12', '5036', 'CUSTOMER DEBIT FSAFPC 05308817 HBL 20170000032387 INV# 6064 LOAN AND MARK UP ADJ BY BANK FAPC', '5276', '0', '0', NULL, NULL, '0'),
('372', '0', '114', '2017-07-12', '10144', 'CUSTOMER DEBIT FSAFPC 05308817 HBL 20170000032387 INV# 6064 LOAN AND MARK UP ADJ BY BANK FAPC', '-4155276', '0', '0', NULL, NULL, '0'),
('373', '0', '115', '2017-07-13', '2026', 'CUSTOMER DEBIT FSAFPC 05285117 HBL 20170000031632 INV# 6061 LOAN AND MARK UP ADJ BY BANK FAPC', '3150000', '0', '0', NULL, NULL, '0'),
('374', '0', '115', '2017-07-13', '5036', 'CUSTOMER DEBIT FSAFPC 05285117 HBL 20170000031632 INV# 6061 LOAN AND MARK UP ADJ BY BANK FAPC', '15874', '0', '0', NULL, NULL, '0'),
('375', '0', '115', '2017-07-13', '10144', 'CUSTOMER DEBIT FSAFPC 05285117 HBL 20170000031632 INV# 6061 LOAN AND MARK UP ADJ BY BANK FAPC', '-3165874', '0', '0', NULL, NULL, '0'),
('376', '0', '116', '2017-07-13', '2026', 'CUSTOMER DEBIT FSAFPC 05293417 HBL 20170000032388 INV# 6065 LOAN AND MARK UP ADJ BY BANK FAPC', '5600000', '0', '0', NULL, NULL, '0'),
('377', '0', '116', '2017-07-13', '5036', 'CUSTOMER DEBIT FSAFPC 05293417 HBL 20170000032388 INV# 6065 LOAN AND MARK UP ADJ BY BANK FAPC', '17030', '0', '0', NULL, NULL, '0'),
('378', '0', '116', '2017-07-13', '10144', 'CUSTOMER DEBIT FSAFPC 05293417 HBL 20170000032388 INV# 6065 LOAN AND MARK UP ADJ BY BANK FAPC', '-5617030', '0', '0', NULL, NULL, '0'),
('379', '0', '117', '2017-07-14', '2025', 'CUSTOMER DEBIT ODC 16831991717 HBL 20170000032323 INV# 6063 LOAN AND MARK UP ADJ BY BANK FAFB@ 9.28', '2250000', '0', '0', NULL, NULL, '0'),
('380', '0', '117', '2017-07-14', '5036', 'CUSTOMER DEBIT ODC 16831991717 HBL 20170000032323 INV# 6063 LOAN AND MARK UP ADJ BY BANK FAFB@ 9.28', '4004', '0', '0', NULL, NULL, '0'),
('381', '0', '117', '2017-07-14', '10144', 'CUSTOMER DEBIT ODC 16831991717 HBL 20170000032323 INV# 6063 LOAN AND MARK UP ADJ BY BANK FAFB@ 9.28', '-2254004', '0', '0', NULL, NULL, '0'),
('382', '0', '118', '2017-07-14', '5052', 'FX RECEIPT  ODC 16831555617 HBL 20170000023246 INV# 6041 USD 2810.80@ 103.70', '291480', '0', '0', NULL, NULL, '0'),
('383', '0', '118', '2017-07-14', '10144', 'FX RECEIPT  ODC 16831555617 HBL 20170000023246 INV# 6041 USD 2810.80@ 103.70', '-291480', '0', '0', NULL, NULL, '0'),
('384', '0', '119', '2017-07-19', '2025', 'CUSTOMER DEBIT ODC 16832018817 HBL 20170000031632 INV# 6061 LOAN AND MARK UP ADJ BY BANK FAFB @9.26', '3150000', '0', '0', NULL, NULL, '0'),
('385', '0', '119', '2017-07-19', '5036', 'CUSTOMER DEBIT ODC 16832018817 HBL 20170000031632 INV# 6061 LOAN AND MARK UP ADJ BY BANK FAFB @9.26', '5594', '0', '0', NULL, NULL, '0'),
('386', '0', '119', '2017-07-19', '10144', 'CUSTOMER DEBIT ODC 16832018817 HBL 20170000031632 INV# 6061 LOAN AND MARK UP ADJ BY BANK FAFB @9.26', '-3155594', '0', '0', NULL, NULL, '0'),
('387', '0', '120', '2017-07-05', '10144', 'FAX PAYMENT ODC 16831384117 HBL 20170000019824 INV# 6033 GBP 3830@ 135.60 LESS EXP 6933 ALP UK BUT ADJ IN D G UK FDBC-25702', '512414', '0', '0', NULL, NULL, '0'),
('388', '0', '120', '2017-07-05', '5053', 'FAX PAYMENT ODC 16831384117 HBL 20170000019824 INV# 6033 GBP 3830@ 135.60  ALP UK BUT ADJ IN D G UK FDBC-25702 ( TAXATIONS )', '5193', '0', '0', NULL, NULL, '0'),
('389', '0', '120', '2017-07-05', '5050', 'FAX PAYMENT ODC 16831384117 HBL 20170000019824 INV# 6033 GBP 3830@ 135.60  ALP UK BUT ADJ IN D G UK FDBC-25702 ( TAXATIONS )', '1740', '0', '0', NULL, NULL, '0'),
('390', '0', '120', '2017-07-05', '412', 'FAX PAYMENT ODC 16831384117 HBL 20170000019824 INV# 6033 GBP 3830@ 135.60 ALP UK BUT ADJ IN D G UK FDBC-25702 ( 135.60-130=5.60*3830 )', '-21448', '0', '0', NULL, NULL, '0'),
('391', '0', '120', '2017-07-05', '1013', 'FAX PAYMENT ODC 16831384117 HBL 20170000019824 INV# 6033 GBP 3830@ 130 ALP UK BUT ADJ IN D G UK FDBC-25702', '-497899', '0', '0', '2', '7', '0'),
('392', '0', '121', '2017-07-05', '10144', 'FAX PAYMENT ODC 16831772817 HBL 20170000025656 INV# 6051 GBP 7320@ 135.60 LESS EXP 14245 APL UK BUT ADJ IN DG UK FDBC-25918', '978347', '0', '0', NULL, NULL, '0'),
('393', '0', '121', '2017-07-05', '5053', 'FAX PAYMENT ODC 16831772817 HBL 20170000025656 INV# 6051 GBP 7320@ 135.60  APL UK BUT ADJ IN DG UK FDBC-25918 ( TAXATION )', '9926', '0', '0', NULL, NULL, '0'),
('394', '0', '121', '2017-07-05', '5051', 'FAX PAYMENT ODC 16831772817 HBL 20170000025656 INV# 6051 GBP 7320@ 135.60  APL UK BUT ADJ IN DG UK FDBC-25918 ( ODC )', '2149', '0', '0', NULL, NULL, '0'),
('395', '0', '121', '2017-07-05', '5050', 'FAX PAYMENT ODC 16831772817 HBL 20170000025656 INV# 6051 GBP 7320@ 135.60  APL UK BUT ADJ IN DG UK FDBC-25918 ( BC )', '2170', '0', '0', NULL, NULL, '0'),
('396', '0', '121', '2017-07-05', '412', 'FAX PAYMENT ODC 16831772817 HBL 20170000025656 INV# 6051 GBP 7320@ 135.60  APL UK BUT ADJ IN DG UK FDBC-25918 ( 135.60-130=5.60*7320 )', '-40992', '0', '0', NULL, NULL, '0');
INSERT INTO `0_gl_trans` VALUES
('397', '0', '121', '2017-07-05', '1013', 'FAX PAYMENT ODC 16831772817 HBL 20170000025656 INV# 6051 GBP 7320@ 130  APL UK BUT ADJ IN DG UK FDBC-25918', '-951600', '0', '0', '2', '7', '0'),
('398', '0', '122', '2017-07-05', '10144', 'FAX PAYMENT ODC 16831499417 HBL 20170000021632 INV# 6039 GBP 3530@ 135.60 LESS EXP 8768 APL UK BUT ADJ IN DG UK FDBC-25764', '469900', '0', '0', NULL, NULL, '0'),
('399', '0', '122', '2017-07-05', '5053', 'FAX PAYMENT ODC 16831499417 HBL 20170000021632 INV# 6039 GBP 3530@ 135.60  APL UK BUT ADJ IN DG UK FDBC-25764 ( TAXATIONS )', '4787', '0', '0', NULL, NULL, '0'),
('400', '0', '122', '2017-07-05', '5051', 'FAX PAYMENT ODC 16831499417 HBL 20170000021632 INV# 6039 GBP 3530@ 135.60  APL UK BUT ADJ IN DG UK FDBC-25764 ( ODC )', '2148', '0', '0', NULL, NULL, '0'),
('401', '0', '122', '2017-07-05', '5052', 'FAX PAYMENT ODC 16831499417 HBL 20170000021632 INV# 6039 GBP 3530@ 135.60  APL UK BUT ADJ IN DG UK FDBC-25764 ( BC )', '1833', '0', '0', NULL, NULL, '0'),
('402', '0', '122', '2017-07-05', '412', 'FAX PAYMENT ODC 16831499417 HBL 20170000021632 INV# 6039 GBP 3530@ 135.60  APL UK BUT ADJ IN DG UK FDBC-25764 ( 135.60-130=5.60*3530 )', '-19768', '0', '0', NULL, NULL, '0'),
('403', '0', '122', '2017-07-05', '1013', 'FAX PAYMENT ODC 16831499417 HBL 20170000021632 INV# 6039 GBP 3530@ 130  APL UK BUT ADJ IN DG UK FDBC-25764', '-458900', '0', '0', '2', '7', '0'),
('404', '0', '123', '2017-07-05', '10144', 'FAX PAYMENT ODC 16831499217 HBL 20170000020304 INV# 6036 GBP 7320 @ 135.60 LESS EXP 14232 APL UK BUT ADJ IN DG UK FDBC-25765', '978359', '0', '0', NULL, NULL, '0'),
('405', '0', '123', '2017-07-05', '5053', 'FAX PAYMENT ODC 16831499217 HBL 20170000020304 INV# 6036 GBP 7320 @ 135.60  APL UK BUT ADJ IN DG UK FDBC-25765 ( TAXATIONS )', '9926', '0', '0', NULL, NULL, '0'),
('406', '0', '123', '2017-07-05', '5051', 'FAX PAYMENT ODC 16831499217 HBL 20170000020304 INV# 6036 GBP 7320 @ 135.60  APL UK BUT ADJ IN DG UK FDBC-25765 ( ODC )', '2137', '0', '0', NULL, NULL, '0'),
('407', '0', '123', '2017-07-05', '5050', 'FAX PAYMENT ODC 16831499217 HBL 20170000020304 INV# 6036 GBP 7320 @ 135.60  APL UK BUT ADJ IN DG UK FDBC-25765 ( BC )', '2170', '0', '0', NULL, NULL, '0'),
('408', '0', '123', '2017-07-05', '412', 'FAX PAYMENT ODC 16831499217 HBL 20170000020304 INV# 6036 GBP 7320 @ 135.60  APL UK BUT ADJ IN DG UK FDBC-25765 ( 135.60-130=5.60*7320 )', '-40992', '0', '0', NULL, NULL, '0'),
('409', '0', '123', '2017-07-05', '1013', 'FAX PAYMENT ODC 16831499217 HBL 20170000020304 INV# 6036 GBP 7320 @ 130  APL UK BUT ADJ IN DG UK FDBC-25765', '-951600', '0', '0', '2', '7', '0'),
('410', '0', '124', '2017-07-11', '2024', 'CUSTOMER DEBIT FSAFPC 1683049191 LOAN AND MARK UP ADJ BY BANK PRE-SHIPMENT', '0', '0', '0', NULL, NULL, '0'),
('411', '0', '124', '2017-07-11', '2027', 'CUSTOMER DEBIT FSAFPC 1683049191 LOAN AND MARK UP ADJ BY BANK PRE-SHIPMENT', '0', '0', '0', NULL, NULL, '0'),
('412', '0', '124', '2017-07-11', '10144', 'CUSTOMER DEBIT FSAFPC 1683049191 LOAN AND MARK UP ADJ BY BANK PRE-SHIPMENT', '0', '0', '0', NULL, NULL, '0'),
('413', '0', '124', '2017-07-11', '5036', 'MARK UP RECORED PRE-SHIPMENT LOAN ON 6800000', '0', '0', '0', NULL, NULL, '0'),
('414', '0', '124', '2017-07-11', '2027', 'MARK UP RECORED PRE-SHIPMENT LOAN ON 6800000', '0', '0', '0', NULL, NULL, '0'),
('415', '0', '125', '2017-07-13', '10144', 'FAX PAYMENT ODC 16831641817 HBL20170000024748 INV# 6046 USD 754.90@104.87 LESS EXM252 VISSION SUPPORT BUT ADJ IN MARBA FDBC-25824', '76635', '0', '0', NULL, NULL, '0'),
('416', '0', '125', '2017-07-13', '5053', 'FAX PAYMENT ODC 16831641817 HBL20170000024748 INV# 6046 USD 754.90@104.87 VISSION SUPPORT BUT ADJ IN MARBA FDBC-25824 ( TAXATIONS', '792', '0', '0', NULL, NULL, '0'),
('417', '0', '125', '2017-07-13', '5050', 'FAX PAYMENT ODC 16831641817 HBL20170000024748 INV# 6046 USD 754.90@104.87 VISSION SUPPORT BUT ADJ IN MARBA FDBC-25824 ( BC', '1740', '0', '0', NULL, NULL, '0'),
('418', '0', '125', '2017-07-13', '412', 'FAX PAYMENT ODC 16831641817 HBL20170000024748 INV# 6046 USD 754.90@104.87 VISSION SUPPORT BUT ADJ IN MARBA FDBC-25824 ( 104.87-101.50=3.37*754.90', '-2544', '0', '0', NULL, NULL, '0'),
('419', '0', '125', '2017-07-13', '1013', 'FAX PAYMENT ODC 16831641817 HBL20170000024748 INV# 6046 USD 754.90@1041.50 VISSION SUPPORT BUT ADJ IN MARBA FDBC-25824', '-76623', '0', '0', '2', '23', '0'),
('420', '0', '126', '2017-07-21', '2025', 'CUSTOMER DEBIT ODC 16831974517 HBL 20170000028529 INV# 6056 LOAN AND MARK UP ADJ BY BANK FAFB  FOR 16 DAYS@ 9.27', '3700000', '0', '0', NULL, NULL, '0'),
('421', '0', '126', '2017-07-21', '5036', 'CUSTOMER DEBIT ODC 16831974517 HBL 20170000028529 INV# 6056 LOAN AND MARK UP ADJ BY BANK FAFB  FOR 16 DAYS@ 9.27', '15035', '0', '0', NULL, NULL, '0'),
('422', '0', '126', '2017-07-21', '10144', 'CUSTOMER DEBIT ODC 16831974517 HBL 20170000028529 INV# 6056 LOAN AND MARK UP ADJ BY BANK FAFB  FOR 16 DAYS@ 9.27', '-3715035', '0', '0', NULL, NULL, '0'),
('423', '0', '127', '2017-07-24', '10144', 'CUSTOMER CREDIT ODC 16832124517 HBL 20170000033899 INV# 6067 LOAN GRANT BY BANK  FAFB', '2500000', '0', '0', NULL, NULL, '0'),
('424', '0', '127', '2017-07-24', '2025', 'CUSTOMER CREDIT ODC 16832124517 HBL 20170000033899 INV# 6067 LOAN GRANT BY BANK  FAFB', '-2500000', '0', '0', NULL, NULL, '0'),
('425', '0', '128', '2017-07-25', '2026', 'CUSTOMER DEBIT FSAFPC 05319917 HBL 20170000033698 INV# 6066 LOAN AND MARK UP ADJ BY BANK FAPC', '4200000', '0', '0', NULL, NULL, '0'),
('426', '0', '128', '2017-07-25', '5036', 'CUSTOMER DEBIT FSAFPC 05319917 HBL 20170000033698 INV# 6066 LOAN AND MARK UP ADJ BY BANK FAPC', '12800', '0', '0', NULL, NULL, '0'),
('427', '0', '128', '2017-07-25', '10144', 'CUSTOMER DEBIT FSAFPC 05319917 HBL 20170000033698 INV# 6066 LOAN AND MARK UP ADJ BY BANK FAPC', '-4212800', '0', '0', NULL, NULL, '0'),
('428', '0', '129', '2017-07-25', '10144', 'CUSTOMER CREDIT ODC 16832136017 HBL 20170000033698 INV# 6066 LOAN GRANT BY BANK FAFB', '4200000', '0', '0', NULL, NULL, '0'),
('429', '0', '129', '2017-07-25', '2025', 'CUSTOMER CREDIT ODC 16832136017 HBL 20170000033698 INV# 6066 LOAN GRANT BY BANK FAFB', '-4200000', '0', '0', NULL, NULL, '0'),
('430', '0', '130', '2017-07-25', '10144', 'CUSTOMER CREDIT FSAFPC 05344717 HBL 20170000035603 INV# 6069 LOAN GRANT BY BANK FAPC', '4700000', '0', '0', NULL, NULL, '0'),
('431', '0', '130', '2017-07-25', '2026', 'CUSTOMER CREDIT FSAFPC 05344717 HBL 20170000035603 INV# 6069 LOAN GRANT BY BANK FAPC', '-4700000', '0', '0', NULL, NULL, '0'),
('432', '0', '131', '2017-07-27', '2025', 'CUSTOMER DEBIT ODC 16832037017 HBL 20170000032387 INV# 6064 LOAN AND MARK UP ADJ BY BANK FOR 15 DAYS@ 9.26', '4150000', '0', '0', NULL, NULL, '0'),
('433', '0', '131', '2017-07-27', '5036', 'CUSTOMER DEBIT ODC 16832037017 HBL 20170000032387 INV# 6064 LOAN AND MARK UP ADJ BY BANK FOR 15 DAYS@ 9.26', '15793', '0', '0', NULL, NULL, '0'),
('434', '0', '131', '2017-07-27', '10144', 'CUSTOMER DEBIT ODC 16832037017 HBL 20170000032387 INV# 6064 LOAN AND MARK UP ADJ BY BANK FOR 15 DAYS@ 9.26', '-4165793', '0', '0', NULL, NULL, '0'),
('435', '0', '132', '2017-07-28', '2026', 'CUSTOMER DEBIT FSAFPC 05291117 HBL 20170000032351 INV# 6062 LOAN AND MARK UP ADJ BY BANK FAPC', '6200000', '0', '0', NULL, NULL, '0'),
('436', '0', '132', '2017-07-28', '5036', 'CUSTOMER DEBIT FSAFPC 05291117 HBL 20170000032351 INV# 6062 LOAN AND MARK UP ADJ BY BANK FAPC', '55177', '0', '0', NULL, NULL, '0'),
('437', '0', '132', '2017-07-28', '10144', 'CUSTOMER DEBIT FSAFPC 05291117 HBL 20170000032351 INV# 6062 LOAN AND MARK UP ADJ BY BANK FAPC', '-6255177', '0', '0', NULL, NULL, '0'),
('438', '0', '133', '2017-07-28', '10144', 'COSTOMER CREDIT ELC 30000613817 HBL 20170000032351 INV# 6062 LOAN GRANT BY BANK FAFB', '6200000', '0', '0', NULL, NULL, '0'),
('439', '0', '133', '2017-07-28', '2025', 'COSTOMER CREDIT ELC 30000613817 HBL 20170000032351 INV# 6062 LOAN GRANT BY BANK FAFB', '-6200000', '0', '0', NULL, NULL, '0'),
('440', '0', '134', '2017-07-31', '2025', 'CUSTOMER DEBIT ODC 16832124517 HBL 20170000033899 INV# 6067 LOAN AND MARK UP ADJ BY BANK FOR 7 DAYS@ 9.28', '2500000', '0', '0', NULL, NULL, '0'),
('441', '0', '134', '2017-07-31', '5036', 'CUSTOMER DEBIT ODC 16832124517 HBL 20170000033899 INV# 6067 LOAN AND MARK UP ADJ BY BANK FOR 7 DAYS@ 9.28', '4449', '0', '0', NULL, NULL, '0'),
('442', '0', '134', '2017-07-31', '10144', 'CUSTOMER DEBIT ODC 16832124517 HBL 20170000033899 INV# 6067 LOAN AND MARK UP ADJ BY BANK FOR 7 DAYS@ 9.28', '-2504449', '0', '0', NULL, NULL, '0'),
('443', '0', '135', '2017-07-31', '10144', 'CUSTOMER CREDIT FSAFPC 05364717 HBL 20170000035979 INV# 6070 LOAN GRANT BY BANK FAPC', '4600000', '0', '0', NULL, NULL, '0'),
('444', '0', '135', '2017-07-31', '2026', 'CUSTOMER CREDIT FSAFPC 05364717 HBL 20170000035979 INV# 6070 LOAN GRANT BY BANK FAPC', '-4600000', '0', '0', NULL, NULL, '0'),
('445', '0', '136', '2017-07-31', '10144', 'CUSTOMER CREDIT FSAFPC 05366817 HBL 20170000036695 INV# 6073 LOAN GRANT BY BANK FAPC', '8150000', '0', '0', NULL, NULL, '0'),
('446', '0', '136', '2017-07-31', '2026', 'CUSTOMER CREDIT FSAFPC 05366817 HBL 20170000036695 INV# 6073 LOAN GRANT BY BANK FAPC', '-8150000', '0', '0', NULL, NULL, '0'),
('447', '0', '137', '2017-07-04', '20111', 'CHQ#00003125 ISSUED FOR HOUSE KARIM-TOWN', '3840', '0', '0', '3', '15', '0'),
('448', '0', '137', '2017-07-04', '10144', 'CHQ#00003125 ISSUED FOR HOUSE KARIM-TOWN', '-3840', '0', '0', NULL, NULL, '0'),
('449', '17', '1', '2017-07-01', '5014', '', '0', '0', '0', NULL, NULL, '0'),
('450', '17', '1', '2017-07-01', '3012', '', '0', '0', '0', NULL, NULL, '0'),
('451', '0', '138', '2017-07-01', '1021', 'ADJ', '0', '0', '0', NULL, NULL, '0'),
('452', '0', '138', '2017-07-01', '5014', 'ADJ', '0', '0', '0', NULL, NULL, '0'),
('453', '0', '139', '2017-07-13', '2015', 'CHQ#00003127 ISSUED TO AL-RAYAH INT AGST COM', '73764', '0', '0', '3', '16', '0'),
('454', '0', '139', '2017-07-13', '10144', 'CHQ#00003127 ISSUED TO AL-RAYAH INT AGST COM', '-73764', '0', '0', NULL, NULL, '0'),
('455', '0', '140', '2017-07-13', '1046', 'CHQ#00003172 ISSUED FOR BABAR SB CHILDREN FEE M/O JUL-17', '28090', '0', '0', NULL, NULL, '0'),
('456', '0', '140', '2017-07-13', '10144', 'CHQ#00003172 ISSUED FOR BABAR SB CHILDREN FEE M/O JUL-17', '-28090', '0', '0', NULL, NULL, '0'),
('457', '0', '141', '2017-07-18', '1047', 'CHQ#00003188 ISSUED TO YASIR MAJEED SB', '300000', '0', '0', NULL, NULL, '0'),
('458', '0', '141', '2017-07-18', '10144', 'CHQ#00003188 ISSUED TO YASIR MAJEED SB', '-300000', '0', '0', NULL, NULL, '0'),
('459', '0', '141', '2017-07-18', '1047', 'CHQ#00003189 ISSUED TO YASIR MAJEED SB', '300000', '0', '0', NULL, NULL, '0'),
('460', '0', '141', '2017-07-18', '10144', 'CHQ#00003189 ISSUED TO YASIR MAJEED SB', '-300000', '0', '0', NULL, NULL, '0'),
('461', '0', '142', '2017-07-18', '5054', 'CHQ#00003191 ISSUED FOR DD FOR TDAP FOR EXHIBITION EXP 2017', '385000', '0', '0', NULL, NULL, '0'),
('462', '0', '142', '2017-07-18', '10144', 'CHQ#00003191 ISSUED FOR DD FOR TDAP FOR EXHIBITION EXP 2017', '-385000', '0', '0', NULL, NULL, '0'),
('463', '0', '143', '2017-07-19', '2015', 'CHQ#00003196 ISSUED TO DYS SOLUTION ', '10000', '0', '0', '3', '17', '0'),
('464', '0', '143', '2017-07-19', '10144', 'CHQ#00003196 ISSUED TO DYS SOLUTION ', '-10000', '0', '0', NULL, NULL, '0'),
('465', '0', '144', '2017-07-01', '1021', 'ADJ', '0', '0', '0', NULL, NULL, '0'),
('466', '0', '144', '2017-07-01', '5014', 'ADJ', '0', '0', '0', NULL, NULL, '0'),
('467', '0', '145', '2017-07-04', '5049', 'STOP PAYMENT CHG', '464', '0', '0', NULL, NULL, '0'),
('468', '0', '145', '2017-07-04', '10144', 'STOP PAYMENT CHG', '-464', '0', '0', NULL, NULL, '0'),
('469', '0', '146', '2017-07-04', '5049', 'CUSTOMER DEBIT ODC16831974517 PK HBL-2017 28529 I/B5244CTP LAHORE', '1500', '0', '0', NULL, NULL, '0'),
('470', '0', '146', '2017-07-04', '10144', 'CUSTOMER DEBIT ODC16831974517 PK HBL-2017 28529 I/B5244CTP LAHORE', '-1500', '0', '0', NULL, NULL, '0'),
('471', '0', '146', '2017-07-04', '5049', 'CUSTOMER DEBIT ODC16831975517 PK HBL-2017 31163 I/B5244CTP LAHORE', '1500', '0', '0', NULL, NULL, '0'),
('472', '0', '146', '2017-07-04', '10144', 'CUSTOMER DEBIT ODC16831975517 PK HBL-2017 31163 I/B5244CTP LAHORE', '-1500', '0', '0', NULL, NULL, '0'),
('473', '0', '147', '2017-07-04', '5049', 'STATEMENT CHARGES', '35', '0', '0', NULL, NULL, '0'),
('474', '0', '147', '2017-07-04', '10144', 'STATEMENT CHARGES', '-35', '0', '0', NULL, NULL, '0'),
('475', '0', '148', '2017-07-05', '1019', 'WHT DEDUCTION AGT CASH WITHDRAWL', '968.94', '0', '0', NULL, NULL, '0'),
('476', '0', '148', '2017-07-05', '10144', 'WHT DEDUCTION AGT CASH WITHDRAWL', '-968.94', '0', '0', NULL, NULL, '0'),
('477', '0', '149', '2017-07-05', '5049', 'CUSTOMER DEBIT TI ODC46831991717PK', '1500', '0', '0', NULL, NULL, '0'),
('478', '0', '149', '2017-07-05', '10144', 'CUSTOMER DEBIT TI ODC46831991717PK', '-1500', '0', '0', NULL, NULL, '0'),
('479', '0', '150', '2017-07-06', '5049', 'CUSTOMER DEBIT ODC16831555617PK', '500', '0', '0', NULL, NULL, '0'),
('480', '0', '150', '2017-07-06', '10144', 'CUSTOMER DEBIT ODC16831555617PK', '-500', '0', '0', NULL, NULL, '0'),
('481', '0', '150', '2017-07-06', '1046', 'CREDIT CARD PAYMENT 518496000009814 BABAR MAJEED', '33340.26', '0', '0', NULL, NULL, '0'),
('482', '0', '150', '2017-07-06', '10144', 'CREDIT CARD PAYMENT 518496000009814 BABAR MAJEED', '-33340.26', '0', '0', NULL, NULL, '0'),
('483', '0', '150', '2017-07-06', '1019', 'WHT AGT CASH WITHDRAWL 6/7/17', '201.02', '0', '0', NULL, NULL, '0'),
('484', '0', '150', '2017-07-06', '10144', 'WHT AGT CASH WITHDRAWL 6/7/17', '-201.02', '0', '0', NULL, NULL, '0'),
('485', '0', '151', '2017-07-10', '5049', 'customer debit ODC16832018817PK', '1500', '0', '0', NULL, NULL, '0'),
('486', '0', '151', '2017-07-10', '10144', 'customer debit ODC16832018817PK', '-1500', '0', '0', NULL, NULL, '0'),
('487', '0', '151', '2017-07-10', '5049', 'customer debit ODC16832018517PK', '1500', '0', '0', NULL, NULL, '0'),
('488', '0', '151', '2017-07-10', '10144', 'customer debit ODC16832018517PK', '-1500', '0', '0', NULL, NULL, '0'),
('489', '0', '151', '2017-07-10', '1019', 'wht agt cash withdrawl', '75', '0', '0', NULL, NULL, '0'),
('490', '0', '151', '2017-07-10', '10144', 'wht agt cash withdrawl', '-75', '0', '0', NULL, NULL, '0'),
('491', '0', '152', '2017-07-11', '5049', 'customer debit odc16832037017pk', '0', '0', '0', NULL, NULL, '0'),
('492', '0', '152', '2017-07-11', '10144', 'customer debit odc16832037017pk', '0', '0', '0', NULL, NULL, '0'),
('493', '0', '152', '2017-07-11', '1019', 'wht agt cash withdrawl', '0', '0', '0', NULL, NULL, '0'),
('494', '0', '152', '2017-07-11', '10144', 'wht agt cash withdrawl', '0', '0', '0', NULL, NULL, '0'),
('495', '0', '153', '2017-07-13', '5049', 'chq book issue chg', '1000', '0', '0', NULL, NULL, '0'),
('496', '0', '153', '2017-07-13', '10144', 'chq book issue chg', '-1000', '0', '0', NULL, NULL, '0'),
('497', '0', '153', '2017-07-13', '5049', 'customer debit odc1683203651pk', '1500', '0', '0', NULL, NULL, '0'),
('498', '0', '153', '2017-07-13', '10144', 'customer debit odc1683203651pk', '-1500', '0', '0', NULL, NULL, '0'),
('499', '0', '154', '2017-07-14', '5049', 'statement charges', '35', '0', '0', NULL, NULL, '0'),
('500', '0', '154', '2017-07-14', '10144', 'statement charges', '-35', '0', '0', NULL, NULL, '0'),
('501', '0', '154', '2017-07-14', '1019', 'wht agt cash withdrawl', '448.65', '0', '0', NULL, NULL, '0'),
('502', '0', '154', '2017-07-14', '10144', 'wht agt cash withdrawl', '-448.65', '0', '0', NULL, NULL, '0'),
('503', '0', '155', '2017-07-17', '1019', 'wht agt cash withdrawl', '869.94', '0', '0', NULL, NULL, '0'),
('504', '0', '155', '2017-07-17', '10144', 'wht agt cash withdrawl', '-869.94', '0', '0', NULL, NULL, '0'),
('505', '0', '156', '2017-07-18', '5049', 'comm. bankers chq 17953636', '290', '0', '0', NULL, NULL, '0'),
('506', '0', '156', '2017-07-18', '10144', 'comm. bankers chq 17953636', '-290', '0', '0', NULL, NULL, '0'),
('507', '0', '157', '2017-07-19', '1019', 'wht agt cash withdrawl', '1020', '0', '0', NULL, NULL, '0'),
('508', '0', '157', '2017-07-19', '10144', 'wht agt cash withdrawl', '-1020', '0', '0', NULL, NULL, '0'),
('509', '0', '157', '2017-07-19', '1019', 'wht agt cash withdrawl', '65.23', '0', '0', NULL, NULL, '0'),
('510', '0', '157', '2017-07-19', '10144', 'wht agt cash withdrawl', '-65.23', '0', '0', NULL, NULL, '0'),
('511', '0', '158', '2017-07-21', '5049', 'customer debit odc16832124517pk', '1500', '0', '0', NULL, NULL, '0'),
('512', '0', '158', '2017-07-21', '10144', 'customer debit odc16832124517pk', '-1500', '0', '0', NULL, NULL, '0'),
('513', '0', '159', '2017-07-24', '5049', 'bank chg odc16832136017pk', '1500', '0', '0', NULL, NULL, '0'),
('514', '0', '159', '2017-07-24', '10144', 'bank chg odc16832136017pk', '-1500', '0', '0', NULL, NULL, '0'),
('515', '0', '159', '2017-07-24', '1019', 'wht agt cash withdrawl', '1198.2', '0', '0', NULL, NULL, '0'),
('516', '0', '159', '2017-07-24', '10144', 'wht agt cash withdrawl', '-1198.2', '0', '0', NULL, NULL, '0'),
('517', '0', '160', '2017-07-25', '1019', 'wht agt cash withdrawl', '360', '0', '0', NULL, NULL, '0'),
('518', '0', '160', '2017-07-25', '10144', 'wht agt cash withdrawl', '-360', '0', '0', NULL, NULL, '0'),
('519', '0', '160', '2017-07-25', '5049', 'lc adv chg elc30000613817pk', '2570', '0', '0', NULL, NULL, '0'),
('520', '0', '160', '2017-07-25', '10144', 'lc adv chg elc30000613817pk', '-2570', '0', '0', NULL, NULL, '0'),
('521', '0', '161', '2017-07-27', '5049', 'customer debit ELC30000613817', '1500', '0', '0', NULL, NULL, '0'),
('522', '0', '161', '2017-07-27', '10144', 'customer debit ELC30000613817', '-1500', '0', '0', NULL, NULL, '0'),
('523', '0', '162', '2017-07-31', '5049', 'profit/markup', '87.24', '0', '0', NULL, NULL, '0'),
('524', '0', '162', '2017-07-31', '10144', 'profit/markup', '-87.24', '0', '0', NULL, NULL, '0'),
('525', '0', '163', '2017-07-21', '10144', 'relzd. 40132.96$ @ 107.25 odc#16831974517 inv#6056', '0', '0', '0', NULL, NULL, '0'),
('526', '0', '163', '2017-07-21', '1013', 'relzd. 40132.96$ @ 101.50 odc#16831974517 relz=40132.96$+less rel=30$=40162.96 inv#6056', '0', '0', '0', '2', '4', '0'),
('527', '0', '163', '2017-07-21', '5053', 'wht agt relzd. 40132.96$ @ 101.50 odc#16831974517 inv#6056', '0', '0', '0', NULL, NULL, '0'),
('528', '0', '163', '2017-07-21', '5051', 'eds agt relzd. 40132.96$ @ 101.50 odc#16831974517  inv#6056', '0', '0', '0', NULL, NULL, '0'),
('529', '0', '163', '2017-07-21', '5049', 'bank chg agt relzd. 40132.96$ @ 101.50 odc#16831974517  inv#6056', '0', '0', '0', NULL, NULL, '0'),
('530', '0', '163', '2017-07-21', '5052', '30$ less relzd. @ 101.50 odc#16831974517 inv#6056', '0', '0', '0', NULL, NULL, '0'),
('531', '0', '163', '2017-07-21', '412', 'e-gain agt relzd. 40162.96$ @ 5.75 odc#16831974517 inv#6056', '0', '0', '0', NULL, NULL, '0'),
('532', '0', '164', '2017-07-31', '2016', 'Chq#00003249 Issued For Employee salary tax M/O Jul-17', '30849', '0', '0', NULL, NULL, '0'),
('533', '0', '164', '2017-07-31', '2019', 'Chq#00003249 Issued For Employee salary tax M/O Jul-17', '-30849', '0', '0', NULL, NULL, '0'),
('534', '0', '165', '2017-07-27', '10144', 'relzd 45008.93$ @ 105 odc#16832037017 inv#6064', '0', '0', '0', NULL, NULL, '0'),
('535', '0', '165', '2017-07-27', '1013', 'relzd 45008.93$ @ 105 odc#16832037017 inv#6064 ', '0', '0', '0', '2', '9', '0'),
('536', '0', '165', '2017-07-27', '412', 'e gain agt relzd 45008.93$ @ 3.50 odc#16832037017 inv#6064 ', '0', '0', '0', NULL, NULL, '0'),
('537', '0', '165', '2017-07-27', '5051', 'eds agt relzd 45008.93$ @ 105 odc#16832037017 inv#6064 ', '0', '0', '0', NULL, NULL, '0'),
('538', '0', '165', '2017-07-27', '5053', 'wht agt relzd 45008.93$ @ 105 odc#16832037017 inv#6064 ', '0', '0', '0', NULL, NULL, '0'),
('539', '0', '165', '2017-07-27', '5049', 'bnk chg agt relzd 45008.93$ @ 105 odc#16832037017 inv#6064 ', '0', '0', '0', NULL, NULL, '0'),
('540', '0', '166', '2017-07-31', '10144', 'relzd. 26575.70$ @ 105 odc#168321245 inv#6067', '2750642', '0', '0', NULL, NULL, '0'),
('541', '0', '166', '2017-07-31', '5051', 'eds agt relzd. 26575.70$ @ 105 odc#168321245 inv#6067', '6876', '0', '0', NULL, NULL, '0'),
('542', '0', '166', '2017-07-31', '5053', 'wht agt relzd. 26575.70$ @ 105 odc#168321245 inv#6067', '28030', '0', '0', NULL, NULL, '0'),
('543', '0', '166', '2017-07-31', '5050', 'bank chg agt relzd. 26575.70$ @ 105 odc#168321245 inv#6067', '4900', '0', '0', NULL, NULL, '0'),
('544', '0', '166', '2017-07-31', '5052', '120$ @ 105 short relzd odc#168321245 inv#6067', '12600', '0', '0', NULL, NULL, '0'),
('545', '0', '166', '2017-07-31', '412', 'relzd. 26695.70$ @ 3.5 short relzd odc#168321245 inv#6067', '-93435', '0', '0', NULL, NULL, '0'),
('546', '0', '166', '2017-07-31', '1013', 'relzd. 26695.70$ @ 101.5 odc#168321245 inv#6067', '-2709613', '0', '0', '2', '5', '0'),
('547', '0', '167', '2017-07-31', '2015', 'Chq#00003248 Issued to Total Quality System M/O July-17', '0', '0', '0', '3', '18', '0'),
('548', '0', '167', '2017-07-31', '10144', 'Chq#00003248 Issued to Total Quality System M/O July-17', '0', '0', '0', NULL, NULL, '0'),
('549', '0', '168', '2017-07-27', '10144', 'relzd 45008.93$ @ 105 odc#16832037017 inv#6064', '4659326', '0', '0', NULL, NULL, '0'),
('550', '0', '168', '2017-07-27', '1013', 'relzd 45008.93$ @ 105 odc#16832037017 inv#6064 ', '-4568406', '0', '0', '2', '9', '0'),
('551', '0', '168', '2017-07-27', '412', 'e gain agt relzd 45008.93$ @ 3.50 odc#16832037017 inv#6064 ', '-157531', '0', '0', NULL, NULL, '0'),
('552', '0', '168', '2017-07-27', '5051', 'eds agt relzd 45008.93$ @ 105 odc#16832037017 inv#6064 ', '11552', '0', '0', NULL, NULL, '0'),
('553', '0', '168', '2017-07-27', '5053', 'wht agt relzd 45008.93$ @ 105 odc#16832037017 inv#6064 ', '47259', '0', '0', NULL, NULL, '0'),
('554', '0', '168', '2017-07-27', '5050', 'bnk chg agt relzd 45008.93$ @ 105 odc#16832037017 inv#6064 ', '7800', '0', '0', NULL, NULL, '0'),
('555', '0', '169', '2017-07-21', '10144', 'relzd. 40132.96$ @ 107.25 odc#16831974517 inv#6056', '4243247', '0', '0', NULL, NULL, '0'),
('556', '0', '169', '2017-07-21', '1013', 'relzd. 40132.96$ @ 101.50 odc#16831974517 relz=40132.96$+less rel=30$=40162.96 inv#6056', '-4076540', '0', '0', '2', '4', '0'),
('557', '0', '169', '2017-07-21', '5053', 'wht agt relzd. 40132.96$ @ 101.50 odc#16831974517 inv#6056', '43075', '0', '0', NULL, NULL, '0'),
('558', '0', '169', '2017-07-21', '5051', 'eds agt relzd. 40132.96$ @ 101.50 odc#16831974517  inv#6056', '10769', '0', '0', NULL, NULL, '0'),
('559', '0', '169', '2017-07-21', '5050', 'bank chg agt relzd. 40132.96$ @ 101.50 odc#16831974517  inv#6056', '7169', '0', '0', NULL, NULL, '0'),
('560', '0', '169', '2017-07-21', '5052', '30$ less relzd. @ 101.50 odc#16831974517 inv#6056', '3217', '0', '0', NULL, NULL, '0'),
('561', '0', '169', '2017-07-21', '412', 'e-gain agt relzd. 40162.96$ @ 5.75 odc#16831974517 inv#6056', '-230937', '0', '0', NULL, NULL, '0'),
('562', '0', '170', '2017-07-31', '2015', 'Chq#00003248 Issued to Total Quality System M/O July-17', '20000', '0', '0', '3', '18', '0'),
('563', '0', '170', '2017-07-31', '2019', 'Chq#00003248 Issued to Total Quality System M/O July-17', '-20000', '0', '0', NULL, NULL, '0'),
('564', '0', '171', '2017-07-11', '5049', 'customer debit odc16832037017pk', '1500', '0', '0', NULL, NULL, '0'),
('565', '0', '171', '2017-07-11', '10144', 'customer debit odc16832037017pk', '-1500', '0', '0', NULL, NULL, '0'),
('566', '0', '171', '2017-07-11', '1019', 'wht agt cash withdrawl', '1829.32', '0', '0', NULL, NULL, '0'),
('567', '0', '171', '2017-07-11', '10144', 'wht agt cash withdrawl', '-1829.32', '0', '0', NULL, NULL, '0'),
('568', '0', '172', '2017-07-31', '5031', 'Monthly fee agst Consultancy of Total Quality System M/O Jul-17', '20000', '0', '0', NULL, NULL, '0'),
('569', '0', '172', '2017-07-31', '2015', 'Monthly fee agst Consultancy of Total Quality System M/O Jul-17', '-20000', '0', '0', '3', '18', '0'),
('570', '0', '173', '2017-08-15', '5054', 'PAYORDER B.O JUNAID SB FOR TDAP #00003253', '50000', '0', '0', NULL, NULL, '0'),
('571', '0', '173', '2017-08-15', '2019', 'PAYORDER B.O JUNAID SB FOR TDAP #00003253', '-50000', '0', '0', NULL, NULL, '0'),
('572', '0', '174', '2017-07-31', '5024', 'Bailing Exp Paid Through Ail Production ', '16000', '0', '0', NULL, NULL, '0'),
('573', '0', '174', '2017-07-31', '20111', 'Bailing Exp Paid Through Ail Production ', '-16000', '0', '0', '3', '14', '0'),
('574', '0', '174', '2017-07-31', '5025', 'Co Exp Paid Through Ail Production ', '2500', '0', '0', NULL, NULL, '0'),
('575', '0', '174', '2017-07-31', '20111', 'Co Exp Paid Through Ail Production ', '-2500', '0', '0', '3', '14', '0'),
('576', '0', '174', '2017-07-31', '5026', 'Dyeing Exp Paid Through Ail Production ', '2520', '0', '0', NULL, NULL, '0'),
('577', '0', '174', '2017-07-31', '20111', 'Dyeing Exp Paid Through Ail Production ', '-2520', '0', '0', '3', '14', '0'),
('578', '0', '174', '2017-07-31', '5017', 'Freight Charges Paid Through Ail Production ', '166036', '0', '0', NULL, NULL, '0'),
('579', '0', '174', '2017-07-31', '20111', 'Freight Charges Paid Through Ail Production ', '-166036', '0', '0', '3', '14', '0'),
('580', '0', '174', '2017-07-31', '5027', 'Freight Charges Yarn Paid Through Ail Production ', '2000', '0', '0', NULL, NULL, '0'),
('581', '0', '174', '2017-07-31', '20111', 'Freight Charges Yarn Paid Through Ail Production ', '-2000', '0', '0', '3', '14', '0'),
('582', '0', '174', '2017-07-31', '5028', 'Gsp Exp Paid Through Ail Production ', '1450', '0', '0', NULL, NULL, '0'),
('583', '0', '174', '2017-07-31', '20111', 'Gsp Exp Paid Through Ail Production ', '-1450', '0', '0', '3', '14', '0'),
('584', '0', '174', '2017-07-31', '5029', 'Import Exp Babar Paid Through Ail Production ', '239000', '0', '0', NULL, NULL, '0'),
('585', '0', '174', '2017-07-31', '20111', 'Import Exp Babar Paid Through Ail Production ', '-239000', '0', '0', '3', '14', '0'),
('586', '0', '174', '2017-07-31', '5070', 'Loading Unloading exp Paid Through Ail Production ', '22590', '0', '0', NULL, NULL, '0'),
('587', '0', '174', '2017-07-31', '20111', 'Loading Unloading exp Paid Through Ail Production ', '-22590', '0', '0', '3', '14', '0'),
('588', '0', '174', '2017-07-31', '5071', 'Mending exp Paid Through Ail Production ', '43766', '0', '0', NULL, NULL, '0'),
('589', '0', '174', '2017-07-31', '20111', 'Mending exp Paid Through Ail Production ', '-43766', '0', '0', '3', '14', '0'),
('590', '0', '174', '2017-07-31', '5070', 'Washing exp Paid Through Ail Production ', '500', '0', '0', NULL, NULL, '0'),
('591', '0', '174', '2017-07-31', '20111', 'Washing exp Paid Through Ail Production ', '-500', '0', '0', '3', '14', '0'),
('592', '0', '175', '2017-07-31', '5073', 'Stitching Electric Repair exp paid through Ail Production', '0', '0', '0', NULL, NULL, '0'),
('593', '0', '175', '2017-07-31', '20111', 'Stitching Electric Repair exp paid through Ail Production', '0', '0', '0', '3', '14', '0'),
('594', '0', '175', '2017-07-31', '5074', 'Gas exp paid through Ail Production', '0', '0', '0', NULL, NULL, '0'),
('595', '0', '175', '2017-07-31', '20111', 'Gas exp paid through Ail Production', '0', '0', '0', '3', '14', '0'),
('596', '0', '175', '2017-07-31', '5076', 'Generator exp paid through Ail Production', '0', '0', '0', NULL, NULL, '0'),
('597', '0', '175', '2017-07-31', '20111', 'Generator exp paid through Ail Production', '0', '0', '0', '3', '14', '0'),
('598', '0', '175', '2017-07-31', '5077', 'Machinery repair &amp; Maintinance exp paid through Ail Production', '0', '0', '0', NULL, NULL, '0'),
('599', '0', '175', '2017-07-31', '20111', 'Machinery repair &amp; Maintinance exp paid through Ail Production', '0', '0', '0', '3', '14', '0'),
('600', '0', '175', '2017-07-31', '5078', 'Misc exp of Stitching paid through Ail Production', '0', '0', '0', NULL, NULL, '0'),
('601', '0', '175', '2017-07-31', '20111', 'Misc exp of Stitching paid through Ail Production', '0', '0', '0', '3', '14', '0'),
('602', '0', '175', '2017-07-31', '5079', 'Vehicle Running exp of Stitching paid through Ail Production', '0', '0', '0', NULL, NULL, '0'),
('603', '0', '175', '2017-07-31', '20111', 'Vehicle Running exp of Stitching paid through Ail Production', '0', '0', '0', '3', '14', '0'),
('604', '0', '176', '2017-07-31', '5055', 'Animal Exp Through Ail Production', '28990', '0', '0', NULL, NULL, '0'),
('605', '0', '176', '2017-07-31', '20111', 'Animal Exp Through Ail Production', '-28990', '0', '0', '3', '14', '0'),
('606', '0', '176', '2017-07-31', '5056', 'Building Repairing Through Ail Production', '76120', '0', '0', NULL, NULL, '0'),
('607', '0', '176', '2017-07-31', '20111', 'Building Repairing Through Ail Production', '-76120', '0', '0', '3', '14', '0'),
('608', '0', '176', '2017-07-31', '5057', 'Charity &amp; Donation Exp Through Ail Production', '12000', '0', '0', NULL, NULL, '0'),
('609', '0', '176', '2017-07-31', '20111', 'Charity &amp; Donation Exp Through Ail Production', '-12000', '0', '0', '3', '14', '0'),
('610', '0', '176', '2017-07-31', '5058', 'Computer Exp Through Ail Production', '1350', '0', '0', NULL, NULL, '0'),
('611', '0', '176', '2017-07-31', '20111', 'Computer Exp Through Ail Production', '-1350', '0', '0', '3', '14', '0'),
('612', '0', '176', '2017-07-31', '5059', 'Electric Repair Admin Exp Through Ail Production', '4000', '0', '0', NULL, NULL, '0'),
('613', '0', '176', '2017-07-31', '20111', 'Electric Repair Admin Exp Through Ail Production', '-4000', '0', '0', '3', '14', '0'),
('614', '0', '176', '2017-07-31', '5060', 'Entertainment Admin Exp Through Ail Production', '2245', '0', '0', NULL, NULL, '0'),
('615', '0', '176', '2017-07-31', '20111', 'Entertainment Admin Exp Through Ail Production', '-2245', '0', '0', '3', '14', '0'),
('616', '0', '176', '2017-07-31', '5031', 'Legal &amp; Professional Exp Through Ail Production', '1625', '0', '0', NULL, NULL, '0'),
('617', '0', '176', '2017-07-31', '20111', 'Legal &amp; Professional Exp Through Ail Production', '-1625', '0', '0', '3', '14', '0'),
('618', '0', '176', '2017-07-31', '5061', 'Adm Misc Exp Through Ail Production', '13425', '0', '0', NULL, NULL, '0'),
('619', '0', '176', '2017-07-31', '20111', 'Adm Misc Exp Through Ail Production', '-13425', '0', '0', '3', '14', '0'),
('620', '0', '176', '2017-07-31', '5062', 'Director Mobile Exp Through Ail Production', '17300', '0', '0', NULL, NULL, '0'),
('621', '0', '176', '2017-07-31', '20111', 'Director Mobile Exp Through Ail Production', '-17300', '0', '0', '3', '14', '0'),
('622', '0', '176', '2017-07-31', '5063', 'Employees Mobile Exp Through Ail Production', '2850', '0', '0', NULL, NULL, '0'),
('623', '0', '176', '2017-07-31', '20111', 'Employees Mobile Exp Through Ail Production', '-2850', '0', '0', '3', '14', '0'),
('624', '0', '176', '2017-07-31', '5064', 'Postage &amp; Telegram Exp Through Ail Production', '5472', '0', '0', NULL, NULL, '0'),
('625', '0', '176', '2017-07-31', '20111', 'Postage &amp; Telegram Exp Through Ail Production', '-5472', '0', '0', '3', '14', '0'),
('626', '0', '176', '2017-07-31', '10121', 'Adm Vehicle Running Exp Through Ail Production', '10718', '0', '0', NULL, NULL, '0'),
('627', '0', '176', '2017-07-31', '20111', 'Adm Vehicle Running Exp Through Ail Production', '-10718', '0', '0', '3', '14', '0'),
('628', '0', '177', '2017-07-31', '5090', 'Ptcl Bill of Houe Karim Towm M/O July-17 Ail Production', '0', '0', '0', NULL, NULL, '0'),
('629', '0', '177', '2017-07-31', '20111', 'Ptcl Bill of Houe Karim Towm M/O July-17 Ail Production', '0', '0', '0', '3', '14', '0'),
('630', '0', '177', '2017-07-31', '5091', 'House Karim Town Misc Expenses paid through Ail Production', '0', '0', '0', NULL, NULL, '0'),
('631', '0', '177', '2017-07-31', '20111', 'House Karim Town Misc Expenses paid through Ail Production', '0', '0', '0', '3', '14', '0'),
('632', '0', '177', '2017-07-31', '5092', 'House Karim Town Utilties Paid through Ail Production', '0', '0', '0', NULL, NULL, '0'),
('633', '0', '177', '2017-07-31', '20111', 'House Karim Town Utilties Paid through Ail Production', '0', '0', '0', '3', '14', '0'),
('634', '0', '178', '2017-07-31', '5066', 'Paid to Ansar Sb Internet Exp M/O July Ail Production', '0', '0', '0', NULL, NULL, '0'),
('635', '0', '178', '2017-07-31', '20111', 'Paid to Ansar Sb Internet Exp M/O July Ail Production', '0', '0', '0', '3', '14', '0'),
('636', '0', '179', '2017-07-31', '5080', 'Electric Bill M/O July-17 Khurrianwala Ail Production', '0', '0', '0', NULL, NULL, '0'),
('637', '0', '179', '2017-07-31', '20111', 'Electric Bill M/O July-17 Khurrianwala Ail Production', '0', '0', '0', '3', '14', '0'),
('638', '0', '179', '2017-07-31', '5067', 'Table Purchase From Riaz Chishti from Ail Production', '0', '0', '0', NULL, NULL, '0'),
('639', '0', '179', '2017-07-31', '20111', 'Table Purchase From Riaz Chishti from Ail Production', '0', '0', '0', '3', '14', '0'),
('662', '0', '180', '2017-07-04', '20111', 'TFR CHQ#3109  TO HBL-8403 FREEDOM', '2500000', '0', '0', '3', '15', '0'),
('663', '0', '180', '2017-07-04', '10144', 'TFR CHQ#3109  TO HBL-8403 FREEDOM', '-2500000', '0', '0', NULL, NULL, '0'),
('664', '0', '181', '2017-07-06', '20111', 'TFR THR. CHQ#3130 TO HBL-8403', '500000', '0', '0', '3', '15', '0'),
('665', '0', '181', '2017-07-06', '10144', 'TFR THR. CHQ#3130 TO HBL-8403', '-500000', '0', '0', NULL, NULL, '0'),
('666', '0', '182', '2017-07-06', '20111', 'TFR THR. CHQ#3131 TO HBL', '700000', '0', '0', '3', '15', '0'),
('667', '0', '182', '2017-07-06', '10144', 'TFR THR. CHQ#3131 TO HBL', '-700000', '0', '0', NULL, NULL, '0'),
('690', '0', '183', '2017-07-07', '20111', 'TFR THR. CHQ#3149 TO HBL', '3000000', '0', '0', '3', '15', '0'),
('691', '0', '183', '2017-07-07', '10144', 'TFR THR. CHQ#3149 TO HBL', '-3000000', '0', '0', NULL, NULL, '0'),
('692', '0', '184', '2017-07-07', '2011', 'PAYMENT THR. CHQ#3081 HBL-1420', '7275', '0', '0', '3', '19', '0'),
('693', '0', '184', '2017-07-07', '10144', 'PAYMENT THR. CHQ#3081 HBL-1420 TO FREIGHT SYSTEM', '-7275', '0', '0', NULL, NULL, '0'),
('694', '0', '185', '2017-07-10', '2011', 'payment thr. chq#2924 hbl-1420', '300000', '0', '0', '3', '5', '0'),
('695', '0', '185', '2017-07-10', '10144', 'payment thr. chq#2924 hbl-1420 to raaziq international', '-300000', '0', '0', NULL, NULL, '0'),
('696', '0', '186', '2017-07-10', '2011', 'payment thr. chq#2925 hbl-1420', '300476', '0', '0', '3', '5', '0'),
('697', '0', '186', '2017-07-10', '10144', 'payment thr. chq#2925 hbl-1420 to raaziq international', '-300476', '0', '0', NULL, NULL, '0'),
('698', '0', '187', '2017-07-10', '20111', 'payment to arshad dying thr. chq#3113 hbl-1420', '552439', '0', '0', '3', '15', '0'),
('699', '0', '187', '2017-07-10', '10144', 'payment to arshad dying thr. chq#3113 hbl-1420', '-552439', '0', '0', NULL, NULL, '0'),
('700', '0', '188', '2017-07-10', '20111', 'payment to arshad dying thr. chq#3114 hbl-1420', '716392', '0', '0', '3', '15', '0'),
('701', '0', '188', '2017-07-10', '10144', 'payment to arshad dying thr. chq#3114 hbl-1420', '-716392', '0', '0', NULL, NULL, '0'),
('702', '0', '189', '2017-07-10', '20111', 'payment to tanvir hassan thr chq#3012 hbl-1420', '164580', '0', '0', '3', '15', '0'),
('703', '0', '189', '2017-07-10', '10144', 'payment to tanvir hassan thr chq#3012 hbl-1420', '-164580', '0', '0', NULL, NULL, '0'),
('704', '0', '190', '2017-07-10', '2011', 'payment thr. chq#3101 hbl-1420', '128895', '0', '0', '3', '20', '0'),
('705', '0', '190', '2017-07-10', '10144', 'payment thr. chq#3101 hbl-1420 to port link international', '-128895', '0', '0', NULL, NULL, '0'),
('706', '0', '191', '2017-07-10', '20111', 'tfr thr. chq#3082 to hbl khu', '350000', '0', '0', '3', '15', '0'),
('707', '0', '191', '2017-07-10', '10144', 'tfr thr. chq#3082 to hbl khu', '-350000', '0', '0', NULL, NULL, '0'),
('708', '0', '192', '2017-07-11', '20111', 'payment to ahmad enterprises thr. chq#3110 hbl-1420', '0', '0', '0', '3', '15', '0'),
('709', '0', '192', '2017-07-11', '10144', 'payment to ahmad enterprises thr. chq#3110 hbl-1420', '0', '0', '0', NULL, NULL, '0'),
('710', '0', '193', '2017-07-11', '20111', 'payment to fine thread thr. chq#2926 hbl-1420', '41000', '0', '0', '3', '15', '0'),
('711', '0', '193', '2017-07-11', '10144', 'payment to fine thread thr. chq#2926 hbl-1420', '-41000', '0', '0', NULL, NULL, '0'),
('712', '0', '194', '2017-07-11', '20111', 'payment to lagend club thr. chq#3152 hbl-1420', '27395', '0', '0', '3', '15', '0'),
('713', '0', '194', '2017-07-11', '10144', 'payment to lagend club thr. chq#3152 hbl-1420', '-27395', '0', '0', NULL, NULL, '0'),
('714', '0', '195', '2017-07-11', '20111', 'payment to lagend club thr. chq#3151 hbl-1420', '582379', '0', '0', '3', '15', '0'),
('715', '0', '195', '2017-07-11', '10144', 'payment to lagend club thr. chq#3151 hbl-1420', '-582379', '0', '0', NULL, NULL, '0'),
('716', '0', '196', '2017-07-13', '2017', 'paid thr. chq#3168 directors salary tax jun-17 hbl-1420', '16416', '0', '0', NULL, NULL, '0'),
('717', '0', '196', '2017-07-13', '10144', 'paid thr. chq#3168 directors salary tax jun-17', '-16416', '0', '0', NULL, NULL, '0'),
('718', '0', '197', '2017-07-13', '20111', 'balance tfr to hbl-8403 freedom chq#3150 from hbl-1420', '2500000', '0', '0', '3', '32', '0'),
('719', '0', '197', '2017-07-13', '10144', 'balance tfr to hbl-8403 freedom chq#3150 from hbl-1420', '-2500000', '0', '0', NULL, NULL, '0'),
('720', '0', '198', '2017-07-14', '20111', 'balance tfr thr. chq#3088 hbl-1420 to hbl-khu', '400000', '0', '0', '3', '32', '0'),
('721', '0', '198', '2017-07-14', '10144', 'balance tfr thr. chq#3088 hbl-1420 to hbl-khu', '-400000', '0', '0', NULL, NULL, '0'),
('722', '0', '199', '2017-07-13', '2020', '1% TAX CHALLAN FOR M/O JUN-17 thr. chq#3124 hbl-1420', '71713', '0', '0', NULL, NULL, '0'),
('723', '0', '199', '2017-07-13', '10144', '1% TAX CHALLAN FOR M/O JUN-17 thr. chq#3124 hbl-1420', '-71713', '0', '0', NULL, NULL, '0'),
('724', '0', '200', '2017-07-17', '20111', 'payment to arshad dying thr. chq#3115 hbl-1420', '465228', '0', '0', '3', '15', '0'),
('725', '0', '200', '2017-07-17', '10144', 'payment to arshad dying thr. chq#3115 hbl-1420', '-465228', '0', '0', NULL, NULL, '0'),
('726', '0', '201', '2017-07-17', '20111', 'payment to ferozdin fabrics thr. chq#3161 hbl-1420', '74604', '0', '0', '3', '15', '0'),
('727', '0', '201', '2017-07-17', '10144', 'payment to ferozdin fabrics thr. chq#3161 hbl-1420', '-74604', '0', '0', NULL, NULL, '0'),
('728', '0', '202', '2017-07-15', '10144', 'freight refunded from hussain textile agt containor freight VSS inv#6004', '12643', '0', '0', NULL, NULL, '0'),
('729', '0', '202', '2017-07-15', '20111', 'freight refunded from hussain textile agt containor freight VSS inv#6004', '-12643', '0', '0', '3', '14', '0'),
('730', '0', '203', '2017-07-17', '2027', 'trf debit markup 30062017 hbl-1420', '224384', '0', '0', NULL, NULL, '0'),
('731', '0', '203', '2017-07-17', '10144', 'trf debit markup 30062017 hbl-1420', '-224384', '0', '0', NULL, NULL, '0'),
('732', '0', '204', '2017-07-17', '10144', 'sales tax refunded i/b 0602-islamabad-c.d.a. civ hbl-1420', '991787', '0', '0', NULL, NULL, '0'),
('733', '0', '204', '2017-07-17', '1039', 'sales tax refunded i/b 0602-islamabad-c.d.a. civ hbl-1420', '-991787', '0', '0', NULL, NULL, '0'),
('734', '0', '205', '2017-07-18', '1047', 'director salary yasir sb m/o jun-17 thr. chq#3189 hbl-1420', '0', '0', '0', NULL, NULL, '0'),
('735', '0', '205', '2017-07-18', '10144', 'director salary yasir sb m/o jun-17 thr. chq#3189 hbl-1420', '0', '0', '0', NULL, NULL, '0'),
('736', '0', '206', '2017-07-18', '20111', 'balance tfr thr chq#3164 hbl-1420 to hbl-8403', '1000000', '0', '0', '3', '15', '0'),
('737', '0', '206', '2017-07-18', '10144', 'balance tfr thr chq#3164 hbl-1420 to hbl-8403', '-1000000', '0', '0', NULL, NULL, '0'),
('738', '0', '207', '2017-07-19', '2016', 'tax paid thr chq#3200 hbl-1420 m/o jun-17', '7582', '0', '0', NULL, NULL, '0'),
('739', '0', '207', '2017-07-19', '10144', 'tax paid thr chq#3200 hbl-1420 m/o jun-17', '-7582', '0', '0', NULL, NULL, '0'),
('740', '0', '208', '2017-07-19', '2018', 'FOR INPUT&amp;OUT PUT DIFFERENCE FOR M/O JUN-17 thr chq#3199 hbl-1420', '4162', '0', '0', NULL, NULL, '0'),
('741', '0', '208', '2017-07-19', '10144', 'FOR INPUT&amp;OUT PUT DIFFERENCE FOR M/O JUN-17 thr chq#3199 hbl-1420', '-4162', '0', '0', NULL, NULL, '0'),
('742', '0', '209', '2017-07-19', '20111', 'balance tfr thr chq#3166 hbl-1420 to hbl-khu', '150000', '0', '0', '3', '15', '0'),
('743', '0', '209', '2017-07-19', '10144', 'balance tfr thr chq#3166 hbl-1420 to hbl-khu', '-150000', '0', '0', NULL, NULL, '0'),
('744', '0', '210', '2017-07-21', '20111', 'balance tfr thr chq#3180 hbl-1420 to hbl-8403 freedom', '3200000', '0', '0', '3', '15', '0'),
('745', '0', '210', '2017-07-21', '10144', 'balance tfr thr chq#3180 hbl-1420 to hbl-8403 freedom', '-3200000', '0', '0', NULL, NULL, '0'),
('746', '0', '211', '2017-07-24', '20111', 'balance tfr thr chq#3197 hbl-1420 to hbl 8403 freedom', '1100000', '0', '0', '3', '15', '0'),
('747', '0', '211', '2017-07-24', '10144', 'balance tfr thr chq#3197 hbl-1420 to hbl 8403 freedom', '-1100000', '0', '0', NULL, NULL, '0'),
('748', '0', '211', '2017-07-24', '20111', 'balance tfr thr chq#3204 hbl-1420 to hbl 8403 freedom', '1300000', '0', '0', '3', '15', '0'),
('749', '0', '211', '2017-07-24', '10144', 'balance tfr thr chq#3204 hbl-1420 to hbl 8403 freedom', '-1300000', '0', '0', NULL, NULL, '0'),
('750', '0', '212', '2017-07-25', '20111', 'balance tfr thr chq#3205 hbl-1420 to hbl-freedom', '3600000', '0', '0', '3', '15', '0'),
('751', '0', '212', '2017-07-25', '10144', 'balance tfr thr chq#3205 hbl-1420 to hbl-freedom', '-3600000', '0', '0', NULL, NULL, '0'),
('752', '0', '213', '2017-07-27', '20111', 'balance tfr thr chq#3206 hbl-1420 to hbl freedom', '500000', '0', '0', '3', '15', '0'),
('753', '0', '213', '2017-07-27', '10144', 'balance tfr thr chq#3206 hbl-1420 to hbl freedom', '-500000', '0', '0', NULL, NULL, '0'),
('754', '0', '214', '2017-07-31', '20111', 'balance tfr thr chq#3198 hbl-1420 to hbl freedom', '200000', '0', '0', '3', '15', '0'),
('755', '0', '214', '2017-07-31', '10144', 'balance tfr thr chq#3198 hbl-1420 to hbl freedom', '-200000', '0', '0', NULL, NULL, '0'),
('756', '0', '215', '2017-07-31', '20111', 'balance tfr thr chq#3220 hbl-1420 to hbl freedom', '150000', '0', '0', '3', '15', '0'),
('757', '0', '215', '2017-07-31', '10144', 'balance tfr thr chq#3220 hbl-1420 to hbl freedom', '-150000', '0', '0', NULL, NULL, '0'),
('758', '0', '216', '2017-07-28', '20111', 'balance tfr chq#3207 hbl-1420 to hbl-freedom', '100000', '0', '0', '3', '15', '0'),
('759', '0', '216', '2017-07-28', '10144', 'balance tfr chq#3207 hbl-1420 to hbl-freedom', '-100000', '0', '0', NULL, NULL, '0'),
('760', '0', '217', '2017-07-25', '1046', 'debit 2200186 HBLBancassurance App id 2200186 Policy no. UL20140000472091006 0 i/b2266-consumer', '250000', '0', '0', NULL, NULL, '0'),
('761', '0', '217', '2017-07-25', '10144', 'debit 2200186 HBLBancassurance App id 2200186 Policy no. UL20140000472091006 0 i/b2266-consumer BABAR MAJEED SB', '-250000', '0', '0', NULL, NULL, '0'),
('762', '0', '218', '2017-07-25', '1046', '	debit 2200187 HBLBancassurance App id 2200187 Policy no. UL201400004676692006 0 i/b2266-consumer', '250000', '0', '0', NULL, NULL, '0'),
('763', '0', '218', '2017-07-25', '10144', '	debit 2200187 HBLBancassurance App id 2200187 Policy no. UL201400004676692006 0 i/b2266-consumer BABAR MAJEED SB', '-250000', '0', '0', NULL, NULL, '0'),
('764', '0', '219', '2017-07-17', '20111', 'CHQ#00003158 ISSUED TO YOUNIS NAWAZ CONV', '185823', '0', '0', '3', '15', '0'),
('765', '0', '219', '2017-07-17', '10144', 'CHQ#00003158 ISSUED TO YOUNIS NAWAZ CONV', '-185823', '0', '0', NULL, NULL, '0'),
('766', '0', '220', '2017-07-24', '10144', 'FAX PAYMENT ODC1683203651 HBL-2017-13398 ADJ FROM INV#6013 APL U.A.E USD 2404.81@107.25 ALRABAYA', '253597', '0', '0', NULL, NULL, '0'),
('767', '0', '220', '2017-07-24', '5053', 'FAX PAYMENT ODC1683203651 HBL-2017-13398 ADJ FROM INV#6013 APL U.A.E USD 2404.81@107.25 ALRABAYA', '2579', '0', '0', NULL, NULL, '0'),
('768', '0', '220', '2017-07-24', '5050', 'FAX PAYMENT ODC1683203651 HBL-2017-13398 ADJ FROM INV#6013 APL U.A.E USD 2404.81@107.25 ALRABAYA', '1740', '0', '0', NULL, NULL, '0'),
('769', '0', '220', '2017-07-24', '412', 'FAX PAYMENT ODC1683203651 HBL-2017-13398 ADJ FROM INV#6013 APL U.A.E USD 2404.81@107.25 ALRABAYA 107.25-101.5=5.75@2404.81', '-13828', '0', '0', NULL, NULL, '0'),
('770', '0', '220', '2017-07-24', '1013', 'FAX PAYMENT ODC1683203651 HBL-2017-13398 ADJ FROM INV#6013 APL U.A.E USD 2404.81@107.25 ALRABAYA 107.25-101.5=5.75@2404.81', '-244088', '0', '0', '2', '29', '0'),
('771', '0', '221', '2017-07-24', '10144', 'FAX PAYMENT ODC1683199171 HBL-201732323 ALRABEYA INT ADJ FROM MARBA INV#6063 USD 29056.24@107.25', '3068957', '0', '0', NULL, NULL, '0'),
('772', '0', '221', '2017-07-24', '5053', 'FAX PAYMENT ODC1683199171 HBL-201732323 ALRABEYA INT ADJ FROM MARBA INV#6063 USD 29056.24@107.25', '31163', '0', '0', NULL, NULL, '0'),
('773', '0', '221', '2017-07-24', '5050', 'FAX PAYMENT ODC1683199171 HBL-201732323 ALRABEYA INT ADJ FROM MARBA INV#6063 USD 29056.24@107.25', '5372', '0', '0', NULL, NULL, '0'),
('774', '0', '221', '2017-07-24', '5051', 'FAX PAYMENT ODC1683199171 HBL-201732323 ALRABEYA INT ADJ FROM MARBA INV#6063 USD 29056.24@107.25', '10789', '0', '0', NULL, NULL, '0'),
('775', '0', '221', '2017-07-24', '412', 'FAX PAYMENT ODC1683199171 HBL-201732323 ALRABEYA INT ADJ FROM MARBA INV#6063 USD 29056.24@107.25-101.5=3.75@29056.24 ', '-167073', '0', '0', NULL, NULL, '0'),
('776', '0', '221', '2017-07-24', '1013', 'FAX PAYMENT ODC1683199171 HBL-201732323 ALRABEYA INT ADJ FROM MARBA INV#6063 USD 29056.24@101.5', '-2949208', '0', '0', '2', '29', '0'),
('777', '0', '222', '2017-08-01', '2011', 'CHQ#00003190 ISSUED TO DHL ', '237716', '0', '0', '3', '7', '0'),
('778', '0', '222', '2017-08-01', '10144', 'CHQ#00003190 ISSUED TO DHL ', '-237716', '0', '0', NULL, NULL, '0'),
('779', '0', '223', '2017-07-31', '20111', 'CHQ#00003154 ISSUED TO SAMIRA FABRIC CONV', '483854', '0', '0', '3', '15', '0'),
('780', '0', '223', '2017-07-31', '10144', 'CHQ#00003154 ISSUED TO SAMIRA FABRIC CONV', '-483854', '0', '0', NULL, NULL, '0'),
('781', '0', '224', '2017-07-31', '5067', 'Table Purchase From Riaz Chishti from Ail Production', '0', '0', '0', NULL, NULL, '0'),
('782', '0', '224', '2017-07-31', '20111', 'Table Purchase From Riaz Chishti from Ail Production', '0', '0', '0', '3', '14', '0'),
('783', '2', '12', '2017-08-17', '1013', '', '0', '0', '0', '2', '5', '0'),
('784', '2', '12', '2017-08-17', '10144', '', '0', '0', '0', NULL, NULL, '0'),
('785', '2', '13', '2017-08-01', '412', 'test', '0', '0', '0', NULL, NULL, '0'),
('786', '2', '13', '2017-08-01', '10144', 'test', '0', '0', '0', NULL, NULL, '0'),
('787', '2', '14', '2017-08-01', '412', 'test', '0', '0', '0', NULL, NULL, '0'),
('788', '2', '14', '2017-08-01', '412', 'test', '0', '0', '0', NULL, NULL, '0'),
('789', '2', '14', '2017-08-01', '10144', 'test', '0', '0', '0', NULL, NULL, '0'),
('790', '2', '15', '2017-08-01', '412', 'test', '0', '0', '0', NULL, NULL, '0'),
('791', '2', '15', '2017-08-01', '10144', 'test', '0', '0', '0', NULL, NULL, '0'),
('816', '0', '225', '2017-07-01', '3012', 'Opening Balance of CEI Supply Chain 01-Jul-17', '33863', '0', '0', NULL, NULL, '0'),
('817', '0', '225', '2017-07-01', '2011', 'Opening Balance of CEI Supply Chain 01-Jul-17', '-33863', '0', '0', '3', '3', '0'),
('818', '0', '226', '2017-07-01', '3012', 'Opening Balance of Combined Freight International 01-Jul-17', '4091308', '0', '0', NULL, NULL, '0'),
('819', '0', '226', '2017-07-01', '2011', 'Opening Balance of Combined Freight International 01-Jul-17', '-4091308', '0', '0', '3', '6', '0'),
('828', '0', '227', '2017-07-01', '3012', 'Opening Balance of DHL Pakistan 01-Jul-17', '554966', '0', '0', NULL, NULL, '0'),
('829', '0', '227', '2017-07-01', '2011', 'Opening Balance of DHL Pakistan 01-Jul-17', '-554966', '0', '0', '3', '7', '0'),
('830', '0', '228', '2017-07-01', '3012', 'Opening Balance of Freight System Pakistan 01-Jul-17', '7275', '0', '0', NULL, NULL, '0'),
('831', '0', '228', '2017-07-01', '2011', 'Opening Balance of Freight System Pakistan 01-Jul-17', '-7275', '0', '0', '3', '19', '0'),
('832', '0', '229', '2017-07-01', '3012', 'Opening Balance of Malik Ahad Brothers 01-Jul-17', '760400', '0', '0', NULL, NULL, '0'),
('833', '0', '229', '2017-07-01', '2011', 'Opening Balance of Malik Ahad Brothers 01-Jul-17', '-760400', '0', '0', '3', '8', '0'),
('834', '0', '230', '2017-07-01', '3012', 'Opening Balance of Master Freight Services 01-Jul-17', '162667', '0', '0', NULL, NULL, '0'),
('835', '0', '230', '2017-07-01', '2011', 'Opening Balance of Master Freight Services 01-Jul-17', '-162667', '0', '0', '3', '9', '0'),
('836', '0', '231', '2017-07-01', '3012', 'Opening Balance of Mian Cargo Services 01-Jul-17', '4800', '0', '0', NULL, NULL, '0'),
('837', '0', '231', '2017-07-01', '2011', 'Opening Balance of Mian Cargo Services 01-Jul-17', '-4800', '0', '0', '3', '10', '0'),
('838', '0', '232', '2017-07-01', '3012', 'Opening Balance of New Malik Goods 01-Jul-17', '22100', '0', '0', NULL, NULL, '0'),
('839', '0', '232', '2017-07-01', '2011', 'Opening Balance of New Malik Goods 01-Jul-17', '-22100', '0', '0', '3', '11', '0'),
('840', '0', '233', '2017-07-01', '3012', 'Opening Balance of Port Link International 01-Jul-17', '128895', '0', '0', NULL, NULL, '0'),
('841', '0', '233', '2017-07-01', '2011', 'Opening Balance of Port Link International 01-Jul-17', '-128895', '0', '0', '3', '20', '0'),
('842', '0', '234', '2017-07-01', '3012', 'Opening Balance of Raaziq International 01-Jul-17', '1263931', '0', '0', NULL, NULL, '0'),
('843', '0', '234', '2017-07-01', '2011', 'Opening Balance of Raaziq International 01-Jul-17', '-1263931', '0', '0', '3', '5', '0'),
('844', '0', '235', '2017-07-01', '3012', 'Opening Balance of Riaz Agencies 01-Jul-17', '164888', '0', '0', NULL, NULL, '0'),
('845', '0', '235', '2017-07-01', '2011', 'Opening Balance of Riaz Agencies 01-Jul-17', '-164888', '0', '0', '3', '12', '0'),
('846', '0', '236', '2017-07-01', '3012', 'Opening Balance of SDV Pakistan 01-Jul-17', '13080', '0', '0', NULL, NULL, '0'),
('847', '0', '236', '2017-07-01', '2011', 'Opening Balance of SDV Pakistan 01-Jul-17', '-13080', '0', '0', '3', '21', '0'),
('848', '0', '237', '2017-07-31', '10121', 'Bike Fdm-7570 Running Exp thr Ail Production', '1710', '0', '0', NULL, NULL, '0');
INSERT INTO `0_gl_trans` VALUES
('849', '0', '237', '2017-07-31', '20111', 'Bike Fdm-7570 Running Exp thr Ail Production', '-1710', '0', '0', '3', '14', '0'),
('850', '0', '237', '2017-07-31', '10121', 'Vehicle Running Exp M/O Jul-17 Thr Ail Production', '1450', '0', '0', NULL, NULL, '0'),
('851', '0', '237', '2017-07-31', '20111', 'Vehicle Running Exp M/O Jul-17 Thr Ail Production', '-1450', '0', '0', '3', '14', '0'),
('852', '0', '238', '2017-07-31', '5090', 'House Karim Town Ptcl bill paid through Credit card of Ansar sb Jul-17', '3840', '0', '0', NULL, NULL, '0'),
('853', '0', '238', '2017-07-31', '20111', 'House Karim Town Ptcl bill paid through Credit card of Ansar sb Jul-17', '-3840', '0', '0', '3', '14', '0'),
('854', '0', '238', '2017-07-31', '5090', 'House Karim Town UTILITIES Exp through Ail Production Jul-17', '70848', '0', '0', NULL, NULL, '0'),
('855', '0', '238', '2017-07-31', '20111', 'House Karim Town UTILITIES Exp through Ail Production Jul-17', '-70848', '0', '0', '3', '14', '0'),
('856', '0', '238', '2017-07-31', '5090', 'House Karim Town Misc Expenses Paid Through Ail Production', '62715', '0', '0', NULL, NULL, '0'),
('857', '0', '238', '2017-07-31', '20111', 'House Karim Town Misc Expenses Paid Through Ail Production', '-62715', '0', '0', '3', '14', '0'),
('858', '0', '239', '2017-07-31', '5073', 'Stitching Electric Repair exp paid through Ail Production', '0', '0', '0', NULL, NULL, '0'),
('859', '0', '239', '2017-07-31', '20111', 'Stitching Electric Repair exp paid through Ail Production', '0', '0', '0', '3', '14', '0'),
('860', '0', '239', '2017-07-31', '5074', 'Gas exp paid through Ail Production', '0', '0', '0', NULL, NULL, '0'),
('861', '0', '239', '2017-07-31', '20111', 'Gas exp paid through Ail Production', '0', '0', '0', '3', '14', '0'),
('862', '0', '239', '2017-07-31', '5076', 'Generator exp paid through Ail Production', '0', '0', '0', NULL, NULL, '0'),
('863', '0', '239', '2017-07-31', '20111', 'Generator exp paid through Ail Production', '0', '0', '0', '3', '14', '0'),
('864', '0', '239', '2017-07-31', '5077', 'Machinery repair &amp; Maintinance exp paid through Ail Production', '0', '0', '0', NULL, NULL, '0'),
('865', '0', '239', '2017-07-31', '20111', 'Machinery repair &amp; Maintinance exp paid through Ail Production', '0', '0', '0', '3', '14', '0'),
('866', '0', '239', '2017-07-31', '5078', 'Misc exp of Stitching paid through Ail Production', '0', '0', '0', NULL, NULL, '0'),
('867', '0', '239', '2017-07-31', '20111', 'Misc exp of Stitching paid through Ail Production', '0', '0', '0', '3', '14', '0'),
('868', '0', '239', '2017-07-31', '5079', 'Vehicle Running exp of Stitching paid through Ail Production', '0', '0', '0', NULL, NULL, '0'),
('869', '0', '239', '2017-07-31', '20111', 'Vehicle Running exp of Stitching paid through Ail Production', '0', '0', '0', '3', '14', '0'),
('870', '0', '240', '2017-07-31', '5065', 'Tax Charges of Directors salary M/O Jun-17 Ail Production', '16416', '0', '0', NULL, NULL, '0'),
('871', '0', '240', '2017-07-31', '20111', 'Tax Charges of Directors salary M/O Jun-17 Ail Production', '-16416', '0', '0', '3', '14', '0'),
('872', '0', '241', '2017-07-31', '5090', 'Paid to Ansar Sb Internet Exp House Karim Town M/O July Ail Production', '7850', '0', '0', NULL, NULL, '0'),
('873', '0', '241', '2017-07-31', '20111', 'Paid to Ansar Sb Internet Exp M/O July Ail Production', '-7850', '0', '0', '3', '14', '0'),
('874', '0', '242', '2017-07-19', '10144', 'FAX PAYMENT ODC 16832018817 HBL 20170000031632 INV# 6061 EUR 25000,5867.45@ 113.90,114.40 LESS EXP 50668.62 MIMCO GMBH FDBC-26058', '0', '0', '0', NULL, NULL, '0'),
('875', '0', '242', '2017-07-19', '1013', 'FAX PAYMENT ODC 16832018817 HBL 20170000031632 INV# 6061 EUR 31.62.45@ 112 MIMCO GMBH FDBC-26058', '0', '0', '0', '2', '3', '0'),
('876', '0', '242', '2017-07-19', '412', 'FAX PAYMENT ODC 16832018817 HBL 20170000031632 INV# 6061 EUR 25000,5867.45@ 113.90,114.40 MIMCO GMBH FDBC-26058 ( 113.99-112=1.99*31.62.45)', '0', '0', '0', NULL, NULL, '0'),
('877', '0', '242', '2017-07-19', '2012', 'FAX PAYMENT ODC 16832018817 HBL 20170000031632 INV# 6061 EUR 25000,5867.45@ 113.90,114.40 MIMCO GMBH FDBC-26058 ( TAXATIONS )', '0', '0', '0', NULL, NULL, '0'),
('878', '0', '242', '2017-07-19', '5051', 'FAX PAYMENT ODC 16832018817 HBL 20170000031632 INV# 6061 EUR 25000,5867.45@ 113.90,114.40 MIMCO GMBH FDBC-26058 ( ODC )', '0', '0', '0', NULL, NULL, '0'),
('879', '0', '242', '2017-07-19', '5050', 'FAX PAYMENT ODC 16832018817 HBL 20170000031632 INV# 6061 EUR 25000,5867.45@ 113.90,114.40 MIMCO GMBH FDBC-26058 ( BC )', '0', '0', '0', NULL, NULL, '0'),
('880', '0', '242', '2017-07-19', '5052', 'FAX PAYMENT ODC 16832018817 HBL 20170000031632 INV# 6061 EUR 25000,5867.45@ 113.90,114.40 MIMCO GMBH FDBC-26058 ( FOREIGN BC 195*113.99)', '0', '0', '0', NULL, NULL, '0'),
('881', '0', '243', '2017-07-01', '2015', 'ISSUE TO UBL INSURANCE AGAINST FIRST QATER 170255+30118=200373/4=50093', '0', '0', '0', '3', '18', '0'),
('882', '0', '243', '2017-07-01', '2019', 'ISSUE TO UBL INSURANCE AGAINST FIRST QATER 170255+30118=200373/4=50093', '0', '0', '0', NULL, NULL, '0'),
('883', '0', '244', '2017-07-01', '2015', 'ISSUE TO UBL INSURANCE AGAINST FIRST QATER 170255+30118=200373/4=50093', '50093', '0', '0', '3', '33', '0'),
('884', '0', '244', '2017-07-01', '2019', 'ISSUE TO UBL INSURANCE AGAINST FIRST QATER 170255+30118=200373/4=50093', '-50093', '0', '0', NULL, NULL, '0'),
('885', '0', '245', '2017-08-18', '2015', 'Issued To Riaz Travelling agst chq#3258 ', '0', '0', '0', '3', '34', '0'),
('886', '0', '245', '2017-08-18', '2019', 'Issued To Riaz Travelling agst chq#3258 ', '0', '0', '0', NULL, NULL, '0'),
('887', '0', '246', '2017-08-18', '2015', 'Chq#3258 Issued To Riaz Travelling Agst Stitching Labour Advance', '0', '0', '0', '3', '34', '0'),
('888', '0', '246', '2017-08-18', '2019', 'Chq#3258 Issued To Riaz Travelling Agst Stitching Labour Advance', '0', '0', '0', NULL, NULL, '0'),
('889', '0', '247', '2017-08-17', '10122', 'Opening Balance of Cash In Hand Nadeem From Ail Production Cash A/C 17-08-17', '0', '0', '0', NULL, NULL, '0'),
('890', '0', '247', '2017-08-17', '20111', 'Opening Balance of Cash In Hand Nadeem From Ail Production Cash A/C 17-08-17', '0', '0', '0', '3', '32', '0'),
('891', '41', '1', '2017-08-17', '5055', 'PAID TO DASTGIR FOR BUFFALO TREATMENT AND MEDICINE EXPS', '0', '0', '0', NULL, NULL, '0'),
('892', '41', '1', '2017-08-17', '5017', 'PAID TO ASGHAR ALI FOR FREIGHT CHARGES FROM ASHAR TO MEGNA 3 &amp; MADINA RAISING', '0', '0', '0', NULL, NULL, '0'),
('893', '41', '1', '2017-08-17', '5017', 'PAID THROUGH TOHEED SB FOR FRIEGHT CHRGS', '0', '0', '0', NULL, NULL, '0'),
('894', '41', '1', '2017-08-17', '5047', 'PAID TO RIZWAN FOR DIRECTOR ENTERTAINMENT EXPS', '0', '0', '0', NULL, NULL, '0'),
('895', '41', '1', '2017-08-17', '6001', 'PAID TO RIZWAN FOR PETROL EXPS OF FV 183', '0', '0', '0', NULL, NULL, '0'),
('896', '41', '1', '2017-08-17', '5062', 'PAID TO ANSAR MAJEED FOR EASILY LOAD EXPS', '0', '0', '0', NULL, NULL, '0'),
('897', '41', '1', '2017-08-17', '5077', 'PAID THROUGH MISS MARYAM FOR BOILER REPAIRING EXPS', '0', '0', '0', NULL, NULL, '0'),
('898', '41', '1', '2017-08-17', '5017', 'PAID THROUGH NADEEM CHEEMA FOR FREIGHT CHRGS EXPS FRM  NISHAT CHUNIAN TO ASHAR', '0', '0', '0', NULL, NULL, '0'),
('899', '41', '1', '2017-08-17', '10122', 'PLEASE OPEN VOUCHER FOR FURTHER DETAIL', '0', '0', '0', NULL, NULL, '0'),
('900', '0', '248', '2017-08-17', '10122', 'test', '0', '0', '0', NULL, NULL, '0'),
('901', '0', '248', '2017-08-17', '5078', 'test', '0', '0', '0', NULL, NULL, '0'),
('902', '0', '248', '2017-08-17', '10122', 'test', '0', '0', '0', NULL, NULL, '0'),
('903', '0', '248', '2017-08-17', '5017', 'test', '0', '0', '0', NULL, NULL, '0'),
('904', '0', '249', '2017-07-19', '10144', 'FAX PAYMENT ODC 16832018817 HBL 20170000031632 INV# 6061 EUR 25000,5867.45@ 113.90,114.40 LESS EXP 50668.62 MIMCO GMBH FDBC-26058', '3468068', '0', '0', NULL, NULL, '0'),
('905', '0', '249', '2017-07-19', '1013', 'FAX PAYMENT ODC 16832018817 HBL 20170000031632 INV# 6061 EUR 31.62.45@ 112 MIMCO GMBH FDBC-26058', '-3478932', '0', '0', '2', '3', '0'),
('906', '0', '249', '2017-07-19', '412', 'FAX PAYMENT ODC 16832018817 HBL 20170000031632 INV# 6061 EUR 25000,5867.45@ 113.90,114.40 MIMCO GMBH FDBC-26058 ( 113.99-112=1.99*31.62.45)', '-61814', '0', '0', NULL, NULL, '0'),
('907', '0', '249', '2017-07-19', '5053', 'FAX PAYMENT ODC 16832018817 HBL 20170000031632 INV# 6061 EUR 25000,5867.45@ 113.90,114.40 MIMCO GMBH FDBC-26058 ( TAXATIONS )', '35691', '0', '0', NULL, NULL, '0'),
('908', '0', '249', '2017-07-19', '5051', 'FAX PAYMENT ODC 16832018817 HBL 20170000031632 INV# 6061 EUR 25000,5867.45@ 113.90,114.40 MIMCO GMBH FDBC-26058 ( ODC )', '8923', '0', '0', NULL, NULL, '0'),
('909', '0', '249', '2017-07-19', '5050', 'FAX PAYMENT ODC 16832018817 HBL 20170000031632 INV# 6061 EUR 25000,5867.45@ 113.90,114.40 MIMCO GMBH FDBC-26058 ( BC )', '6055', '0', '0', NULL, NULL, '0'),
('910', '0', '249', '2017-07-19', '5052', 'FAX PAYMENT ODC 16832018817 HBL 20170000031632 INV# 6061 EUR 25000,5867.45@ 113.90,114.40 MIMCO GMBH FDBC-26058 ( FOREIGN BC 195*113.99)', '22009', '0', '0', NULL, NULL, '0'),
('911', '0', '250', '2017-07-31', '5073', 'Stitching Electric Repair exp paid through Ail Production', '0', '0', '0', NULL, NULL, '0'),
('912', '0', '250', '2017-07-31', '20111', 'Stitching Electric Repair exp paid through Ail Production', '0', '0', '0', '3', '14', '0'),
('913', '0', '250', '2017-07-31', '5074', 'Gas exp paid through Ail Production', '0', '0', '0', NULL, NULL, '0'),
('914', '0', '250', '2017-07-31', '20111', 'Gas exp paid through Ail Production', '0', '0', '0', '3', '14', '0'),
('915', '0', '250', '2017-07-31', '5076', 'Generator exp paid through Ail Production', '0', '0', '0', NULL, NULL, '0'),
('916', '0', '250', '2017-07-31', '20111', 'Generator exp paid through Ail Production', '0', '0', '0', '3', '14', '0'),
('917', '0', '250', '2017-07-31', '5077', 'Machinery repair &amp; Maintinance exp paid through Ail Production', '0', '0', '0', NULL, NULL, '0'),
('918', '0', '250', '2017-07-31', '20111', 'Machinery repair &amp; Maintinance exp paid through Ail Production', '0', '0', '0', '3', '14', '0'),
('919', '0', '250', '2017-07-31', '5079', 'Vehicle Running exp of Stitching paid through Ail Production', '0', '0', '0', NULL, NULL, '0'),
('920', '0', '250', '2017-07-31', '20111', 'Vehicle Running exp of Stitching paid through Ail Production', '0', '0', '0', '3', '14', '0'),
('921', '0', '251', '2017-07-31', '5073', 'Stitching Electric Repair exp paid through Ail Production', '350', '0', '0', NULL, NULL, '0'),
('922', '0', '251', '2017-07-31', '20111', 'Stitching Electric Repair exp paid through Ail Production', '-350', '0', '0', '3', '14', '0'),
('923', '0', '251', '2017-07-31', '5074', 'Gas exp paid through Ail Production', '26475', '0', '0', NULL, NULL, '0'),
('924', '0', '251', '2017-07-31', '20111', 'Gas exp paid through Ail Production', '-26475', '0', '0', '3', '14', '0'),
('925', '0', '251', '2017-07-31', '5079', 'Vehicle Running exp of Stitching paid through Ail Production', '5189', '0', '0', NULL, NULL, '0'),
('926', '0', '251', '2017-07-31', '20111', 'Vehicle Running exp of Stitching paid through Ail Production', '-5189', '0', '0', '3', '14', '0'),
('927', '0', '252', '2017-07-11', '2024', 'CUSTOMER DEBIT FSAFPC 1683051164 LOAN AND MARK UP ADJ BY BANK PRE-SHIPMENT', '2900000', '0', '0', NULL, NULL, '0'),
('928', '0', '252', '2017-07-11', '2027', 'CUSTOMER DEBIT FSAFPC 1683051164 LOAN AND MARK UP ADJ BY BANK PRE-SHIPMENT', '61200', '0', '0', NULL, NULL, '0'),
('929', '0', '252', '2017-07-11', '10144', 'CUSTOMER DEBIT FSAFPC 1683051164 LOAN AND MARK UP ADJ BY BANK PRE-SHIPMENT', '-2961200', '0', '0', NULL, NULL, '0'),
('930', '0', '253', '2017-07-11', '2024', 'CUSTOMER DEBIT FSAFPC 1683049592 LOAN AND MARK UP ADJ BY BANK PRE-SHIPMENT', '5300000', '0', '0', NULL, NULL, '0'),
('931', '0', '253', '2017-07-11', '2027', 'CUSTOMER DEBIT FSAFPC 1683049592 LOAN AND MARK UP ADJ BY BANK PRE-SHIPMENT', '184478', '0', '0', NULL, NULL, '0'),
('932', '0', '253', '2017-07-11', '10144', 'CUSTOMER DEBIT FSAFPC 1683049592 LOAN AND MARK UP ADJ BY BANK PRE-SHIPMENT', '-5484478', '0', '0', NULL, NULL, '0'),
('933', '0', '254', '2017-07-11', '2024', 'CUSTOMER DEBIT FSAFPC 1683049191 LOAN AND MARK UP ADJ BY BANK PRE-SHIPMENT', '6800000', '0', '0', NULL, NULL, '0'),
('934', '0', '254', '2017-07-11', '2027', 'CUSTOMER DEBIT FSAFPC 1683049191 LOAN AND MARK UP ADJ BY BANK PRE-SHIPMENT', '256841', '0', '0', NULL, NULL, '0'),
('935', '0', '254', '2017-07-11', '10144', 'CUSTOMER DEBIT FSAFPC 1683049191 LOAN AND MARK UP ADJ BY BANK PRE-SHIPMENT', '-7056841', '0', '0', NULL, NULL, '0'),
('936', '0', '255', '2017-07-01', '2027', 'Opening Balance Mark Up Payable 01-Jul-17', '0', '0', '0', NULL, NULL, '0'),
('937', '0', '255', '2017-07-01', '20111', 'Opening Balance Mark Up Payable 01-Jul-17', '0', '0', '0', '3', '14', '0'),
('938', '0', '256', '2017-07-01', '2027', 'Opening Balance Mark Up Payable 01-Jul-17', '0', '0', '0', NULL, NULL, '0'),
('939', '0', '256', '2017-07-01', '20111', 'Opening Balance Mark Up Payable 01-Jul-17', '0', '0', '0', '3', '14', '0'),
('940', '0', '257', '2017-07-01', '2027', 'Opening Balance Mark Up Payable 01-Jul-17', '-726899', '0', '0', NULL, NULL, '0'),
('941', '0', '257', '2017-07-01', '20111', 'Opening Balance Mark Up Payable 01-Jul-17', '726899', '0', '0', '3', '14', '0'),
('942', '0', '258', '2017-07-01', '1046', 'opning balance of babar sb a/c', '2388961', '0', '0', NULL, NULL, '0'),
('943', '0', '258', '2017-07-01', '3012', 'opning balance of babar sb a/c', '-2388961', '0', '0', NULL, NULL, '0'),
('944', '0', '259', '2017-07-01', '1047', 'OPNING BALANCE OF YASIR MAJEED SB A/C', '-584255', '0', '0', NULL, NULL, '0'),
('945', '0', '259', '2017-07-01', '3012', 'OPNING BALANCE OF YASIR MAJEED SB A/C', '584255', '0', '0', NULL, NULL, '0'),
('946', '0', '259', '2017-07-01', '1048', 'OPNING BALANCE OF ANSAR MAJEED SB A/C', '-97178', '0', '0', NULL, NULL, '0'),
('947', '0', '259', '2017-07-01', '3012', 'OPNING BALANCE OF ANSAR MAJEED SB A/C', '97178', '0', '0', NULL, NULL, '0'),
('948', '0', '260', '2017-07-31', '5023', 'Accrual of Director&#039;s Salary (Babar sb) M/O JUl-17', '300000', '0', '0', NULL, NULL, '0'),
('949', '0', '260', '2017-07-31', '1046', 'Accrual of Director&#039;s Salary (Babar sb) M/O JUl-17', '-300000', '0', '0', NULL, NULL, '0'),
('950', '0', '260', '2017-07-31', '5023', 'Accrual of Director&#039;s Salary (Yasir sb) M/O JUl-17', '300000', '0', '0', NULL, NULL, '0'),
('951', '0', '260', '2017-07-31', '1047', 'Accrual of Director&#039;s Salary (Yasir sb) M/O JUl-17', '-300000', '0', '0', NULL, NULL, '0'),
('952', '0', '260', '2017-07-31', '5023', 'Accrual of Director&#039;s Salary (Ansar sb) M/O JUl-17', '100000', '0', '0', NULL, NULL, '0'),
('953', '0', '260', '2017-07-31', '1048', 'Accrual of Director&#039;s Salary (Ansar sb) M/O JUl-17', '-100000', '0', '0', NULL, NULL, '0'),
('954', '0', '260', '2017-07-31', '5065', 'Accrual of Director&#039;s Salary (Babar sb) M/O JUl-17', '7667', '0', '0', NULL, NULL, '0'),
('955', '0', '260', '2017-07-31', '5065', 'Accrual of Director&#039;s Salary (Yasir sb) M/O JUl-17', '7667', '0', '0', NULL, NULL, '0'),
('956', '0', '260', '2017-07-31', '5065', 'Accrual of Director&#039;s Salary (Ansar sb) M/O JUl-17', '1083', '0', '0', NULL, NULL, '0'),
('957', '0', '260', '2017-07-31', '2017', 'Accrual of Director&#039;s Salary (Babar sb) M/O JUl-17', '-7667', '0', '0', NULL, NULL, '0'),
('958', '0', '260', '2017-07-31', '2017', 'Accrual of Director&#039;s Salary (Yasir sb) M/O JUl-17', '-7667', '0', '0', NULL, NULL, '0'),
('959', '0', '260', '2017-07-31', '2017', 'Accrual of Director&#039;s Salary (Yasir sb) M/O JUl-17', '-1083', '0', '0', NULL, NULL, '0'),
('960', '0', '261', '2017-07-20', '5018', 'Accrual of Ail Export staff salary from 21-Jun to 20-Jul-17 thr Ail Prod ', '775179', '0', '0', NULL, NULL, '0'),
('961', '0', '261', '2017-07-20', '20111', 'Accrual of Ail Export staff salary from 21-Jun to 20-Jul-17 thr Ail Prod ', '-775179', '0', '0', '3', '14', '0'),
('962', '0', '261', '2017-07-20', '5019', 'Accrual of Rnd Dpt 70% Salary from 21-Jun to 20-Jul-17 thr Ail Prod ', '75442', '0', '0', NULL, NULL, '0'),
('963', '0', '261', '2017-07-20', '20111', 'Accrual of Rnd Dpt 70% Salary from 21-Jun to 20-Jul-17 thr Ail Prod ', '-75442', '0', '0', '3', '14', '0'),
('964', '0', '261', '2017-07-20', '5069', 'Accrual of Production 70% Salary from 21-Jun to 20-Jul-17 thr Ail Prod ', '422401', '0', '0', NULL, NULL, '0'),
('965', '0', '261', '2017-07-20', '20111', 'Accrual of Production 70% Salary from 21-Jun to 20-Jul-17 thr Ail Prod ', '-422401', '0', '0', '3', '14', '0'),
('966', '0', '262', '2017-07-31', '5090', 'Accrual of House Karim Town Exp M/O Jul-17', '500000', '0', '0', NULL, NULL, '0'),
('967', '0', '262', '2017-07-31', '2028', 'Accrual of House Karim Town Exp M/O Jul-17', '-500000', '0', '0', NULL, NULL, '0'),
('968', '0', '263', '2017-07-04', '5081', 'Bill#1052 of Malik Liaqat Cargo services agst inv#6019 04-07-17', '0', '0', '0', NULL, NULL, '0'),
('969', '0', '263', '2017-07-04', '2011', 'Bill#1052 of Malik Liaqat Cargo services agst inv#6019 04-07-17', '0', '0', '0', '3', '11', '0'),
('970', '0', '264', '2017-07-08', '5081', 'Bill#9058 OF MALIK AHAD BROTHERS AGST INV#6066 08-07-17', '21700', '0', '0', NULL, NULL, '0'),
('971', '0', '264', '2017-07-08', '2011', 'Bill#9058 OF MALIK AHAD BROTHERS AGST INV#6066 08-07-17', '-21700', '0', '0', '3', '8', '0'),
('972', '0', '265', '2017-07-10', '5081', 'BILL#9059 OF MALIK AHAD BROTHERS AGST INV#6067 10-07-17', '17000', '0', '0', NULL, NULL, '0'),
('973', '0', '265', '2017-07-10', '2011', 'BILL#9059 OF MALIK AHAD BROTHERS AGST INV#6067 10-07-17', '-17000', '0', '0', '3', '8', '0'),
('974', '0', '266', '2017-07-22', '5081', 'BILL#9076 OF MALIK AHAD BROTHERS AGST INV#6069 22-07-17', '24950', '0', '0', NULL, NULL, '0'),
('975', '0', '266', '2017-07-22', '2011', 'BILL#9076 OF MALIK AHAD BROTHERS AGST INV#6069 22-07-17', '-24950', '0', '0', '3', '8', '0'),
('976', '0', '267', '2017-07-25', '5081', 'BILL#9080 OF MALIK AHAD BROTHERS AGST INV#6070 25-07-17', '34400', '0', '0', NULL, NULL, '0'),
('977', '0', '267', '2017-07-25', '2011', 'BILL#9080 OF MALIK AHAD BROTHERS AGST INV#6070 25-07-17', '-34400', '0', '0', '3', '8', '0'),
('978', '0', '268', '2017-07-29', '5081', 'BILl#9085 OF MALIK AHAD BROTHERS AGST INV#6072 29-07-17', '32950', '0', '0', NULL, NULL, '0'),
('979', '0', '268', '2017-07-29', '2011', 'BILl#9085 OF MALIK AHAD BROTHERS AGST INV#6072 29-07-17', '-32950', '0', '0', '3', '8', '0'),
('980', '0', '268', '2017-07-29', '5081', 'BILL#9086 OF MALIK AHAD BROTHERS AGST INV#6073 29-07-17', '38650', '0', '0', NULL, NULL, '0'),
('981', '0', '268', '2017-07-29', '2011', 'BILL#9086 OF MALIK AHAD BROTHERS AGST INV#6073 29-07-17', '-38650', '0', '0', '3', '8', '0'),
('982', '0', '269', '2017-07-21', '1042', 'Bill# LHE/368 OF MATRIX LOGISTICS AGST INV#6070 21-07-17', '39485', '0', '0', NULL, NULL, '0'),
('983', '0', '269', '2017-07-21', '2011', 'Bill# LHE/368 OF MATRIX LOGISTICS AGST INV#6070 21-07-17', '-39485', '0', '0', '3', '35', '0'),
('984', '0', '270', '2017-07-04', '1042', 'BILL#FSD44 OF MASTER FREIGHT SERVICES AGST INV#6019 4-7-17', '6500', '0', '0', NULL, NULL, '0'),
('985', '0', '270', '2017-07-04', '2011', 'BILL#FSD44 OF MASTER FREIGHT SERVICES AGST INV#6019 4-7-17', '-6500', '0', '0', '3', '9', '0'),
('986', '0', '271', '2017-07-08', '1042', 'BILl#4116 OF COMBINED FREIGHT INT AGST INV#6067 08-07-17', '12305', '0', '0', NULL, NULL, '0'),
('987', '0', '271', '2017-07-08', '2011', 'BILl#4116 OF COMBINED FREIGHT INT AGST INV#6067 08-07-17', '-12305', '0', '0', '3', '6', '0'),
('988', '0', '272', '2017-07-27', '1042', 'BILL#4347 OF COMBINED FREIGHT INT AGST INV#6069 27-07-17', '170071', '0', '0', NULL, NULL, '0'),
('989', '0', '272', '2017-07-27', '2011', 'BILL#4347 OF COMBINED FREIGHT INT AGST INV#6069 27-07-17', '-170071', '0', '0', '3', '6', '0'),
('990', '0', '273', '2017-07-31', '1042', 'BILl#4520 OF COMBINED FREIGHT INT AGST INV#6072 31-07-17', '112993', '0', '0', NULL, NULL, '0'),
('991', '0', '273', '2017-07-31', '2011', 'BILl#4520 OF COMBINED FREIGHT INT AGST INV#6072 31-07-17', '-112993', '0', '0', '3', '6', '0'),
('992', '0', '274', '2017-07-14', '5083', 'BILL#31 OF RAAZIQ INTERNATIONAL AGST INV#6068 14-07-17', '23170', '0', '0', NULL, NULL, '0'),
('993', '0', '274', '2017-07-14', '2011', 'BILL#31 OF RAAZIQ INTERNATIONAL AGST INV#6068 14-07-17', '-23170', '0', '0', '3', '5', '0'),
('994', '0', '275', '2017-07-31', '1042', 'BILL#4519 OF COMBINED FREIGHT INT AGST INV#6073 31-07-17', '205046', '0', '0', NULL, NULL, '0'),
('995', '0', '275', '2017-07-31', '2011', 'BILL#4519 OF COMBINED FREIGHT INT AGST INV#6073 31-07-17', '-205046', '0', '0', '3', '6', '0'),
('996', '0', '276', '2017-07-06', '5082', 'BILL#632/17 OF RIAZ AGENCIES AGST INV#6019 06-07-17', '13410', '0', '0', NULL, NULL, '0'),
('997', '0', '276', '2017-07-06', '2011', 'BILL#632/17 OF RIAZ AGENCIES AGST INV#6019 06-07-17', '-13410', '0', '0', '3', '12', '0'),
('998', '0', '277', '2017-07-10', '5082', 'BILL#645/17 OF RIAZ AGENCIES AGST INV#6066/17 10-07-17', '15020', '0', '0', NULL, NULL, '0'),
('999', '0', '277', '2017-07-10', '2011', 'BILL#645/17 OF RIAZ AGENCIES AGST INV#6066/17 10-07-17', '-15020', '0', '0', '3', '12', '0'),
('1000', '0', '278', '2017-07-12', '5082', 'BILL#6067 OF RIAZ AGENCIES AGST INV#6067/17 12-07-17', '17903', '0', '0', NULL, NULL, '0'),
('1001', '0', '278', '2017-07-12', '2011', 'BILL#6067 OF RIAZ AGENCIES AGST INV#6067/17 12-07-17', '-17903', '0', '0', '3', '12', '0'),
('1002', '0', '279', '2017-07-24', '5082', 'BILL#679/17 OF RIAZ AGENCIES AGST INV#6069/17 24-07-17', '11370', '0', '0', NULL, NULL, '0'),
('1003', '0', '279', '2017-07-24', '2011', 'BILL#679/17 OF RIAZ AGENCIES AGST INV#6069/17 24-07-17', '-11370', '0', '0', '3', '12', '0'),
('1004', '0', '280', '2017-07-26', '5082', 'BILL#685/17 OF RIAZ AGENCIES AGST INV#6070/17 26-07-17', '15250', '0', '0', NULL, NULL, '0'),
('1005', '0', '280', '2017-07-26', '2011', 'BILL#685/17 OF RIAZ AGENCIES AGST INV#6070/17 26-07-17', '-15250', '0', '0', '3', '12', '0'),
('1006', '0', '281', '2017-07-31', '5082', 'BILL#705/17 OF RIAZ AGENCIES AGST INV#6072/17 31-07-17', '11370', '0', '0', NULL, NULL, '0'),
('1007', '0', '281', '2017-07-31', '2011', 'BILL#705/17 OF RIAZ AGENCIES AGST INV#6072/17 31-07-17', '-11370', '0', '0', '3', '12', '0'),
('1008', '0', '282', '2017-07-31', '5082', 'BILL#702/17 OF RIAZ AGENCIES AGST INV#6073/17 31-07-17', '17430', '0', '0', NULL, NULL, '0'),
('1009', '0', '282', '2017-07-31', '2011', 'BILL#702/17 OF RIAZ AGENCIES AGST INV#6073/17 31-07-17', '-17430', '0', '0', '3', '12', '0'),
('1016', '0', '283', '2017-07-04', '5081', 'Bill#1052 of Malik Liaqat Cargo services agst inv#6019 04-07-17', '15500', '0', '0', NULL, NULL, '0'),
('1017', '0', '283', '2017-07-04', '2011', 'Bill#1052 of Malik Liaqat Cargo services agst inv#6019 04-07-17', '-15500', '0', '0', '3', '11', '0'),
('1018', '0', '284', '2017-08-22', '2011', 'NEW MALIK GOODS AGST BILL# 1052 CHQ# 00003262', '0', '0', '0', '3', '11', '0'),
('1019', '0', '284', '2017-08-22', '10144', 'NEW MALIK GOODS AGST BILL# 1052 CHQ# 00003262', '0', '0', '0', NULL, NULL, '0'),
('1020', '0', '285', '2017-09-02', '2011', 'NEW MALIK GOODS AGST BILL# 1052 CHQ# 00003262', '15500', '0', '0', '3', '11', '0'),
('1021', '0', '285', '2017-09-02', '2019', 'NEW MALIK GOODS AGST BILL# 1052 CHQ# 00003262', '-15500', '0', '0', NULL, NULL, '0'),
('1022', '0', '286', '2017-08-23', '5061', 'Faheem Bike Repairing Exp Through Sajjad Khan', '900', '0', '0', NULL, NULL, '0'),
('1023', '0', '286', '2017-08-23', '6002', 'Faheem Bike Repairing Exp Through Sajjad Khan', '-900', '0', '0', NULL, NULL, '0'),
('1024', '0', '286', '2017-08-23', '5061', 'Faheem Bike Repairing Exp Through Sajjad Khan', '6890', '0', '0', NULL, NULL, '0'),
('1025', '0', '286', '2017-08-23', '6002', 'Faheem Bike Repairing Exp Through Sajjad Khan', '-6890', '0', '0', NULL, NULL, '0'),
('1026', '0', '287', '2017-08-23', '5059', 'Electric Items purchase through Sajjad ', '650', '0', '0', NULL, NULL, '0'),
('1027', '0', '287', '2017-08-23', '6002', 'Electric Items purchase through Sajjad ', '-650', '0', '0', NULL, NULL, '0'),
('1028', '0', '287', '2017-08-23', '5058', 'Toner Refilling Expenses Through Sajjad 19-08-17 4@2550', '2550', '0', '0', NULL, NULL, '0'),
('1029', '0', '287', '2017-08-23', '6002', 'Toner Refilling Expenses Through Sajjad 19-08-17 4@2550', '-2550', '0', '0', NULL, NULL, '0'),
('1030', '0', '287', '2017-08-23', '1046', 'Petrol Exp of Babar sb Car through Sajjad to Lahore 17-08-17', '3100', '0', '0', NULL, NULL, '0'),
('1031', '0', '287', '2017-08-23', '6002', 'Petrol Exp of Babar sb Car through Sajjad to Lahore 17-08-17', '-3100', '0', '0', NULL, NULL, '0'),
('1032', '0', '287', '2017-08-23', '1046', 'Toll Plaza and Parking Exp of Babar sb car Lahore', '320', '0', '0', NULL, NULL, '0'),
('1033', '0', '287', '2017-08-23', '6002', 'Toll Plaza and Parking Exp of Babar sb car Lahore', '-320', '0', '0', NULL, NULL, '0'),
('1034', '0', '287', '2017-08-23', '1046', 'Car Repairing Expenses through Sajjad 17-08-17 (12000+1300)', '13300', '0', '0', NULL, NULL, '0'),
('1035', '0', '287', '2017-08-23', '6002', 'Car Repairing Expenses through Sajjad 17-08-17 (12000+1300)', '-13300', '0', '0', NULL, NULL, '0');

### Structure of table `0_grn_batch` ###

DROP TABLE IF EXISTS `0_grn_batch`;

CREATE TABLE `0_grn_batch` (
  `id` int(11) NOT NULL AUTO_INCREMENT,
  `supplier_id` int(11) NOT NULL DEFAULT '0',
  `purch_order_no` int(11) DEFAULT NULL,
  `reference` varchar(60) COLLATE utf8_unicode_ci NOT NULL DEFAULT '',
  `delivery_date` date NOT NULL DEFAULT '0000-00-00',
  `loc_code` varchar(5) COLLATE utf8_unicode_ci DEFAULT NULL,
  `rate` double DEFAULT '1',
  `requisition_no` varchar(60) COLLATE utf8_unicode_ci NOT NULL,
  PRIMARY KEY (`id`),
  KEY `delivery_date` (`delivery_date`),
  KEY `purch_order_no` (`purch_order_no`)
) ENGINE=InnoDB AUTO_INCREMENT=5 DEFAULT CHARSET=utf8 COLLATE=utf8_unicode_ci ;

### Data of table `0_grn_batch` ###

INSERT INTO `0_grn_batch` VALUES
('1', '1', '1', 'auto', '2017-07-01', 'DEF', '1', ''),
('2', '1', '2', 'auto', '2017-07-01', 'DEF', '1', ''),
('3', '1', '3', 'auto', '2017-07-01', 'DEF', '1', ''),
('4', '13', '4', 'auto', '2017-07-01', 'DEF', '1', '');

### Structure of table `0_grn_items` ###

DROP TABLE IF EXISTS `0_grn_items`;

CREATE TABLE `0_grn_items` (
  `id` int(11) NOT NULL AUTO_INCREMENT,
  `grn_batch_id` int(11) DEFAULT NULL,
  `po_detail_item` int(11) NOT NULL DEFAULT '0',
  `item_code` varchar(20) COLLATE utf8_unicode_ci NOT NULL DEFAULT '',
  `description` tinytext COLLATE utf8_unicode_ci,
  `qty_recd` double NOT NULL DEFAULT '0',
  `quantity_inv` double NOT NULL DEFAULT '0',
  PRIMARY KEY (`id`),
  KEY `grn_batch_id` (`grn_batch_id`)
) ENGINE=InnoDB AUTO_INCREMENT=5 DEFAULT CHARSET=utf8 COLLATE=utf8_unicode_ci ;

### Data of table `0_grn_items` ###

INSERT INTO `0_grn_items` VALUES
('1', '1', '1', 'OB', 'OPENING BALANCE', '1', '0'),
('2', '2', '2', 'OB', 'OPENING BALANCE', '1', '0'),
('3', '3', '3', 'OB', 'OPENING BALANCE', '1', '0'),
('4', '4', '4', 'OB', 'OPENING BALANCE PAY', '1', '0');

### Structure of table `0_groups` ###

DROP TABLE IF EXISTS `0_groups`;

CREATE TABLE `0_groups` (
  `id` smallint(6) unsigned NOT NULL AUTO_INCREMENT,
  `description` varchar(60) COLLATE utf8_unicode_ci NOT NULL DEFAULT '',
  `inactive` tinyint(1) NOT NULL DEFAULT '0',
  PRIMARY KEY (`id`),
  UNIQUE KEY `description` (`description`)
) ENGINE=InnoDB AUTO_INCREMENT=4 DEFAULT CHARSET=utf8 COLLATE=utf8_unicode_ci ;

### Data of table `0_groups` ###

INSERT INTO `0_groups` VALUES
('1', 'Small', '0'),
('2', 'Medium', '0'),
('3', 'Large', '0');

### Structure of table `0_item_codes` ###

DROP TABLE IF EXISTS `0_item_codes`;

CREATE TABLE `0_item_codes` (
  `id` int(11) unsigned NOT NULL AUTO_INCREMENT,
  `item_code` varchar(20) COLLATE utf8_unicode_ci NOT NULL,
  `stock_id` varchar(20) COLLATE utf8_unicode_ci NOT NULL,
  `description` varchar(200) COLLATE utf8_unicode_ci NOT NULL DEFAULT '',
  `category_id` smallint(6) unsigned NOT NULL,
  `quantity` double NOT NULL DEFAULT '1',
  `is_foreign` tinyint(1) NOT NULL DEFAULT '0',
  `inactive` tinyint(1) NOT NULL DEFAULT '0',
  PRIMARY KEY (`id`),
  UNIQUE KEY `stock_id` (`stock_id`,`item_code`),
  KEY `item_code` (`item_code`)
) ENGINE=InnoDB AUTO_INCREMENT=35 DEFAULT CHARSET=utf8 COLLATE=utf8_unicode_ci ;

### Data of table `0_item_codes` ###

INSERT INTO `0_item_codes` VALUES
('1', '0001', '0001', '100% Cotton  NE 40/40 combed 150 x 80 per inch  135 g/m2', '2', '1', '0', '0'),
('2', 'OB', 'OB', 'OPENING BALANCE PAY', '7', '1', '0', '0'),
('3', 'OBB', 'OBB', 'OPENING BALANCE REC', '7', '1', '0', '0'),
('4', 'LSGNSTYL1', 'LSGNSTYL1', 'NEW STYLE 1 BABYLOVE MUSLIN SWADDLES 3 PACK SIZE: 80X80 CM, 100% COTTON , OKO TEX STANDARD', '3', '1', '0', '0'),
('5', 'LSGNSTYL2', 'LSGNSTYL2', 'NEW STYLE 2 BABYLOVE MUSLIN SWADDLES 3 PACK SIZE: 80X80 CM, 100% COTTON , OKO TEX STANDARD', '3', '1', '0', '0'),
('6', 'LSGNSTYL3', 'LSGNSTYL3', 'NEW STYLE 3 BABYLOVE MUSLIN SWADDLES 3 PACK SIZE: 80X80 CM, 100% COTTON , OKO TEX STANDARD', '3', '1', '0', '0'),
('7', 'LSGOLDSTYL1', 'LSGOLDSTYL1', 'OLD STYLE 1 BABYLOVE MUSLIN SWADDLES 3 PACK SIZE: 80X80 CM, 100% COTTON , OKO TEX STANDARD', '3', '1', '0', '0'),
('8', 'LSGOLDSTYL2', 'LSGOLDSTYL2', 'OLD STYLE 2 BABYLOVE MUSLIN SWADDLES 3 PACK SIZE: 80X80 CM, 100% COTTON , OKO TEX STANDARD', '3', '1', '0', '0'),
('9', 'LSGOLDSTYL3', 'LSGOLDSTYL3', 'OLD STYLE 3 BABYLOVE MUSLIN SWADDLES 3 PACK SIZE: 80X80 CM, 100% COTTON , OKO TEX STANDARD', '3', '1', '0', '0'),
('10', 'MRBLBS280330', 'MRBLBS280330', 'WHITE LUNA SHEET SIZE: 280X330 CM WITH SCHMID LABEL, 2+2 CM-HAND CUTTING 2 SELVEDGES 2 HEMS WITH DOUBLE RED THREAD ON BOTH HEM', '4', '1', '0', '0'),
('11', 'MRBAAPN9075', 'MRBAAPN9075', 'WHITE ALFREDO APRON SIZE: 90X75 CM WITH GREY MARBA LABEL', '4', '1', '0', '0'),
('12', 'MRBAAPN90110', 'MRBAAPN90110', 'WHITE ALFREDO APRON SIZE: 90X110 CM WITH GREY MARBA LABEL', '4', '1', '0', '0'),
('13', 'MRBDC165215HRMS', 'MRBDC165215HRMS', 'WHITE D.COVER HERMES 4MM SIZE: 165X215 CM BAR TAG, VERTICAL STRIPE WITH LABEL ELIS', '4', '1', '0', '0'),
('14', 'MRBPC639520HRMS', 'MRBPC639520HRMS', 'WHITE P.COVER HERMES 4MM SIZE: 63X95+20 CM FLAP, HORIZONTAL STRIPE WITH LABEL ELIS', '4', '1', '0', '0'),
('15', 'MRBPC66125HRMS', 'MRBPC66125HRMS', 'WHITE P.COVER HERMES 4MM SIZE: 66X125 CM BAG CLOSING, HORIZONTAL STRIPE WITH LABEL ELIS', '4', '1', '0', '0'),
('16', 'MRBPC639320MKR', 'MRBPC639320MKR', 'WHITE PILLOW COVER MERKUR 4MM SIZE: 63X93+20 CM WITH LABEL MARBA STIPES HORIZONTAL ON SHORT SIDE', '4', '1', '0', '0'),
('17', 'MRBDC162220MKR', 'MRBDC162220MKR', 'WHITE DUVET COVER MERKUR 4MM SIZE: 162X220 CM BAR TAG WITH SPECIAL HEM, STRIPES VERTICAL', '4', '1', '0', '0'),
('18', 'APLDPR8080', 'APLDPR8080', 'WHITE PRINTED DIAPER SIZE: 80X80 CM ', '5', '1', '0', '0'),
('19', 'CAPBNYBLKTFAB', 'CAPBNYBLKTFAB', '100% CTN BUNNY BLANKET FABRIC,40X25/20/2X6/2  ', '6', '1', '0', '0'),
('20', 'CAPDYDJGRNFAB', 'CAPDYDJGRNFAB', '100% CTN VAT DYED JADE GREEN FABRIC, 16X16/60X60 ', '6', '1', '0', '0'),
('21', 'CAPPRTLHLGOFAB', 'CAPPRTLHLGOFAB', '100% CTN PRINTED LH LOGO FABRIC, 16X16/60X60 ', '6', '1', '0', '0'),
('22', 'CAPBLDWHEPCFAB', 'CAPBLDWHEPCFAB', 'PC (52:48) BLEACHED WHITE FABRIC, 68X62/24X24', '6', '1', '0', '0'),
('23', 'CAPPRTDMLMDPCFAB', 'CAPPRTDMLMDPCFAB', 'PC (52:48) PRINTED MELOMED LOGO FABRIC, 68X62/24X24', '6', '1', '0', '0'),
('24', 'CAPPRTLHLGOPCFAB', 'CAPPRTLHLGOPCFAB', 'PC (52:48) PRINTED LH LOGO FABRIC, 68X62/24X24', '6', '1', '0', '0'),
('25', 'CAPDYDMBLUCTNFAB', 'CAPDYDMBLUCTNFAB', '100% CTN VAT DYED MAIZ BLUE FABRIC, 16X16/60X60 ', '6', '1', '0', '0'),
('26', 'APLDPR80801', 'APLDPR80801', 'WHITE PRINTED DIAPER SIZE: 80X80 CM ', '2', '1', '0', '0'),
('27', 'SLMDSHEET86186', 'SLMDSHEET86186', '100% CTN DRAW SHEET UNBLEACHED WITHOUT LOGO SIZE: 86X186 CM', '9', '1', '0', '0'),
('28', 'EMRBS72108WHEBLK', 'EMRBS72108WHEBLK', 'WHITE B.SHEET SIZE: 72X108 &quot; WITH BLACK PATTI', '10', '1', '0', '0'),
('29', 'EMRBS72108WHERED', 'EMRBS72108WHERED', 'WHITE B.SHEET SIZE: 72X108 &quot; WITH RED PATTI', '10', '1', '0', '0'),
('30', 'EMRPC2030WHEBLU', 'EMRPC2030WHEBLU', 'WHITE P.COVER SIZE: 20X30 &quot; WITH BLUE PATTI', '10', '1', '0', '0'),
('31', 'EMRBLKT72104BLUBLK', 'EMRBLKT72104BLUBLK', 'BLUE BLANKET WITH BLACK STRIPE SIZE : 72X104&quot;', '10', '1', '0', '0'),
('32', 'EMRBLKT72104BLUORG', 'EMRBLKT72104BLUORG', 'BLUE BLANKET WITH ORANAGE STRIPE SIZE : 72X104&quot;', '10', '1', '0', '0'),
('33', 'EMRTWL3060WHEORG', 'EMRTWL3060WHEORG', 'WHITE BATH TOWEL SIZE: 30X60 &quot; WITH ORANGE STRIPE', '10', '1', '0', '0'),
('34', 'EMRTWL3060WHEBLK', 'EMRTWL3060WHEBLK', 'WHITE BATH TOWEL SIZE: 30X60 &quot; WITH BLACK STRIPE', '10', '1', '0', '0');

### Structure of table `0_item_tax_type_exemptions` ###

DROP TABLE IF EXISTS `0_item_tax_type_exemptions`;

CREATE TABLE `0_item_tax_type_exemptions` (
  `item_tax_type_id` int(11) NOT NULL DEFAULT '0',
  `tax_type_id` int(11) NOT NULL DEFAULT '0',
  PRIMARY KEY (`item_tax_type_id`,`tax_type_id`)
) ENGINE=InnoDB DEFAULT CHARSET=utf8 COLLATE=utf8_unicode_ci ;

### Data of table `0_item_tax_type_exemptions` ###


### Structure of table `0_item_tax_types` ###

DROP TABLE IF EXISTS `0_item_tax_types`;

CREATE TABLE `0_item_tax_types` (
  `id` int(11) NOT NULL AUTO_INCREMENT,
  `name` varchar(60) COLLATE utf8_unicode_ci NOT NULL DEFAULT '',
  `exempt` tinyint(1) NOT NULL DEFAULT '0',
  `inactive` tinyint(1) NOT NULL DEFAULT '0',
  PRIMARY KEY (`id`),
  UNIQUE KEY `name` (`name`)
) ENGINE=InnoDB AUTO_INCREMENT=3 DEFAULT CHARSET=utf8 COLLATE=utf8_unicode_ci ;

### Data of table `0_item_tax_types` ###

INSERT INTO `0_item_tax_types` VALUES
('1', 'Tax Exempt', '0', '0'),
('2', 'Taxable', '0', '0');

### Structure of table `0_item_units` ###

DROP TABLE IF EXISTS `0_item_units`;

CREATE TABLE `0_item_units` (
  `abbr` varchar(20) COLLATE utf8_unicode_ci NOT NULL,
  `name` varchar(40) COLLATE utf8_unicode_ci NOT NULL,
  `decimals` tinyint(2) NOT NULL,
  `inactive` tinyint(1) NOT NULL DEFAULT '0',
  PRIMARY KEY (`abbr`),
  UNIQUE KEY `name` (`name`)
) ENGINE=InnoDB DEFAULT CHARSET=utf8 COLLATE=utf8_unicode_ci ;

### Data of table `0_item_units` ###

INSERT INTO `0_item_units` VALUES
('03P', '3 PCS/PACK', '0', '0'),
('each', 'Each', '0', '0'),
('Kgs', 'Killograms', '-1', '0'),
('KT', 'Kits', '0', '0'),
('Mtr', 'Merter', '-1', '0');

### Structure of table `0_journal` ###

DROP TABLE IF EXISTS `0_journal`;

CREATE TABLE `0_journal` (
  `type` smallint(6) NOT NULL DEFAULT '0',
  `trans_no` int(11) NOT NULL DEFAULT '0',
  `tran_date` date DEFAULT '0000-00-00',
  `reference` varchar(60) COLLATE utf8_unicode_ci NOT NULL DEFAULT '',
  `source_ref` varchar(60) COLLATE utf8_unicode_ci NOT NULL DEFAULT '',
  `event_date` date DEFAULT '0000-00-00',
  `doc_date` date NOT NULL DEFAULT '0000-00-00',
  `currency` char(3) COLLATE utf8_unicode_ci NOT NULL DEFAULT '',
  `amount` double NOT NULL DEFAULT '0',
  `rate` double NOT NULL DEFAULT '1',
  PRIMARY KEY (`type`,`trans_no`),
  KEY `tran_date` (`tran_date`)
) ENGINE=InnoDB DEFAULT CHARSET=utf8 COLLATE=utf8_unicode_ci ;

### Data of table `0_journal` ###

INSERT INTO `0_journal` VALUES
('0', '1', '2017-05-31', '001/2017', '', '2017-05-31', '2017-05-31', 'PKR', '10000', '1'),
('0', '2', '2017-05-31', '002/2017', '123', '2017-05-31', '2017-05-31', 'PKR', '5000', '1'),
('0', '3', '2017-05-31', '003/2017', '', '2017-05-31', '2017-05-31', 'PKR', '50000', '1'),
('0', '4', '2017-05-31', '004/2017', '112', '2017-05-31', '2017-05-31', 'PKR', '5630', '1'),
('0', '5', '2017-06-02', '005/2017', 'INV34273864', '2017-06-02', '2017-06-02', 'PKR', '100000', '1'),
('0', '6', '2017-06-06', '006/2017', '', '2017-06-06', '2017-06-06', 'PKR', '200000', '1'),
('0', '7', '2017-06-07', '007/2017', 'OB1', '2017-06-07', '2017-06-07', 'PKR', '10000', '1'),
('0', '8', '2017-06-16', '008/2017', '001', '2017-06-16', '2017-06-16', 'PKR', '100000', '1'),
('0', '9', '2017-06-16', '009/2017', '002', '2017-06-16', '2017-06-16', 'PKR', '80000', '1'),
('0', '10', '2017-06-16', '010/2017', '1003', '2017-06-16', '2017-06-16', 'PKR', '25000', '1'),
('0', '11', '2017-06-16', '011/2017', '1004', '2017-06-16', '2017-06-16', 'PKR', '30000', '1'),
('0', '12', '2017-06-16', '012/2017', '1005', '2017-06-16', '2017-06-16', 'PKR', '35000', '1'),
('0', '13', '2017-06-16', '013/2017', '1006', '2017-06-16', '2017-06-16', 'PKR', '6000', '1'),
('0', '14', '2017-06-16', '014/2017', '', '2017-06-16', '2017-06-16', 'PKR', '7000', '1'),
('0', '15', '2017-06-16', '015/2017', '1001', '2017-06-16', '2017-06-16', 'PKR', '60000', '1'),
('0', '16', '2017-06-16', '016/2017', '1002', '2017-06-16', '2017-06-16', 'PKR', '40000', '1'),
('0', '17', '2017-07-04', '017/2017', '', '2017-07-04', '2017-07-04', 'PKR', '100', '1'),
('0', '18', '2017-07-01', 'JV001/2017', '', '2017-07-19', '2017-07-19', 'PKR', '0', '1'),
('0', '19', '2017-07-01', 'JV001/2017', '', '2017-07-19', '2017-07-19', 'PKR', '0', '1'),
('0', '20', '2017-07-01', 'JV001/2017', '', '2017-07-19', '2017-07-19', 'PKR', '0', '1'),
('0', '21', '2017-07-01', 'JV001/2017', 'BANK STATEMENT', '2017-07-01', '2017-07-01', 'PKR', '4706072.22', '1'),
('0', '22', '2017-07-01', 'JV002/2017', '', '2017-08-03', '2017-08-03', 'PKR', '15682500', '1'),
('0', '23', '2017-07-01', 'JV003/2017', '', '2017-08-03', '2017-08-03', 'PKR', '54655074', '1'),
('0', '24', '2017-07-01', 'JV004/2017', '', '2017-08-03', '2017-08-03', 'PKR', '43720420', '1'),
('0', '25', '2017-07-01', 'JV005/2017', '', '2017-08-03', '2017-08-03', 'PKR', '44120885', '1'),
('0', '26', '2017-07-19', 'JV006/2017', '', '2017-08-05', '2017-08-05', 'PKR', '0', '1'),
('0', '27', '2017-08-05', 'JV007/2017', '', '2017-08-05', '2017-08-05', 'PKR', '0', '1'),
('0', '28', '2017-07-04', 'JV007/2017', 'Fafb Loan', '2017-07-04', '2017-07-04', 'PKR', '5050000', '1'),
('0', '29', '2017-07-19', 'JV006/2017', '', '2017-08-05', '2017-08-05', 'PKR', '0', '1'),
('0', '30', '2017-07-07', 'JV008/2017', 'LASSIG GMBH (LG-101)', '2017-07-07', '2017-07-07', 'PKR', '5651886', '1'),
('0', '31', '2017-07-10', 'JV009/2017', 'DG (UK) TEXTILES LTD', '2017-07-10', '2017-07-10', 'PKR', '5104451', '1'),
('0', '32', '2017-07-13', 'JV010/2017', 'MARBA', '2017-07-13', '2017-07-13', 'PKR', '4239221', '1'),
('0', '33', '2017-07-13', 'JV011/2017', 'MARBA', '2017-07-13', '2017-07-13', 'PKR', '21295', '1'),
('0', '34', '2017-07-17', 'JV012/2017', 'ASHAR PROF U.A.E', '2017-07-17', '2017-07-17', 'PKR', '1568191', '1'),
('0', '35', '2017-07-03', 'JV013/2017', '1', '2017-07-03', '2017-07-03', 'PKR', '851124', '1'),
('0', '36', '2017-08-09', 'JV014/2017', '', '2017-08-10', '2017-08-09', 'PKR', '0', '1'),
('0', '37', '2017-07-03', 'JV015/2017', '2', '2017-07-03', '2017-07-03', 'PKR', '69000', '1'),
('0', '38', '2017-07-03', 'JV016/2017', '', '2017-07-03', '2017-07-03', 'PKR', '200000', '1'),
('0', '39', '2017-07-03', 'JV017/2017', '', '2017-07-03', '2017-07-03', 'PKR', '50140', '1'),
('0', '40', '2017-07-05', 'JV018/2017', '', '2017-07-05', '2017-07-05', 'PKR', '50000', '1'),
('0', '41', '2017-07-05', 'JV019/2017', '', '2017-07-05', '2017-07-05', 'PKR', '137831', '1'),
('0', '42', '2017-07-05', 'JV020/2017', '', '2017-07-05', '2017-07-05', 'PKR', '20100', '1'),
('0', '43', '2017-07-05', 'JV021/2017', '', '2017-07-05', '2017-07-05', 'PKR', '687950', '1'),
('0', '44', '2017-07-05', 'JV022/2017', '', '2017-07-05', '2017-07-05', 'PKR', '94993', '1'),
('0', '45', '2017-07-05', 'JV023/2017', '', '2017-07-05', '2017-07-05', 'PKR', '239550', '1'),
('0', '46', '2017-07-05', 'JV024/2017', '', '2017-07-05', '2017-07-05', 'PKR', '0', '1'),
('0', '47', '2017-07-05', 'JV025/2017', '', '2017-07-05', '2017-07-05', 'PKR', '2390', '1'),
('0', '48', '2017-07-06', 'JV026/2017', '', '2017-07-06', '2017-07-06', 'PKR', '13080', '1'),
('0', '49', '2017-07-07', 'JV027/2017', '', '2017-07-07', '2017-07-07', 'PKR', '266800', '1'),
('0', '50', '2017-07-10', 'JV028/2017', '', '2017-07-10', '2017-07-10', 'PKR', '25000', '1'),
('0', '51', '2017-07-10', 'JV029/2017', '', '2017-07-10', '2017-07-10', 'PKR', '109933', '1'),
('0', '52', '2017-07-06', 'JV030/2017', '', '2017-07-06', '2017-07-06', 'PKR', '121741', '1'),
('0', '53', '2017-07-10', 'JV031/2017', '', '2017-07-10', '2017-07-10', 'PKR', '50000', '1'),
('0', '54', '2017-07-06', 'JV032/2017', '', '2017-07-06', '2017-07-06', 'PKR', '67008', '1'),
('0', '55', '2017-07-10', 'JV033/2017', '', '2017-07-10', '2017-07-10', 'PKR', '33863', '1'),
('0', '56', '2017-07-07', 'JV034/2017', '', '2017-07-07', '2017-07-07', 'PKR', '26058', '1'),
('0', '57', '2017-07-11', 'JV035/2017', '', '2017-07-11', '2017-07-11', 'PKR', '26869', '1'),
('0', '58', '2017-07-11', 'JV036/2017', '', '2017-07-11', '2017-07-11', 'PKR', '245817', '1'),
('0', '59', '2017-07-11', 'JV037/2017', '', '2017-07-11', '2017-07-11', 'PKR', '100000', '1'),
('0', '60', '2017-07-12', 'JV038/2017', '', '2017-07-12', '2017-07-12', 'PKR', '20000', '1'),
('0', '61', '2017-07-12', 'JV039/2017', '', '2017-07-12', '2017-07-12', 'PKR', '50000', '1'),
('0', '62', '2017-07-13', 'JV040/2017', '', '2017-07-13', '2017-07-13', 'PKR', '38018', '1'),
('0', '63', '2017-07-13', 'JV041/2017', '', '2017-07-13', '2017-07-13', 'PKR', '23174', '1'),
('0', '64', '2017-07-13', 'JV042/2017', '', '2017-07-13', '2017-07-13', 'PKR', '31600', '1'),
('0', '65', '2017-07-13', 'JV043/2017', '', '2017-07-13', '2017-07-13', 'PKR', '75576', '1'),
('0', '66', '2017-07-13', 'JV044/2017', '', '2017-07-13', '2017-07-13', 'PKR', '50000', '1'),
('0', '67', '2017-07-13', 'JV045/2017', '', '2017-07-13', '2017-07-13', 'PKR', '50000', '1'),
('0', '68', '2017-07-14', 'JV046/2017', '', '2017-07-14', '2017-07-14', 'PKR', '33200', '1'),
('0', '69', '2017-07-14', 'JV047/2017', '', '2017-07-14', '2017-07-14', 'PKR', '52500', '1'),
('0', '70', '2017-07-14', 'JV048/2017', '', '2017-07-14', '2017-07-14', 'PKR', '149550', '1'),
('0', '71', '2017-07-18', 'JV049/2017', '', '2017-07-18', '2017-07-18', 'PKR', '112256', '1'),
('0', '72', '2017-07-18', 'JV050/2017', '', '2017-07-18', '2017-07-18', 'PKR', '400000', '1'),
('0', '73', '2017-07-18', 'JV051/2017', '', '2017-07-18', '2017-07-18', 'PKR', '170650', '1'),
('0', '74', '2017-07-18', 'JV052/2017', '', '2017-07-18', '2017-07-18', 'PKR', '111767', '1'),
('0', '75', '2017-07-17', 'JV053/2017', '', '2017-07-17', '2017-07-17', 'PKR', '75584', '1'),
('0', '76', '2017-07-17', 'JV054/2017', '', '2017-07-17', '2017-07-17', 'PKR', '247500', '1'),
('0', '77', '2017-07-17', 'JV055/2017', '', '2017-07-17', '2017-07-17', 'PKR', '0', '1'),
('0', '78', '2017-07-18', 'JV056/2017', '', '2017-07-18', '2017-07-18', 'PKR', '40000', '1'),
('0', '79', '2017-07-19', 'JV057/2017', '', '2017-07-19', '2017-07-19', 'PKR', '36200', '1'),
('0', '80', '2017-07-25', 'JV058/2017', '', '2017-07-25', '2017-07-25', 'PKR', '488560', '1'),
('0', '81', '2017-07-24', 'JV059/2017', '', '2017-07-24', '2017-07-24', 'PKR', '15000', '1'),
('0', '82', '2017-07-31', 'JV060/2017', '', '2017-07-31', '2017-07-31', 'PKR', '96372', '1'),
('0', '83', '2017-07-20', 'JV061/2017', '', '2017-07-20', '2017-07-20', 'PKR', '28731', '1'),
('0', '84', '2017-07-20', 'JV062/2017', '', '2017-07-20', '2017-07-20', 'PKR', '34899', '1'),
('0', '85', '2017-07-20', 'JV063/2017', '', '2017-07-20', '2017-07-20', 'PKR', '42420', '1'),
('0', '86', '2017-07-31', 'JV064/2017', '', '2017-07-31', '2017-07-31', 'PKR', '73003', '1'),
('0', '87', '2017-07-31', 'JV065/2017', '', '2017-07-31', '2017-07-31', 'PKR', '594000', '1'),
('0', '88', '2017-07-31', 'JV066/2017', '', '2017-07-31', '2017-07-31', 'PKR', '666279', '1'),
('0', '89', '2017-07-24', 'JV067/2017', '', '2017-07-24', '2017-07-24', 'PKR', '304557', '1'),
('0', '90', '2017-07-24', 'JV068/2017', '', '2017-07-24', '2017-07-24', 'PKR', '291273', '1'),
('0', '91', '2017-07-31', 'JV069/2017', '', '2017-07-31', '2017-07-31', 'PKR', '0', '1'),
('0', '92', '2017-07-20', 'JV070/2017', '', '2017-07-20', '2017-07-20', 'PKR', '159752', '1'),
('0', '93', '2017-07-31', 'JV071/2017', '', '2017-07-31', '2017-07-31', 'PKR', '342329', '1'),
('0', '94', '2017-07-24', 'JV072/2017', '', '2017-07-24', '2017-07-24', 'PKR', '199400', '1'),
('0', '95', '2017-07-20', 'JV073/2017', '', '2017-07-20', '2017-07-20', 'PKR', '22100', '1'),
('0', '96', '2017-07-24', 'JV074/2017', '', '2017-07-24', '2017-07-24', 'PKR', '200000', '1'),
('0', '97', '2017-07-31', 'JV075/2017', '', '2017-07-31', '2017-07-31', 'PKR', '198852', '1'),
('0', '98', '2017-07-25', 'JV076/2017', '', '2017-07-25', '2017-07-25', 'PKR', '276743', '1'),
('0', '99', '2017-07-31', 'JV077/2017', '', '2017-07-31', '2017-07-31', 'PKR', '0', '1'),
('0', '100', '2017-07-21', 'JV078/2017', '', '2017-07-21', '2017-07-21', 'PKR', '120000', '1'),
('0', '101', '2017-07-31', 'JV079/2017', '', '2017-07-31', '2017-07-31', 'PKR', '96481', '1'),
('0', '102', '2017-07-31', 'JV080/2017', '', '2017-07-31', '2017-07-31', 'PKR', '13720', '1'),
('0', '103', '2017-07-31', 'JV081/2017', '', '2017-07-31', '2017-07-31', 'PKR', '250000', '1'),
('0', '104', '2017-07-19', 'JV082/2017', '', '2017-07-19', '2017-07-19', 'PKR', '0', '1'),
('0', '105', '2017-07-04', 'JV083/2017', '', '2017-07-04', '2017-07-04', 'PKR', '811210', '1'),
('0', '106', '2017-07-05', 'JV084/2017', '', '2017-07-05', '2017-07-05', 'PKR', '3571268', '1'),
('0', '107', '2017-07-05', 'JV085/2017', '', '2017-07-05', '2017-07-05', 'PKR', '1509532', '1'),
('0', '108', '2017-07-05', 'JV086/2017', '', '2017-07-05', '2017-07-05', 'PKR', '4516018', '1'),
('0', '109', '2017-07-05', 'JV087/2017', '', '2017-07-05', '2017-07-05', 'PKR', '3732928', '1'),
('0', '110', '2017-07-07', 'JV088/2017', '', '2017-07-07', '2017-07-07', 'PKR', '5053844', '1'),
('0', '111', '2017-07-10', 'JV089/2017', '', '2017-07-10', '2017-07-10', 'PKR', '4505714', '1'),
('0', '112', '2017-07-11', 'JV090/2017', '', '2017-07-11', '2017-07-11', 'PKR', '0', '1'),
('0', '113', '2017-07-11', 'JV091/2017', '', '2017-07-11', '2017-07-11', 'PKR', '0', '1'),
('0', '114', '2017-07-12', 'JV092/2017', '', '2017-07-12', '2017-07-12', 'PKR', '4155276', '1'),
('0', '115', '2017-07-13', 'JV093/2017', '', '2017-07-13', '2017-07-13', 'PKR', '3165874', '1'),
('0', '116', '2017-07-13', 'JV094/2017', '', '2017-07-13', '2017-07-13', 'PKR', '5617030', '1'),
('0', '117', '2017-07-14', 'JV095/2017', '', '2017-07-14', '2017-07-14', 'PKR', '2254004', '1'),
('0', '118', '2017-07-14', 'JV096/2017', '', '2017-07-14', '2017-07-14', 'PKR', '291480', '1'),
('0', '119', '2017-07-19', 'JV097/2017', '', '2017-07-19', '2017-07-19', 'PKR', '3155594', '1'),
('0', '120', '2017-07-05', 'JV098/2017', '', '2017-07-05', '2017-07-05', 'PKR', '519347', '1'),
('0', '121', '2017-07-05', 'JV099/2017', '', '2017-07-05', '2017-07-05', 'PKR', '992592', '1'),
('0', '122', '2017-07-05', 'JV100/2017', '', '2017-07-05', '2017-07-05', 'PKR', '478668', '1'),
('0', '123', '2017-07-05', 'JV101/2017', '', '2017-07-05', '2017-07-05', 'PKR', '992592', '1'),
('0', '124', '2017-07-11', 'JV102/2017', '', '2017-07-11', '2017-07-11', 'PKR', '0', '1'),
('0', '125', '2017-07-13', 'JV103/2017', '', '2017-07-13', '2017-07-13', 'PKR', '79167', '1'),
('0', '126', '2017-07-21', 'JV104/2017', '', '2017-07-21', '2017-07-21', 'PKR', '3715035', '1'),
('0', '127', '2017-07-24', 'JV105/2017', '', '2017-07-24', '2017-07-24', 'PKR', '2500000', '1'),
('0', '128', '2017-07-25', 'JV106/2017', '', '2017-07-25', '2017-07-25', 'PKR', '4212800', '1'),
('0', '129', '2017-07-25', 'JV107/2017', '', '2017-07-25', '2017-07-25', 'PKR', '4200000', '1'),
('0', '130', '2017-07-25', 'JV108/2017', '', '2017-07-25', '2017-07-25', 'PKR', '4700000', '1'),
('0', '131', '2017-07-27', 'JV109/2017', '', '2017-07-27', '2017-07-27', 'PKR', '4165793', '1'),
('0', '132', '2017-07-28', 'JV110/2017', '', '2017-07-28', '2017-07-28', 'PKR', '6255177', '1'),
('0', '133', '2017-07-28', 'JV111/2017', '', '2017-07-28', '2017-07-28', 'PKR', '6200000', '1'),
('0', '134', '2017-07-31', 'JV112/2017', '', '2017-07-31', '2017-07-31', 'PKR', '2504449', '1'),
('0', '135', '2017-07-31', 'JV113/2017', '', '2017-07-31', '2017-07-31', 'PKR', '4600000', '1'),
('0', '136', '2017-07-31', 'JV114/2017', '', '2017-07-31', '2017-07-31', 'PKR', '8150000', '1'),
('0', '137', '2017-07-04', 'JV115/2017', '', '2017-07-04', '2017-07-04', 'PKR', '3840', '1'),
('0', '138', '2017-07-01', 'JV116/2017', '', '2017-08-10', '2017-08-10', 'PKR', '0', '1'),
('0', '139', '2017-07-13', 'JV117/2017', '', '2017-07-13', '2017-07-13', 'PKR', '73764', '1'),
('0', '140', '2017-07-13', 'JV118/2017', '', '2017-07-13', '2017-07-13', 'PKR', '28090', '1'),
('0', '141', '2017-07-18', 'JV119/2017', '', '2017-07-18', '2017-07-18', 'PKR', '600000', '1'),
('0', '142', '2017-07-18', 'JV120/2017', '', '2017-07-18', '2017-07-18', 'PKR', '385000', '1'),
('0', '143', '2017-07-19', 'JV121/2017', '', '2017-07-19', '2017-07-19', 'PKR', '10000', '1'),
('0', '144', '2017-07-01', 'JV122/2017', '', '2017-08-10', '2017-08-10', 'PKR', '0', '1'),
('0', '145', '2017-07-04', 'JV123/2017', '', '2017-07-04', '2017-07-04', 'PKR', '464', '1'),
('0', '146', '2017-07-04', 'JV124/2017', '', '2017-07-04', '2017-07-04', 'PKR', '3000', '1'),
('0', '147', '2017-07-04', 'JV125/2017', '', '2017-07-04', '2017-07-04', 'PKR', '35', '1'),
('0', '148', '2017-07-05', 'JV126/2017', '', '2017-07-05', '2017-07-05', 'PKR', '968.94', '1'),
('0', '149', '2017-07-05', 'JV127/2017', '', '2017-07-05', '2017-07-05', 'PKR', '1500', '1'),
('0', '150', '2017-07-06', 'JV128/2017', '', '2017-07-06', '2017-07-06', 'PKR', '34041.28', '1'),
('0', '151', '2017-07-10', 'JV129/2017', '', '2017-07-10', '2017-07-10', 'PKR', '3075', '1'),
('0', '152', '2017-07-11', 'JV130/2017', '', '2017-07-11', '2017-07-11', 'PKR', '0', '1'),
('0', '153', '2017-07-13', 'JV131/2017', '', '2017-07-13', '2017-07-13', 'PKR', '2500', '1'),
('0', '154', '2017-07-14', 'JV132/2017', '', '2017-07-14', '2017-07-14', 'PKR', '483.65', '1'),
('0', '155', '2017-07-17', 'JV133/2017', '', '2017-07-17', '2017-07-17', 'PKR', '869.94', '1'),
('0', '156', '2017-07-18', 'JV134/2017', '', '2017-07-18', '2017-07-18', 'PKR', '290', '1'),
('0', '157', '2017-07-19', 'JV135/2017', '', '2017-07-19', '2017-07-19', 'PKR', '1085.23', '1'),
('0', '158', '2017-07-21', 'JV136/2017', '', '2017-07-21', '2017-07-21', 'PKR', '1500', '1'),
('0', '159', '2017-07-24', 'JV137/2017', '', '2017-07-24', '2017-07-24', 'PKR', '2698.2', '1'),
('0', '160', '2017-07-25', 'JV138/2017', '', '2017-07-25', '2017-07-25', 'PKR', '2930', '1'),
('0', '161', '2017-07-27', 'JV139/2017', '', '2017-07-27', '2017-07-27', 'PKR', '1500', '1'),
('0', '162', '2017-07-31', 'JV140/2017', '', '2017-07-31', '2017-07-31', 'PKR', '87.24', '1'),
('0', '163', '2017-07-21', 'JV141/2017', '', '2017-07-21', '2017-07-21', 'PKR', '0', '1'),
('0', '164', '2017-07-31', 'JV142/2017', '', '2017-07-31', '2017-07-31', 'PKR', '30849', '1'),
('0', '165', '2017-07-27', 'JV143/2017', '', '2017-07-27', '2017-07-27', 'PKR', '0', '1'),
('0', '166', '2017-07-31', 'JV144/2017', '', '2017-07-31', '2017-07-31', 'PKR', '2803048', '1'),
('0', '167', '2017-07-31', 'JV145/2017', '', '2017-07-31', '2017-07-31', 'PKR', '0', '1'),
('0', '168', '2017-07-27', 'JV143/2017', '', '2017-07-27', '2017-07-27', 'PKR', '4725937', '1'),
('0', '169', '2017-07-21', 'JV141/2017', '', '2017-07-21', '2017-07-21', 'PKR', '4307477', '1'),
('0', '170', '2017-07-31', 'JV145/2017', '', '2017-07-31', '2017-07-31', 'PKR', '20000', '1'),
('0', '171', '2017-07-11', 'JV130/2017', '', '2017-07-11', '2017-07-11', 'PKR', '3329.32', '1'),
('0', '172', '2017-07-31', 'JV146/2017', '', '2017-07-31', '2017-07-31', 'PKR', '20000', '1'),
('0', '173', '2017-08-15', 'JV147/2017', '', '2017-08-15', '2017-08-15', 'PKR', '50000', '1'),
('0', '174', '2017-07-31', 'JV148/2017', '', '2017-07-31', '2017-07-31', 'PKR', '496362', '1'),
('0', '175', '2017-07-31', 'JV149/2017', '', '2017-07-31', '2017-07-31', 'PKR', '0', '1'),
('0', '176', '2017-07-31', 'JV150/2017', '', '2017-07-31', '2017-07-31', 'PKR', '176095', '1'),
('0', '177', '2017-07-31', 'JV151/2017', '', '2017-07-31', '2017-07-31', 'PKR', '0', '1'),
('0', '178', '2017-07-31', 'JV152/2017', '', '2017-07-31', '2017-07-31', 'PKR', '0', '1'),
('0', '179', '2017-07-31', 'JV153/2017', '', '2017-07-31', '2017-07-31', 'PKR', '0', '1'),
('0', '180', '2017-07-04', 'JV154/2017', '', '2017-07-04', '2017-07-04', 'PKR', '2500000', '1'),
('0', '181', '2017-07-06', 'JV155/2017', '', '2017-07-06', '2017-07-06', 'PKR', '500000', '1'),
('0', '182', '2017-07-06', 'JV156/2017', '', '2017-07-06', '2017-07-06', 'PKR', '700000', '1'),
('0', '183', '2017-07-07', 'JV157/2017', '', '2017-07-07', '2017-07-07', 'PKR', '3000000', '1'),
('0', '184', '2017-07-07', 'JV158/2017', '', '2017-07-07', '2017-07-07', 'PKR', '7275', '1'),
('0', '185', '2017-07-10', 'JV159/2017', '', '2017-07-10', '2017-07-10', 'PKR', '300000', '1'),
('0', '186', '2017-07-10', 'JV160/2017', '', '2017-07-10', '2017-07-10', 'PKR', '300476', '1'),
('0', '187', '2017-07-10', 'JV161/2017', '', '2017-07-10', '2017-07-10', 'PKR', '552439', '1'),
('0', '188', '2017-07-10', 'JV162/2017', '', '2017-07-10', '2017-07-10', 'PKR', '716392', '1'),
('0', '189', '2017-07-10', 'JV163/2017', '', '2017-07-10', '2017-07-10', 'PKR', '164580', '1'),
('0', '190', '2017-07-10', 'JV164/2017', '', '2017-07-10', '2017-07-10', 'PKR', '128895', '1'),
('0', '191', '2017-07-10', 'JV165/2017', '', '2017-07-10', '2017-07-10', 'PKR', '350000', '1'),
('0', '192', '2017-07-11', 'JV166/2017', '', '2017-07-11', '2017-07-11', 'PKR', '0', '1'),
('0', '193', '2017-07-11', 'JV167/2017', '', '2017-07-11', '2017-07-11', 'PKR', '41000', '1'),
('0', '194', '2017-07-11', 'JV168/2017', '', '2017-07-11', '2017-07-11', 'PKR', '27395', '1'),
('0', '195', '2017-07-11', 'JV169/2017', '', '2017-07-11', '2017-07-11', 'PKR', '582379', '1'),
('0', '196', '2017-07-13', 'JV170/2017', '', '2017-07-13', '2017-07-13', 'PKR', '16416', '1'),
('0', '197', '2017-07-13', 'JV171/2017', '', '2017-07-13', '2017-07-13', 'PKR', '2500000', '1'),
('0', '198', '2017-07-14', 'JV172/2017', '', '2017-07-14', '2017-07-14', 'PKR', '400000', '1'),
('0', '199', '2017-07-13', 'JV173/2017', '', '2017-07-13', '2017-07-13', 'PKR', '71713', '1'),
('0', '200', '2017-07-17', 'JV174/2017', '', '2017-07-17', '2017-07-17', 'PKR', '465228', '1'),
('0', '201', '2017-07-17', 'JV175/2017', '', '2017-07-17', '2017-07-17', 'PKR', '74604', '1'),
('0', '202', '2017-07-15', 'JV176/2017', '', '2017-07-15', '2017-07-15', 'PKR', '12643', '1'),
('0', '203', '2017-07-17', 'JV177/2017', '', '2017-07-17', '2017-07-17', 'PKR', '224384', '1'),
('0', '204', '2017-07-17', 'JV178/2017', '', '2017-07-17', '2017-07-17', 'PKR', '991787', '1'),
('0', '205', '2017-07-18', 'JV179/2017', '', '2017-07-18', '2017-07-18', 'PKR', '0', '1'),
('0', '206', '2017-07-18', 'JV179/2017', '', '2017-07-18', '2017-07-18', 'PKR', '1000000', '1'),
('0', '207', '2017-07-19', 'JV180/2017', '', '2017-07-19', '2017-07-19', 'PKR', '7582', '1'),
('0', '208', '2017-07-19', 'JV181/2017', '', '2017-07-19', '2017-07-19', 'PKR', '4162', '1'),
('0', '209', '2017-07-19', 'JV182/2017', '', '2017-07-19', '2017-07-19', 'PKR', '150000', '1'),
('0', '210', '2017-07-21', 'JV183/2017', '', '2017-07-21', '2017-07-21', 'PKR', '3200000', '1'),
('0', '211', '2017-07-24', 'JV184/2017', '', '2017-07-24', '2017-07-24', 'PKR', '2400000', '1'),
('0', '212', '2017-07-25', 'JV185/2017', '', '2017-07-25', '2017-07-25', 'PKR', '3600000', '1'),
('0', '213', '2017-07-27', 'JV186/2017', '', '2017-07-27', '2017-07-27', 'PKR', '500000', '1'),
('0', '214', '2017-07-31', 'JV187/2017', '', '2017-07-31', '2017-07-31', 'PKR', '200000', '1'),
('0', '215', '2017-07-31', 'JV188/2017', '', '2017-07-31', '2017-07-31', 'PKR', '150000', '1'),
('0', '216', '2017-07-28', 'JV189/2017', '', '2017-07-28', '2017-07-28', 'PKR', '100000', '1'),
('0', '217', '2017-07-25', 'JV190/2017', '', '2017-07-25', '2017-07-25', 'PKR', '250000', '1'),
('0', '218', '2017-07-25', 'JV191/2017', '', '2017-07-25', '2017-07-25', 'PKR', '250000', '1'),
('0', '219', '2017-07-17', 'JV055/2017', '', '2017-07-17', '2017-07-17', 'PKR', '185823', '1'),
('0', '220', '2017-07-24', 'JV192/2017', '', '2017-07-24', '2017-07-24', 'PKR', '257916', '1'),
('0', '221', '2017-07-24', 'JV193/2017', '', '2017-07-24', '2017-07-24', 'PKR', '3116281', '1'),
('0', '222', '2017-08-01', 'JV194/2017', '', '2017-08-01', '2017-08-01', 'PKR', '237716', '1'),
('0', '223', '2017-07-31', 'JV069/2017', '', '2017-07-31', '2017-07-31', 'PKR', '483854', '1'),
('0', '224', '2017-07-31', 'JV153/2017', '', '2017-07-31', '2017-07-31', 'PKR', '0', '1'),
('0', '225', '2017-07-01', 'JV195/2017', '', '2017-07-01', '2017-07-01', 'PKR', '33863', '1'),
('0', '226', '2017-07-01', 'JV196/2017', '', '2017-07-01', '2017-07-01', 'PKR', '4091308', '1'),
('0', '227', '2017-07-01', 'JV197/2017', '', '2017-07-01', '2017-07-01', 'PKR', '554966', '1'),
('0', '228', '2017-07-01', 'JV198/2017', '', '2017-07-01', '2017-07-01', 'PKR', '7275', '1'),
('0', '229', '2017-07-01', 'JV199/2017', '', '2017-07-01', '2017-07-01', 'PKR', '760400', '1'),
('0', '230', '2017-07-01', 'JV200/2017', '', '2017-07-01', '2017-07-01', 'PKR', '162667', '1'),
('0', '231', '2017-07-01', 'JV201/2017', '', '2017-07-01', '2017-07-01', 'PKR', '4800', '1'),
('0', '232', '2017-07-01', 'JV202/2017', '', '2017-07-01', '2017-07-01', 'PKR', '22100', '1'),
('0', '233', '2017-07-01', 'JV203/2017', '', '2017-07-01', '2017-07-01', 'PKR', '128895', '1'),
('0', '234', '2017-07-01', 'JV204/2017', '', '2017-07-01', '2017-07-01', 'PKR', '1263931', '1'),
('0', '235', '2017-07-01', 'JV205/2017', '', '2017-07-01', '2017-07-01', 'PKR', '164888', '1'),
('0', '236', '2017-07-01', 'JV206/2017', '', '2017-07-01', '2017-07-01', 'PKR', '13080', '1'),
('0', '237', '2017-07-31', 'JV207/2017', '', '2017-07-31', '2017-07-31', 'PKR', '3160', '1'),
('0', '238', '2017-07-31', 'JV208/2017', '', '2017-07-31', '2017-07-31', 'PKR', '137403', '1'),
('0', '239', '2017-07-31', 'JV149/2017', '', '2017-07-31', '2017-07-31', 'PKR', '0', '1'),
('0', '240', '2017-07-31', 'JV209/2017', '', '2017-07-31', '2017-07-31', 'PKR', '16416', '1'),
('0', '241', '2017-07-31', 'JV152/2017', '', '2017-07-31', '2017-07-31', 'PKR', '7850', '1'),
('0', '242', '2017-07-19', 'JV006/2017', '', '2017-08-05', '2017-08-05', 'PKR', '0', '1'),
('0', '243', '2017-07-01', 'JV210/2017', '', '2017-07-01', '2017-07-01', 'PKR', '0', '1'),
('0', '244', '2017-07-01', 'JV210/2017', '', '2017-07-01', '2017-07-01', 'PKR', '50093', '1'),
('0', '245', '2017-08-18', 'JV211/2017', '', '2017-08-18', '2017-08-18', 'PKR', '0', '1'),
('0', '246', '2017-08-18', 'JV211/2017', '', '2017-08-18', '2017-08-18', 'PKR', '0', '1'),
('0', '247', '2017-08-17', 'JV211/2017', '', '2017-08-17', '2017-08-17', 'PKR', '0', '1'),
('0', '248', '2017-08-17', 'JV212/2017', '', '2017-08-19', '2017-08-19', 'PKR', '0', '1'),
('0', '249', '2017-07-19', 'JV006/2017', '', '2017-08-05', '2017-08-05', 'PKR', '3540746', '1'),
('0', '250', '2017-07-31', 'JV149/2017', '', '2017-07-31', '2017-07-31', 'PKR', '0', '1'),
('0', '251', '2017-07-31', 'JV149/2017', '', '2017-07-31', '2017-07-31', 'PKR', '32014', '1'),
('0', '252', '2017-07-11', 'JV090/2017', '', '2017-07-11', '2017-07-11', 'PKR', '2961200', '1'),
('0', '253', '2017-07-11', 'JV091/2017', '', '2017-07-11', '2017-07-11', 'PKR', '5484478', '1'),
('0', '254', '2017-07-11', 'JV102/2017', '', '2017-07-11', '2017-07-11', 'PKR', '7056841', '1'),
('0', '255', '2017-07-01', 'JV211/2017', '', '2017-07-01', '2017-07-01', 'PKR', '0', '1'),
('0', '256', '2017-07-01', 'JV211/2017', '', '2017-07-01', '2017-07-01', 'PKR', '0', '1'),
('0', '257', '2017-07-01', 'JV211/2017', '', '2017-07-01', '2017-07-01', 'PKR', '726899', '1'),
('0', '258', '2017-07-01', 'JV212/2017', '', '2017-08-21', '2017-08-21', 'PKR', '2388961', '1'),
('0', '259', '2017-07-01', 'JV213/2017', '', '2017-08-21', '2017-08-21', 'PKR', '681433', '1'),
('0', '260', '2017-07-31', 'JV214/2017', '', '2017-07-31', '2017-07-31', 'PKR', '716417', '1'),
('0', '261', '2017-07-20', 'JV215/2017', '', '2017-07-20', '2017-07-20', 'PKR', '1273022', '1'),
('0', '262', '2017-07-31', 'JV216/2017', '', '2017-07-31', '2017-07-31', 'PKR', '500000', '1'),
('0', '263', '2017-07-04', 'JV217/2017', '', '2017-07-04', '2017-07-04', 'PKR', '0', '1'),
('0', '264', '2017-07-08', 'JV218/2017', '', '2017-07-08', '2017-07-08', 'PKR', '21700', '1'),
('0', '265', '2017-07-10', 'JV219/2017', '', '2017-07-10', '2017-07-10', 'PKR', '17000', '1'),
('0', '266', '2017-07-22', 'JV220/2017', '', '2017-07-22', '2017-07-22', 'PKR', '24950', '1'),
('0', '267', '2017-07-25', 'JV221/2017', '', '2017-07-25', '2017-07-25', 'PKR', '34400', '1'),
('0', '268', '2017-07-29', 'JV222/2017', '', '2017-07-29', '2017-07-29', 'PKR', '71600', '1'),
('0', '269', '2017-07-21', 'JV223/2017', '', '2017-07-21', '2017-07-21', 'PKR', '39485', '1'),
('0', '270', '2017-07-04', 'JV224/2017', '', '2017-07-04', '2017-07-04', 'PKR', '6500', '1'),
('0', '271', '2017-07-08', 'JV225/2017', '', '2017-07-08', '2017-07-08', 'PKR', '12305', '1'),
('0', '272', '2017-07-27', 'JV226/2017', '', '2017-07-27', '2017-07-27', 'PKR', '170071', '1'),
('0', '273', '2017-07-31', 'JV227/2017', '', '2017-07-31', '2017-07-31', 'PKR', '112993', '1'),
('0', '274', '2017-07-14', 'JV228/2017', '', '2017-07-14', '2017-07-14', 'PKR', '23170', '1'),
('0', '275', '2017-07-31', 'JV229/2017', '', '2017-07-31', '2017-07-31', 'PKR', '205046', '1'),
('0', '276', '2017-07-06', 'JV230/2017', '', '2017-07-06', '2017-07-06', 'PKR', '13410', '1'),
('0', '277', '2017-07-10', 'JV231/2017', '', '2017-07-10', '2017-07-10', 'PKR', '15020', '1'),
('0', '278', '2017-07-12', 'JV232/2017', '', '2017-07-12', '2017-07-12', 'PKR', '17903', '1'),
('0', '279', '2017-07-24', 'JV233/2017', '', '2017-07-24', '2017-07-24', 'PKR', '11370', '1'),
('0', '280', '2017-07-26', 'JV234/2017', '', '2017-07-26', '2017-07-26', 'PKR', '15250', '1'),
('0', '281', '2017-07-31', 'JV235/2017', '', '2017-07-31', '2017-07-31', 'PKR', '11370', '1'),
('0', '282', '2017-07-31', 'JV236/2017', '', '2017-07-31', '2017-07-31', 'PKR', '17430', '1'),
('0', '283', '2017-07-04', 'JV217/2017', '', '2017-07-04', '2017-07-04', 'PKR', '15500', '1'),
('0', '284', '2017-08-22', 'JV237/2017', '', '2017-08-22', '2017-08-22', 'PKR', '0', '1'),
('0', '285', '2017-09-02', 'JV237/2017', '', '2017-08-22', '2017-08-22', 'PKR', '15500', '1'),
('0', '286', '2017-08-23', 'JV238/2017', '', '2017-08-23', '2017-08-23', 'PKR', '7790', '1'),
('0', '287', '2017-08-23', 'JV239/2017', '', '2017-08-23', '2017-08-23', 'PKR', '19920', '1');

### Structure of table `0_loc_stock` ###

DROP TABLE IF EXISTS `0_loc_stock`;

CREATE TABLE `0_loc_stock` (
  `loc_code` char(5) COLLATE utf8_unicode_ci NOT NULL DEFAULT '',
  `stock_id` char(20) COLLATE utf8_unicode_ci NOT NULL DEFAULT '',
  `reorder_level` double NOT NULL DEFAULT '0',
  PRIMARY KEY (`loc_code`,`stock_id`),
  KEY `stock_id` (`stock_id`)
) ENGINE=InnoDB DEFAULT CHARSET=utf8 COLLATE=utf8_unicode_ci ;

### Data of table `0_loc_stock` ###

INSERT INTO `0_loc_stock` VALUES
('DEF', '0001', '0'),
('DEF', 'APLDPR8080', '0'),
('DEF', 'APLDPR80801', '0'),
('DEF', 'CAPBLDWHEPCFAB', '0'),
('DEF', 'CAPBNYBLKTFAB', '0'),
('DEF', 'CAPDYDJGRNFAB', '0'),
('DEF', 'CAPDYDMBLUCTNFAB', '0'),
('DEF', 'CAPPRTDMLMDPCFAB', '0'),
('DEF', 'CAPPRTLHLGOFAB', '0'),
('DEF', 'CAPPRTLHLGOPCFAB', '0'),
('DEF', 'EMRBLKT72104BLUBLK', '0'),
('DEF', 'EMRBLKT72104BLUORG', '0'),
('DEF', 'EMRBS72108WHEBLK', '0'),
('DEF', 'EMRBS72108WHERED', '0'),
('DEF', 'EMRPC2030WHEBLU', '0'),
('DEF', 'EMRTWL3060WHEBLK', '0'),
('DEF', 'EMRTWL3060WHEORG', '0'),
('DEF', 'LSGNSTYL1', '0'),
('DEF', 'LSGNSTYL2', '0'),
('DEF', 'LSGNSTYL3', '0'),
('DEF', 'LSGOLDSTYL1', '0'),
('DEF', 'LSGOLDSTYL2', '0'),
('DEF', 'LSGOLDSTYL3', '0'),
('DEF', 'MRBAAPN90110', '0'),
('DEF', 'MRBAAPN9075', '0'),
('DEF', 'MRBDC162220MKR', '0'),
('DEF', 'MRBDC165215HRMS', '0'),
('DEF', 'MRBLBS280330', '0'),
('DEF', 'MRBPC639320MKR', '0'),
('DEF', 'MRBPC639520HRMS', '0'),
('DEF', 'MRBPC66125HRMS', '0'),
('DEF', 'OB', '0'),
('DEF', 'OBB', '0'),
('DEF', 'SLMDSHEET86186', '0'),
('KHI', '0001', '0'),
('KHI', 'APLDPR8080', '0'),
('KHI', 'APLDPR80801', '0'),
('KHI', 'CAPBLDWHEPCFAB', '0'),
('KHI', 'CAPBNYBLKTFAB', '0'),
('KHI', 'CAPDYDJGRNFAB', '0'),
('KHI', 'CAPDYDMBLUCTNFAB', '0'),
('KHI', 'CAPPRTDMLMDPCFAB', '0'),
('KHI', 'CAPPRTLHLGOFAB', '0'),
('KHI', 'CAPPRTLHLGOPCFAB', '0'),
('KHI', 'EMRBLKT72104BLUBLK', '0'),
('KHI', 'EMRBLKT72104BLUORG', '0'),
('KHI', 'EMRBS72108WHEBLK', '0'),
('KHI', 'EMRBS72108WHERED', '0'),
('KHI', 'EMRPC2030WHEBLU', '0'),
('KHI', 'EMRTWL3060WHEBLK', '0'),
('KHI', 'EMRTWL3060WHEORG', '0'),
('KHI', 'LSGNSTYL1', '0'),
('KHI', 'LSGNSTYL2', '0'),
('KHI', 'LSGNSTYL3', '0'),
('KHI', 'LSGOLDSTYL1', '0'),
('KHI', 'LSGOLDSTYL2', '0'),
('KHI', 'LSGOLDSTYL3', '0'),
('KHI', 'MRBAAPN90110', '0'),
('KHI', 'MRBAAPN9075', '0'),
('KHI', 'MRBDC162220MKR', '0'),
('KHI', 'MRBDC165215HRMS', '0'),
('KHI', 'MRBLBS280330', '0'),
('KHI', 'MRBPC639320MKR', '0'),
('KHI', 'MRBPC639520HRMS', '0'),
('KHI', 'MRBPC66125HRMS', '0'),
('KHI', 'OB', '0'),
('KHI', 'OBB', '0'),
('KHI', 'SLMDSHEET86186', '0'),
('LHE', '0001', '0'),
('LHE', 'APLDPR8080', '0'),
('LHE', 'APLDPR80801', '0'),
('LHE', 'CAPBLDWHEPCFAB', '0'),
('LHE', 'CAPBNYBLKTFAB', '0'),
('LHE', 'CAPDYDJGRNFAB', '0'),
('LHE', 'CAPDYDMBLUCTNFAB', '0'),
('LHE', 'CAPPRTDMLMDPCFAB', '0'),
('LHE', 'CAPPRTLHLGOFAB', '0'),
('LHE', 'CAPPRTLHLGOPCFAB', '0'),
('LHE', 'EMRBLKT72104BLUBLK', '0'),
('LHE', 'EMRBLKT72104BLUORG', '0'),
('LHE', 'EMRBS72108WHEBLK', '0'),
('LHE', 'EMRBS72108WHERED', '0'),
('LHE', 'EMRPC2030WHEBLU', '0'),
('LHE', 'EMRTWL3060WHEBLK', '0'),
('LHE', 'EMRTWL3060WHEORG', '0'),
('LHE', 'LSGNSTYL1', '0'),
('LHE', 'LSGNSTYL2', '0'),
('LHE', 'LSGNSTYL3', '0'),
('LHE', 'LSGOLDSTYL1', '0'),
('LHE', 'LSGOLDSTYL2', '0'),
('LHE', 'LSGOLDSTYL3', '0'),
('LHE', 'MRBAAPN90110', '0'),
('LHE', 'MRBAAPN9075', '0'),
('LHE', 'MRBDC162220MKR', '0'),
('LHE', 'MRBDC165215HRMS', '0'),
('LHE', 'MRBLBS280330', '0'),
('LHE', 'MRBPC639320MKR', '0'),
('LHE', 'MRBPC639520HRMS', '0'),
('LHE', 'MRBPC66125HRMS', '0'),
('LHE', 'OB', '0'),
('LHE', 'OBB', '0'),
('LHE', 'SLMDSHEET86186', '0');

### Structure of table `0_locations` ###

DROP TABLE IF EXISTS `0_locations`;

CREATE TABLE `0_locations` (
  `loc_code` varchar(5) COLLATE utf8_unicode_ci NOT NULL DEFAULT '',
  `location_name` varchar(60) COLLATE utf8_unicode_ci NOT NULL DEFAULT '',
  `delivery_address` tinytext COLLATE utf8_unicode_ci NOT NULL,
  `phone` varchar(30) COLLATE utf8_unicode_ci NOT NULL DEFAULT '',
  `phone2` varchar(30) COLLATE utf8_unicode_ci NOT NULL DEFAULT '',
  `fax` varchar(30) COLLATE utf8_unicode_ci NOT NULL DEFAULT '',
  `email` varchar(100) COLLATE utf8_unicode_ci NOT NULL DEFAULT '',
  `contact` varchar(30) COLLATE utf8_unicode_ci NOT NULL DEFAULT '',
  `fixed_asset` tinyint(1) NOT NULL DEFAULT '0',
  `inactive` tinyint(1) NOT NULL DEFAULT '0',
  PRIMARY KEY (`loc_code`)
) ENGINE=InnoDB DEFAULT CHARSET=utf8 COLLATE=utf8_unicode_ci ;

### Data of table `0_locations` ###

INSERT INTO `0_locations` VALUES
('DEF', 'Default', 'N/A', '', '', '', '', '', '0', '0'),
('KHI', 'Karachi', '', '', '', '', '', '', '1', '0'),
('LHE', 'Lahore', '', '', '', '', '', '', '1', '0');

### Structure of table `0_movement_types` ###

DROP TABLE IF EXISTS `0_movement_types`;

CREATE TABLE `0_movement_types` (
  `id` int(11) NOT NULL AUTO_INCREMENT,
  `name` varchar(60) COLLATE utf8_unicode_ci NOT NULL DEFAULT '',
  `inactive` tinyint(1) NOT NULL DEFAULT '0',
  PRIMARY KEY (`id`),
  UNIQUE KEY `name` (`name`)
) ENGINE=MyISAM AUTO_INCREMENT=3 DEFAULT CHARSET=utf8 COLLATE=utf8_unicode_ci ;

### Data of table `0_movement_types` ###

INSERT INTO `0_movement_types` VALUES
('1', 'Adjustment', '0'),
('2', 'Opening Balance', '0');

### Structure of table `0_payment_terms` ###

DROP TABLE IF EXISTS `0_payment_terms`;

CREATE TABLE `0_payment_terms` (
  `terms_indicator` int(11) NOT NULL AUTO_INCREMENT,
  `terms` char(80) COLLATE utf8_unicode_ci NOT NULL DEFAULT '',
  `days_before_due` smallint(6) NOT NULL DEFAULT '0',
  `day_in_following_month` smallint(6) NOT NULL DEFAULT '0',
  `inactive` tinyint(1) NOT NULL DEFAULT '0',
  PRIMARY KEY (`terms_indicator`),
  UNIQUE KEY `terms` (`terms`)
) ENGINE=InnoDB AUTO_INCREMENT=13 DEFAULT CHARSET=utf8 COLLATE=utf8_unicode_ci ;

### Data of table `0_payment_terms` ###

INSERT INTO `0_payment_terms` VALUES
('1', 'Due 15th Of the Following Month', '0', '17', '0'),
('2', 'Due By End Of The Following Month', '0', '30', '0'),
('3', 'Payment due within 10 days', '10', '0', '0'),
('4', 'Cash Only', '0', '0', '0'),
('5', '90 Days', '90', '0', '0'),
('6', 'CAD', '60', '0', '0'),
('7', 'L / C', '60', '0', '0'),
('9', 'L/C', '90', '0', '0'),
('10', 'LC', '120', '0', '0'),
('11', 'ADVANCE', '-1', '0', '0');

### Structure of table `0_prices` ###

DROP TABLE IF EXISTS `0_prices`;

CREATE TABLE `0_prices` (
  `id` int(11) NOT NULL AUTO_INCREMENT,
  `stock_id` varchar(20) COLLATE utf8_unicode_ci NOT NULL DEFAULT '',
  `sales_type_id` int(11) NOT NULL DEFAULT '0',
  `curr_abrev` char(3) COLLATE utf8_unicode_ci NOT NULL DEFAULT '',
  `price` double NOT NULL DEFAULT '0',
  PRIMARY KEY (`id`),
  UNIQUE KEY `price` (`stock_id`,`sales_type_id`,`curr_abrev`)
) ENGINE=InnoDB AUTO_INCREMENT=11 DEFAULT CHARSET=utf8 COLLATE=utf8_unicode_ci ;

### Data of table `0_prices` ###

INSERT INTO `0_prices` VALUES
('4', '1002', '2', 'PKR', '200'),
('5', 'LSGNSTYL1', '1', 'EUR', '1'),
('6', 'MRBAAPN9075', '1', 'USD', '8'),
('7', 'APLDPR8080', '1', 'USD', '5.5'),
('8', 'MRBPC66125HRMS', '1', 'USD', '5.5'),
('9', 'MRBLBS280330', '1', 'GBP', '5'),
('10', 'MRBDC165215HRMS', '1', 'USD', '8.95');

### Structure of table `0_print_profiles` ###

DROP TABLE IF EXISTS `0_print_profiles`;

CREATE TABLE `0_print_profiles` (
  `id` smallint(6) unsigned NOT NULL AUTO_INCREMENT,
  `profile` varchar(30) COLLATE utf8_unicode_ci NOT NULL,
  `report` varchar(5) COLLATE utf8_unicode_ci DEFAULT NULL,
  `printer` tinyint(3) unsigned DEFAULT NULL,
  PRIMARY KEY (`id`),
  UNIQUE KEY `profile` (`profile`,`report`)
) ENGINE=InnoDB AUTO_INCREMENT=10 DEFAULT CHARSET=utf8 COLLATE=utf8_unicode_ci ;

### Data of table `0_print_profiles` ###

INSERT INTO `0_print_profiles` VALUES
('1', 'Out of office', NULL, '0'),
('2', 'Sales Department', NULL, '0'),
('3', 'Central', NULL, '2'),
('4', 'Sales Department', '104', '2'),
('5', 'Sales Department', '105', '2'),
('6', 'Sales Department', '107', '2'),
('7', 'Sales Department', '109', '2'),
('8', 'Sales Department', '110', '2'),
('9', 'Sales Department', '201', '2');

### Structure of table `0_printers` ###

DROP TABLE IF EXISTS `0_printers`;

CREATE TABLE `0_printers` (
  `id` tinyint(3) unsigned NOT NULL AUTO_INCREMENT,
  `name` varchar(20) COLLATE utf8_unicode_ci NOT NULL,
  `description` varchar(60) COLLATE utf8_unicode_ci NOT NULL,
  `queue` varchar(20) COLLATE utf8_unicode_ci NOT NULL,
  `host` varchar(40) COLLATE utf8_unicode_ci NOT NULL,
  `port` smallint(11) unsigned NOT NULL,
  `timeout` tinyint(3) unsigned NOT NULL,
  PRIMARY KEY (`id`),
  UNIQUE KEY `name` (`name`)
) ENGINE=InnoDB AUTO_INCREMENT=4 DEFAULT CHARSET=utf8 COLLATE=utf8_unicode_ci ;

### Data of table `0_printers` ###

INSERT INTO `0_printers` VALUES
('1', 'QL500', 'Label printer', 'QL500', 'server', '127', '20'),
('2', 'Samsung', 'Main network printer', 'scx4521F', 'server', '515', '5'),
('3', 'Local', 'Local print server at user IP', 'lp', '', '515', '10');

### Structure of table `0_purch_data` ###

DROP TABLE IF EXISTS `0_purch_data`;

CREATE TABLE `0_purch_data` (
  `supplier_id` int(11) NOT NULL DEFAULT '0',
  `stock_id` char(20) COLLATE utf8_unicode_ci NOT NULL DEFAULT '',
  `price` double NOT NULL DEFAULT '0',
  `suppliers_uom` char(50) COLLATE utf8_unicode_ci NOT NULL DEFAULT '',
  `conversion_factor` double NOT NULL DEFAULT '1',
  `supplier_description` char(50) COLLATE utf8_unicode_ci NOT NULL DEFAULT '',
  PRIMARY KEY (`supplier_id`,`stock_id`)
) ENGINE=InnoDB DEFAULT CHARSET=utf8 COLLATE=utf8_unicode_ci ;

### Data of table `0_purch_data` ###

INSERT INTO `0_purch_data` VALUES
('1', 'OB', '1000', '', '1', 'OPENING BALANCE'),
('13', 'OB', '100000', '', '1', 'OPENING BALANCE PAY');

### Structure of table `0_purch_order_details` ###

DROP TABLE IF EXISTS `0_purch_order_details`;

CREATE TABLE `0_purch_order_details` (
  `po_detail_item` int(11) NOT NULL AUTO_INCREMENT,
  `order_no` int(11) NOT NULL DEFAULT '0',
  `item_code` varchar(20) COLLATE utf8_unicode_ci NOT NULL DEFAULT '',
  `description` tinytext COLLATE utf8_unicode_ci,
  `delivery_date` date NOT NULL DEFAULT '0000-00-00',
  `qty_invoiced` double NOT NULL DEFAULT '0',
  `unit_price` double NOT NULL DEFAULT '0',
  `act_price` double NOT NULL DEFAULT '0',
  `std_cost_unit` double NOT NULL DEFAULT '0',
  `quantity_ordered` double NOT NULL DEFAULT '0',
  `quantity_received` double NOT NULL DEFAULT '0',
  PRIMARY KEY (`po_detail_item`),
  KEY `order` (`order_no`,`po_detail_item`),
  KEY `itemcode` (`item_code`)
) ENGINE=InnoDB AUTO_INCREMENT=5 DEFAULT CHARSET=utf8 COLLATE=utf8_unicode_ci ;

### Data of table `0_purch_order_details` ###

INSERT INTO `0_purch_order_details` VALUES
('1', '1', 'OB', 'OPENING BALANCE', '2017-07-01', '0', '1000', '1000', '1000', '1', '1'),
('2', '2', 'OB', 'OPENING BALANCE', '2017-07-01', '0', '1000', '1000', '1000', '1', '1'),
('3', '3', 'OB', 'OPENING BALANCE', '2017-07-01', '0', '1000', '1000', '1000', '1', '1'),
('4', '4', 'OB', 'OPENING BALANCE PAY', '2017-07-01', '0', '100000', '100000', '25750', '1', '1');

### Structure of table `0_purch_orders` ###

DROP TABLE IF EXISTS `0_purch_orders`;

CREATE TABLE `0_purch_orders` (
  `order_no` int(11) NOT NULL AUTO_INCREMENT,
  `supplier_id` int(11) NOT NULL DEFAULT '0',
  `comments` tinytext COLLATE utf8_unicode_ci,
  `ord_date` date NOT NULL DEFAULT '0000-00-00',
  `reference` tinytext COLLATE utf8_unicode_ci NOT NULL,
  `requisition_no` tinytext COLLATE utf8_unicode_ci,
  `into_stock_location` varchar(5) COLLATE utf8_unicode_ci NOT NULL DEFAULT '',
  `delivery_address` tinytext COLLATE utf8_unicode_ci NOT NULL,
  `total` double NOT NULL DEFAULT '0',
  `prep_amount` double NOT NULL DEFAULT '0',
  `alloc` double NOT NULL DEFAULT '0',
  `tax_included` tinyint(1) NOT NULL DEFAULT '0',
  `pr` varchar(60) COLLATE utf8_unicode_ci NOT NULL,
  `payments` int(11) NOT NULL,
  PRIMARY KEY (`order_no`),
  KEY `ord_date` (`ord_date`)
) ENGINE=InnoDB AUTO_INCREMENT=5 DEFAULT CHARSET=utf8 COLLATE=utf8_unicode_ci ;

### Data of table `0_purch_orders` ###

INSERT INTO `0_purch_orders` VALUES
('1', '1', NULL, '2017-07-01', 'auto', '1', 'DEF', 'N/A', '1000', '0', '0', '0', '', '1'),
('2', '1', NULL, '2017-07-01', 'auto', '1', 'DEF', 'N/A', '1000', '0', '0', '0', '', '1'),
('3', '1', NULL, '2017-07-01', 'auto', '1', 'DEF', 'N/A', '1000', '0', '0', '0', '', '1'),
('4', '13', 'TEST', '2017-07-01', 'auto', '1', 'DEF', 'N/A', '100000', '0', '0', '0', '', '1');

### Structure of table `0_quick_entries` ###

DROP TABLE IF EXISTS `0_quick_entries`;

CREATE TABLE `0_quick_entries` (
  `id` smallint(6) unsigned NOT NULL AUTO_INCREMENT,
  `type` tinyint(1) NOT NULL DEFAULT '0',
  `description` varchar(60) COLLATE utf8_unicode_ci NOT NULL,
  `usage` varchar(120) COLLATE utf8_unicode_ci DEFAULT NULL,
  `base_amount` double NOT NULL DEFAULT '0',
  `base_desc` varchar(60) COLLATE utf8_unicode_ci DEFAULT NULL,
  `bal_type` tinyint(1) NOT NULL DEFAULT '0',
  PRIMARY KEY (`id`),
  KEY `description` (`description`)
) ENGINE=InnoDB AUTO_INCREMENT=4 DEFAULT CHARSET=utf8 COLLATE=utf8_unicode_ci ;

### Data of table `0_quick_entries` ###

INSERT INTO `0_quick_entries` VALUES
('1', '1', 'Maintenance', NULL, '0', 'Amount', '0'),
('2', '4', 'Phone', NULL, '0', 'Amount', '0'),
('3', '2', 'Cash Sales', 'Retail sales without invoice', '0', 'Amount', '0');

### Structure of table `0_quick_entry_lines` ###

DROP TABLE IF EXISTS `0_quick_entry_lines`;

CREATE TABLE `0_quick_entry_lines` (
  `id` smallint(6) unsigned NOT NULL AUTO_INCREMENT,
  `qid` smallint(6) unsigned NOT NULL,
  `amount` double DEFAULT '0',
  `memo` tinytext COLLATE utf8_unicode_ci NOT NULL,
  `action` varchar(2) COLLATE utf8_unicode_ci NOT NULL,
  `dest_id` varchar(15) COLLATE utf8_unicode_ci NOT NULL DEFAULT '',
  `dimension_id` smallint(6) unsigned DEFAULT NULL,
  `dimension2_id` smallint(6) unsigned DEFAULT NULL,
  PRIMARY KEY (`id`),
  KEY `qid` (`qid`)
) ENGINE=InnoDB AUTO_INCREMENT=7 DEFAULT CHARSET=utf8 COLLATE=utf8_unicode_ci ;

### Data of table `0_quick_entry_lines` ###

INSERT INTO `0_quick_entry_lines` VALUES
('1', '1', '0', '', 't-', '1', '0', '0'),
('2', '2', '0', '', 't-', '1', '0', '0'),
('3', '3', '0', '', 't-', '1', '0', '0'),
('4', '3', '0', '', '=', '4010', '0', '0'),
('5', '1', '0', '', '=', '5765', '0', '0'),
('6', '2', '0', '', '=', '5780', '0', '0');

### Structure of table `0_recurrent_invoices` ###

DROP TABLE IF EXISTS `0_recurrent_invoices`;

CREATE TABLE `0_recurrent_invoices` (
  `id` smallint(6) unsigned NOT NULL AUTO_INCREMENT,
  `description` varchar(60) COLLATE utf8_unicode_ci NOT NULL DEFAULT '',
  `order_no` int(11) unsigned NOT NULL,
  `debtor_no` int(11) unsigned DEFAULT NULL,
  `group_no` smallint(6) unsigned DEFAULT NULL,
  `days` int(11) NOT NULL DEFAULT '0',
  `monthly` int(11) NOT NULL DEFAULT '0',
  `begin` date NOT NULL DEFAULT '0000-00-00',
  `end` date NOT NULL DEFAULT '0000-00-00',
  `last_sent` date NOT NULL DEFAULT '0000-00-00',
  PRIMARY KEY (`id`),
  UNIQUE KEY `description` (`description`)
) ENGINE=InnoDB AUTO_INCREMENT=2 DEFAULT CHARSET=utf8 COLLATE=utf8_unicode_ci ;

### Data of table `0_recurrent_invoices` ###

INSERT INTO `0_recurrent_invoices` VALUES
('1', 'Weekly Maintenance', '6', '1', '1', '7', '0', '2015-04-01', '2020-05-07', '2015-04-08');

### Structure of table `0_reflines` ###

DROP TABLE IF EXISTS `0_reflines`;

CREATE TABLE `0_reflines` (
  `id` int(11) NOT NULL AUTO_INCREMENT,
  `trans_type` int(11) NOT NULL,
  `prefix` char(5) COLLATE utf8_unicode_ci NOT NULL DEFAULT '',
  `pattern` varchar(35) COLLATE utf8_unicode_ci NOT NULL DEFAULT '1',
  `description` varchar(60) COLLATE utf8_unicode_ci NOT NULL DEFAULT '',
  `default` tinyint(1) NOT NULL DEFAULT '0',
  `inactive` tinyint(1) NOT NULL DEFAULT '0',
  PRIMARY KEY (`id`),
  UNIQUE KEY `prefix` (`trans_type`,`prefix`)
) ENGINE=InnoDB AUTO_INCREMENT=25 DEFAULT CHARSET=utf8 COLLATE=utf8_unicode_ci ;

### Data of table `0_reflines` ###

INSERT INTO `0_reflines` VALUES
('1', '0', 'JV', '{001}/{YYYY}', '', '1', '0'),
('2', '1', 'BPV', '{001}/{YYYY}', '', '1', '0'),
('3', '2', 'BRV', '{001}/{YYYY}', '', '1', '0'),
('4', '4', 'FT', '{001}/{YYYY}', '', '1', '0'),
('5', '10', 'SI', '{001}/{YYYY}', '107', '1', '0'),
('6', '11', 'CCN', '{001}/{YYYY}', '113', '1', '0'),
('7', '12', 'CP', '{001}/{YYYY}', '112', '1', '0'),
('8', '13', 'DN', '{001}/{YYYY}', '110', '1', '0'),
('9', '16', 'LT', '{001}/{YYYY}', '', '1', '0'),
('10', '17', 'IA', '{001}/{YYYY}', '', '1', '0'),
('11', '18', 'PO', '{001}/{YYYY}', '209', '1', '0'),
('12', '20', 'PI', '{001}/{YYYY}', '', '1', '0'),
('13', '21', 'SCN', '{001}/{YYYY}', '', '1', '0'),
('14', '22', 'SP', '{001}/{YYYY}', '210', '1', '0'),
('15', '25', 'GRN', '{001}/{YYYY}', '', '1', '0'),
('16', '26', 'WO', '{001}/{YYYY}', '409', '1', '0'),
('17', '28', 'WOI', '{001}/{YYYY}', '', '1', '0'),
('18', '29', 'WOP', '{001}/{YYYY}', '', '1', '0'),
('19', '30', 'SO', '{001}/{YYYY}', '109', '1', '0'),
('20', '32', 'SQ', '{001}/{YYYY}', '111', '1', '0'),
('21', '35', 'CU', '{001}/{YYYY}', '', '1', '0'),
('22', '40', 'CC', '{001}/{YYYY}', '', '1', '0'),
('23', '41', 'CPV', '{001}/{YYYY}', '', '1', '0'),
('24', '42', 'CRV', '{001}/{YYYY}', '', '1', '0');

### Structure of table `0_refs` ###

DROP TABLE IF EXISTS `0_refs`;

CREATE TABLE `0_refs` (
  `id` int(11) NOT NULL DEFAULT '0',
  `type` int(11) NOT NULL DEFAULT '0',
  `reference` varchar(100) COLLATE utf8_unicode_ci NOT NULL DEFAULT '',
  PRIMARY KEY (`id`,`type`),
  KEY `Type_and_Reference` (`type`,`reference`)
) ENGINE=InnoDB DEFAULT CHARSET=utf8 COLLATE=utf8_unicode_ci ;

### Data of table `0_refs` ###

INSERT INTO `0_refs` VALUES
('18', '0', 'JV001/2017'),
('19', '0', 'JV001/2017'),
('20', '0', 'JV001/2017'),
('21', '0', 'JV001/2017'),
('22', '0', 'JV002/2017'),
('23', '0', 'JV003/2017'),
('24', '0', 'JV004/2017'),
('25', '0', 'JV005/2017'),
('26', '0', 'JV006/2017'),
('29', '0', 'JV006/2017'),
('242', '0', 'JV006/2017'),
('249', '0', 'JV006/2017'),
('27', '0', 'JV007/2017'),
('28', '0', 'JV007/2017'),
('30', '0', 'JV008/2017'),
('31', '0', 'JV009/2017'),
('32', '0', 'JV010/2017'),
('33', '0', 'JV011/2017'),
('34', '0', 'JV012/2017'),
('35', '0', 'JV013/2017'),
('36', '0', 'JV014/2017'),
('37', '0', 'JV015/2017'),
('38', '0', 'JV016/2017'),
('39', '0', 'JV017/2017'),
('40', '0', 'JV018/2017'),
('41', '0', 'JV019/2017'),
('42', '0', 'JV020/2017'),
('43', '0', 'JV021/2017'),
('44', '0', 'JV022/2017'),
('45', '0', 'JV023/2017'),
('46', '0', 'JV024/2017'),
('47', '0', 'JV025/2017'),
('48', '0', 'JV026/2017'),
('49', '0', 'JV027/2017'),
('50', '0', 'JV028/2017'),
('51', '0', 'JV029/2017'),
('52', '0', 'JV030/2017'),
('53', '0', 'JV031/2017'),
('54', '0', 'JV032/2017'),
('55', '0', 'JV033/2017'),
('56', '0', 'JV034/2017'),
('57', '0', 'JV035/2017'),
('58', '0', 'JV036/2017'),
('59', '0', 'JV037/2017'),
('60', '0', 'JV038/2017'),
('61', '0', 'JV039/2017'),
('62', '0', 'JV040/2017'),
('63', '0', 'JV041/2017'),
('64', '0', 'JV042/2017'),
('65', '0', 'JV043/2017'),
('66', '0', 'JV044/2017'),
('67', '0', 'JV045/2017'),
('68', '0', 'JV046/2017'),
('69', '0', 'JV047/2017'),
('70', '0', 'JV048/2017'),
('71', '0', 'JV049/2017'),
('72', '0', 'JV050/2017'),
('73', '0', 'JV051/2017'),
('74', '0', 'JV052/2017'),
('75', '0', 'JV053/2017'),
('76', '0', 'JV054/2017'),
('77', '0', 'JV055/2017'),
('219', '0', 'JV055/2017'),
('78', '0', 'JV056/2017'),
('79', '0', 'JV057/2017'),
('80', '0', 'JV058/2017'),
('81', '0', 'JV059/2017'),
('82', '0', 'JV060/2017'),
('83', '0', 'JV061/2017'),
('84', '0', 'JV062/2017'),
('85', '0', 'JV063/2017'),
('86', '0', 'JV064/2017'),
('87', '0', 'JV065/2017'),
('88', '0', 'JV066/2017'),
('89', '0', 'JV067/2017'),
('90', '0', 'JV068/2017'),
('91', '0', 'JV069/2017'),
('223', '0', 'JV069/2017'),
('92', '0', 'JV070/2017'),
('93', '0', 'JV071/2017'),
('94', '0', 'JV072/2017'),
('95', '0', 'JV073/2017'),
('96', '0', 'JV074/2017'),
('97', '0', 'JV075/2017'),
('98', '0', 'JV076/2017'),
('99', '0', 'JV077/2017'),
('100', '0', 'JV078/2017'),
('101', '0', 'JV079/2017'),
('102', '0', 'JV080/2017'),
('103', '0', 'JV081/2017'),
('104', '0', 'JV082/2017'),
('105', '0', 'JV083/2017'),
('106', '0', 'JV084/2017'),
('107', '0', 'JV085/2017'),
('108', '0', 'JV086/2017'),
('109', '0', 'JV087/2017'),
('110', '0', 'JV088/2017'),
('111', '0', 'JV089/2017'),
('112', '0', 'JV090/2017'),
('252', '0', 'JV090/2017'),
('113', '0', 'JV091/2017'),
('253', '0', 'JV091/2017'),
('114', '0', 'JV092/2017'),
('115', '0', 'JV093/2017'),
('116', '0', 'JV094/2017'),
('117', '0', 'JV095/2017'),
('118', '0', 'JV096/2017'),
('119', '0', 'JV097/2017'),
('120', '0', 'JV098/2017'),
('121', '0', 'JV099/2017'),
('122', '0', 'JV100/2017'),
('123', '0', 'JV101/2017'),
('124', '0', 'JV102/2017'),
('254', '0', 'JV102/2017'),
('125', '0', 'JV103/2017'),
('126', '0', 'JV104/2017'),
('127', '0', 'JV105/2017'),
('128', '0', 'JV106/2017'),
('129', '0', 'JV107/2017'),
('130', '0', 'JV108/2017'),
('131', '0', 'JV109/2017'),
('132', '0', 'JV110/2017'),
('133', '0', 'JV111/2017'),
('134', '0', 'JV112/2017'),
('135', '0', 'JV113/2017'),
('136', '0', 'JV114/2017'),
('137', '0', 'JV115/2017'),
('138', '0', 'JV116/2017'),
('139', '0', 'JV117/2017'),
('140', '0', 'JV118/2017'),
('141', '0', 'JV119/2017'),
('142', '0', 'JV120/2017'),
('143', '0', 'JV121/2017'),
('144', '0', 'JV122/2017'),
('145', '0', 'JV123/2017'),
('146', '0', 'JV124/2017'),
('147', '0', 'JV125/2017'),
('148', '0', 'JV126/2017'),
('149', '0', 'JV127/2017'),
('150', '0', 'JV128/2017'),
('151', '0', 'JV129/2017'),
('152', '0', 'JV130/2017'),
('171', '0', 'JV130/2017'),
('153', '0', 'JV131/2017'),
('154', '0', 'JV132/2017'),
('155', '0', 'JV133/2017'),
('156', '0', 'JV134/2017'),
('157', '0', 'JV135/2017'),
('158', '0', 'JV136/2017'),
('159', '0', 'JV137/2017'),
('160', '0', 'JV138/2017'),
('161', '0', 'JV139/2017'),
('162', '0', 'JV140/2017'),
('163', '0', 'JV141/2017'),
('169', '0', 'JV141/2017'),
('164', '0', 'JV142/2017'),
('165', '0', 'JV143/2017'),
('168', '0', 'JV143/2017'),
('166', '0', 'JV144/2017'),
('167', '0', 'JV145/2017'),
('170', '0', 'JV145/2017'),
('172', '0', 'JV146/2017'),
('173', '0', 'JV147/2017'),
('174', '0', 'JV148/2017'),
('175', '0', 'JV149/2017'),
('239', '0', 'JV149/2017'),
('250', '0', 'JV149/2017'),
('251', '0', 'JV149/2017'),
('176', '0', 'JV150/2017'),
('177', '0', 'JV151/2017'),
('178', '0', 'JV152/2017'),
('241', '0', 'JV152/2017'),
('179', '0', 'JV153/2017'),
('224', '0', 'JV153/2017'),
('180', '0', 'JV154/2017'),
('181', '0', 'JV155/2017'),
('182', '0', 'JV156/2017'),
('183', '0', 'JV157/2017'),
('184', '0', 'JV158/2017'),
('185', '0', 'JV159/2017'),
('186', '0', 'JV160/2017'),
('187', '0', 'JV161/2017'),
('188', '0', 'JV162/2017'),
('189', '0', 'JV163/2017'),
('190', '0', 'JV164/2017'),
('191', '0', 'JV165/2017'),
('192', '0', 'JV166/2017'),
('193', '0', 'JV167/2017'),
('194', '0', 'JV168/2017'),
('195', '0', 'JV169/2017'),
('196', '0', 'JV170/2017'),
('197', '0', 'JV171/2017'),
('198', '0', 'JV172/2017'),
('199', '0', 'JV173/2017'),
('200', '0', 'JV174/2017'),
('201', '0', 'JV175/2017'),
('202', '0', 'JV176/2017'),
('203', '0', 'JV177/2017'),
('204', '0', 'JV178/2017'),
('205', '0', 'JV179/2017'),
('206', '0', 'JV179/2017'),
('207', '0', 'JV180/2017'),
('208', '0', 'JV181/2017'),
('209', '0', 'JV182/2017'),
('210', '0', 'JV183/2017'),
('211', '0', 'JV184/2017'),
('212', '0', 'JV185/2017'),
('213', '0', 'JV186/2017'),
('214', '0', 'JV187/2017'),
('215', '0', 'JV188/2017'),
('216', '0', 'JV189/2017'),
('217', '0', 'JV190/2017'),
('218', '0', 'JV191/2017'),
('220', '0', 'JV192/2017'),
('221', '0', 'JV193/2017'),
('222', '0', 'JV194/2017'),
('225', '0', 'JV195/2017'),
('226', '0', 'JV196/2017'),
('227', '0', 'JV197/2017'),
('228', '0', 'JV198/2017'),
('229', '0', 'JV199/2017'),
('230', '0', 'JV200/2017'),
('231', '0', 'JV201/2017'),
('232', '0', 'JV202/2017'),
('233', '0', 'JV203/2017'),
('234', '0', 'JV204/2017'),
('235', '0', 'JV205/2017'),
('236', '0', 'JV206/2017'),
('237', '0', 'JV207/2017'),
('238', '0', 'JV208/2017'),
('240', '0', 'JV209/2017'),
('243', '0', 'JV210/2017'),
('244', '0', 'JV210/2017'),
('245', '0', 'JV211/2017'),
('246', '0', 'JV211/2017'),
('247', '0', 'JV211/2017'),
('255', '0', 'JV211/2017'),
('256', '0', 'JV211/2017'),
('257', '0', 'JV211/2017'),
('248', '0', 'JV212/2017'),
('258', '0', 'JV212/2017'),
('259', '0', 'JV213/2017'),
('260', '0', 'JV214/2017'),
('261', '0', 'JV215/2017'),
('262', '0', 'JV216/2017'),
('263', '0', 'JV217/2017'),
('283', '0', 'JV217/2017'),
('264', '0', 'JV218/2017'),
('265', '0', 'JV219/2017'),
('266', '0', 'JV220/2017'),
('267', '0', 'JV221/2017'),
('268', '0', 'JV222/2017'),
('269', '0', 'JV223/2017'),
('270', '0', 'JV224/2017'),
('271', '0', 'JV225/2017'),
('272', '0', 'JV226/2017'),
('273', '0', 'JV227/2017'),
('274', '0', 'JV228/2017'),
('275', '0', 'JV229/2017'),
('276', '0', 'JV230/2017'),
('277', '0', 'JV231/2017'),
('278', '0', 'JV232/2017'),
('279', '0', 'JV233/2017'),
('280', '0', 'JV234/2017'),
('281', '0', 'JV235/2017'),
('282', '0', 'JV236/2017'),
('284', '0', 'JV237/2017'),
('285', '0', 'JV237/2017'),
('286', '0', 'JV238/2017'),
('287', '0', 'JV239/2017'),
('1', '1', 'BPV001/2017'),
('1', '2', 'BRV001/2017'),
('2', '2', 'BRV001/2017'),
('3', '2', 'BRV001/2017'),
('4', '2', 'BRV002/2017'),
('5', '2', 'BRV003/2017'),
('6', '2', 'BRV004/2017'),
('7', '2', 'BRV005/2017'),
('8', '2', 'BRV006/2017'),
('9', '2', 'BRV007/2017'),
('10', '2', 'BRV008/2017'),
('11', '2', 'BRV009/2017'),
('12', '2', 'BRV010/2017'),
('13', '2', 'BRV010/2017'),
('14', '2', 'BRV010/2017'),
('15', '2', 'BRV010/2017'),
('1', '10', 'SI001/2017'),
('2', '10', 'SI001/2017'),
('1', '17', 'IA001/2017'),
('1', '20', 'PI001/2017'),
('2', '20', 'PI001/2017'),
('3', '20', 'PI001/2017'),
('4', '20', 'PI001/2017'),
('1', '22', 'SP001/2017'),
('2', '22', 'SP001/2017'),
('3', '22', 'SP001/2017'),
('4', '22', 'SP002/2017'),
('5', '22', 'SP003/2017'),
('6', '22', 'SP004/2017'),
('7', '22', 'SP005/2017'),
('8', '22', 'SP006/2017'),
('9', '22', 'SP007/2017'),
('10', '22', 'SP008/2017'),
('11', '22', 'SP009/2017'),
('12', '22', 'SP010/2017'),
('13', '22', 'SP011/2017'),
('14', '22', 'SP012/2017'),
('15', '22', 'SP013/2017'),
('16', '22', 'SP014/2017'),
('17', '22', 'SP015/2017'),
('18', '22', 'SP016/2017'),
('19', '22', 'SP017/2017'),
('20', '22', 'SP018/2017'),
('21', '22', 'SP019/2017'),
('22', '22', 'SP020/2017'),
('23', '22', 'SP021/2017'),
('24', '22', 'SP022/2017'),
('25', '22', 'SP023/2017'),
('26', '22', 'SP024/2017'),
('27', '22', 'SP025/2017'),
('28', '22', 'SP026/2017'),
('29', '22', 'SP027/2017'),
('30', '22', 'SP028/2017'),
('31', '22', 'SP029/2017'),
('32', '22', 'SP030/2017'),
('33', '22', 'SP031/2017'),
('34', '22', 'SP032/2017'),
('35', '22', 'SP033/2017'),
('36', '22', 'SP034/2017'),
('37', '22', 'SP035/2017'),
('38', '22', 'SP036/2017'),
('39', '22', 'SP037/2017'),
('40', '22', 'SP038/2017'),
('41', '22', 'SP039/2017'),
('3', '30', 'SO002/2017'),
('4', '30', 'SO003/2017'),
('5', '30', 'SO004/2017'),
('6', '30', 'SO005/2017'),
('7', '30', 'SO006/2017'),
('8', '30', 'SO007/2017'),
('9', '30', 'SO008/2017'),
('10', '30', 'SO009/2017'),
('11', '30', 'SO010/2017'),
('12', '30', 'SO011/2017'),
('13', '30', 'SO012/2017'),
('14', '30', 'SO013/2017'),
('15', '30', 'SO014/2017'),
('16', '30', 'SO015/2017'),
('17', '30', 'SO016/2017'),
('18', '30', 'SO017/2017'),
('19', '30', 'SO018/2017'),
('20', '30', 'SO019/2017'),
('21', '30', 'SO021/2017'),
('22', '30', 'SO022/2017'),
('1', '41', 'CPV001/2017');

### Structure of table `0_report_profiles` ###

DROP TABLE IF EXISTS `0_report_profiles`;

CREATE TABLE `0_report_profiles` (
  `id` smallint(6) unsigned NOT NULL AUTO_INCREMENT,
  `profile` varchar(30) COLLATE utf8_unicode_ci NOT NULL,
  `report` varchar(5) COLLATE utf8_unicode_ci DEFAULT NULL,
  `printer` tinyint(3) unsigned DEFAULT NULL,
  `value` int(11) NOT NULL,
  PRIMARY KEY (`id`),
  UNIQUE KEY `profile` (`profile`,`report`)
) ENGINE=InnoDB AUTO_INCREMENT=152 DEFAULT CHARSET=utf8 COLLATE=utf8_unicode_ci ;

### Data of table `0_report_profiles` ###

INSERT INTO `0_report_profiles` VALUES
('41', 'testing', NULL, NULL, '0'),
('42', 'testing', '101', '1', '0'),
('43', 'testing', '102', '1', '0'),
('44', 'testing', '103', '1', '0'),
('45', 'testing', '104', '1', '0'),
('46', 'testing', '105', '1', '0'),
('47', 'testing', '106', '1', '0'),
('48', 'testing', '107', '1', '0'),
('49', 'testing', '108', '1', '0'),
('50', 'testing', '109', '1', '0'),
('87', 'RPL', NULL, '1', '0'),
('88', 'RPL', '101', '1', '0'),
('89', 'RPL', '102', '1', '0'),
('90', 'RPL', '103', '1', '0'),
('91', 'RPL', '104', '1', '0'),
('92', 'RPL', '105', '1', '0'),
('93', 'RPL', '106', '1', '0'),
('94', 'RPL', '107', '1', '0'),
('95', 'RPL', '108', '1', '0'),
('96', 'RPL', '109', '1', '0'),
('97', 'RPL', '110', '1', '0'),
('98', 'RPL', '111', '1', '0'),
('99', 'RPL', '112', '1', '0'),
('100', 'RPL', '113', '1', '0'),
('101', 'RPL', '114', '1', '0'),
('102', 'RPL', '201', '1', '0'),
('103', 'RPL', '202', '1', '0'),
('104', 'RPL', '203', '1', '0'),
('105', 'RPL', '204', '1', '0'),
('106', 'RPL', '205', '1', '0'),
('107', 'RPL', '209', '1', '0'),
('108', 'RPL', '210', '1', '0'),
('109', 'RPL', '301', '1', '0'),
('110', 'RPL', '302', '1', '0'),
('111', 'RPL', '303', '1', '0'),
('112', 'RPL', '304', '1', '0'),
('113', 'RPL', '305', '1', '0'),
('114', 'RPL', '306', '1', '0'),
('115', 'RPL', '307', '1', '0'),
('116', 'RPL', '308', '1', '0'),
('117', 'RPL', '309', '1', '0'),
('118', 'RPL', '401', '1', '0'),
('119', 'RPL', '402', '1', '0'),
('120', 'RPL', '409', '1', '0'),
('121', 'RPL', '451', '1', '0'),
('122', 'RPL', '501', '1', '0'),
('123', 'RPL', '601', '1', '0'),
('124', 'RPL', '602', '1', '0'),
('125', 'RPL', '701', '1', '0'),
('126', 'RPL', '702', '1', '0'),
('127', 'RPL', '704', '1', '0'),
('128', 'RPL', '705', '1', '0'),
('129', 'RPL', '706', '1', '0'),
('130', 'RPL', '707', '1', '0'),
('131', 'RPL', '708', '1', '0'),
('132', 'RPL', '709', '1', '0'),
('133', 'RPL', '710', '1', '0'),
('134', 'RPL', '1009', '1', '0'),
('135', 'RPL', '1011', '1', '0'),
('136', 'RPL', '1012', '1', '0'),
('137', 'RPL', '1013', '1', '0'),
('138', 'RPL', '1014', '1', '0'),
('139', 'RPL', '1015', '1', '0'),
('140', 'RPL', '1016', '1', '0'),
('141', 'RPL', '1017', '1', '0'),
('142', 'RPL', '1018', '1', '0'),
('143', 'RPL', '1071', '1', '0'),
('144', 'RPL', '1072', '1', '0'),
('145', 'RPL', '1073', '1', '0'),
('146', 'RPL', '1091', '1', '0'),
('147', 'RPL', '1100', '1', '0'),
('148', 'RPL', '2099', '1', '0'),
('149', 'RPL', '3041', '1', '0'),
('150', 'RPL', '3042', '1', '0'),
('151', 'RPL', '22011', '1', '0');

### Structure of table `0_requisition_details` ###

DROP TABLE IF EXISTS `0_requisition_details`;

CREATE TABLE `0_requisition_details` (
  `requisition_detail_id` bigint(20) unsigned NOT NULL AUTO_INCREMENT,
  `requisition_id` int(11) DEFAULT NULL,
  `item_code` varchar(20) COLLATE utf8_unicode_ci DEFAULT NULL,
  `supplier_id` int(11) DEFAULT NULL,
  `lpo_id` int(11) DEFAULT '0',
  `order_quantity` int(11) NOT NULL DEFAULT '0',
  `estimate_price` double NOT NULL DEFAULT '0',
  `quantity` int(11) NOT NULL DEFAULT '0',
  `price` double NOT NULL DEFAULT '0',
  `purpose` varchar(320) COLLATE utf8_unicode_ci DEFAULT NULL,
  PRIMARY KEY (`requisition_detail_id`),
  UNIQUE KEY `requisition_detail_id` (`requisition_detail_id`),
  KEY `0_requisition_details_requisition_id` (`requisition_id`),
  KEY `0_requisition_details_item_code` (`item_code`),
  KEY `0_requisition_details_supplier_id` (`supplier_id`)
) ENGINE=InnoDB DEFAULT CHARSET=utf8 COLLATE=utf8_unicode_ci ;

### Data of table `0_requisition_details` ###


### Structure of table `0_requisitions` ###

DROP TABLE IF EXISTS `0_requisitions`;

CREATE TABLE `0_requisitions` (
  `requisition_id` bigint(20) unsigned NOT NULL AUTO_INCREMENT,
  `point_of_use` varchar(50) COLLATE utf8_unicode_ci DEFAULT NULL,
  `narrative` varchar(240) COLLATE utf8_unicode_ci DEFAULT NULL,
  `application_date` timestamp NULL DEFAULT CURRENT_TIMESTAMP,
  `completed` tinyint(4) NOT NULL DEFAULT '0',
  `processed` tinyint(4) NOT NULL DEFAULT '0',
  `inactive` tinyint(4) NOT NULL DEFAULT '0',
  `details` text COLLATE utf8_unicode_ci,
  PRIMARY KEY (`requisition_id`),
  UNIQUE KEY `requisition_id` (`requisition_id`)
) ENGINE=InnoDB DEFAULT CHARSET=utf8 COLLATE=utf8_unicode_ci ;

### Data of table `0_requisitions` ###


### Structure of table `0_sales_order_details` ###

DROP TABLE IF EXISTS `0_sales_order_details`;

CREATE TABLE `0_sales_order_details` (
  `id` int(11) NOT NULL AUTO_INCREMENT,
  `order_no` int(11) NOT NULL DEFAULT '0',
  `trans_type` smallint(6) NOT NULL DEFAULT '30',
  `stk_code` varchar(20) COLLATE utf8_unicode_ci NOT NULL DEFAULT '',
  `description` tinytext COLLATE utf8_unicode_ci,
  `qty_sent` double NOT NULL DEFAULT '0',
  `unit_price` double NOT NULL DEFAULT '0',
  `quantity` double NOT NULL DEFAULT '0',
  `invoiced` double NOT NULL DEFAULT '0',
  `discount_percent` double NOT NULL DEFAULT '0',
  PRIMARY KEY (`id`),
  KEY `sorder` (`trans_type`,`order_no`),
  KEY `stkcode` (`stk_code`)
) ENGINE=InnoDB AUTO_INCREMENT=43 DEFAULT CHARSET=utf8 COLLATE=utf8_unicode_ci ;

### Data of table `0_sales_order_details` ###

INSERT INTO `0_sales_order_details` VALUES
('1', '1', '30', 'OB', 'OPENING BALANCE', '0', '999999999', '0', '0', '0'),
('2', '2', '30', 'OBB', 'OPENING BALANCE', '0', '9999999999', '0', '0', '0'),
('3', '3', '30', 'MRBAAPN9075', 'WHITE ALFREDO APRON SIZE: 90X75 CM WITH GREY MARBA LABEL', '0', '1212', '10000', '0', '0'),
('13', '5', '30', 'APLDPR8080', 'WHITE PRINTED DIAPER SIZE: 80X80 CM ', '0', '2120321313', '1', '0', '0'),
('14', '6', '30', 'LSGNSTYL1', 'NEW STYLE 1 BABYLOVE MUSLIN SWADDLES 3 PACK SIZE: 80X80 CM, 100% COTTON , OKO TEX STANDARD', '0', '7788', '1', '0', '0'),
('16', '8', '30', 'MRBAAPN9075', 'WHITE ALFREDO APRON SIZE: 90X75 CM WITH GREY MARBA LABEL', '0', '1000', '1', '0', '0'),
('17', '9', '30', 'MRBDC162220MKR', 'WHITE DUVET COVER MERKUR 4MM SIZE: 162X220 CM BAR TAG WITH SPECIAL HEM, STRIPES VERTICAL', '0', '100', '1', '0', '0'),
('18', '10', '30', 'MRBAAPN9075', 'WHITE ALFREDO APRON SIZE: 90X75 CM WITH GREY MARBA LABEL', '0', '8', '1', '0', '0'),
('21', '12', '30', 'MRBPC66125HRMS', 'WHITE P.COVER HERMES 4MM SIZE: 66X125 CM BAG CLOSING, HORIZONTAL STRIPE WITH LABEL ELIS', '0', '5.5', '1', '0', '0'),
('22', '13', '30', 'MRBPC66125HRMS', 'WHITE P.COVER HERMES 4MM SIZE: 66X125 CM BAG CLOSING, HORIZONTAL STRIPE WITH LABEL ELIS', '0', '5.5', '5', '0', '0'),
('28', '18', '30', 'MRBDC165215HRMS', 'WHITE D.COVER HERMES 4MM SIZE: 165X215 CM BAR TAG, VERTICAL STRIPE WITH LABEL ELIS', '0', '8.95', '1000', '0', '0'),
('29', '19', '30', 'MRBDC165215HRMS', 'WHITE D.COVER HERMES 4MM SIZE: 165X215 CM BAR TAG, VERTICAL STRIPE WITH LABEL ELIS', '0', '8.95', '1000', '0', '0'),
('42', '20', '30', 'EMRBS72108WHEBLK', 'WHITE B.SHEET SIZE: 72X108 &quot; WITH BLACK PATTI', '0', '5.24', '1960', '0', '0');

### Structure of table `0_sales_orders` ###

DROP TABLE IF EXISTS `0_sales_orders`;

CREATE TABLE `0_sales_orders` (
  `order_no` int(11) NOT NULL,
  `trans_type` smallint(6) NOT NULL DEFAULT '30',
  `version` tinyint(1) unsigned NOT NULL DEFAULT '0',
  `type` tinyint(1) NOT NULL DEFAULT '0',
  `debtor_no` int(11) NOT NULL DEFAULT '0',
  `branch_code` int(11) NOT NULL DEFAULT '0',
  `reference` varchar(100) COLLATE utf8_unicode_ci NOT NULL DEFAULT '',
  `customer_ref` tinytext COLLATE utf8_unicode_ci NOT NULL,
  `comments` tinytext COLLATE utf8_unicode_ci,
  `ord_date` date NOT NULL DEFAULT '0000-00-00',
  `order_type` int(11) NOT NULL DEFAULT '0',
  `ship_via` int(11) NOT NULL DEFAULT '0',
  `delivery_address` tinytext COLLATE utf8_unicode_ci NOT NULL,
  `contact_phone` varchar(30) COLLATE utf8_unicode_ci DEFAULT NULL,
  `contact_email` varchar(100) COLLATE utf8_unicode_ci DEFAULT NULL,
  `deliver_to` tinytext COLLATE utf8_unicode_ci NOT NULL,
  `freight_cost` double NOT NULL DEFAULT '0',
  `from_stk_loc` varchar(5) COLLATE utf8_unicode_ci NOT NULL DEFAULT '',
  `delivery_date` date NOT NULL DEFAULT '0000-00-00',
  `payment_terms` int(11) DEFAULT NULL,
  `total` double NOT NULL DEFAULT '0',
  `prep_amount` double NOT NULL DEFAULT '0',
  `alloc` double NOT NULL DEFAULT '0',
  `sample` tinyint(4) NOT NULL,
  `supply` tinyint(4) NOT NULL,
  `dc` tinyint(4) NOT NULL,
  `invoice` tinyint(4) NOT NULL,
  `application` varchar(60) COLLATE utf8_unicode_ci NOT NULL,
  PRIMARY KEY (`trans_type`,`order_no`)
) ENGINE=InnoDB DEFAULT CHARSET=utf8 COLLATE=utf8_unicode_ci ;

### Data of table `0_sales_orders` ###

INSERT INTO `0_sales_orders` VALUES
('1', '30', '1', '0', '3', '3', 'auto', '', NULL, '2017-07-01', '1', '1', 'GERMANY', NULL, NULL, 'MARBA TRADE GMBH', '0', 'DEF', '2017-09-29', '5', '999999999', '0', '0', '0', '0', '0', '0', ''),
('2', '30', '1', '0', '3', '3', 'auto', '', NULL, '2017-07-01', '1', '1', 'GERMANY', NULL, NULL, 'MARBA TRADE GMBH', '0', 'DEF', '2017-09-29', '5', '9999999999', '0', '0', '0', '0', '0', '0', ''),
('3', '30', '1', '0', '2', '25', 'SO002/2017', '', 'professional label', '2017-08-08', '2', '1', 'Emmersbergstrasse 1\nCH-8200 Schaffhausen', NULL, NULL, 'GERMANY', '0', '', '2017-08-30', '1', '12120000', '0', '0', '0', '0', '0', '0', ''),
('5', '30', '0', '0', '25', '26', 'SO004/2017', '', NULL, '2017-08-11', '1', '1', 'GERMANY', NULL, NULL, 'MARBA TRADE GMBH-1', '0', '', '2017-08-12', '5', '2120321313', '0', '0', '0', '0', '0', '0', ''),
('6', '30', '0', '0', '25', '26', 'SO005/2017', '', NULL, '2017-08-11', '1', '1', 'GERMANY', NULL, NULL, 'MARBA TRADE GMBH-1', '0', '', '2017-08-12', '5', '7788', '0', '0', '0', '0', '0', '0', ''),
('8', '30', '0', '0', '25', '26', 'SO007/2017', '', 'test', '2017-08-11', '1', '1', 'GERMANY', NULL, NULL, 'MARBA TRADE GMBH-1', '0', '', '2017-08-12', '5', '1000', '0', '0', '0', '0', '0', '0', ''),
('9', '30', '0', '0', '25', '26', 'SO008/2017', '', 'test 2', '2017-08-11', '1', '1', 'GERMANY', NULL, NULL, 'MARBA TRADE GMBH-1', '0', '', '2017-08-12', '5', '100', '0', '0', '0', '0', '0', '0', ''),
('10', '30', '0', '0', '25', '26', 'SO009/2017', '', 'test 3', '2017-08-11', '1', '1', 'GERMANY', NULL, NULL, 'MARBA TRADE GMBH-1', '0', '', '2017-08-12', '5', '8', '0', '0', '0', '0', '0', '0', ''),
('12', '30', '0', '0', '25', '26', 'SO011/2017', '', 'test 4', '2017-08-11', '1', '1', 'GERMANY', NULL, NULL, 'MARBA TRADE GMBH-1', '0', '', '2017-08-12', '5', '5.5', '0', '0', '0', '0', '0', '0', ''),
('13', '30', '0', '0', '25', '26', 'SO012/2017', '', 'test 5', '2017-08-11', '1', '1', 'GERMANY', NULL, NULL, 'MARBA TRADE GMBH-1', '0', '', '2017-08-12', '5', '27.5', '0', '0', '0', '0', '0', '0', ''),
('18', '30', '0', '0', '25', '26', 'SO017/2017', '', 'CUSTOMER P.O#5407', '2017-08-12', '1', '1', 'SWITZERLAND', NULL, NULL, 'SWITZERLAND', '0', '', '2017-09-30', '5', '8950', '0', '0', '0', '0', '0', '0', ''),
('19', '30', '0', '0', '25', '26', 'SO018/2017', '', 'CUSTOMER P.O#5407', '2017-08-12', '1', '1', 'SWITZERLAND', NULL, NULL, 'SWITZERLAND', '0', '', '2017-09-30', '5', '8950', '0', '0', '0', '0', '0', '0', ''),
('20', '30', '0', '0', '37', '33', 'SO019/2017', '', NULL, '2017-08-23', '1', '1', 'DUBAI/UAE', NULL, NULL, 'EMIRATES - USD', '0', 'DEF', '2017-08-24', '5', '10270.4', '0', '0', '0', '0', '0', '0', '');

### Structure of table `0_sales_pos` ###

DROP TABLE IF EXISTS `0_sales_pos`;

CREATE TABLE `0_sales_pos` (
  `id` smallint(6) unsigned NOT NULL AUTO_INCREMENT,
  `pos_name` varchar(30) COLLATE utf8_unicode_ci NOT NULL,
  `cash_sale` tinyint(1) NOT NULL,
  `credit_sale` tinyint(1) NOT NULL,
  `pos_location` varchar(5) COLLATE utf8_unicode_ci NOT NULL,
  `pos_account` smallint(6) unsigned NOT NULL,
  `inactive` tinyint(1) NOT NULL DEFAULT '0',
  PRIMARY KEY (`id`),
  UNIQUE KEY `pos_name` (`pos_name`)
) ENGINE=InnoDB AUTO_INCREMENT=2 DEFAULT CHARSET=utf8 COLLATE=utf8_unicode_ci ;

### Data of table `0_sales_pos` ###

INSERT INTO `0_sales_pos` VALUES
('1', 'Default', '1', '1', 'DEF', '2', '0');

### Structure of table `0_sales_types` ###

DROP TABLE IF EXISTS `0_sales_types`;

CREATE TABLE `0_sales_types` (
  `id` int(11) NOT NULL AUTO_INCREMENT,
  `sales_type` char(50) COLLATE utf8_unicode_ci NOT NULL DEFAULT '',
  `tax_included` int(1) NOT NULL DEFAULT '0',
  `factor` double NOT NULL DEFAULT '1',
  `inactive` tinyint(1) NOT NULL DEFAULT '0',
  PRIMARY KEY (`id`),
  UNIQUE KEY `sales_type` (`sales_type`)
) ENGINE=InnoDB AUTO_INCREMENT=3 DEFAULT CHARSET=utf8 COLLATE=utf8_unicode_ci ;

### Data of table `0_sales_types` ###

INSERT INTO `0_sales_types` VALUES
('1', 'Retail', '1', '1', '0'),
('2', 'Wholesale', '0', '0.7', '0');

### Structure of table `0_salesman` ###

DROP TABLE IF EXISTS `0_salesman`;

CREATE TABLE `0_salesman` (
  `salesman_code` int(11) NOT NULL AUTO_INCREMENT,
  `salesman_name` char(60) COLLATE utf8_unicode_ci NOT NULL DEFAULT '',
  `salesman_phone` char(30) COLLATE utf8_unicode_ci NOT NULL DEFAULT '',
  `salesman_fax` char(30) COLLATE utf8_unicode_ci NOT NULL DEFAULT '',
  `salesman_email` varchar(100) COLLATE utf8_unicode_ci NOT NULL DEFAULT '',
  `provision` double NOT NULL DEFAULT '0',
  `break_pt` double NOT NULL DEFAULT '0',
  `provision2` double NOT NULL DEFAULT '0',
  `inactive` tinyint(1) NOT NULL DEFAULT '0',
  PRIMARY KEY (`salesman_code`),
  UNIQUE KEY `salesman_name` (`salesman_name`)
) ENGINE=InnoDB AUTO_INCREMENT=4 DEFAULT CHARSET=utf8 COLLATE=utf8_unicode_ci ;

### Data of table `0_salesman` ###

INSERT INTO `0_salesman` VALUES
('1', 'Monsieur Yasir Majeed', '03348881515', '', 'yasir@ashartex.com', '0', '0', '0', '0'),
('2', 'Monsieur Babar Majeed', '03347771515', '', 'babar@ashartex.com', '0', '0', '0', '0'),
('3', 'Monsieur Ansar Majeed', '03349991515', '', 'ansar@ashartex.com', '0', '0', '0', '0');

### Structure of table `0_security_roles` ###

DROP TABLE IF EXISTS `0_security_roles`;

CREATE TABLE `0_security_roles` (
  `id` int(11) NOT NULL AUTO_INCREMENT,
  `role` varchar(30) COLLATE utf8_unicode_ci NOT NULL,
  `description` varchar(50) COLLATE utf8_unicode_ci DEFAULT NULL,
  `sections` text COLLATE utf8_unicode_ci,
  `areas` text COLLATE utf8_unicode_ci,
  `inactive` tinyint(1) NOT NULL DEFAULT '0',
  PRIMARY KEY (`id`),
  UNIQUE KEY `role` (`role`)
) ENGINE=InnoDB AUTO_INCREMENT=11 DEFAULT CHARSET=utf8 COLLATE=utf8_unicode_ci ;

### Data of table `0_security_roles` ###

INSERT INTO `0_security_roles` VALUES
('1', 'Inquiries', 'Inquiries', '768;2816;3072;3328;5632;5888;8192;8448;10752;11008;13312;15872;16128', '773;774;775;2822;3073;3075;3076;3077;3329;3330;3331;3332;3333;3334;3335;5633;5640;5889;5890;5891;8193;8194;8450;8451;10753;11009;11010;11012;13313;13315;15873;15882;16129;16130;16131;16132;513;514;515;516;517;518;519;520;521;522;523;524;525;5377;7937;7938;7939;7940;10497;15617;15618;15619;15620;15621;15622;15623;15624;15625;15626', '0'),
('2', 'System Administrator', 'System Administrator', '256;512;768;2816;3072;3328;5376;5632;5888;7936;8192;8448;9216;9472;9728;10496;10752;11008;13056;13312;15616;15872;16128;484352', '257;258;259;260;513;514;515;516;517;518;519;520;521;522;523;524;525;526;769;770;771;772;773;774;775;2817;2818;2819;2820;2821;2822;2823;3073;3074;3082;3075;3076;3077;3078;3079;3080;3081;3329;3330;3331;3332;3333;3334;3335;5377;5633;5634;5635;5636;5637;5641;5638;5639;5640;5889;5890;5891;7937;7938;7939;7940;8193;8194;8195;8196;8197;8449;8450;8451;9217;9218;9220;9473;9474;9475;9476;9729;10497;10753;10754;10755;10756;10757;11009;11010;11011;11012;13057;13313;13314;13315;15617;15618;15619;15620;15621;15622;15623;15624;15628;15625;15626;15627;15630;15873;15874;15875;15876;15877;15878;15879;15880;15883;15881;15882;15884;16129;16130;16131;16132;484452', '0'),
('3', 'Salesman', 'Salesman', '512;768;2816;3072;3328;5632;7936;8192;15872', '519;773;774;775;2817;2818;2820;2821;2822;2823;3073;3074;3082;3075;3076;3080;3081;3331;3332;3334;5633;7937;7938;7939;7940;8193;8194;8195;8196;8197;15873', '0'),
('4', 'Stock Manager', 'Stock Manager', '768;2816;3072;3328;5632;5888;8192;8448;10752;11008;13312;15872;16128', '2818;2822;3073;3076;3077;3329;3330;3330;3330;3331;3331;3332;3333;3334;3335;5633;5640;5889;5890;5891;8193;8194;8450;8451;10753;11009;11010;11012;13313;13315;15882;16129;16130;16131;16132;775', '0'),
('5', 'Production Manager', 'Production Manager', '512;768;2816;3072;3328;5632;5888;8192;8448;10752;11008;13312;15616;15872;16128', '521;523;524;2818;2819;2820;2821;2822;2823;3073;3074;3076;3077;3078;3079;3080;3081;3329;3330;3330;3330;3331;3331;3332;3333;3334;3335;5633;5640;5640;5889;5890;5891;8193;8194;8196;8197;8450;8451;10753;10755;11009;11010;11012;13313;13315;15617;15619;15620;15621;15624;15624;15876;15877;15880;15882;16129;16130;16131;16132;775', '0'),
('6', 'Purchase Officer', 'Purchase Officer', '512;768;2816;3072;3328;5376;5632;5888;8192;8448;10752;11008;13312;15616;15872;16128', '521;523;524;2818;2819;2820;2821;2822;2823;3073;3074;3076;3077;3078;3079;3080;3081;3329;3330;3330;3330;3331;3331;3332;3333;3334;3335;5377;5633;5635;5640;5640;5889;5890;5891;8193;8194;8196;8197;8449;8450;8451;10753;10755;11009;11010;11012;13313;13315;15617;15619;15620;15621;15624;15624;15876;15877;15880;15882;16129;16130;16131;16132;775', '0'),
('7', 'AR Officer', 'AR Officer', '512;768;2816;3072;3328;5632;5888;8192;8448;10752;11008;13312;15616;15872;16128', '521;523;524;771;773;774;2818;2819;2820;2821;2822;2823;3073;3073;3074;3075;3076;3077;3078;3079;3080;3081;3081;3329;3330;3330;3330;3331;3331;3332;3333;3334;3335;5633;5633;5634;5637;5638;5639;5640;5640;5889;5890;5891;8193;8194;8194;8196;8197;8450;8451;10753;10755;11009;11010;11012;13313;13315;15617;15619;15620;15621;15624;15624;15873;15876;15877;15878;15880;15882;16129;16130;16131;16132;775', '0'),
('8', 'AP Officer', 'AP Officer', '512;768;2816;3072;3328;5376;5632;5888;8192;8448;10752;11008;13312;15616;15872;16128', '257;258;259;260;521;523;524;769;770;771;772;773;774;2818;2819;2820;2821;2822;2823;3073;3074;3082;3076;3077;3078;3079;3080;3081;3329;3330;3331;3332;3333;3334;3335;5377;5633;5635;5640;5889;5890;5891;7937;7938;7939;7940;8193;8194;8196;8197;8449;8450;8451;10497;10753;10755;11009;11010;11012;13057;13313;13315;15617;15619;15620;15621;15624;15876;15877;15880;15882;16129;16130;16131;16132;775', '0'),
('9', 'Accountant', 'New Accountant', '512;768;2816;3072;3328;5376;5632;5888;8192;8448;10752;11008;13312;15616;15872;16128', '257;258;259;260;521;523;524;771;772;773;774;2818;2819;2820;2821;2822;2823;3073;3074;3075;3076;3077;3078;3079;3080;3081;3329;3330;3331;3332;3333;3334;3335;5377;5633;5634;5635;5637;5638;5639;5640;5889;5890;5891;7937;7938;7939;7940;8193;8194;8196;8197;8449;8450;8451;10497;10753;10755;11009;11010;11012;13313;13315;15617;15618;15619;15620;15621;15624;15873;15876;15877;15878;15880;15882;16129;16130;16131;16132;775', '0'),
('10', 'Sub Admin', 'Sub Admin', '512;768;2816;3072;3328;5376;5632;5888;8192;8448;10752;11008;13312;15616;15872;16128', '257;258;259;260;521;523;524;771;772;773;774;2818;2819;2820;2821;2822;2823;3073;3074;3082;3075;3076;3077;3078;3079;3080;3081;3329;3330;3331;3332;3333;3334;3335;5377;5633;5634;5635;5637;5638;5639;5640;5889;5890;5891;7937;7938;7939;7940;8193;8194;8196;8197;8449;8450;8451;10497;10753;10755;11009;11010;11012;13057;13313;13315;15617;15619;15620;15621;15624;15873;15874;15876;15877;15878;15879;15880;15882;16129;16130;16131;16132;775', '0');

### Structure of table `0_shippers` ###

DROP TABLE IF EXISTS `0_shippers`;

CREATE TABLE `0_shippers` (
  `shipper_id` int(11) NOT NULL AUTO_INCREMENT,
  `shipper_name` varchar(60) COLLATE utf8_unicode_ci NOT NULL DEFAULT '',
  `phone` varchar(30) COLLATE utf8_unicode_ci NOT NULL DEFAULT '',
  `phone2` varchar(30) COLLATE utf8_unicode_ci NOT NULL DEFAULT '',
  `contact` tinytext COLLATE utf8_unicode_ci NOT NULL,
  `address` tinytext COLLATE utf8_unicode_ci NOT NULL,
  `inactive` tinyint(1) NOT NULL DEFAULT '0',
  PRIMARY KEY (`shipper_id`),
  UNIQUE KEY `name` (`shipper_name`)
) ENGINE=InnoDB AUTO_INCREMENT=2 DEFAULT CHARSET=utf8 COLLATE=utf8_unicode_ci ;

### Data of table `0_shippers` ###

INSERT INTO `0_shippers` VALUES
('1', 'Default', '', '', '', '', '0');

### Structure of table `0_sql_trail` ###

DROP TABLE IF EXISTS `0_sql_trail`;

CREATE TABLE `0_sql_trail` (
  `id` int(11) unsigned NOT NULL AUTO_INCREMENT,
  `sql` text COLLATE utf8_unicode_ci NOT NULL,
  `result` tinyint(1) NOT NULL,
  `msg` varchar(255) COLLATE utf8_unicode_ci NOT NULL,
  PRIMARY KEY (`id`)
) ENGINE=InnoDB DEFAULT CHARSET=utf8 COLLATE=utf8_unicode_ci ;

### Data of table `0_sql_trail` ###


### Structure of table `0_stock_category` ###

DROP TABLE IF EXISTS `0_stock_category`;

CREATE TABLE `0_stock_category` (
  `category_id` int(11) NOT NULL AUTO_INCREMENT,
  `description` varchar(60) COLLATE utf8_unicode_ci NOT NULL DEFAULT '',
  `dflt_tax_type` int(11) NOT NULL DEFAULT '1',
  `dflt_units` varchar(20) COLLATE utf8_unicode_ci NOT NULL DEFAULT 'each',
  `dflt_mb_flag` char(1) COLLATE utf8_unicode_ci NOT NULL DEFAULT 'B',
  `dflt_sales_act` varchar(15) COLLATE utf8_unicode_ci NOT NULL DEFAULT '',
  `dflt_cogs_act` varchar(15) COLLATE utf8_unicode_ci NOT NULL DEFAULT '',
  `dflt_inventory_act` varchar(15) COLLATE utf8_unicode_ci NOT NULL DEFAULT '',
  `dflt_adjustment_act` varchar(15) COLLATE utf8_unicode_ci NOT NULL DEFAULT '',
  `dflt_wip_act` varchar(15) COLLATE utf8_unicode_ci NOT NULL DEFAULT '',
  `dflt_dim1` int(11) DEFAULT NULL,
  `dflt_dim2` int(11) DEFAULT NULL,
  `inactive` tinyint(1) NOT NULL DEFAULT '0',
  `dflt_no_sale` tinyint(1) NOT NULL DEFAULT '0',
  `dflt_no_purchase` tinyint(1) NOT NULL DEFAULT '0',
  PRIMARY KEY (`category_id`),
  UNIQUE KEY `description` (`description`)
) ENGINE=InnoDB AUTO_INCREMENT=12 DEFAULT CHARSET=utf8 COLLATE=utf8_unicode_ci ;

### Data of table `0_stock_category` ###

INSERT INTO `0_stock_category` VALUES
('2', 'Material', '1', 'each', 'B', '4011', '5011', '1021', '5014', '1023', '0', '0', '0', '0', '0'),
('3', 'LASSIG GMBH', '1', 'BG', 'M', '4011', '5011', '1021', '5014', '1023', '0', '0', '0', '0', '0'),
('4', 'MARBA', '1', 'each', 'M', '4011', '5011', '1021', '5014', '1023', '0', '0', '0', '0', '0'),
('5', 'APL', '1', 'each', 'M', '4011', '5011', '1021', '5014', '1023', '0', '0', '0', '0', '0'),
('6', 'Cape Linen', '1', 'each', 'M', '4011', '5011', '1021', '5014', '1023', '0', '0', '0', '0', '0'),
('7', 'SYSTEM', '1', '03P', 'M', '4011', '5011', '1021', '5014', '1023', '0', '0', '0', '0', '0'),
('8', 'AMAN MEDICAL', '1', 'each', 'M', '4011', '5011', '1021', '5014', '1023', '0', '0', '0', '0', '0'),
('9', 'SALIMA', '1', 'each', 'M', '4011', '5011', '1021', '5014', '1023', '0', '0', '0', '0', '0'),
('10', 'EMIRATES', '1', 'each', 'M', '4011', '5011', '1021', '5014', '1023', '0', '0', '0', '0', '0');

### Structure of table `0_stock_fa_class` ###

DROP TABLE IF EXISTS `0_stock_fa_class`;

CREATE TABLE `0_stock_fa_class` (
  `fa_class_id` varchar(20) COLLATE utf8_unicode_ci NOT NULL DEFAULT '',
  `parent_id` varchar(20) COLLATE utf8_unicode_ci NOT NULL DEFAULT '',
  `description` varchar(200) COLLATE utf8_unicode_ci NOT NULL DEFAULT '',
  `long_description` tinytext COLLATE utf8_unicode_ci NOT NULL,
  `depreciation_rate` double NOT NULL DEFAULT '0',
  `inactive` tinyint(1) NOT NULL DEFAULT '0',
  PRIMARY KEY (`fa_class_id`)
) ENGINE=InnoDB DEFAULT CHARSET=utf8 COLLATE=utf8_unicode_ci ;

### Data of table `0_stock_fa_class` ###

INSERT INTO `0_stock_fa_class` VALUES
('1', '', 'A', '', '10', '0'),
('11', '1', 'A-A', '', '10', '0'),
('2', '', 'B', '', '20', '0'),
('22', '2', 'B-B', '', '20', '0');

### Structure of table `0_stock_master` ###

DROP TABLE IF EXISTS `0_stock_master`;

CREATE TABLE `0_stock_master` (
  `stock_id` varchar(20) COLLATE utf8_unicode_ci NOT NULL DEFAULT '',
  `category_id` int(11) NOT NULL DEFAULT '0',
  `tax_type_id` int(11) NOT NULL DEFAULT '0',
  `description` varchar(200) COLLATE utf8_unicode_ci NOT NULL DEFAULT '',
  `long_description` tinytext COLLATE utf8_unicode_ci NOT NULL,
  `carton` varchar(55) COLLATE utf8_unicode_ci NOT NULL,
  `units` varchar(20) COLLATE utf8_unicode_ci NOT NULL DEFAULT 'each',
  `mb_flag` char(1) COLLATE utf8_unicode_ci NOT NULL DEFAULT 'B',
  `sales_account` varchar(15) COLLATE utf8_unicode_ci NOT NULL DEFAULT '',
  `cogs_account` varchar(15) COLLATE utf8_unicode_ci NOT NULL DEFAULT '',
  `inventory_account` varchar(15) COLLATE utf8_unicode_ci NOT NULL DEFAULT '',
  `adjustment_account` varchar(15) COLLATE utf8_unicode_ci NOT NULL DEFAULT '',
  `wip_account` varchar(15) COLLATE utf8_unicode_ci NOT NULL DEFAULT '',
  `dimension_id` int(11) DEFAULT NULL,
  `dimension2_id` int(11) DEFAULT NULL,
  `purchase_cost` double NOT NULL DEFAULT '0',
  `material_cost` double NOT NULL DEFAULT '0',
  `labour_cost` double NOT NULL DEFAULT '0',
  `overhead_cost` double NOT NULL DEFAULT '0',
  `inactive` tinyint(1) NOT NULL DEFAULT '0',
  `no_sale` tinyint(1) NOT NULL DEFAULT '0',
  `no_purchase` tinyint(1) NOT NULL DEFAULT '0',
  `editable` tinyint(1) NOT NULL DEFAULT '0',
  `depreciation_method` char(1) COLLATE utf8_unicode_ci NOT NULL DEFAULT 'S',
  `depreciation_rate` double NOT NULL DEFAULT '0',
  `depreciation_factor` double NOT NULL DEFAULT '1',
  `depreciation_start` date NOT NULL DEFAULT '0000-00-00',
  `depreciation_date` date NOT NULL DEFAULT '0000-00-00',
  `fa_class_id` varchar(20) COLLATE utf8_unicode_ci NOT NULL DEFAULT '',
  `salesman` int(11) NOT NULL,
  PRIMARY KEY (`stock_id`)
) ENGINE=InnoDB DEFAULT CHARSET=utf8 COLLATE=utf8_unicode_ci ;

### Data of table `0_stock_master` ###

INSERT INTO `0_stock_master` VALUES
('0001', '2', '1', '100% Cotton  NE 40/40 combed 150 x 80 per inch  135 g/m2', 'White - 4 mm \r\nsize165 x 215 cm  stripes vertical', '', 'each', 'B', '4011', '5011', '1021', '5014', '1023', '0', '0', '0', '0', '0', '0', '0', '0', '0', '0', '', '0', '0', '0000-00-00', '0000-00-00', '', '0'),
('APLDPR8080', '5', '1', 'WHITE PRINTED DIAPER SIZE: 80X80 CM ', 'WHITE PRINTED DIAPER SIZE: 80X80 CM pro logo', '', 'each', 'M', '4011', '5011', '1021', '5014', '1023', '0', '0', '0', '0', '0', '0', '0', '0', '0', '0', '', '0', '0', '0000-00-00', '0000-00-00', '', '1'),
('APLDPR80801', '2', '1', 'WHITE PRINTED DIAPER SIZE: 80X80 CM ', 'WHITE PRINTED DIAPER SIZE: 80X80 CM no logo', '', 'each', 'B', '4011', '5011', '1021', '5014', '1023', '0', '0', '0', '0', '0', '0', '0', '0', '0', '0', '', '0', '0', '0000-00-00', '0000-00-00', '', '3'),
('CAPBLDWHEPCFAB', '6', '1', 'PC (52:48) BLEACHED WHITE FABRIC, 68X62/24X24', 'PC (52:48) BLEACHED WHITE FABRIC, 68X62/24X24\r\n', '', 'each', 'M', '4011', '5011', '1021', '5014', '1023', '0', '0', '0', '0', '0', '0', '0', '0', '0', '0', '', '0', '0', '0000-00-00', '0000-00-00', '', '1'),
('CAPBNYBLKTFAB', '6', '1', '100% CTN BUNNY BLANKET FABRIC,40X25/20/2X6/2  ', '100% CTN BUNNY BLANKET FABRIC,40X25/20/2X6/2  ', '', 'each', 'M', '4011', '5011', '1021', '5014', '1023', '0', '0', '0', '0', '0', '0', '0', '0', '0', '0', '', '0', '0', '0000-00-00', '0000-00-00', '', '1'),
('CAPDYDJGRNFAB', '6', '1', '100% CTN VAT DYED JADE GREEN FABRIC, 16X16/60X60 ', '100% CTN VAT DYED JADE GREEN FABRIC, 16X16/60X60', '', 'each', 'M', '4011', '5011', '1021', '5014', '1023', '0', '0', '0', '0', '0', '0', '0', '0', '0', '0', '', '0', '0', '0000-00-00', '0000-00-00', '', '1'),
('CAPDYDMBLUCTNFAB', '6', '1', '100% CTN VAT DYED MAIZ BLUE FABRIC, 16X16/60X60 ', '100% CTN VAT DYED MAIZ BLUE FABRIC, 16X16/60X60 \r\n', '', 'each', 'M', '4011', '5011', '1021', '5014', '1023', '0', '0', '0', '0', '0', '0', '0', '0', '0', '0', '', '0', '0', '0000-00-00', '0000-00-00', '', '1'),
('CAPPRTDMLMDPCFAB', '6', '1', 'PC (52:48) PRINTED MELOMED LOGO FABRIC, 68X62/24X24', 'PC (52:48) PRINTED MELOMED LOGO FABRIC, 68X62/24X24\r\n', '', 'each', 'M', '4011', '5011', '1021', '5014', '1023', '0', '0', '0', '0', '0', '0', '0', '0', '0', '0', '', '0', '0', '0000-00-00', '0000-00-00', '', '1'),
('CAPPRTLHLGOFAB', '6', '1', '100% CTN PRINTED LH LOGO FABRIC, 16X16/60X60 ', '100% CTN PRINTED LH LOGO FABRIC, 16X16/60X60 ', '', 'each', 'M', '4011', '5011', '1021', '5014', '1023', '0', '0', '0', '0', '0', '0', '0', '0', '0', '0', '', '0', '0', '0000-00-00', '0000-00-00', '', '1'),
('CAPPRTLHLGOPCFAB', '6', '1', 'PC (52:48) PRINTED LH LOGO FABRIC, 68X62/24X24', 'PC (52:48) PRINTED LH LOGO FABRIC, 68X62/24X24\r\n', '', 'each', 'M', '4011', '5011', '1021', '5014', '1023', '0', '0', '0', '0', '0', '0', '0', '0', '0', '0', '', '0', '0', '0000-00-00', '0000-00-00', '', '1'),
('EMRBLKT72104BLUBLK', '10', '1', 'BLUE BLANKET WITH BLACK STRIPE SIZE : 72X104&quot;', 'BLUE BLANKET WITH BLACK STRIPE SIZE : 72X104&quot;', '', 'each', 'M', '4011', '5011', '1021', '5014', '1023', '0', '0', '0', '0', '0', '0', '0', '0', '0', '0', '', '0', '0', '0000-00-00', '0000-00-00', '', '2'),
('EMRBLKT72104BLUORG', '10', '1', 'BLUE BLANKET WITH ORANAGE STRIPE SIZE : 72X104&quot;', 'BLUE BLANKET WITH ORANAGE STRIPE SIZE : 72X104&quot;', '', 'each', 'M', '4011', '5011', '1021', '5014', '1023', '0', '0', '0', '0', '0', '0', '0', '0', '0', '0', '', '0', '0', '0000-00-00', '0000-00-00', '', '2'),
('EMRBS72108WHEBLK', '10', '1', 'WHITE B.SHEET SIZE: 72X108 &quot; WITH BLACK PATTI', 'WHITE B.SHEET SIZE: 72X108 &quot; WITH BLACK PATTI', '', 'each', 'M', '4011', '5011', '1021', '5014', '1023', '0', '0', '0', '0', '0', '0', '0', '0', '0', '0', '', '0', '0', '0000-00-00', '0000-00-00', '', '2'),
('EMRBS72108WHERED', '10', '1', 'WHITE B.SHEET SIZE: 72X108 &quot; WITH RED PATTI', 'WHITE B.SHEET SIZE: 72X108 &quot; WITH RED PATTI', '', 'each', 'M', '4011', '5011', '1021', '5014', '1023', '0', '0', '0', '0', '0', '0', '0', '0', '0', '0', '', '0', '0', '0000-00-00', '0000-00-00', '', '2'),
('EMRPC2030WHEBLU', '10', '1', 'WHITE P.COVER SIZE: 20X30 &quot; WITH BLUE PATTI', 'WHITE P.COVER SIZE: 20X30 &quot; WITH BLUE PATTI', '', 'each', 'M', '4011', '5011', '1021', '5014', '1023', '0', '0', '0', '0', '0', '0', '0', '0', '0', '0', '', '0', '0', '0000-00-00', '0000-00-00', '', '2'),
('EMRTWL3060WHEBLK', '10', '1', 'WHITE BATH TOWEL SIZE: 30X60 &quot; WITH BLACK STRIPE', 'WHITE BATH TOWEL SIZE: 30X60 &quot; WITH BLACK STRIPE', '', 'each', 'M', '4011', '5011', '1021', '5014', '1023', '0', '0', '0', '0', '0', '0', '0', '0', '0', '0', '', '0', '0', '0000-00-00', '0000-00-00', '', '2'),
('EMRTWL3060WHEORG', '10', '1', 'WHITE BATH TOWEL SIZE: 30X60 &quot; WITH ORANGE STRIPE', 'WHITE BATH TOWEL SIZE: 30X60 &quot; WITH ORANGE STRIPE', '', 'each', 'M', '4011', '5011', '1021', '5014', '1023', '0', '0', '0', '0', '0', '0', '0', '0', '0', '0', '', '0', '0', '0000-00-00', '0000-00-00', '', '2'),
('LSGNSTYL1', '3', '1', 'NEW STYLE 1 BABYLOVE MUSLIN SWADDLES 3 PACK SIZE: 80X80 CM, 100% COTTON , OKO TEX STANDARD', 'NEW STYLE 1 BABYLOVE MUSLIN SWADDLES 3 PACK SIZE: 80X80 CM, 100% COTTON , OKO TEX STANDARD', '', '03P', 'M', '4011', '5011', '1021', '5014', '1023', '0', '0', '0', '0', '0', '0', '0', '0', '0', '0', '', '0', '0', '0000-00-00', '0000-00-00', '', '1'),
('LSGNSTYL2', '3', '1', 'NEW STYLE 2 BABYLOVE MUSLIN SWADDLES 3 PACK SIZE: 80X80 CM, 100% COTTON , OKO TEX STANDARD', 'NEW STYLE 2 BABYLOVE MUSLIN SWADDLES 3 PACK SIZE: 80X80 CM, 100% COTTON , OKO TEX STANDARD', '', '03P', 'M', '4011', '5011', '1021', '5014', '1023', '0', '0', '0', '0', '0', '0', '0', '0', '0', '0', '', '0', '0', '0000-00-00', '0000-00-00', '', '1'),
('LSGNSTYL3', '3', '1', 'NEW STYLE 3 BABYLOVE MUSLIN SWADDLES 3 PACK SIZE: 80X80 CM, 100% COTTON , OKO TEX STANDARD', 'NEW STYLE 3 BABYLOVE MUSLIN SWADDLES 3 PACK SIZE: 80X80 CM, 100% COTTON , OKO TEX STANDARD', '', '03P', 'M', '4011', '5011', '1021', '5014', '1023', '0', '0', '0', '0', '0', '0', '0', '0', '0', '0', '', '0', '0', '0000-00-00', '0000-00-00', '', '1'),
('LSGOLDSTYL1', '3', '1', 'OLD STYLE 1 BABYLOVE MUSLIN SWADDLES 3 PACK SIZE: 80X80 CM, 100% COTTON , OKO TEX STANDARD', 'OLD STYLE 1 BABYLOVE MUSLIN SWADDLES 3 PACK SIZE: 80X80 CM, 100% COTTON , OKO TEX STANDARD', '', '03P', 'M', '4011', '5011', '1021', '5014', '1023', '0', '0', '0', '0', '0', '0', '0', '0', '0', '0', '', '0', '0', '0000-00-00', '0000-00-00', '', '1'),
('LSGOLDSTYL2', '3', '1', 'OLD STYLE 2 BABYLOVE MUSLIN SWADDLES 3 PACK SIZE: 80X80 CM, 100% COTTON , OKO TEX STANDARD', 'OLD STYLE 2 BABYLOVE MUSLIN SWADDLES 3 PACK SIZE: 80X80 CM, 100% COTTON , OKO TEX STANDARD', '', '03P', 'M', '4011', '5011', '1021', '5014', '1023', '0', '0', '0', '0', '0', '0', '0', '0', '0', '0', '', '0', '0', '0000-00-00', '0000-00-00', '', '1'),
('LSGOLDSTYL3', '3', '1', 'OLD STYLE 3 BABYLOVE MUSLIN SWADDLES 3 PACK SIZE: 80X80 CM, 100% COTTON , OKO TEX STANDARD', 'OLD STYLE 3 BABYLOVE MUSLIN SWADDLES 3 PACK SIZE: 80X80 CM, 100% COTTON , OKO TEX STANDARD', '', '03P', 'M', '4011', '5011', '1021', '5014', '1023', '0', '0', '0', '0', '0', '0', '0', '0', '0', '0', '', '0', '0', '0000-00-00', '0000-00-00', '', '1'),
('MRBAAPN90110', '4', '1', 'WHITE ALFREDO APRON SIZE: 90X110 CM WITH GREY MARBA LABEL', 'WHITE ALFREDO APRON SIZE: 90X110 CM WITH GREY MARBA LABEL', '', 'each', 'M', '4011', '5011', '1021', '5014', '1023', '0', '0', '0', '0', '0', '0', '0', '0', '0', '0', '', '0', '0', '0000-00-00', '0000-00-00', '', '1'),
('MRBAAPN9075', '4', '1', 'WHITE ALFREDO APRON SIZE: 90X75 CM WITH GREY MARBA LABEL', 'WHITE ALFREDO APRON SIZE: 90X75 CM WITH GREY MARBA LABEL', '', 'each', 'M', '4011', '5011', '1021', '5014', '1023', '0', '0', '0', '0', '0', '0', '0', '0', '0', '0', '', '0', '0', '0000-00-00', '0000-00-00', '', '1'),
('MRBDC162220MKR', '4', '1', 'WHITE DUVET COVER MERKUR 4MM SIZE: 162X220 CM BAR TAG WITH SPECIAL HEM, STRIPES VERTICAL', 'WHITE DUVET COVER MERKUR 4MM SIZE: 162X220 CM BAR TAG WITH SPECIAL HEM, STRIPES VERTICAL', '', 'each', 'M', '4011', '5011', '1021', '5014', '1023', '0', '0', '0', '0', '0', '0', '0', '0', '0', '0', '', '0', '0', '0000-00-00', '0000-00-00', '', '1'),
('MRBDC165215HRMS', '4', '1', 'WHITE D.COVER HERMES 4MM SIZE: 165X215 CM BAR TAG, VERTICAL STRIPE WITH LABEL ELIS', 'WHITE D.COVER HERMES 4MM SIZE: 165X215 CM BAR TAG, VERTICAL STRIPE WITH LABEL ELIS', '', 'each', 'M', '4011', '5011', '1021', '5014', '1023', '0', '0', '0', '0', '0', '0', '0', '0', '0', '0', '', '0', '0', '0000-00-00', '0000-00-00', '', '1'),
('MRBLBS280330', '4', '1', 'WHITE LUNA SHEET SIZE: 280X330 CM WITH SCHMID LABEL, 2+2 CM-HAND CUTTING 2 SELVEDGES 2 HEMS WITH DOUBLE RED THREAD ON BOTH HEM', 'WHITE LUNA SHEET SIZE: 280X330 CM WITH SCHMID LABEL, 2+2 CM-HAND CUTTING 2 SELVEDGES 2 HEMS WITH DOUBLE RED THREAD ON BOTH HEM', '', 'each', 'M', '4011', '5011', '1021', '5014', '1023', '0', '0', '0', '0', '0', '0', '0', '0', '0', '0', '', '0', '0', '0000-00-00', '0000-00-00', '', '1'),
('MRBPC639320MKR', '4', '1', 'WHITE PILLOW COVER MERKUR 4MM SIZE: 63X93+20 CM WITH LABEL MARBA STIPES HORIZONTAL ON SHORT SIDE', 'WHITE PILLOW COVER MERKUR 4MM SIZE: 63X93+20 CM WITH LABEL MARBA STIPES HORIZONTAL ON SHORT SIDE', '', 'each', 'M', '4011', '5011', '1021', '5014', '1023', '0', '0', '0', '0', '0', '0', '0', '0', '0', '0', '', '0', '0', '0000-00-00', '0000-00-00', '', '1'),
('MRBPC639520HRMS', '4', '1', 'WHITE P.COVER HERMES 4MM SIZE: 63X95+20 CM FLAP, HORIZONTAL STRIPE WITH LABEL ELIS', 'WHITE P.COVER HERMES 4MM SIZE: 63X95+20 CM FLAP, HORIZONTAL STRIPE WITH LABEL ELIS', '', 'each', 'M', '4011', '5011', '1021', '5014', '1023', '0', '0', '0', '0', '0', '0', '0', '0', '0', '0', '', '0', '0', '0000-00-00', '0000-00-00', '', '1'),
('MRBPC66125HRMS', '4', '1', 'WHITE P.COVER HERMES 4MM SIZE: 66X125 CM BAG CLOSING, HORIZONTAL STRIPE WITH LABEL ELIS', 'WHITE P.COVER HERMES 4MM SIZE: 66X125 CM BAG CLOSING, HORIZONTAL STRIPE WITH LABEL ELIS', '', 'each', 'M', '4011', '5011', '1021', '5014', '1023', '0', '0', '0', '0', '0', '0', '0', '0', '0', '0', '', '0', '0', '0000-00-00', '0000-00-00', '', '1'),
('OB', '7', '1', 'OPENING BALANCE PAY', 'OPENING BALANCE PAY', '', 'each', 'B', '2011', '3012', '3012', '5014', '1023', '0', '0', '100000', '25750', '0', '0', '0', '0', '0', '0', '', '0', '0', '0000-00-00', '0000-00-00', '', '3'),
('OBB', '7', '1', 'OPENING BALANCE REC', 'OPENING BALANCE', '', 'each', 'B', '3012', '1013', '1013', '5014', '1023', '0', '0', '0', '0', '0', '0', '0', '0', '0', '0', '', '0', '0', '0000-00-00', '0000-00-00', '', '3'),
('SLMDSHEET86186', '9', '1', '100% CTN DRAW SHEET UNBLEACHED WITHOUT LOGO SIZE: 86X186 CM', '100% CTN DRAW SHEET UNBLEACHED WITHOUT LOGO SIZE: 86X186 CM', '', 'each', 'M', '4011', '5011', '1021', '5014', '1023', '0', '0', '0', '0', '0', '0', '0', '0', '0', '0', '', '0', '0', '0000-00-00', '0000-00-00', '', '2');

### Structure of table `0_stock_moves` ###

DROP TABLE IF EXISTS `0_stock_moves`;

CREATE TABLE `0_stock_moves` (
  `trans_id` int(11) NOT NULL AUTO_INCREMENT,
  `trans_no` int(11) NOT NULL DEFAULT '0',
  `stock_id` char(20) COLLATE utf8_unicode_ci NOT NULL DEFAULT '',
  `type` smallint(6) NOT NULL DEFAULT '0',
  `loc_code` char(5) COLLATE utf8_unicode_ci NOT NULL DEFAULT '',
  `tran_date` date NOT NULL DEFAULT '0000-00-00',
  `person_id` int(11) NOT NULL,
  `price` double NOT NULL DEFAULT '0',
  `reference` char(40) COLLATE utf8_unicode_ci NOT NULL DEFAULT '',
  `qty` double NOT NULL DEFAULT '1',
  `standard_cost` double NOT NULL DEFAULT '0',
  `discount_percent` double NOT NULL,
  PRIMARY KEY (`trans_id`),
  KEY `type` (`type`,`trans_no`),
  KEY `Move` (`stock_id`,`loc_code`,`tran_date`)
) ENGINE=InnoDB AUTO_INCREMENT=8 DEFAULT CHARSET=utf8 COLLATE=utf8_unicode_ci ;

### Data of table `0_stock_moves` ###

INSERT INTO `0_stock_moves` VALUES
('1', '1', 'OB', '25', 'DEF', '2017-07-01', '0', '1', '', '1', '1000', '0'),
('2', '2', 'OB', '25', 'DEF', '2017-07-01', '0', '1', '', '1', '1000', '0'),
('3', '3', 'OB', '25', 'DEF', '2017-07-01', '0', '1', '', '1', '1000', '0'),
('6', '4', 'OB', '25', 'DEF', '2017-07-01', '0', '13', '', '1', '25750', '0');

### Structure of table `0_supp_allocations` ###

DROP TABLE IF EXISTS `0_supp_allocations`;

CREATE TABLE `0_supp_allocations` (
  `id` int(11) NOT NULL AUTO_INCREMENT,
  `person_id` int(11) DEFAULT NULL,
  `amt` double unsigned DEFAULT NULL,
  `date_alloc` date NOT NULL DEFAULT '0000-00-00',
  `trans_no_from` int(11) DEFAULT NULL,
  `trans_type_from` int(11) DEFAULT NULL,
  `trans_no_to` int(11) DEFAULT NULL,
  `trans_type_to` int(11) DEFAULT NULL,
  PRIMARY KEY (`id`),
  UNIQUE KEY `trans_type_from` (`person_id`,`trans_type_from`,`trans_no_from`,`trans_type_to`,`trans_no_to`),
  KEY `From` (`trans_type_from`,`trans_no_from`),
  KEY `To` (`trans_type_to`,`trans_no_to`)
) ENGINE=InnoDB DEFAULT CHARSET=utf8 COLLATE=utf8_unicode_ci ;

### Data of table `0_supp_allocations` ###


### Structure of table `0_supp_invoice_items` ###

DROP TABLE IF EXISTS `0_supp_invoice_items`;

CREATE TABLE `0_supp_invoice_items` (
  `id` int(11) NOT NULL AUTO_INCREMENT,
  `supp_trans_no` int(11) DEFAULT NULL,
  `supp_trans_type` int(11) DEFAULT NULL,
  `gl_code` varchar(15) COLLATE utf8_unicode_ci NOT NULL DEFAULT '',
  `grn_item_id` int(11) DEFAULT NULL,
  `po_detail_item_id` int(11) DEFAULT NULL,
  `stock_id` varchar(20) COLLATE utf8_unicode_ci NOT NULL DEFAULT '',
  `description` tinytext COLLATE utf8_unicode_ci,
  `quantity` double NOT NULL DEFAULT '0',
  `unit_price` double NOT NULL DEFAULT '0',
  `unit_tax` double NOT NULL DEFAULT '0',
  `memo_` tinytext COLLATE utf8_unicode_ci,
  `dimension_id` int(11) NOT NULL DEFAULT '0',
  `dimension2_id` int(11) NOT NULL DEFAULT '0',
  PRIMARY KEY (`id`),
  KEY `Transaction` (`supp_trans_type`,`supp_trans_no`,`stock_id`)
) ENGINE=InnoDB AUTO_INCREMENT=5 DEFAULT CHARSET=utf8 COLLATE=utf8_unicode_ci ;

### Data of table `0_supp_invoice_items` ###

INSERT INTO `0_supp_invoice_items` VALUES
('1', '1', '20', '0', '1', '1', 'OB', 'OPENING BALANCE', '0', '0', '0', NULL, '0', '0'),
('2', '2', '20', '0', '2', '2', 'OB', 'OPENING BALANCE', '0', '0', '0', NULL, '0', '0'),
('3', '3', '20', '0', '3', '3', 'OB', 'OPENING BALANCE', '0', '0', '0', NULL, '0', '0'),
('4', '4', '20', '0', '4', '4', 'OB', 'OPENING BALANCE PAY', '0', '0', '0', NULL, '0', '0');

### Structure of table `0_supp_trans` ###

DROP TABLE IF EXISTS `0_supp_trans`;

CREATE TABLE `0_supp_trans` (
  `trans_no` int(11) unsigned NOT NULL DEFAULT '0',
  `type` smallint(6) unsigned NOT NULL DEFAULT '0',
  `supplier_id` int(11) unsigned DEFAULT NULL,
  `reference` tinytext COLLATE utf8_unicode_ci NOT NULL,
  `supp_reference` varchar(60) COLLATE utf8_unicode_ci NOT NULL DEFAULT '',
  `tran_date` date NOT NULL DEFAULT '0000-00-00',
  `due_date` date NOT NULL DEFAULT '0000-00-00',
  `ov_amount` double NOT NULL DEFAULT '0',
  `ov_discount` double NOT NULL DEFAULT '0',
  `ov_gst` double NOT NULL DEFAULT '0',
  `gst_wh` double NOT NULL,
  `rate` double NOT NULL DEFAULT '1',
  `alloc` double NOT NULL DEFAULT '0',
  `tax_included` tinyint(1) NOT NULL DEFAULT '0',
  `supply_disc` int(11) NOT NULL,
  `service_disc` int(11) NOT NULL,
  `fbr_disc` int(11) NOT NULL,
  `srb_disc` int(11) NOT NULL,
  `write_back` int(11) NOT NULL,
  `supply_tax_id` int(11) NOT NULL,
  `service_tax_id` int(11) NOT NULL,
  `fbr_tax_id` int(11) NOT NULL,
  `srb_tax_id` int(11) NOT NULL,
  `cheque` int(11) NOT NULL,
  PRIMARY KEY (`type`,`trans_no`),
  KEY `supplier_id` (`supplier_id`),
  KEY `tran_date` (`tran_date`)
) ENGINE=InnoDB DEFAULT CHARSET=utf8 COLLATE=utf8_unicode_ci ;

### Data of table `0_supp_trans` ###

INSERT INTO `0_supp_trans` VALUES
('35', '0', '6', 'JV013/2017', '1', '2017-07-03', '0000-00-00', '-851124', '0', '0', '0', '1', '0', '0', '0', '0', '0', '0', '0', '0', '0', '0', '0', '0'),
('37', '0', '15', 'JV015/2017', '2', '2017-07-03', '0000-00-00', '-69000', '0', '0', '0', '1', '0', '0', '0', '0', '0', '0', '0', '0', '0', '0', '0', '0'),
('38', '0', '15', 'JV016/2017', '', '2017-07-03', '0000-00-00', '-200000', '0', '0', '0', '1', '0', '0', '0', '0', '0', '0', '0', '0', '0', '0', '0', '0'),
('39', '0', '14', 'JV017/2017', '', '2017-07-03', '0000-00-00', '-50140', '0', '0', '0', '1', '0', '0', '0', '0', '0', '0', '0', '0', '0', '0', '0', '0'),
('40', '0', '15', 'JV018/2017', '', '2017-07-05', '0000-00-00', '-50000', '0', '0', '0', '1', '0', '0', '0', '0', '0', '0', '0', '0', '0', '0', '0', '0'),
('41', '0', '7', 'JV019/2017', '', '2017-07-05', '0000-00-00', '-137831', '0', '0', '0', '1', '0', '0', '0', '0', '0', '0', '0', '0', '0', '0', '0', '0'),
('42', '0', '15', 'JV020/2017', '', '2017-07-05', '0000-00-00', '-20100', '0', '0', '0', '1', '0', '0', '0', '0', '0', '0', '0', '0', '0', '0', '0', '0'),
('43', '0', '15', 'JV021/2017', '', '2017-07-05', '0000-00-00', '-687950', '0', '0', '0', '1', '0', '0', '0', '0', '0', '0', '0', '0', '0', '0', '0', '0'),
('44', '0', '15', 'JV022/2017', '', '2017-07-05', '0000-00-00', '-94993', '0', '0', '0', '1', '0', '0', '0', '0', '0', '0', '0', '0', '0', '0', '0', '0'),
('45', '0', '8', 'JV023/2017', '', '2017-07-05', '0000-00-00', '-239550', '0', '0', '0', '1', '0', '0', '0', '0', '0', '0', '0', '0', '0', '0', '0', '0'),
('46', '0', '14', 'JV024/2017', '', '2017-07-05', '0000-00-00', '0', '0', '0', '0', '1', '0', '0', '0', '0', '0', '0', '0', '0', '0', '0', '0', '0'),
('47', '0', '14', 'JV025/2017', '', '2017-07-05', '0000-00-00', '-2390', '0', '0', '0', '1', '0', '0', '0', '0', '0', '0', '0', '0', '0', '0', '0', '0'),
('48', '0', '9', 'JV026/2017', '', '2017-07-06', '0000-00-00', '-13080', '0', '0', '0', '1', '0', '0', '0', '0', '0', '0', '0', '0', '0', '0', '0', '0'),
('49', '0', '15', 'JV027/2017', '', '2017-07-07', '0000-00-00', '-266800', '0', '0', '0', '1', '0', '0', '0', '0', '0', '0', '0', '0', '0', '0', '0', '0'),
('50', '0', '15', 'JV028/2017', '', '2017-07-10', '0000-00-00', '-25000', '0', '0', '0', '1', '0', '0', '0', '0', '0', '0', '0', '0', '0', '0', '0', '0'),
('51', '0', '15', 'JV029/2017', '', '2017-07-10', '0000-00-00', '-109933', '0', '0', '0', '1', '0', '0', '0', '0', '0', '0', '0', '0', '0', '0', '0', '0'),
('52', '0', '9', 'JV030/2017', '', '2017-07-06', '0000-00-00', '-121741', '0', '0', '0', '1', '0', '0', '0', '0', '0', '0', '0', '0', '0', '0', '0', '0'),
('53', '0', '15', 'JV031/2017', '', '2017-07-10', '0000-00-00', '-50000', '0', '0', '0', '1', '0', '0', '0', '0', '0', '0', '0', '0', '0', '0', '0', '0'),
('54', '0', '14', 'JV032/2017', '', '2017-07-06', '0000-00-00', '-67008', '0', '0', '0', '1', '0', '0', '0', '0', '0', '0', '0', '0', '0', '0', '0', '0'),
('55', '0', '3', 'JV033/2017', '', '2017-07-10', '0000-00-00', '-33863', '0', '0', '0', '1', '0', '0', '0', '0', '0', '0', '0', '0', '0', '0', '0', '0'),
('56', '0', '15', 'JV034/2017', '', '2017-07-07', '0000-00-00', '-26058', '0', '0', '0', '1', '0', '0', '0', '0', '0', '0', '0', '0', '0', '0', '0', '0'),
('57', '0', '15', 'JV035/2017', '', '2017-07-11', '0000-00-00', '-26869', '0', '0', '0', '1', '0', '0', '0', '0', '0', '0', '0', '0', '0', '0', '0', '0'),
('58', '0', '15', 'JV036/2017', '', '2017-07-11', '0000-00-00', '-245817', '0', '0', '0', '1', '0', '0', '0', '0', '0', '0', '0', '0', '0', '0', '0', '0'),
('59', '0', '12', 'JV037/2017', '', '2017-07-11', '0000-00-00', '-100000', '0', '0', '0', '1', '0', '0', '0', '0', '0', '0', '0', '0', '0', '0', '0', '0'),
('60', '0', '15', 'JV038/2017', '', '2017-07-12', '0000-00-00', '-20000', '0', '0', '0', '1', '0', '0', '0', '0', '0', '0', '0', '0', '0', '0', '0', '0'),
('61', '0', '15', 'JV039/2017', '', '2017-07-12', '0000-00-00', '-50000', '0', '0', '0', '1', '0', '0', '0', '0', '0', '0', '0', '0', '0', '0', '0', '0'),
('62', '0', '15', 'JV040/2017', '', '2017-07-13', '0000-00-00', '-38018', '0', '0', '0', '1', '0', '0', '0', '0', '0', '0', '0', '0', '0', '0', '0', '0'),
('63', '0', '15', 'JV041/2017', '', '2017-07-13', '0000-00-00', '-23174', '0', '0', '0', '1', '0', '0', '0', '0', '0', '0', '0', '0', '0', '0', '0', '0'),
('64', '0', '15', 'JV042/2017', '', '2017-07-13', '0000-00-00', '-31600', '0', '0', '0', '1', '0', '0', '0', '0', '0', '0', '0', '0', '0', '0', '0', '0'),
('65', '0', '15', 'JV043/2017', '', '2017-07-13', '0000-00-00', '-75576', '0', '0', '0', '1', '0', '0', '0', '0', '0', '0', '0', '0', '0', '0', '0', '0'),
('66', '0', '15', 'JV044/2017', '', '2017-07-13', '0000-00-00', '-50000', '0', '0', '0', '1', '0', '0', '0', '0', '0', '0', '0', '0', '0', '0', '0', '0'),
('67', '0', '15', 'JV045/2017', '', '2017-07-13', '0000-00-00', '-50000', '0', '0', '0', '1', '0', '0', '0', '0', '0', '0', '0', '0', '0', '0', '0', '0'),
('68', '0', '15', 'JV046/2017', '', '2017-07-14', '0000-00-00', '-33200', '0', '0', '0', '1', '0', '0', '0', '0', '0', '0', '0', '0', '0', '0', '0', '0'),
('69', '0', '15', 'JV047/2017', '', '2017-07-14', '0000-00-00', '-52500', '0', '0', '0', '1', '0', '0', '0', '0', '0', '0', '0', '0', '0', '0', '0', '0'),
('70', '0', '15', 'JV048/2017', '', '2017-07-14', '0000-00-00', '-149550', '0', '0', '0', '1', '0', '0', '0', '0', '0', '0', '0', '0', '0', '0', '0', '0'),
('71', '0', '15', 'JV049/2017', '', '2017-07-18', '0000-00-00', '-112256', '0', '0', '0', '1', '0', '0', '0', '0', '0', '0', '0', '0', '0', '0', '0', '0'),
('72', '0', '15', 'JV050/2017', '', '2017-07-18', '0000-00-00', '-400000', '0', '0', '0', '1', '0', '0', '0', '0', '0', '0', '0', '0', '0', '0', '0', '0'),
('73', '0', '15', 'JV051/2017', '', '2017-07-18', '0000-00-00', '-170650', '0', '0', '0', '1', '0', '0', '0', '0', '0', '0', '0', '0', '0', '0', '0', '0'),
('74', '0', '15', 'JV052/2017', '', '2017-07-18', '0000-00-00', '-111767', '0', '0', '0', '1', '0', '0', '0', '0', '0', '0', '0', '0', '0', '0', '0', '0'),
('75', '0', '15', 'JV053/2017', '', '2017-07-17', '0000-00-00', '-75584', '0', '0', '0', '1', '0', '0', '0', '0', '0', '0', '0', '0', '0', '0', '0', '0'),
('76', '0', '15', 'JV054/2017', '', '2017-07-17', '0000-00-00', '-247500', '0', '0', '0', '1', '0', '0', '0', '0', '0', '0', '0', '0', '0', '0', '0', '0'),
('77', '0', '15', 'JV055/2017', '', '2017-07-17', '0000-00-00', '0', '0', '0', '0', '1', '0', '0', '0', '0', '0', '0', '0', '0', '0', '0', '0', '0'),
('78', '0', '15', 'JV056/2017', '', '2017-07-18', '0000-00-00', '-40000', '0', '0', '0', '1', '0', '0', '0', '0', '0', '0', '0', '0', '0', '0', '0', '0'),
('79', '0', '15', 'JV057/2017', '', '2017-07-19', '0000-00-00', '-36200', '0', '0', '0', '1', '0', '0', '0', '0', '0', '0', '0', '0', '0', '0', '0', '0'),
('80', '0', '5', 'JV058/2017', '', '2017-07-25', '0000-00-00', '-488560', '0', '0', '0', '1', '0', '0', '0', '0', '0', '0', '0', '0', '0', '0', '0', '0'),
('81', '0', '15', 'JV059/2017', '', '2017-07-24', '0000-00-00', '-15000', '0', '0', '0', '1', '0', '0', '0', '0', '0', '0', '0', '0', '0', '0', '0', '0'),
('82', '0', '15', 'JV060/2017', '', '2017-07-31', '0000-00-00', '-96372', '0', '0', '0', '1', '0', '0', '0', '0', '0', '0', '0', '0', '0', '0', '0', '0'),
('83', '0', '15', 'JV061/2017', '', '2017-07-20', '0000-00-00', '-28731', '0', '0', '0', '1', '0', '0', '0', '0', '0', '0', '0', '0', '0', '0', '0', '0'),
('84', '0', '1', 'JV062/2017', '', '2017-07-20', '0000-00-00', '-34899', '0', '0', '0', '1', '0', '0', '0', '0', '0', '0', '0', '0', '0', '0', '0', '0'),
('85', '0', '15', 'JV063/2017', '', '2017-07-20', '0000-00-00', '-42420', '0', '0', '0', '1', '0', '0', '0', '0', '0', '0', '0', '0', '0', '0', '0', '0'),
('86', '0', '15', 'JV064/2017', '', '2017-07-31', '0000-00-00', '-73003', '0', '0', '0', '1', '0', '0', '0', '0', '0', '0', '0', '0', '0', '0', '0', '0'),
('87', '0', '15', 'JV065/2017', '', '2017-07-31', '0000-00-00', '-594000', '0', '0', '0', '1', '0', '0', '0', '0', '0', '0', '0', '0', '0', '0', '0', '0'),
('88', '0', '15', 'JV066/2017', '', '2017-07-31', '0000-00-00', '-666279', '0', '0', '0', '1', '0', '0', '0', '0', '0', '0', '0', '0', '0', '0', '0', '0'),
('89', '0', '15', 'JV067/2017', '', '2017-07-24', '0000-00-00', '-304557', '0', '0', '0', '1', '0', '0', '0', '0', '0', '0', '0', '0', '0', '0', '0', '0'),
('90', '0', '15', 'JV068/2017', '', '2017-07-24', '0000-00-00', '-291273', '0', '0', '0', '1', '0', '0', '0', '0', '0', '0', '0', '0', '0', '0', '0', '0'),
('91', '0', '15', 'JV069/2017', '', '2017-07-31', '0000-00-00', '0', '0', '0', '0', '1', '0', '0', '0', '0', '0', '0', '0', '0', '0', '0', '0', '0'),
('92', '0', '15', 'JV070/2017', '', '2017-07-20', '0000-00-00', '-159752', '0', '0', '0', '1', '0', '0', '0', '0', '0', '0', '0', '0', '0', '0', '0', '0'),
('93', '0', '15', 'JV071/2017', '', '2017-07-31', '0000-00-00', '-342329', '0', '0', '0', '1', '0', '0', '0', '0', '0', '0', '0', '0', '0', '0', '0', '0'),
('94', '0', '15', 'JV072/2017', '', '2017-07-24', '0000-00-00', '-199400', '0', '0', '0', '1', '0', '0', '0', '0', '0', '0', '0', '0', '0', '0', '0', '0'),
('95', '0', '11', 'JV073/2017', '', '2017-07-20', '0000-00-00', '-22100', '0', '0', '0', '1', '0', '0', '0', '0', '0', '0', '0', '0', '0', '0', '0', '0'),
('96', '0', '15', 'JV074/2017', '', '2017-07-24', '0000-00-00', '-200000', '0', '0', '0', '1', '0', '0', '0', '0', '0', '0', '0', '0', '0', '0', '0', '0'),
('97', '0', '15', 'JV075/2017', '', '2017-07-31', '0000-00-00', '-198852', '0', '0', '0', '1', '0', '0', '0', '0', '0', '0', '0', '0', '0', '0', '0', '0'),
('98', '0', '15', 'JV076/2017', '', '2017-07-25', '0000-00-00', '-276743', '0', '0', '0', '1', '0', '0', '0', '0', '0', '0', '0', '0', '0', '0', '0', '0'),
('99', '0', '7', 'JV077/2017', '', '2017-07-31', '0000-00-00', '0', '0', '0', '0', '1', '0', '0', '0', '0', '0', '0', '0', '0', '0', '0', '0', '0'),
('100', '0', '15', 'JV078/2017', '', '2017-07-21', '0000-00-00', '-120000', '0', '0', '0', '1', '0', '0', '0', '0', '0', '0', '0', '0', '0', '0', '0', '0'),
('101', '0', '15', 'JV079/2017', '', '2017-07-31', '0000-00-00', '-96481', '0', '0', '0', '1', '0', '0', '0', '0', '0', '0', '0', '0', '0', '0', '0', '0'),
('102', '0', '6', 'JV080/2017', '', '2017-07-31', '0000-00-00', '-13720', '0', '0', '0', '1', '0', '0', '0', '0', '0', '0', '0', '0', '0', '0', '0', '0'),
('103', '0', '15', 'JV081/2017', '', '2017-07-31', '0000-00-00', '-250000', '0', '0', '0', '1', '0', '0', '0', '0', '0', '0', '0', '0', '0', '0', '0', '0'),
('137', '0', '15', 'JV115/2017', '', '2017-07-04', '0000-00-00', '-3840', '0', '0', '0', '1', '0', '0', '0', '0', '0', '0', '0', '0', '0', '0', '0', '0'),
('139', '0', '16', 'JV117/2017', '', '2017-07-13', '0000-00-00', '-73764', '0', '0', '0', '1', '0', '0', '0', '0', '0', '0', '0', '0', '0', '0', '0', '0'),
('143', '0', '17', 'JV121/2017', '', '2017-07-19', '0000-00-00', '-10000', '0', '0', '0', '1', '0', '0', '0', '0', '0', '0', '0', '0', '0', '0', '0', '0'),
('167', '0', '18', 'JV145/2017', '', '2017-07-31', '0000-00-00', '0', '0', '0', '0', '1', '0', '0', '0', '0', '0', '0', '0', '0', '0', '0', '0', '0'),
('170', '0', '18', 'JV145/2017', '', '2017-07-31', '0000-00-00', '-20000', '0', '0', '0', '1', '0', '0', '0', '0', '0', '0', '0', '0', '0', '0', '0', '0'),
('172', '0', '18', 'JV146/2017', '', '2017-07-31', '0000-00-00', '20000', '0', '0', '0', '1', '0', '0', '0', '0', '0', '0', '0', '0', '0', '0', '0', '0'),
('174', '0', '14', 'JV148/2017', '', '2017-07-31', '0000-00-00', '496362', '0', '0', '0', '1', '0', '0', '0', '0', '0', '0', '0', '0', '0', '0', '0', '0'),
('175', '0', '14', 'JV149/2017', '', '2017-07-31', '0000-00-00', '0', '0', '0', '0', '1', '0', '0', '0', '0', '0', '0', '0', '0', '0', '0', '0', '0'),
('176', '0', '14', 'JV150/2017', '', '2017-07-31', '0000-00-00', '176095', '0', '0', '0', '1', '0', '0', '0', '0', '0', '0', '0', '0', '0', '0', '0', '0'),
('177', '0', '14', 'JV151/2017', '', '2017-07-31', '0000-00-00', '0', '0', '0', '0', '1', '0', '0', '0', '0', '0', '0', '0', '0', '0', '0', '0', '0'),
('178', '0', '14', 'JV152/2017', '', '2017-07-31', '0000-00-00', '0', '0', '0', '0', '1', '0', '0', '0', '0', '0', '0', '0', '0', '0', '0', '0', '0'),
('179', '0', '14', 'JV153/2017', '', '2017-07-31', '0000-00-00', '0', '0', '0', '0', '1', '0', '0', '0', '0', '0', '0', '0', '0', '0', '0', '0', '0'),
('180', '0', '15', 'JV154/2017', '', '2017-07-04', '0000-00-00', '-2500000', '0', '0', '0', '1', '0', '0', '0', '0', '0', '0', '0', '0', '0', '0', '0', '0'),
('181', '0', '15', 'JV155/2017', '', '2017-07-06', '0000-00-00', '-500000', '0', '0', '0', '1', '0', '0', '0', '0', '0', '0', '0', '0', '0', '0', '0', '0'),
('182', '0', '15', 'JV156/2017', '', '2017-07-06', '0000-00-00', '-700000', '0', '0', '0', '1', '0', '0', '0', '0', '0', '0', '0', '0', '0', '0', '0', '0'),
('183', '0', '15', 'JV157/2017', '', '2017-07-07', '0000-00-00', '-3000000', '0', '0', '0', '1', '0', '0', '0', '0', '0', '0', '0', '0', '0', '0', '0', '0'),
('184', '0', '19', 'JV158/2017', '', '2017-07-07', '0000-00-00', '-7275', '0', '0', '0', '1', '0', '0', '0', '0', '0', '0', '0', '0', '0', '0', '0', '0'),
('185', '0', '5', 'JV159/2017', '', '2017-07-10', '0000-00-00', '-300000', '0', '0', '0', '1', '0', '0', '0', '0', '0', '0', '0', '0', '0', '0', '0', '0'),
('186', '0', '5', 'JV160/2017', '', '2017-07-10', '0000-00-00', '-300476', '0', '0', '0', '1', '0', '0', '0', '0', '0', '0', '0', '0', '0', '0', '0', '0'),
('187', '0', '15', 'JV161/2017', '', '2017-07-10', '0000-00-00', '-552439', '0', '0', '0', '1', '0', '0', '0', '0', '0', '0', '0', '0', '0', '0', '0', '0'),
('188', '0', '15', 'JV162/2017', '', '2017-07-10', '0000-00-00', '-716392', '0', '0', '0', '1', '0', '0', '0', '0', '0', '0', '0', '0', '0', '0', '0', '0'),
('189', '0', '15', 'JV163/2017', '', '2017-07-10', '0000-00-00', '-164580', '0', '0', '0', '1', '0', '0', '0', '0', '0', '0', '0', '0', '0', '0', '0', '0'),
('190', '0', '20', 'JV164/2017', '', '2017-07-10', '0000-00-00', '-128895', '0', '0', '0', '1', '0', '0', '0', '0', '0', '0', '0', '0', '0', '0', '0', '0'),
('191', '0', '15', 'JV165/2017', '', '2017-07-10', '0000-00-00', '-350000', '0', '0', '0', '1', '0', '0', '0', '0', '0', '0', '0', '0', '0', '0', '0', '0'),
('192', '0', '15', 'JV166/2017', '', '2017-07-11', '0000-00-00', '0', '0', '0', '0', '1', '0', '0', '0', '0', '0', '0', '0', '0', '0', '0', '0', '0'),
('193', '0', '15', 'JV167/2017', '', '2017-07-11', '0000-00-00', '-41000', '0', '0', '0', '1', '0', '0', '0', '0', '0', '0', '0', '0', '0', '0', '0', '0'),
('194', '0', '15', 'JV168/2017', '', '2017-07-11', '0000-00-00', '-27395', '0', '0', '0', '1', '0', '0', '0', '0', '0', '0', '0', '0', '0', '0', '0', '0'),
('195', '0', '15', 'JV169/2017', '', '2017-07-11', '0000-00-00', '-582379', '0', '0', '0', '1', '0', '0', '0', '0', '0', '0', '0', '0', '0', '0', '0', '0'),
('197', '0', '32', 'JV171/2017', '', '2017-07-13', '0000-00-00', '-2500000', '0', '0', '0', '1', '0', '0', '0', '0', '0', '0', '0', '0', '0', '0', '0', '0'),
('198', '0', '32', 'JV172/2017', '', '2017-07-14', '0000-00-00', '-400000', '0', '0', '0', '1', '0', '0', '0', '0', '0', '0', '0', '0', '0', '0', '0', '0'),
('200', '0', '15', 'JV174/2017', '', '2017-07-17', '0000-00-00', '-465228', '0', '0', '0', '1', '0', '0', '0', '0', '0', '0', '0', '0', '0', '0', '0', '0'),
('201', '0', '15', 'JV175/2017', '', '2017-07-17', '0000-00-00', '-74604', '0', '0', '0', '1', '0', '0', '0', '0', '0', '0', '0', '0', '0', '0', '0', '0'),
('202', '0', '14', 'JV176/2017', '', '2017-07-15', '0000-00-00', '12643', '0', '0', '0', '1', '0', '0', '0', '0', '0', '0', '0', '0', '0', '0', '0', '0'),
('206', '0', '15', 'JV179/2017', '', '2017-07-18', '0000-00-00', '-1000000', '0', '0', '0', '1', '0', '0', '0', '0', '0', '0', '0', '0', '0', '0', '0', '0'),
('209', '0', '15', 'JV182/2017', '', '2017-07-19', '0000-00-00', '-150000', '0', '0', '0', '1', '0', '0', '0', '0', '0', '0', '0', '0', '0', '0', '0', '0'),
('210', '0', '15', 'JV183/2017', '', '2017-07-21', '0000-00-00', '-3200000', '0', '0', '0', '1', '0', '0', '0', '0', '0', '0', '0', '0', '0', '0', '0', '0'),
('211', '0', '15', 'JV184/2017', '', '2017-07-24', '0000-00-00', '-2400000', '0', '0', '0', '1', '0', '0', '0', '0', '0', '0', '0', '0', '0', '0', '0', '0'),
('212', '0', '15', 'JV185/2017', '', '2017-07-25', '0000-00-00', '-3600000', '0', '0', '0', '1', '0', '0', '0', '0', '0', '0', '0', '0', '0', '0', '0', '0'),
('213', '0', '15', 'JV186/2017', '', '2017-07-27', '0000-00-00', '-500000', '0', '0', '0', '1', '0', '0', '0', '0', '0', '0', '0', '0', '0', '0', '0', '0'),
('214', '0', '15', 'JV187/2017', '', '2017-07-31', '0000-00-00', '-200000', '0', '0', '0', '1', '0', '0', '0', '0', '0', '0', '0', '0', '0', '0', '0', '0'),
('215', '0', '15', 'JV188/2017', '', '2017-07-31', '0000-00-00', '-150000', '0', '0', '0', '1', '0', '0', '0', '0', '0', '0', '0', '0', '0', '0', '0', '0'),
('216', '0', '15', 'JV189/2017', '', '2017-07-28', '0000-00-00', '-100000', '0', '0', '0', '1', '0', '0', '0', '0', '0', '0', '0', '0', '0', '0', '0', '0'),
('219', '0', '15', 'JV055/2017', '', '2017-07-17', '0000-00-00', '-185823', '0', '0', '0', '1', '0', '0', '0', '0', '0', '0', '0', '0', '0', '0', '0', '0'),
('222', '0', '7', 'JV194/2017', '', '2017-08-01', '0000-00-00', '-237716', '0', '0', '0', '1', '0', '0', '0', '0', '0', '0', '0', '0', '0', '0', '0', '0'),
('223', '0', '15', 'JV069/2017', '', '2017-07-31', '0000-00-00', '-483854', '0', '0', '0', '1', '0', '0', '0', '0', '0', '0', '0', '0', '0', '0', '0', '0'),
('224', '0', '14', 'JV153/2017', '', '2017-07-31', '0000-00-00', '0', '0', '0', '0', '1', '0', '0', '0', '0', '0', '0', '0', '0', '0', '0', '0', '0'),
('225', '0', '3', 'JV195/2017', '', '2017-07-01', '0000-00-00', '33863', '0', '0', '0', '1', '0', '0', '0', '0', '0', '0', '0', '0', '0', '0', '0', '0'),
('226', '0', '6', 'JV196/2017', '', '2017-07-01', '0000-00-00', '4091308', '0', '0', '0', '1', '0', '0', '0', '0', '0', '0', '0', '0', '0', '0', '0', '0'),
('227', '0', '7', 'JV197/2017', '', '2017-07-01', '0000-00-00', '554966', '0', '0', '0', '1', '0', '0', '0', '0', '0', '0', '0', '0', '0', '0', '0', '0'),
('228', '0', '19', 'JV198/2017', '', '2017-07-01', '0000-00-00', '7275', '0', '0', '0', '1', '0', '0', '0', '0', '0', '0', '0', '0', '0', '0', '0', '0'),
('229', '0', '8', 'JV199/2017', '', '2017-07-01', '0000-00-00', '760400', '0', '0', '0', '1', '0', '0', '0', '0', '0', '0', '0', '0', '0', '0', '0', '0'),
('230', '0', '9', 'JV200/2017', '', '2017-07-01', '0000-00-00', '162667', '0', '0', '0', '1', '0', '0', '0', '0', '0', '0', '0', '0', '0', '0', '0', '0'),
('231', '0', '10', 'JV201/2017', '', '2017-07-01', '0000-00-00', '4800', '0', '0', '0', '1', '0', '0', '0', '0', '0', '0', '0', '0', '0', '0', '0', '0'),
('232', '0', '11', 'JV202/2017', '', '2017-07-01', '0000-00-00', '22100', '0', '0', '0', '1', '0', '0', '0', '0', '0', '0', '0', '0', '0', '0', '0', '0'),
('233', '0', '20', 'JV203/2017', '', '2017-07-01', '0000-00-00', '128895', '0', '0', '0', '1', '0', '0', '0', '0', '0', '0', '0', '0', '0', '0', '0', '0'),
('234', '0', '5', 'JV204/2017', '', '2017-07-01', '0000-00-00', '1263931', '0', '0', '0', '1', '0', '0', '0', '0', '0', '0', '0', '0', '0', '0', '0', '0'),
('235', '0', '12', 'JV205/2017', '', '2017-07-01', '0000-00-00', '164888', '0', '0', '0', '1', '0', '0', '0', '0', '0', '0', '0', '0', '0', '0', '0', '0'),
('236', '0', '21', 'JV206/2017', '', '2017-07-01', '0000-00-00', '13080', '0', '0', '0', '1', '0', '0', '0', '0', '0', '0', '0', '0', '0', '0', '0', '0'),
('237', '0', '14', 'JV207/2017', '', '2017-07-31', '0000-00-00', '3160', '0', '0', '0', '1', '0', '0', '0', '0', '0', '0', '0', '0', '0', '0', '0', '0'),
('238', '0', '14', 'JV208/2017', '', '2017-07-31', '0000-00-00', '137403', '0', '0', '0', '1', '0', '0', '0', '0', '0', '0', '0', '0', '0', '0', '0', '0'),
('239', '0', '14', 'JV149/2017', '', '2017-07-31', '0000-00-00', '0', '0', '0', '0', '1', '0', '0', '0', '0', '0', '0', '0', '0', '0', '0', '0', '0'),
('240', '0', '14', 'JV209/2017', '', '2017-07-31', '0000-00-00', '16416', '0', '0', '0', '1', '0', '0', '0', '0', '0', '0', '0', '0', '0', '0', '0', '0'),
('241', '0', '14', 'JV152/2017', '', '2017-07-31', '0000-00-00', '7850', '0', '0', '0', '1', '0', '0', '0', '0', '0', '0', '0', '0', '0', '0', '0', '0'),
('243', '0', '18', 'JV210/2017', '', '2017-07-01', '0000-00-00', '0', '0', '0', '0', '1', '0', '0', '0', '0', '0', '0', '0', '0', '0', '0', '0', '0'),
('244', '0', '33', 'JV210/2017', '', '2017-07-01', '0000-00-00', '-50093', '0', '0', '0', '1', '0', '0', '0', '0', '0', '0', '0', '0', '0', '0', '0', '0'),
('245', '0', '34', 'JV211/2017', '', '2017-08-18', '0000-00-00', '0', '0', '0', '0', '1', '0', '0', '0', '0', '0', '0', '0', '0', '0', '0', '0', '0'),
('246', '0', '34', 'JV211/2017', '', '2017-08-18', '0000-00-00', '0', '0', '0', '0', '1', '0', '0', '0', '0', '0', '0', '0', '0', '0', '0', '0', '0'),
('247', '0', '32', 'JV211/2017', '', '2017-08-17', '0000-00-00', '0', '0', '0', '0', '1', '0', '0', '0', '0', '0', '0', '0', '0', '0', '0', '0', '0'),
('250', '0', '14', 'JV149/2017', '', '2017-07-31', '0000-00-00', '0', '0', '0', '0', '1', '0', '0', '0', '0', '0', '0', '0', '0', '0', '0', '0', '0'),
('251', '0', '14', 'JV149/2017', '', '2017-07-31', '0000-00-00', '32014', '0', '0', '0', '1', '0', '0', '0', '0', '0', '0', '0', '0', '0', '0', '0', '0'),
('255', '0', '14', 'JV211/2017', '', '2017-07-01', '0000-00-00', '0', '0', '0', '0', '1', '0', '0', '0', '0', '0', '0', '0', '0', '0', '0', '0', '0'),
('256', '0', '14', 'JV211/2017', '', '2017-07-01', '0000-00-00', '0', '0', '0', '0', '1', '0', '0', '0', '0', '0', '0', '0', '0', '0', '0', '0', '0'),
('257', '0', '14', 'JV211/2017', '', '2017-07-01', '0000-00-00', '-726899', '0', '0', '0', '1', '0', '0', '0', '0', '0', '0', '0', '0', '0', '0', '0', '0'),
('261', '0', '14', 'JV215/2017', '', '2017-07-20', '0000-00-00', '1273022', '0', '0', '0', '1', '0', '0', '0', '0', '0', '0', '0', '0', '0', '0', '0', '0'),
('263', '0', '11', 'JV217/2017', '', '2017-07-04', '0000-00-00', '0', '0', '0', '0', '1', '0', '0', '0', '0', '0', '0', '0', '0', '0', '0', '0', '0'),
('264', '0', '8', 'JV218/2017', '', '2017-07-08', '0000-00-00', '21700', '0', '0', '0', '1', '0', '0', '0', '0', '0', '0', '0', '0', '0', '0', '0', '0'),
('265', '0', '8', 'JV219/2017', '', '2017-07-10', '0000-00-00', '17000', '0', '0', '0', '1', '0', '0', '0', '0', '0', '0', '0', '0', '0', '0', '0', '0'),
('266', '0', '8', 'JV220/2017', '', '2017-07-22', '0000-00-00', '24950', '0', '0', '0', '1', '0', '0', '0', '0', '0', '0', '0', '0', '0', '0', '0', '0'),
('267', '0', '8', 'JV221/2017', '', '2017-07-25', '0000-00-00', '34400', '0', '0', '0', '1', '0', '0', '0', '0', '0', '0', '0', '0', '0', '0', '0', '0'),
('268', '0', '8', 'JV222/2017', '', '2017-07-29', '0000-00-00', '71600', '0', '0', '0', '1', '0', '0', '0', '0', '0', '0', '0', '0', '0', '0', '0', '0'),
('269', '0', '35', 'JV223/2017', '', '2017-07-21', '0000-00-00', '39485', '0', '0', '0', '1', '0', '0', '0', '0', '0', '0', '0', '0', '0', '0', '0', '0'),
('270', '0', '9', 'JV224/2017', '', '2017-07-04', '0000-00-00', '6500', '0', '0', '0', '1', '0', '0', '0', '0', '0', '0', '0', '0', '0', '0', '0', '0'),
('271', '0', '6', 'JV225/2017', '', '2017-07-08', '0000-00-00', '12305', '0', '0', '0', '1', '0', '0', '0', '0', '0', '0', '0', '0', '0', '0', '0', '0'),
('272', '0', '6', 'JV226/2017', '', '2017-07-27', '0000-00-00', '170071', '0', '0', '0', '1', '0', '0', '0', '0', '0', '0', '0', '0', '0', '0', '0', '0'),
('273', '0', '6', 'JV227/2017', '', '2017-07-31', '0000-00-00', '112993', '0', '0', '0', '1', '0', '0', '0', '0', '0', '0', '0', '0', '0', '0', '0', '0'),
('274', '0', '5', 'JV228/2017', '', '2017-07-14', '0000-00-00', '23170', '0', '0', '0', '1', '0', '0', '0', '0', '0', '0', '0', '0', '0', '0', '0', '0'),
('275', '0', '6', 'JV229/2017', '', '2017-07-31', '0000-00-00', '205046', '0', '0', '0', '1', '0', '0', '0', '0', '0', '0', '0', '0', '0', '0', '0', '0'),
('276', '0', '12', 'JV230/2017', '', '2017-07-06', '0000-00-00', '13410', '0', '0', '0', '1', '0', '0', '0', '0', '0', '0', '0', '0', '0', '0', '0', '0'),
('277', '0', '12', 'JV231/2017', '', '2017-07-10', '0000-00-00', '15020', '0', '0', '0', '1', '0', '0', '0', '0', '0', '0', '0', '0', '0', '0', '0', '0'),
('278', '0', '12', 'JV232/2017', '', '2017-07-12', '0000-00-00', '17903', '0', '0', '0', '1', '0', '0', '0', '0', '0', '0', '0', '0', '0', '0', '0', '0'),
('279', '0', '12', 'JV233/2017', '', '2017-07-24', '0000-00-00', '11370', '0', '0', '0', '1', '0', '0', '0', '0', '0', '0', '0', '0', '0', '0', '0', '0'),
('280', '0', '12', 'JV234/2017', '', '2017-07-26', '0000-00-00', '15250', '0', '0', '0', '1', '0', '0', '0', '0', '0', '0', '0', '0', '0', '0', '0', '0'),
('281', '0', '12', 'JV235/2017', '', '2017-07-31', '0000-00-00', '11370', '0', '0', '0', '1', '0', '0', '0', '0', '0', '0', '0', '0', '0', '0', '0', '0'),
('282', '0', '12', 'JV236/2017', '', '2017-07-31', '0000-00-00', '17430', '0', '0', '0', '1', '0', '0', '0', '0', '0', '0', '0', '0', '0', '0', '0', '0'),
('283', '0', '11', 'JV217/2017', '', '2017-07-04', '0000-00-00', '15500', '0', '0', '0', '1', '0', '0', '0', '0', '0', '0', '0', '0', '0', '0', '0', '0'),
('284', '0', '11', 'JV237/2017', '', '2017-08-22', '0000-00-00', '0', '0', '0', '0', '1', '0', '0', '0', '0', '0', '0', '0', '0', '0', '0', '0', '0'),
('285', '0', '11', 'JV237/2017', '', '2017-09-02', '0000-00-00', '-15500', '0', '0', '0', '1', '0', '0', '0', '0', '0', '0', '0', '0', '0', '0', '0', '0'),
('1', '20', '1', 'PI001/2017', '1', '2017-07-01', '2017-07-11', '0', '0', '0', '0', '1', '0', '0', '0', '0', '0', '0', '0', '0', '0', '0', '0', '0'),
('2', '20', '1', 'PI001/2017', '1', '2017-07-01', '2017-07-11', '0', '0', '0', '0', '1', '0', '0', '0', '0', '0', '0', '0', '0', '0', '0', '0', '0'),
('3', '20', '1', 'PI001/2017', '1', '2017-07-01', '2017-07-11', '0', '0', '0', '0', '1', '0', '0', '0', '0', '0', '0', '0', '0', '0', '0', '0', '0'),
('4', '20', '13', 'PI001/2017', '1', '2017-07-01', '2017-09-29', '0', '0', '0', '0', '1', '0', '0', '0', '0', '0', '0', '0', '0', '0', '0', '0', '0'),
('1', '22', '6', 'SP001/2017', '', '2017-07-01', '2017-07-01', '0', '0', '0', '0', '1', '0', '0', '0', '0', '0', '0', '0', '0', '0', '0', '0', '0'),
('2', '22', '1', 'SP001/2017', '', '2017-07-20', '2017-07-20', '0', '0', '0', '0', '1', '0', '0', '0', '0', '0', '0', '0', '0', '0', '0', '0', '0'),
('3', '22', '6', 'SP001/2017', '', '2017-07-01', '2017-07-01', '0', '0', '0', '0', '1', '0', '0', '0', '0', '0', '0', '0', '0', '0', '0', '0', '0'),
('4', '22', '1', 'SP002/2017', '', '2017-07-03', '2017-07-03', '0', '0', '0', '0', '1', '0', '0', '0', '0', '0', '0', '0', '0', '0', '0', '0', '0'),
('5', '22', '1', 'SP003/2017', '', '2017-07-03', '2017-07-03', '0', '0', '0', '0', '1', '0', '0', '0', '0', '0', '0', '0', '0', '0', '0', '0', '0'),
('6', '22', '1', 'SP004/2017', '', '2017-07-01', '2017-07-01', '0', '0', '0', '0', '1', '0', '0', '0', '0', '0', '0', '0', '0', '0', '0', '0', '0'),
('7', '22', '1', 'SP005/2017', '', '2017-07-20', '2017-07-20', '0', '0', '0', '0', '1', '0', '0', '0', '0', '0', '0', '0', '0', '0', '0', '0', '0'),
('8', '22', '1', 'SP006/2017', '', '2017-07-01', '2017-07-01', '0', '0', '0', '0', '1', '0', '0', '0', '0', '0', '0', '0', '0', '0', '0', '0', '0'),
('9', '22', '1', 'SP007/2017', '', '2017-07-01', '2017-07-01', '0', '0', '0', '0', '1', '0', '0', '0', '0', '0', '0', '0', '0', '0', '0', '0', '0'),
('10', '22', '8', 'SP008/2017', '', '2017-07-01', '2017-07-01', '0', '0', '0', '0', '1', '0', '0', '0', '0', '0', '0', '0', '0', '0', '0', '0', '0'),
('11', '22', '1', 'SP009/2017', '', '2017-07-01', '2017-07-01', '0', '0', '0', '0', '1', '0', '0', '0', '0', '0', '0', '0', '0', '0', '0', '0', '0'),
('12', '22', '1', 'SP010/2017', '', '2017-07-01', '2017-07-01', '0', '0', '0', '0', '1', '0', '0', '0', '0', '0', '0', '0', '0', '0', '0', '0', '0'),
('13', '22', '1', 'SP011/2017', '', '2017-07-10', '2017-07-10', '0', '0', '0', '0', '1', '0', '0', '0', '0', '0', '0', '0', '0', '0', '0', '0', '0'),
('14', '22', '1', 'SP012/2017', '', '2017-07-01', '2017-07-01', '0', '0', '0', '0', '1', '0', '0', '0', '0', '0', '0', '0', '0', '0', '0', '0', '0'),
('15', '22', '9', 'SP013/2017', '', '2017-07-01', '2017-07-01', '0', '0', '0', '0', '1', '0', '0', '0', '0', '0', '0', '0', '0', '0', '0', '0', '0'),
('16', '22', '1', 'SP014/2017', '', '2017-07-01', '2017-07-01', '0', '0', '0', '0', '1', '0', '0', '0', '0', '0', '0', '0', '0', '0', '0', '0', '0'),
('17', '22', '1', 'SP015/2017', '', '2017-07-05', '2017-07-05', '0', '0', '0', '0', '1', '0', '0', '0', '0', '0', '0', '0', '0', '0', '0', '0', '0'),
('18', '22', '3', 'SP016/2017', '', '2017-07-05', '2017-07-05', '0', '0', '0', '0', '1', '0', '0', '0', '0', '0', '0', '0', '0', '0', '0', '0', '0'),
('19', '22', '1', 'SP017/2017', '', '2017-07-08', '2017-07-08', '0', '0', '0', '0', '1', '0', '0', '0', '0', '0', '0', '0', '0', '0', '0', '0', '0'),
('20', '22', '1', 'SP018/2017', '', '2017-07-01', '2017-07-01', '0', '0', '0', '0', '1', '0', '0', '0', '0', '0', '0', '0', '0', '0', '0', '0', '0'),
('21', '22', '1', 'SP019/2017', '', '2017-07-10', '2017-07-10', '0', '0', '0', '0', '1', '0', '0', '0', '0', '0', '0', '0', '0', '0', '0', '0', '0'),
('22', '22', '12', 'SP020/2017', '', '2017-07-01', '2017-07-01', '0', '0', '0', '0', '1', '0', '0', '0', '0', '0', '0', '0', '0', '0', '0', '0', '0'),
('23', '22', '1', 'SP021/2017', '', '2017-07-08', '2017-07-08', '0', '0', '0', '0', '1', '0', '0', '0', '0', '0', '0', '0', '0', '0', '0', '0', '0'),
('24', '22', '1', 'SP022/2017', '', '2017-07-07', '2017-07-07', '0', '0', '0', '0', '1', '0', '0', '0', '0', '0', '0', '0', '0', '0', '0', '0', '0'),
('25', '22', '1', 'SP023/2017', '', '2017-07-01', '2017-07-01', '0', '0', '0', '0', '1', '0', '0', '0', '0', '0', '0', '0', '0', '0', '0', '0', '0'),
('26', '22', '1', 'SP024/2017', '', '2017-07-01', '2017-07-01', '0', '0', '0', '0', '1', '0', '0', '0', '0', '0', '0', '0', '0', '0', '0', '0', '0'),
('27', '22', '1', 'SP025/2017', '', '2017-07-20', '2017-07-20', '0', '0', '0', '0', '1', '0', '0', '0', '0', '0', '0', '0', '0', '0', '0', '0', '0'),
('28', '22', '1', 'SP026/2017', '', '2017-07-12', '2017-07-12', '0', '0', '0', '0', '1', '0', '0', '0', '0', '0', '0', '0', '0', '0', '0', '0', '0'),
('29', '22', '1', 'SP027/2017', '', '2017-07-13', '2017-07-13', '0', '0', '0', '0', '1', '0', '0', '0', '0', '0', '0', '0', '0', '0', '0', '0', '0'),
('30', '22', '1', 'SP028/2017', '', '2017-07-13', '2017-07-13', '0', '0', '0', '0', '1', '0', '0', '0', '0', '0', '0', '0', '0', '0', '0', '0', '0'),
('31', '22', '1', 'SP029/2017', '', '2017-07-13', '2017-07-13', '0', '0', '0', '0', '1', '0', '0', '0', '0', '0', '0', '0', '0', '0', '0', '0', '0'),
('32', '22', '1', 'SP030/2017', '', '2017-07-14', '2017-07-14', '0', '0', '0', '0', '1', '0', '0', '0', '0', '0', '0', '0', '0', '0', '0', '0', '0'),
('33', '22', '1', 'SP031/2017', '', '2017-07-14', '2017-07-14', '0', '0', '0', '0', '1', '0', '0', '0', '0', '0', '0', '0', '0', '0', '0', '0', '0'),
('34', '22', '1', 'SP032/2017', '', '2017-07-18', '2017-07-18', '0', '0', '0', '0', '1', '0', '0', '0', '0', '0', '0', '0', '0', '0', '0', '0', '0'),
('35', '22', '1', 'SP033/2017', '', '2017-07-15', '2017-07-15', '0', '0', '0', '0', '1', '0', '0', '0', '0', '0', '0', '0', '0', '0', '0', '0', '0'),
('36', '22', '1', 'SP034/2017', '', '2017-07-18', '2017-07-18', '0', '0', '0', '0', '1', '0', '0', '0', '0', '0', '0', '0', '0', '0', '0', '0', '0'),
('37', '22', '1', 'SP035/2017', '', '2017-07-18', '2017-07-18', '0', '0', '0', '0', '1', '0', '0', '0', '0', '0', '0', '0', '0', '0', '0', '0', '0'),
('38', '22', '1', 'SP036/2017', '', '2017-07-15', '2017-07-15', '0', '0', '0', '0', '1', '0', '0', '0', '0', '0', '0', '0', '0', '0', '0', '0', '0'),
('39', '22', '1', 'SP037/2017', '', '2017-07-15', '2017-07-15', '0', '0', '0', '0', '1', '0', '0', '0', '0', '0', '0', '0', '0', '0', '0', '0', '0'),
('40', '22', '1', 'SP038/2017', '', '2017-07-15', '2017-07-15', '0', '0', '0', '0', '1', '0', '0', '0', '0', '0', '0', '0', '0', '0', '0', '0', '0'),
('41', '22', '1', 'SP039/2017', '', '2017-07-17', '2017-07-17', '0', '0', '0', '0', '1', '0', '0', '0', '0', '0', '0', '0', '0', '0', '0', '0', '0');

### Structure of table `0_suppliers` ###

DROP TABLE IF EXISTS `0_suppliers`;

CREATE TABLE `0_suppliers` (
  `supplier_id` int(11) NOT NULL AUTO_INCREMENT,
  `supp_name` varchar(60) COLLATE utf8_unicode_ci NOT NULL DEFAULT '',
  `supp_ref` varchar(30) COLLATE utf8_unicode_ci NOT NULL DEFAULT '',
  `address` tinytext COLLATE utf8_unicode_ci NOT NULL,
  `supp_address` tinytext COLLATE utf8_unicode_ci NOT NULL,
  `gst_no` varchar(25) COLLATE utf8_unicode_ci NOT NULL DEFAULT '',
  `contact` varchar(60) COLLATE utf8_unicode_ci NOT NULL DEFAULT '',
  `supp_account_no` varchar(40) COLLATE utf8_unicode_ci NOT NULL DEFAULT '',
  `website` varchar(100) COLLATE utf8_unicode_ci NOT NULL DEFAULT '',
  `bank_account` varchar(60) COLLATE utf8_unicode_ci NOT NULL DEFAULT '',
  `curr_code` char(3) COLLATE utf8_unicode_ci DEFAULT NULL,
  `payment_terms` int(11) DEFAULT NULL,
  `tax_included` tinyint(1) NOT NULL DEFAULT '0',
  `dimension_id` int(11) DEFAULT '0',
  `dimension2_id` int(11) DEFAULT '0',
  `tax_group_id` int(11) DEFAULT NULL,
  `credit_limit` double NOT NULL DEFAULT '0',
  `purchase_account` varchar(15) COLLATE utf8_unicode_ci NOT NULL DEFAULT '',
  `payable_account` varchar(15) COLLATE utf8_unicode_ci NOT NULL DEFAULT '',
  `payment_discount_account` varchar(15) COLLATE utf8_unicode_ci NOT NULL DEFAULT '',
  `notes` tinytext COLLATE utf8_unicode_ci NOT NULL,
  `ntn_no` int(11) NOT NULL,
  `inactive` tinyint(1) NOT NULL DEFAULT '0',
  PRIMARY KEY (`supplier_id`),
  KEY `supp_ref` (`supp_ref`)
) ENGINE=InnoDB AUTO_INCREMENT=45 DEFAULT CHARSET=utf8 COLLATE=utf8_unicode_ci ;

### Data of table `0_suppliers` ###

INSERT INTO `0_suppliers` VALUES
('1', 'Ashar Production (AIL ACCOUNTS)', 'Ashar Production', '', '', '04-05-6200-007-19', '', '', 'www.ashartex.com', '', 'PKR', '3', '0', '0', '0', '1', '0', '', '2011', '5016', '', '0', '0'),
('3', 'CEI SUPPLY CHAIN PVT LTTD', 'CEI SUPPLY CHAIN PVT LTTD', '', 'SUITE 201, 2ND FLOOR LUFTHANSA HOUSE 5-G-2 GULBERG II, LAHORE, PAKISTAN\nTEL:(+92-42) 111-700-123', '', '', '', '', '', 'PKR', '1', '0', '0', '0', '1', '0', '', '2011', '5016', '', '3998330', '0'),
('5', 'RAAZIQ INTERNATIONAL (PVT) LTD', 'RAAZIQ INTERNATIONAL (PVT) LTD', '', 'G-734, BAZAR COURT, SARENA HOTEL CLUB ROAD, FAISALABAD', '', '', '', 'WWW.RAAZIQ.COM.PK', '', 'PKR', '5', '0', '0', '0', '1', '0', '', '2011', '5016', '', '0', '0'),
('6', 'COMBINED FREIGHT INTERNATIONAL', 'COMBINED FREIGHT INTERNATIONAL', '', 'Suite # 7/4 &amp; 6, 7th Floor, Arkay Square (Ext), Shahrah-e-Liaquat\nKarachi Pakistan', '', '', '', 'www.cfipak.com', '', 'PKR', '5', '0', '0', '0', '1', '0', '', '2011', '5016', '', '0', '0'),
('7', 'DHL PAKISTAN (PVT) LTD', 'DHL PAKISTAN (PVT) LTD', '', 'PEOPLES COLONY,FAISALABAD PAKISTAN', '12-00-9808-004-37', '', '', '', '', 'PKR', '5', '0', '0', '0', '1', '0', '', '2011', '5016', '', '816259', '0'),
('8', 'MALIK AHAD BROTHERS', 'MALIK AHAD BROTHERS', '', 'GATTI ROAD DRY PORT TRUST FAISALABAD', '', '', '', '', '', 'PKR', '5', '0', '0', '0', '1', '0', '', '2011', '5016', '', '0', '0'),
('9', 'MASTER FREIGHT SERVICES (PVT) LTD', 'MASTER FREIGHT SERVICES (PVT) ', '', 'BASEMENT REGENT MALL CHENONE ROAD FAISALABAD', '', '', '', '', '', 'PKR', '5', '0', '0', '0', '1', '0', '', '2011', '5016', '', '0', '0'),
('10', 'MIAN CARGO SERVICES', 'MIAN CARGO SERVICES', '', 'IRFAN CENTER, FAISALABAD ', '', '', '', '', '', 'PKR', '5', '0', '0', '0', '1', '0', '', '2011', '5016', '', '0', '0'),
('11', 'NEW MALIK GOODS FORWADING AGENCY', 'NEW MALIK GOODS FORWADING AGEN', '', 'CHAK JHUMRA ROAD, NEAR DRY PORT, FAISALABAD PAKISTAN', '', '', '', '', '', 'PKR', '5', '0', '0', '0', '1', '0', '', '2011', '5016', '', '0', '0'),
('12', 'RIAZ AGENCIES', 'RIAZ AGENCIES', '', 'FAISALABAD', '', '', '', '', '', 'PKR', '5', '0', '0', '0', '1', '0', '', '2011', '5016', '', '0', '0'),
('13', 'SHIPPING TEST', 'SHIPPING TEST', '', '', '', '', '', '', '', 'PKR', '5', '0', '0', '0', '1', '0', '', '20111', '5016', '', '0', '0'),
('14', 'AIL Production Expenses', 'AIL Production Expenses', '', '', '', '', '', '', '', 'PKR', '5', '0', '0', '0', '2', '0', '', '20111', '5016', '', '0', '0'),
('15', 'AIL Production (Parties)', 'AIL Production (Parties)', '', '', '', '', '', '', '', 'PKR', '5', '0', '0', '0', '2', '0', '', '20111', '5016', '', '0', '0'),
('16', 'Al-Rayah Intl.', 'Al-Rayah Intl.', '', '', '', '', '', '', '', 'PKR', '5', '0', '0', '0', '1', '0', '', '2015', '5016', '', '0', '0'),
('17', 'DYS SOLUTIONS PVT LTD.', 'DYS SOLUTIONS PVT LTD.', '', '.suit-1006,10th floor, kavish plaza. block 7 &amp; 8.', '', '', '', '', '', 'PKR', '5', '0', '0', '0', '1', '0', '', '2015', '5016', '', '0', '0'),
('18', 'Total Quality System', 'Total Quality System', '', '', '', '', '', '', '', 'PKR', '1', '0', '0', '0', '1', '0', '', '2015', '5016', '', '0', '0'),
('19', 'FREIGHT SYSTEMS PAKISTAN ( Pvt ) Ltd', 'Freight System', '', 'FREIGHT SYSTEMS PAKISTAN ( PRIVATE ) LIMITED', '', '', '', '', '', 'PKR', '5', '0', '0', '0', '1', '0', '', '2011', '5016', '', '0', '0'),
('20', 'PORT LINK INTERNATIONAL', 'Port Link International', '', 'Port Link International', '', '', '', '', '', 'PKR', '5', '0', '0', '0', '1', '0', '', '2011', '5016', '', '0', '0'),
('21', 'SDV PAKISTAN (PVT) LTD', 'SDV PAKISTAN (PVT) LTD', '', 'Karachi', '', '', '', '', '', 'PKR', '5', '0', '0', '0', '1', '0', '', '2011', '5016', '', '0', '0'),
('22', 'Ahsen Majeed Dasti A/C', 'Ahsen Majeed Dasti A/C', '', '', '', '', '', '', '', 'PKR', '5', '0', '0', '0', '1', '0', '', '2015', '5016', '', '0', '0'),
('23', 'Asim Umer Commission A/C', 'Asim Umer Commission A/C', '', '', '', '', '', '', '', 'PKR', '5', '0', '0', '0', '1', '0', '', '2015', '5016', '', '0', '0'),
('24', 'Bhatti Interior', 'Bhatti Interior', '', '', '', '', '', '', '', 'PKR', '5', '0', '0', '0', '1', '0', '', '2015', '5016', '', '0', '0'),
('26', 'Ihsen Mini Mazda Services', 'Ihsen Mini Mazda Services', '', 'Khurrinwala', '', '', '', '', '', 'PKR', '5', '0', '0', '0', '1', '0', '', '2015', '5016', '', '0', '0'),
('27', 'Inam Ullah Rejection', 'Inam Ullah Rejection', '', '', '', '', '', '', '', 'PKR', '5', '0', '0', '0', '1', '0', '', '2015', '5016', '', '0', '0'),
('28', 'Khan Brothers Transport', 'Khan Brothers Transport', '', '', '', '', '', '', '', 'PKR', '5', '0', '0', '0', '1', '0', '', '2015', '5016', '', '0', '0'),
('29', 'M.M Engineering Works &amp; Foundary', 'M.M Eng Works &amp; Foundary', '', '', '', '', '', '', '', 'PKR', '5', '0', '0', '0', '1', '0', '', '2015', '5016', '', '0', '0'),
('30', 'Mudassar Doubling', 'Mudassar Doubling', '', '', '', '', '', '', '', 'PKR', '5', '0', '0', '0', '1', '0', '', '2015', '5016', '', '0', '0'),
('32', 'AIL Production (Cash)', 'AIL Production (Cash)', '', '', '', '', '', '', '', 'PKR', '5', '0', '0', '0', '1', '0', '', '20111', '5016', '', '0', '0'),
('33', 'UBL Insurance ', 'UBL Insurance ', 'Insurance', '', '', '', '', '', '', 'PKR', '5', '0', '0', '0', '1', '0', '', '2015', '5016', '', '0', '0'),
('34', 'Riaz Travelling U#3', 'Riaz Travelling U#3', 'Travelling ', '', '', '', '', '', '', 'PKR', '5', '0', '0', '0', '1', '0', '', '2015', '5016', '', '0', '0'),
('35', 'Matrix Logistics', 'Matrix Logistics', '', '', '', '', '', '', '', 'PKR', '5', '0', '0', '0', '1', '0', '', '2011', '5016', '', '0', '0'),
('36', 'IBM Enterprises', 'IBM Enterprises', '', '', '', '', '', '', '', 'PKR', '5', '0', '0', '0', '1', '0', '', '2015', '5016', '', '0', '0'),
('37', 'Muhammad Nawaz (CIVIL CONTRACTOR)', 'Muhammad Nawaz (CIVIL CONTRACT', '', '', '', '', '', '', '', 'PKR', '5', '0', '0', '0', '1', '0', '', '2015', '5016', '', '0', '0'),
('38', 'Nexlinx Network PVT LTD', 'Nexlinx Network PVT LTD', '', '', '', '', '', '', '', 'PKR', '5', '0', '0', '0', '1', '0', '', '2015', '5016', '', '0', '0'),
('39', 'Pak Public Security Services Pvt Ltd', 'Pak Public Security Services P', '', '', '', '', '', '', '', 'PKR', '5', '0', '0', '0', '1', '0', '', '2015', '5016', '', '0', '0'),
('40', 'Pakistan State Oil', 'Pakistan State Oil', '', '', '', '', '', '', '', 'PKR', '5', '0', '0', '0', '1', '0', '', '2011', '5016', '', '0', '0'),
('41', 'Riaz Chisty Contractor', 'Riaz Chisty Contractor', '', '', '', '', '', '', '', 'PKR', '5', '0', '0', '0', '1', '0', '', '2015', '5016', '', '0', '0'),
('42', 'Riaz Petrolium Services', 'Riaz Petrolium Services', '', '', '', '', '', '', '', 'PKR', '5', '0', '0', '0', '1', '0', '', '2015', '5016', '', '0', '0'),
('43', 'Riaz Travelling Unit # 3', 'Riaz Travelling Unit # 3', '', '', '', '', '', '', '', 'PKR', '5', '0', '0', '0', '1', '0', '', '2015', '5016', '', '0', '0'),
('44', 'Total Quality System', 'Total Quality System', '', '', '', '', '', '', '', 'PKR', '5', '0', '0', '0', '1', '0', '', '2015', '5016', '', '0', '0');

### Structure of table `0_sys_prefs` ###

DROP TABLE IF EXISTS `0_sys_prefs`;

CREATE TABLE `0_sys_prefs` (
  `name` varchar(35) COLLATE utf8_unicode_ci NOT NULL DEFAULT '',
  `category` varchar(30) COLLATE utf8_unicode_ci DEFAULT NULL,
  `type` varchar(20) COLLATE utf8_unicode_ci NOT NULL DEFAULT '',
  `length` smallint(6) DEFAULT NULL,
  `value` text COLLATE utf8_unicode_ci NOT NULL,
  PRIMARY KEY (`name`),
  KEY `category` (`category`)
) ENGINE=InnoDB DEFAULT CHARSET=utf8 COLLATE=utf8_unicode_ci ;

### Data of table `0_sys_prefs` ###

INSERT INTO `0_sys_prefs` VALUES
('accounts_alpha', 'glsetup.general', 'tinyint', '1', '0'),
('accumulate_shipping', 'glsetup.customer', 'tinyint', '1', '0'),
('add_pct', 'setup.company', 'int', '5', '-1'),
('allow_negative_prices', 'glsetup.inventory', 'tinyint', '1', '1'),
('allow_negative_stock', 'glsetup.inventory', 'tinyint', '1', '0'),
('alternative_tax_include_on_docs', 'setup.company', 'tinyint', '1', ''),
('auto_curr_reval', 'setup.company', 'smallint', '6', ''),
('bank_charge_act', 'glsetup.general', 'varchar', '15', '5036'),
('base_sales', 'setup.company', 'int', '11', '1'),
('bcc_email', 'setup.company', 'varchar', '100', 'ashartex@ashartex.com'),
('coy_logo', 'setup.company', 'varchar', '100', 'Unknown.jpg'),
('coy_name', 'setup.company', 'varchar', '60', 'Ashar International  PvT Limited  '),
('coy_no', 'setup.company', 'varchar', '25', '1539404-2'),
('creditors_act', 'glsetup.purchase', 'varchar', '15', '2011'),
('curr_default', 'setup.company', 'char', '3', 'PKR'),
('debtors_act', 'glsetup.sales', 'varchar', '15', '1013'),
('default_adj_act', 'glsetup.items', 'varchar', '15', '5014'),
('default_cogs_act', 'glsetup.items', 'varchar', '15', '5011'),
('default_credit_limit', 'glsetup.customer', 'int', '11', '0'),
('default_delivery_required', 'glsetup.sales', 'smallint', '6', '1'),
('default_dim_required', 'glsetup.dims', 'int', '11', '20'),
('default_inv_sales_act', 'glsetup.items', 'varchar', '15', '4011'),
('default_inventory_act', 'glsetup.items', 'varchar', '15', '1021'),
('default_loss_on_asset_disposal_act', 'glsetup.items', 'varchar', '15', '5014'),
('default_prompt_payment_act', 'glsetup.sales', 'varchar', '15', '4025'),
('default_quote_valid_days', 'glsetup.sales', 'smallint', '6', '30'),
('default_receival_required', 'glsetup.purchase', 'smallint', '6', '10'),
('default_sales_act', 'glsetup.sales', 'varchar', '15', ''),
('default_sales_discount_act', 'glsetup.sales', 'varchar', '15', '4025'),
('default_wip_act', 'glsetup.items', 'varchar', '15', '1023'),
('default_workorder_required', 'glsetup.manuf', 'int', '11', '20'),
('deferred_income_act', 'glsetup.sales', 'varchar', '15', ''),
('depreciation_period', 'glsetup.company', 'tinyint', '1', '1'),
('domicile', 'setup.company', 'varchar', '55', ''),
('email', 'setup.company', 'varchar', '100', 'ashartex@ashartex.com'),
('exchange_diff_act', 'glsetup.general', 'varchar', '15', '4023'),
('f_year', 'setup.company', 'int', '11', '3'),
('fax', 'setup.company', 'varchar', '30', ''),
('freight_act', 'glsetup.customer', 'varchar', '15', '4021'),
('gl_closing_date', 'setup.closing_date', 'date', '8', ''),
('grn_clearing_act', 'glsetup.purchase', 'varchar', '15', ''),
('gst_no', 'setup.company', 'varchar', '25', '04-05-6200-007-19'),
('legal_text', 'glsetup.customer', 'tinytext', '0', ''),
('loc_notification', 'glsetup.inventory', 'tinyint', '1', ''),
('login_tout', 'setup.company', 'smallint', '6', '10000'),
('logo_h', 'setup.company', 'varchar', '30', '100'),
('logo_w', 'setup.company', 'varchar', '30', '100'),
('no_customer_list', 'setup.company', 'tinyint', '1', '0'),
('no_item_list', 'setup.company', 'tinyint', '1', '0'),
('no_supplier_list', 'setup.company', 'tinyint', '1', '0'),
('no_zero_lines_amount', 'glsetup.sales', 'tinyint', '1', '1'),
('past_due_days', 'glsetup.general', 'int', '11', '30'),
('phone', 'setup.company', 'varchar', '30', '041 4703412 ,03347171515'),
('po_over_charge', 'glsetup.purchase', 'int', '11', '10'),
('po_over_receive', 'glsetup.purchase', 'int', '11', '10'),
('postal_address', 'setup.company', 'tinytext', '0', 'Ashar International Pvt Limited  \r\nAshar Tower  7.5 km Kurianwala Jarranwala \r\nRoad near Phalai Stop \r\nFaisalabad , Pakistan   \r\n'),
('print_invoice_no', 'glsetup.sales', 'tinyint', '1', '0'),
('print_item_images_on_quote', 'glsetup.inventory', 'tinyint', '1', ''),
('profit_loss_year_act', 'glsetup.general', 'varchar', '15', '5030'),
('pyt_discount_act', 'glsetup.purchase', 'varchar', '15', '5016'),
('retained_earnings_act', 'glsetup.general', 'varchar', '15', '3021'),
('round_to', 'setup.company', 'int', '5', '1'),
('show_po_item_codes', 'glsetup.purchase', 'tinyint', '1', ''),
('suppress_tax_rates', 'setup.company', 'tinyint', '1', ''),
('tax_algorithm', 'glsetup.customer', 'tinyint', '1', '1'),
('tax_last', 'setup.company', 'int', '11', '1'),
('tax_prd', 'setup.company', 'int', '11', '1'),
('time_zone', 'setup.company', 'tinyint', '1', '0'),
('use_dimension', 'setup.company', 'tinyint', '1', '0'),
('use_fixed_assets', 'setup.company', 'tinyint', '1', ''),
('use_manufacturing', 'setup.company', 'tinyint', '1', ''),
('version_id', 'system', 'varchar', '11', '2.4.1');

### Structure of table `0_sys_prefs_new` ###

DROP TABLE IF EXISTS `0_sys_prefs_new`;

CREATE TABLE `0_sys_prefs_new` (
  `name` varchar(50) CHARACTER SET utf8mb4 COLLATE utf8mb4_unicode_ci NOT NULL DEFAULT '',
  `value` text CHARACTER SET utf8mb4 COLLATE utf8mb4_unicode_ci NOT NULL
) ENGINE=InnoDB DEFAULT CHARSET=latin1 ;

### Data of table `0_sys_prefs_new` ###

INSERT INTO `0_sys_prefs_new` VALUES
('sales_quotation', '1'),
('sale_order_entry', '1'),
('delivery_against', '1'),
('customer_credit_note', '1'),
('invoice_against', '1'),
('direct_invoice', '1'),
('customer_payment', '1'),
('allocate', '1'),
('sales_quotation_inquiry', '1'),
('sale_order_inquiry', '1'),
('customer_inquiry', '1'),
('customer_allocate_inquiry', '1'),
('sales_reports', '1'),
('manage_customer', '1'),
('customer_branches', '1'),
('sales_group', '1'),
('sales_type', '1'),
('sales_persons', '1'),
('sales_areas', '1'),
('wht_types', '1'),
('purchase_order', '1'),
('opom', '1'),
('direct_supplier_invoice', '1'),
('payments_suppliers', '1'),
('supplier_invoice', '1'),
('supplier_credit', '1'),
('allocates', '1'),
('purchase_order_inquiry', '1'),
('supplier_transaction_inquiry', '1'),
('allocate_inquiry', '1'),
('suppliers', '1'),
('supplier_reports', '1'),
('inventry_location', '1'),
('inventory_adjustments', '1'),
('inventory_item_movemnets', '1'),
('inventory_item_status', '1'),
('inventory_reports', '1'),
('items', '1'),
('foreign_item_codes', '1'),
('sales_kits', '1'),
('item_categories', '1'),
('inventory_locations', '1'),
('unit_measure', '1'),
('recorder_levels', '1'),
('import_csv', '1'),
('sales_pricing', '1'),
('purchase_pricing', '1'),
('standard_cost', '1'),
('bank_payments_voucher', '1'),
('bank_deposit_voucher', '1'),
('cash_payments_voucher', '1'),
('cash_receipt_voucher', '1'),
('bank_account_transfer', '1'),
('reconcile_account', '1'),
('gl', '1'),
('bank_account_inquiry', '1'),
('tax_inquiry', '1'),
('trial_balance', '1'),
('banking_reports', '1'),
('general_ledger', '1'),
('bank_account', '1'),
('quick_entries', '1'),
('account_tag', '1'),
('gl_account', '1'),
('gl_account_group', '1'),
('closing1', ''),
('journal_inquiry', '1'),
('company_setup', '1'),
('user_account_setup', '1'),
('access_setup', '1'),
('user_location', '1'),
('display_setup', '1'),
('transaction_ref', '1'),
('taxes', '1'),
('tax_group', '1'),
('item_tax_type', '1'),
('system_gl', '1'),
('fiscal_years', '1'),
('print_profile', '1'),
('payment_terms', '1'),
('shipping_company', '1'),
('point_sale', '1'),
('void_transaction', '1'),
('print_transaction', '1'),
('backup', '1'),
('drill_balance', '1'),
('pf_drill', '1'),
('delivery_against_text', 'Delivery Against Sales Orders'),
('invoice_against_text', 'Invoice Against Sales Delivery'),
('direct_invoice_text', 'Direct Invoice'),
('customer_payment_text', 'Customer Payments'),
('customer_credit_note_text', 'Customer Credit Note'),
('allocate_text', 'Allocate Customer Payments Or Credit Notes'),
('sales_quotation_inquiry_text', 'Sale Quotation Inquiry'),
('sale_order_inquiry_text', 'Sale Order Inquiry'),
('customer_inquiry_text', 'Customer Transaction Inquiry'),
('customer_allocate_inquiry_text', 'Customer Allocate Inquiry'),
('sales_reports_text', 'Customer And Sales Reports'),
('manage_customer_text', 'Add And Manage Customer'),
('customer_branches_text', 'Customer Branches'),
('sales_group_text', 'Sales Groups'),
('sales_type_text', 'Sales Type'),
('sales_persons_text', 'Sales Persons'),
('sales_areas_text', 'Sales Areas'),
('wht_types_text', 'WHT Types'),
('purchase_order_text', 'Purchase Order Entry'),
('opom_text', 'Outstanding Purchase Orders Maintenance'),
('direct_supplier_invoice_text', 'Direct Supplier Invoice'),
('payments_suppliers_text', 'Payments To Suppliers'),
('supplier_invoice_text', 'Supplier Invoices'),
('supplier_credit_text', 'Supplier Credit Notes'),
('allocates_text', 'Allocate Supplier Payments Or Credit Notes'),
('purchase_order_inquiry_text', 'Purchase Order Inquiry'),
('supplier_transaction_inquiry_text', 'Supplier Transaction Inquiry'),
('allocate_inquiry_text', 'Supplier Allocation Inquiry'),
('supplier_reports_text', 'Supplier And Purchasing Reports'),
('suppliers_text', 'Suppliers'),
('inventry_location_text', 'Inventory Location Transfer'),
('inventory_adjustments_text', 'Inventory Adjustments'),
('inventory_item_movemnets_text', 'Inventory Item Movements'),
('inventory_item_status_text', 'Inventory Item Status'),
('inventory_reports_text', 'Inventory Reports'),
('items_text', 'Items'),
('foreign_item_codes_text', 'Foreign Item Codes'),
('sales_kits_text', 'Sales Kits'),
('item_categories_text', 'Item Categories'),
('inventory_locations_text', 'Inventory Locations'),
('unit_measure_text', 'Units Of Measure'),
('recorder_levels_text', 'Recorder levels'),
('import_csv_text', 'Import CSV Items'),
('sales_pricing_text', 'Sales Pricing'),
('purchase_pricing_text', 'Purchasing Pricing'),
('standard_cost_text', 'Standard Costs'),
('bank_payments_voucher_text', 'Bank Payments Voucher'),
('bank_deposit_voucher_text', 'Bank Deposits Voucher'),
('cash_payments_voucher_text', 'Cash Payment Voucher'),
('cash_receipt_voucher_text', 'Cash Receipt Voucher'),
('bank_account_transfer_text', 'Bank Account Transfer'),
('journal_entry_text', 'Journal Entry'),
('reconcile_account_text', 'Reconcile Bank Account'),
('journal_inquiry_text', 'Journal Inquiry'),
('gl_text', 'GL Inquiry'),
('bank_account_inquiry_text', 'Bank Account Inquiry'),
('tax_inquiry_text', 'Tax Inquiry'),
('trial_balance_text', 'Trial Balance'),
('pf_drill_text', 'Balance Sheet drilldown'),
('drill_balance_text', 'Balance Sheet drilldown'),
('banking_reports_text', 'Banking Reports'),
('general_ledger_text', 'General Ledger Reports'),
('bank_account_text', 'Bank Account'),
('quick_entries_text', 'Quick Entries'),
('account_tag_text', 'Account Tags'),
('gl_account_text', 'GL Accounts'),
('gl_account_group_text', 'GL Account Groups'),
('closing_text1', ''),
('company_setup_text', 'Company Setup'),
('access_setup_text', 'Access Setup'),
('user_location_text', 'User Locations Access'),
('display_setup_text', 'Display Setup'),
('transaction_ref_text', 'Transaction References'),
('taxes_text', 'Taxes'),
('tax_group_text', 'Tax Group'),
('item_tax_type_text', 'Item Tax Type'),
('system_gl_text', 'System and General GL Setup'),
('fiscal_years_text', 'Fiscal Years'),
('print_profile_text', 'Print Profiles'),
('payment_terms_text', 'Payment Terms'),
('shipping_company_text', 'Shipping Company'),
('point_sale_text', 'Points Of Sale'),
('void_transaction_text', 'Void a Transaction'),
('print_transaction_text', 'View Or Print Transactions'),
('backup_text', 'Backup And Restore'),
('sales_quotation_text', 'Sale Quotation Entry'),
('sales_quotation', '1'),
('revaluation', '1'),
('closing', '1'),
('exchange_rates', '1'),
('currencies', '1'),
('revenue_cost', '1'),
('reconcile_account', '1'),
('gl_account_classes', '1'),
('revaluation_text', 'Revaluation'),
('closing_text', 'Closing GL Transactions'),
('exchange_rates_text', 'Exchange Rates'),
('currencies_text', 'Currencies'),
('revenue_cost_text', 'Revenue Cost'),
('reconcile_account_text', 'Reconcile Bank Account'),
('gl_account_classes_text', 'Gl Account CLasses'),
('sale_order_entry_text', 'Sale Order Entry'),
('journal_entry', '1'),
('user_account_setup_text', 'User Account Setup');

### Structure of table `0_sys_types` ###

DROP TABLE IF EXISTS `0_sys_types`;

CREATE TABLE `0_sys_types` (
  `type_id` smallint(6) NOT NULL DEFAULT '0',
  `type_no` int(11) NOT NULL DEFAULT '1',
  `next_reference` varchar(100) COLLATE utf8_unicode_ci NOT NULL DEFAULT '',
  PRIMARY KEY (`type_id`)
) ENGINE=InnoDB DEFAULT CHARSET=utf8 COLLATE=utf8_unicode_ci ;

### Data of table `0_sys_types` ###

INSERT INTO `0_sys_types` VALUES
('0', '17', 'JV0001'),
('1', '7', 'BPV0001'),
('2', '4', 'BRV0001'),
('4', '3', 'FTV0001'),
('10', '16', 'SI0001'),
('11', '2', 'CCN001'),
('12', '6', 'CRV0001'),
('13', '1', 'DN001'),
('16', '2', 'LT001'),
('17', '2', 'IA01'),
('18', '1', 'PO0001'),
('20', '6', 'SI1511'),
('21', '1', 'SCN001'),
('22', '3', 'SP001'),
('25', '1', 'GRN001'),
('26', '1', 'WO001'),
('28', '1', 'WO001'),
('29', '1', 'WOP001'),
('30', '0', 'SO001'),
('32', '0', 'SQ001'),
('35', '1', 'CU001'),
('40', '1', 'D01'),
('41', '1', 'CPV001'),
('42', '1', 'CRV001');

### Structure of table `0_tag_associations` ###

DROP TABLE IF EXISTS `0_tag_associations`;

CREATE TABLE `0_tag_associations` (
  `record_id` varchar(15) COLLATE utf8_unicode_ci NOT NULL,
  `tag_id` int(11) NOT NULL,
  UNIQUE KEY `record_id` (`record_id`,`tag_id`)
) ENGINE=InnoDB DEFAULT CHARSET=utf8 COLLATE=utf8_unicode_ci ;

### Data of table `0_tag_associations` ###


### Structure of table `0_tags` ###

DROP TABLE IF EXISTS `0_tags`;

CREATE TABLE `0_tags` (
  `id` int(11) NOT NULL AUTO_INCREMENT,
  `type` smallint(6) NOT NULL,
  `name` varchar(30) COLLATE utf8_unicode_ci NOT NULL,
  `description` varchar(60) COLLATE utf8_unicode_ci DEFAULT NULL,
  `inactive` tinyint(1) NOT NULL DEFAULT '0',
  PRIMARY KEY (`id`),
  UNIQUE KEY `type` (`type`,`name`)
) ENGINE=InnoDB DEFAULT CHARSET=utf8 COLLATE=utf8_unicode_ci ;

### Data of table `0_tags` ###


### Structure of table `0_tax_group_items` ###

DROP TABLE IF EXISTS `0_tax_group_items`;

CREATE TABLE `0_tax_group_items` (
  `tax_group_id` int(11) NOT NULL DEFAULT '0',
  `tax_type_id` int(11) NOT NULL DEFAULT '0',
  `tax_shipping` tinyint(1) NOT NULL DEFAULT '0',
  PRIMARY KEY (`tax_group_id`,`tax_type_id`)
) ENGINE=InnoDB DEFAULT CHARSET=utf8 COLLATE=utf8_unicode_ci ;

### Data of table `0_tax_group_items` ###

INSERT INTO `0_tax_group_items` VALUES
('1', '1', '1');

### Structure of table `0_tax_groups` ###

DROP TABLE IF EXISTS `0_tax_groups`;

CREATE TABLE `0_tax_groups` (
  `id` int(11) NOT NULL AUTO_INCREMENT,
  `name` varchar(60) COLLATE utf8_unicode_ci NOT NULL DEFAULT '',
  `inactive` tinyint(1) NOT NULL DEFAULT '0',
  PRIMARY KEY (`id`),
  UNIQUE KEY `name` (`name`)
) ENGINE=InnoDB AUTO_INCREMENT=3 DEFAULT CHARSET=utf8 COLLATE=utf8_unicode_ci ;

### Data of table `0_tax_groups` ###

INSERT INTO `0_tax_groups` VALUES
('1', 'Tax', '0'),
('2', 'Tax Exempt', '0');

### Structure of table `0_tax_types` ###

DROP TABLE IF EXISTS `0_tax_types`;

CREATE TABLE `0_tax_types` (
  `id` int(11) NOT NULL AUTO_INCREMENT,
  `rate` double NOT NULL DEFAULT '0',
  `sales_gl_code` varchar(15) COLLATE utf8_unicode_ci NOT NULL DEFAULT '',
  `purchasing_gl_code` varchar(15) COLLATE utf8_unicode_ci NOT NULL DEFAULT '',
  `name` varchar(60) COLLATE utf8_unicode_ci NOT NULL DEFAULT '',
  `inactive` tinyint(1) NOT NULL DEFAULT '0',
  PRIMARY KEY (`id`)
) ENGINE=InnoDB AUTO_INCREMENT=2 DEFAULT CHARSET=utf8 COLLATE=utf8_unicode_ci ;

### Data of table `0_tax_types` ###

INSERT INTO `0_tax_types` VALUES
('1', '0', '2013', '2014', 'Tax', '0');

### Structure of table `0_trans_tax_details` ###

DROP TABLE IF EXISTS `0_trans_tax_details`;

CREATE TABLE `0_trans_tax_details` (
  `id` int(11) NOT NULL AUTO_INCREMENT,
  `trans_type` smallint(6) DEFAULT NULL,
  `trans_no` int(11) DEFAULT NULL,
  `tran_date` date NOT NULL,
  `tax_type_id` int(11) NOT NULL DEFAULT '0',
  `rate` double NOT NULL DEFAULT '0',
  `ex_rate` double NOT NULL DEFAULT '1',
  `included_in_price` tinyint(1) NOT NULL DEFAULT '0',
  `net_amount` double NOT NULL DEFAULT '0',
  `amount` double NOT NULL DEFAULT '0',
  `memo` tinytext COLLATE utf8_unicode_ci,
  `reg_type` tinyint(1) DEFAULT NULL,
  PRIMARY KEY (`id`),
  KEY `Type_and_Number` (`trans_type`,`trans_no`),
  KEY `tran_date` (`tran_date`)
) ENGINE=InnoDB AUTO_INCREMENT=9 DEFAULT CHARSET=utf8 COLLATE=utf8_unicode_ci ;

### Data of table `0_trans_tax_details` ###

INSERT INTO `0_trans_tax_details` VALUES
('1', '20', '1', '2017-07-01', '1', '0', '1', '0', '0', '0', '1', '1'),
('2', '20', '2', '2017-07-01', '1', '0', '1', '0', '0', '0', '1', '1'),
('3', '20', '3', '2017-07-01', '1', '0', '1', '0', '0', '0', '1', '1'),
('4', '13', '1', '2017-07-01', '1', '0', '1', '1', '0', '0', 'auto', NULL),
('5', '10', '1', '2017-07-01', '1', '0', '1', '1', '0', '0', 'SI001/2017', '0'),
('6', '13', '2', '2017-07-01', '1', '0', '1', '1', '0', '0', 'auto', NULL),
('7', '10', '2', '2017-07-01', '1', '0', '1', '1', '0', '0', 'SI001/2017', '0'),
('8', '20', '4', '2017-07-01', '1', '0', '1', '0', '0', '0', '1', '1');

### Structure of table `0_user_locations` ###

DROP TABLE IF EXISTS `0_user_locations`;

CREATE TABLE `0_user_locations` (
  `id` smallint(6) NOT NULL AUTO_INCREMENT,
  `loc_code` varchar(60) COLLATE utf8_unicode_ci NOT NULL DEFAULT '',
  `user_id` int(11) NOT NULL DEFAULT '1',
  `inactive` tinyint(1) NOT NULL DEFAULT '0',
  PRIMARY KEY (`id`)
) ENGINE=MyISAM AUTO_INCREMENT=9 DEFAULT CHARSET=utf8 COLLATE=utf8_unicode_ci ;

### Data of table `0_user_locations` ###

INSERT INTO `0_user_locations` VALUES
('1', 'DEF', '1', '0'),
('2', 'DEF', '2', '0'),
('3', 'DEF', '3', '0'),
('4', 'KHI', '1', '0'),
('5', 'DEF', '6', '0'),
('6', 'DEF', '9', '0'),
('7', '10', '0', '0'),
('8', 'DEF', '10', '0');

### Structure of table `0_useronline` ###

DROP TABLE IF EXISTS `0_useronline`;

CREATE TABLE `0_useronline` (
  `id` int(11) NOT NULL AUTO_INCREMENT,
  `timestamp` int(15) NOT NULL DEFAULT '0',
  `ip` varchar(40) COLLATE utf8_unicode_ci NOT NULL DEFAULT '',
  `file` varchar(100) COLLATE utf8_unicode_ci NOT NULL DEFAULT '',
  PRIMARY KEY (`id`),
  KEY `timestamp` (`timestamp`),
  KEY `ip` (`ip`)
) ENGINE=InnoDB DEFAULT CHARSET=utf8 COLLATE=utf8_unicode_ci ;

### Data of table `0_useronline` ###


### Structure of table `0_users` ###

DROP TABLE IF EXISTS `0_users`;

CREATE TABLE `0_users` (
  `id` smallint(6) NOT NULL AUTO_INCREMENT,
  `user_id` varchar(60) COLLATE utf8_unicode_ci NOT NULL DEFAULT '',
  `password` varchar(100) COLLATE utf8_unicode_ci NOT NULL DEFAULT '',
  `real_name` varchar(100) COLLATE utf8_unicode_ci NOT NULL DEFAULT '',
  `role_id` int(11) NOT NULL DEFAULT '1',
  `phone` varchar(30) COLLATE utf8_unicode_ci NOT NULL DEFAULT '',
  `email` varchar(100) COLLATE utf8_unicode_ci DEFAULT NULL,
  `language` varchar(20) COLLATE utf8_unicode_ci DEFAULT NULL,
  `date_format` tinyint(1) NOT NULL DEFAULT '0',
  `date_sep` tinyint(1) NOT NULL DEFAULT '0',
  `tho_sep` tinyint(1) NOT NULL DEFAULT '0',
  `dec_sep` tinyint(1) NOT NULL DEFAULT '0',
  `theme` varchar(20) COLLATE utf8_unicode_ci NOT NULL DEFAULT 'default',
  `page_size` varchar(20) COLLATE utf8_unicode_ci NOT NULL DEFAULT 'A4',
  `prices_dec` smallint(6) NOT NULL DEFAULT '2',
  `qty_dec` smallint(6) NOT NULL DEFAULT '2',
  `rates_dec` smallint(6) NOT NULL DEFAULT '4',
  `percent_dec` smallint(6) NOT NULL DEFAULT '1',
  `show_gl` tinyint(1) NOT NULL DEFAULT '1',
  `show_codes` tinyint(1) NOT NULL DEFAULT '0',
  `show_hints` tinyint(1) NOT NULL DEFAULT '0',
  `last_visit_date` datetime DEFAULT NULL,
  `query_size` tinyint(1) unsigned NOT NULL DEFAULT '10',
  `graphic_links` tinyint(1) DEFAULT '1',
  `pos` smallint(6) DEFAULT '1',
  `print_profile` varchar(30) COLLATE utf8_unicode_ci NOT NULL DEFAULT '',
  `rep_popup` tinyint(1) DEFAULT '1',
  `sticky_doc_date` tinyint(1) DEFAULT '0',
  `startup_tab` varchar(20) COLLATE utf8_unicode_ci NOT NULL DEFAULT '',
  `transaction_days` smallint(6) NOT NULL DEFAULT '30',
  `save_report_selections` smallint(6) NOT NULL DEFAULT '0',
  `use_date_picker` tinyint(1) NOT NULL DEFAULT '1',
  `def_print_destination` tinyint(1) NOT NULL DEFAULT '0',
  `def_print_orientation` tinyint(1) NOT NULL DEFAULT '0',
  `inactive` tinyint(1) NOT NULL DEFAULT '0',
  PRIMARY KEY (`id`),
  UNIQUE KEY `user_id` (`user_id`)
) ENGINE=InnoDB AUTO_INCREMENT=11 DEFAULT CHARSET=utf8 COLLATE=utf8_unicode_ci ;

### Data of table `0_users` ###

INSERT INTO `0_users` VALUES
('1', 'admin', 'e6a932cc8ec3516c62a37100f2ca9beb', 'Administrator', '2', '', NULL, 'C', '1', '2', '0', '0', 'premium', 'A4', '2', '2', '4', '1', '1', '0', '0', '2017-08-23 01:28:17', '10', '1', '1', '', '1', '0', 'dashboard', '30', '0', '1', '0', '0', '0'),
('8', 'yasir', '81dc9bdb52d04dc20036dbd8313ed055', 'Yasir Majeed', '1', '', NULL, 'C', '1', '2', '0', '0', 'blackgold', 'A4', '2', '2', '4', '1', '1', '0', '0', '2017-08-09 01:37:20', '10', '1', '1', '', '1', '0', 'dashboard', '30', '0', '1', '0', '0', '0'),
('9', 'USMAN', 'cf79ae6addba60ad018347359bd144d2', 'Usman Mehmood', '2', '3346632134', NULL, 'C', '1', '2', '0', '0', 'blackgold', 'A4', '2', '2', '4', '1', '1', '0', '0', '2017-08-23 01:00:24', '10', '1', '1', '', '1', '0', 'dashboard', '30', '0', '1', '0', '0', '0'),
('10', 'SAJID NADEEM', '61b4a64be663682e8cb037d9719ad8cd', 'SAJID NADEEM', '3', '', NULL, 'C', '1', '2', '0', '0', 'blackgold', 'A4', '2', '2', '4', '1', '1', '0', '0', '2017-08-23 00:36:14', '10', '1', '1', '', '1', '0', 'dashboard', '30', '0', '1', '0', '0', '0');

### Structure of table `0_voided` ###

DROP TABLE IF EXISTS `0_voided`;

CREATE TABLE `0_voided` (
  `type` int(11) NOT NULL DEFAULT '0',
  `id` int(11) NOT NULL DEFAULT '0',
  `date_` date NOT NULL DEFAULT '0000-00-00',
  `memo_` tinytext COLLATE utf8_unicode_ci NOT NULL,
  UNIQUE KEY `id` (`type`,`id`)
) ENGINE=InnoDB DEFAULT CHARSET=utf8 COLLATE=utf8_unicode_ci ;

### Data of table `0_voided` ###

INSERT INTO `0_voided` VALUES
('0', '18', '2017-07-19', ''),
('0', '19', '2017-07-19', 'Document reentered.'),
('0', '20', '2017-07-20', ''),
('0', '26', '2017-08-07', 'Document reentered.'),
('0', '27', '2017-08-05', ''),
('0', '29', '2017-08-18', 'Document reentered.'),
('0', '36', '2017-08-09', ''),
('0', '46', '2017-08-10', 'Document reentered.'),
('0', '77', '2017-08-17', 'Document reentered.'),
('0', '91', '2017-08-17', 'Document reentered.'),
('0', '99', '2017-08-17', 'Document reentered.'),
('0', '104', '2017-08-16', ''),
('0', '112', '2017-08-21', 'Document reentered.'),
('0', '113', '2017-08-21', 'Document reentered.'),
('0', '124', '2017-08-21', 'Document reentered.'),
('0', '138', '2017-08-19', ''),
('0', '144', '2017-08-19', ''),
('0', '152', '2017-08-12', 'Document reentered.'),
('0', '163', '2017-08-12', 'Document reentered.'),
('0', '165', '2017-08-12', 'Document reentered.'),
('0', '167', '2017-08-12', 'Document reentered.'),
('0', '175', '2017-08-17', 'Document reentered.'),
('0', '177', '2017-08-17', ''),
('0', '178', '2017-08-17', 'Document reentered.'),
('0', '179', '2017-08-17', 'Document reentered.'),
('0', '192', '2017-08-16', 'Document reentered.'),
('0', '205', '2017-08-16', 'Document reentered.'),
('0', '224', '2017-08-18', ''),
('0', '239', '2017-08-19', 'Document reentered.'),
('0', '242', '2017-08-19', 'Document reentered.'),
('0', '243', '2017-08-18', 'Document reentered.'),
('0', '245', '2017-08-18', 'Document reentered.'),
('0', '246', '2017-08-19', ''),
('0', '247', '2017-08-19', ''),
('0', '248', '2017-08-19', ''),
('0', '250', '2017-08-19', 'Document reentered.'),
('0', '255', '2017-08-21', 'Document reentered.'),
('0', '256', '2017-08-21', 'Document reentered.'),
('0', '263', '2017-08-22', 'Document reentered.'),
('0', '284', '2017-08-22', 'Document reentered.'),
('1', '1', '2017-08-05', ''),
('2', '1', '2017-08-05', ''),
('2', '2', '2017-08-05', ''),
('2', '12', '2017-08-17', 'Document reentered.'),
('2', '13', '2017-08-17', 'Document reentered.'),
('2', '14', '2017-08-17', 'Document reentered.'),
('2', '15', '2017-08-18', ''),
('10', '1', '2017-07-24', ''),
('10', '2', '2017-07-26', ''),
('13', '1', '2017-07-24', ''),
('13', '2', '2017-07-26', ''),
('17', '1', '2017-08-19', ''),
('20', '1', '2017-07-24', ''),
('20', '2', '2017-07-24', ''),
('20', '3', '2017-07-24', ''),
('20', '4', '2017-07-26', ''),
('22', '1', '2017-07-20', ''),
('22', '2', '2017-07-20', ''),
('22', '3', '2017-08-09', ''),
('22', '4', '2017-08-09', ''),
('22', '5', '2017-08-09', ''),
('22', '6', '2017-08-09', ''),
('22', '7', '2017-08-09', ''),
('22', '8', '2017-08-09', ''),
('22', '9', '2017-08-09', ''),
('22', '10', '2017-08-09', ''),
('22', '11', '2017-08-09', ''),
('22', '12', '2017-08-09', ''),
('22', '13', '2017-08-09', ''),
('22', '14', '2017-08-09', ''),
('22', '15', '2017-08-09', ''),
('22', '16', '2017-08-09', ''),
('22', '17', '2017-08-09', ''),
('22', '18', '2017-08-09', ''),
('22', '19', '2017-08-09', ''),
('22', '20', '2017-08-09', ''),
('22', '21', '2017-08-09', ''),
('22', '22', '2017-08-09', ''),
('22', '23', '2017-08-09', ''),
('22', '24', '2017-08-09', ''),
('22', '25', '2017-08-09', ''),
('22', '26', '2017-08-09', ''),
('22', '27', '2017-08-09', ''),
('22', '28', '2017-08-09', ''),
('22', '29', '2017-08-09', ''),
('22', '30', '2017-08-09', ''),
('22', '31', '2017-08-09', ''),
('22', '32', '2017-08-09', ''),
('22', '33', '2017-08-09', ''),
('22', '34', '2017-08-09', ''),
('22', '35', '2017-08-09', ''),
('22', '36', '2017-08-09', ''),
('22', '37', '2017-08-09', ''),
('22', '38', '2017-08-09', ''),
('22', '39', '2017-08-09', ''),
('22', '40', '2017-08-09', ''),
('22', '41', '2017-08-09', ''),
('41', '1', '2017-08-19', '');

### Structure of table `0_widgets` ###

DROP TABLE IF EXISTS `0_widgets`;

CREATE TABLE `0_widgets` (
  `id` int(11) NOT NULL AUTO_INCREMENT,
  `user_id` smallint(6) NOT NULL,
  `column_id` int(11) NOT NULL,
  `sort_no` int(11) NOT NULL,
  `collapsed` tinyint(4) NOT NULL,
  `url` varchar(100) COLLATE utf8_bin NOT NULL,
  `title` varchar(100) COLLATE utf8_bin NOT NULL,
  `source` varchar(50) COLLATE utf8_bin NOT NULL,
  `width` varchar(50) COLLATE utf8_bin NOT NULL,
  `height` varchar(50) COLLATE utf8_bin NOT NULL,
  `is_system` tinyint(1) NOT NULL DEFAULT '0',
  `created_by` varchar(150) COLLATE utf8_bin NOT NULL,
  `dt_created` datetime NOT NULL,
  `updated_by` varchar(150) COLLATE utf8_bin DEFAULT NULL,
  `dt_updated` datetime DEFAULT NULL,
  PRIMARY KEY (`id`)
) ENGINE=InnoDB AUTO_INCREMENT=26 DEFAULT CHARSET=utf8 COLLATE=utf8_bin ;

### Data of table `0_widgets` ###

INSERT INTO `0_widgets` VALUES
('8', '3', '1', '0', '0', 'gl-in-fiscal-year.php', 'Profit and Loss', 'glfiscalyear', '100%', '370px', '1', '3', '2012-10-12 11:07:37', NULL, NULL),
('9', '3', '2', '0', '0', 'top-10-customer-in-fiscal-year.php', 'Top 10 customers in fiscal year', 'top10customerinfiscalyear', '100%', '630px', '1', '3', '2012-10-12 11:07:44', NULL, NULL),
('10', '2', '1', '0', '0', 'gl-in-fiscal-year.php', 'Profit and Loss', 'glfiscalyear', '100%', '370px', '1', '2', '2012-10-12 11:10:47', NULL, NULL),
('11', '2', '1', '1', '0', 'top-10-customer-in-fiscal-year.php', 'Top 10 customers in fiscal year', 'top10customerinfiscalyear', '100%', '630px', '1', '2', '2012-10-12 11:10:54', NULL, NULL),
('12', '2', '1', '2', '0', 'top-10-overdue-purchase-invoices.php', 'Top 10 Overdue Purchase Invoices', 'top10overduepurchaseinvoice', '100%', '300px', '1', '2', '2012-10-12 11:11:00', NULL, NULL),
('13', '2', '1', '3', '0', 'top-10-overdue-sales-invoices.php', 'Top 10 Overdue Sales Invoices', 'top10overduesalesinvoice', '100%', '300px', '1', '2', '2012-10-12 11:11:12', NULL, NULL),
('14', '2', '2', '1', '0', 'top-10-recent-sales-invoices.php', 'Top 10 Recent Sales Invoices', 'top10recentsalesinvoice', '100%', '300px', '1', '2', '2012-10-12 11:11:17', NULL, NULL),
('15', '2', '2', '3', '0', 'top-10-recent-sales-order.php', 'Top 10 Recent Sales Order', 'top10recentsalesorder', '100%', '300px', '1', '2', '2012-10-12 11:11:31', NULL, NULL),
('17', '2', '2', '0', '0', 'top-10-stock-in-fiscal-year.php', 'Top 10 Sold Items in fiscal year', 'top10iteminfiscalyear', '100%', '630px', '1', '2', '2012-10-12 11:11:37', NULL, NULL),
('18', '2', '2', '2', '0', 'top-10-supplier-in-fiscal-year.php', 'Top 10 suppliers in fiscal year', 'top10supplierinfiscalyear', '100%', '630px', '1', '2', '2012-10-12 11:11:45', NULL, NULL),
('19', '3', '1', '1', '0', 'top-10-overdue-purchase-invoices.php', 'Top 10 Overdue Purchase Invoices', 'top10overduepurchaseinvoice', '100%', '300px', '1', '3', '2012-10-12 11:15:30', NULL, NULL),
('21', '3', '2', '1', '0', 'top-10-overdue-sales-invoices.php', 'Top 10 Overdue Sales Invoices', 'top10overduesalesinvoice', '100%', '300px', '1', '3', '2012-10-12 11:15:48', NULL, NULL),
('22', '3', '1', '2', '0', 'top-10-recent-sales-invoices.php', 'Top 10 Recent Sales Invoices', 'top10recentsalesinvoice', '100%', '300px', '1', '3', '2012-10-12 11:15:56', NULL, NULL),
('23', '3', '1', '3', '0', 'top-10-recent-sales-order.php', 'Top 10 Recent Sales Order', 'top10recentsalesorder', '100%', '300px', '1', '3', '2012-10-12 11:16:03', NULL, NULL),
('24', '3', '2', '3', '0', 'top-10-stock-in-fiscal-year.php', 'Top 10 Sold Items in fiscal year', 'top10iteminfiscalyear', '100%', '630px', '1', '3', '2012-10-12 11:16:08', NULL, NULL),
('25', '3', '2', '2', '0', 'top-10-supplier-in-fiscal-year.php', 'Top 10 suppliers in fiscal year', 'top10supplierinfiscalyear', '100%', '630px', '1', '3', '2012-10-12 11:16:17', NULL, NULL);

### Structure of table `0_widgets_template` ###

DROP TABLE IF EXISTS `0_widgets_template`;

CREATE TABLE `0_widgets_template` (
  `id` int(11) NOT NULL AUTO_INCREMENT,
  `column_id` int(11) NOT NULL,
  `sort_no` int(11) NOT NULL,
  `collapsed` tinyint(4) NOT NULL,
  `url` varchar(100) NOT NULL,
  `title` varchar(100) NOT NULL,
  `source` varchar(50) NOT NULL,
  `width` varchar(50) NOT NULL,
  `height` varchar(50) NOT NULL,
  `is_system` tinyint(1) NOT NULL DEFAULT '0',
  `created_by` varchar(150) NOT NULL,
  `dt_created` datetime NOT NULL,
  `updated_by` varchar(150) DEFAULT NULL,
  `dt_updated` datetime DEFAULT NULL,
  PRIMARY KEY (`id`)
) ENGINE=InnoDB AUTO_INCREMENT=10 DEFAULT CHARSET=utf8 ;

### Data of table `0_widgets_template` ###

INSERT INTO `0_widgets_template` VALUES
('1', '2', '0', '0', 'top-10-customer-in-fiscal-year.php', 'Top 10 customers in fiscal year', 'top10customerinfiscalyear', '100%', '630px', '1', 'system', '2012-10-12 11:06:46', 'system', '2012-10-12 11:06:46'),
('2', '2', '0', '0', 'top-10-supplier-in-fiscal-year.php', 'Top 10 suppliers in fiscal year', 'top10supplierinfiscalyear', '100%', '630px', '1', 'system', '2012-10-12 11:06:46', 'system', '2012-10-12 11:06:46'),
('3', '2', '0', '0', 'top-10-stock-in-fiscal-year.php', 'Top 10 Sold Items in fiscal year', 'top10iteminfiscalyear', '100%', '630px', '1', 'system', '2012-10-12 11:06:46', 'system', '2012-10-12 11:06:46'),
('4', '2', '0', '0', 'top-10-dimension-in-fiscal-year.php', 'Top 10 Dimensions in fiscal year', 'top10dimensionfiscalyear', '100%', '370px', '1', 'system', '2012-10-12 11:06:46', 'system', '2012-10-12 11:06:46'),
('5', '2', '0', '0', 'top-10-overdue-sales-invoices.php', 'Top 10 Overdue Sales Invoices', 'top10overduesalesinvoice', '100%', '300px', '1', 'system', '2012-10-12 11:06:46', 'system', '2012-10-12 11:06:46'),
('6', '2', '0', '0', 'top-10-overdue-purchase-invoices.php', 'Top 10 Overdue Purchase Invoices', 'top10overduepurchaseinvoice', '100%', '300px', '1', 'system', '2012-10-12 11:06:46', 'system', '2012-10-12 11:06:46'),
('7', '2', '0', '0', 'gl-in-fiscal-year.php', 'Profit and Loss', 'glfiscalyear', '100%', '370px', '1', 'system', '2012-10-12 11:06:46', 'system', '2012-10-12 11:06:46'),
('8', '2', '0', '0', 'top-10-recent-sales-order.php', 'Top 10 Recent Sales Order', 'top10recentsalesorder', '100%', '300px', '1', 'system', '2012-10-12 11:06:46', 'system', '2012-10-12 11:06:46'),
('9', '2', '0', '0', 'top-10-recent-sales-invoices.php', 'Top 10 Recent Sales Invoices', 'top10recentsalesinvoice', '100%', '300px', '1', 'system', '2012-10-12 11:06:46', 'system', '2012-10-12 11:06:46');

### Structure of table `0_wo_costing` ###

DROP TABLE IF EXISTS `0_wo_costing`;

CREATE TABLE `0_wo_costing` (
  `id` int(11) NOT NULL AUTO_INCREMENT,
  `workorder_id` int(11) NOT NULL DEFAULT '0',
  `cost_type` tinyint(1) NOT NULL DEFAULT '0',
  `trans_type` int(11) NOT NULL DEFAULT '0',
  `trans_no` int(11) NOT NULL DEFAULT '0',
  `factor` double NOT NULL DEFAULT '1',
  PRIMARY KEY (`id`)
) ENGINE=InnoDB DEFAULT CHARSET=utf8 COLLATE=utf8_unicode_ci ;

### Data of table `0_wo_costing` ###


### Structure of table `0_wo_issue_items` ###

DROP TABLE IF EXISTS `0_wo_issue_items`;

CREATE TABLE `0_wo_issue_items` (
  `id` int(11) NOT NULL AUTO_INCREMENT,
  `stock_id` varchar(40) COLLATE utf8_unicode_ci DEFAULT NULL,
  `issue_id` int(11) DEFAULT NULL,
  `qty_issued` double DEFAULT NULL,
  `unit_cost` double NOT NULL DEFAULT '0',
  PRIMARY KEY (`id`)
) ENGINE=InnoDB DEFAULT CHARSET=utf8 COLLATE=utf8_unicode_ci ;

### Data of table `0_wo_issue_items` ###


### Structure of table `0_wo_issues` ###

DROP TABLE IF EXISTS `0_wo_issues`;

CREATE TABLE `0_wo_issues` (
  `issue_no` int(11) NOT NULL AUTO_INCREMENT,
  `workorder_id` int(11) NOT NULL DEFAULT '0',
  `reference` varchar(100) COLLATE utf8_unicode_ci DEFAULT NULL,
  `issue_date` date DEFAULT NULL,
  `loc_code` varchar(5) COLLATE utf8_unicode_ci DEFAULT NULL,
  `workcentre_id` int(11) DEFAULT NULL,
  PRIMARY KEY (`issue_no`),
  KEY `workorder_id` (`workorder_id`)
) ENGINE=InnoDB DEFAULT CHARSET=utf8 COLLATE=utf8_unicode_ci ;

### Data of table `0_wo_issues` ###


### Structure of table `0_wo_manufacture` ###

DROP TABLE IF EXISTS `0_wo_manufacture`;

CREATE TABLE `0_wo_manufacture` (
  `id` int(11) NOT NULL AUTO_INCREMENT,
  `reference` varchar(100) COLLATE utf8_unicode_ci DEFAULT NULL,
  `workorder_id` int(11) NOT NULL DEFAULT '0',
  `quantity` double NOT NULL DEFAULT '0',
  `date_` date NOT NULL DEFAULT '0000-00-00',
  PRIMARY KEY (`id`),
  KEY `workorder_id` (`workorder_id`)
) ENGINE=InnoDB DEFAULT CHARSET=utf8 COLLATE=utf8_unicode_ci ;

### Data of table `0_wo_manufacture` ###


### Structure of table `0_wo_requirements` ###

DROP TABLE IF EXISTS `0_wo_requirements`;

CREATE TABLE `0_wo_requirements` (
  `id` int(11) NOT NULL AUTO_INCREMENT,
  `workorder_id` int(11) NOT NULL DEFAULT '0',
  `stock_id` char(20) COLLATE utf8_unicode_ci NOT NULL DEFAULT '',
  `workcentre` int(11) NOT NULL DEFAULT '0',
  `units_req` double NOT NULL DEFAULT '1',
  `unit_cost` double NOT NULL DEFAULT '0',
  `loc_code` char(5) COLLATE utf8_unicode_ci NOT NULL DEFAULT '',
  `units_issued` double NOT NULL DEFAULT '0',
  PRIMARY KEY (`id`),
  KEY `workorder_id` (`workorder_id`)
) ENGINE=InnoDB DEFAULT CHARSET=utf8 COLLATE=utf8_unicode_ci ;

### Data of table `0_wo_requirements` ###


### Structure of table `0_workcentres` ###

DROP TABLE IF EXISTS `0_workcentres`;

CREATE TABLE `0_workcentres` (
  `id` int(11) NOT NULL AUTO_INCREMENT,
  `name` char(40) COLLATE utf8_unicode_ci NOT NULL DEFAULT '',
  `description` char(50) COLLATE utf8_unicode_ci NOT NULL DEFAULT '',
  `inactive` tinyint(1) NOT NULL DEFAULT '0',
  PRIMARY KEY (`id`),
  UNIQUE KEY `name` (`name`)
) ENGINE=InnoDB AUTO_INCREMENT=2 DEFAULT CHARSET=utf8 COLLATE=utf8_unicode_ci ;

### Data of table `0_workcentres` ###

INSERT INTO `0_workcentres` VALUES
('1', 'Work Centre', '', '0');

### Structure of table `0_workorders` ###

DROP TABLE IF EXISTS `0_workorders`;

CREATE TABLE `0_workorders` (
  `id` int(11) NOT NULL AUTO_INCREMENT,
  `wo_ref` varchar(60) COLLATE utf8_unicode_ci NOT NULL DEFAULT '',
  `loc_code` varchar(5) COLLATE utf8_unicode_ci NOT NULL DEFAULT '',
  `units_reqd` double NOT NULL DEFAULT '1',
  `stock_id` varchar(20) COLLATE utf8_unicode_ci NOT NULL DEFAULT '',
  `date_` date NOT NULL DEFAULT '0000-00-00',
  `type` tinyint(4) NOT NULL DEFAULT '0',
  `required_by` date NOT NULL DEFAULT '0000-00-00',
  `released_date` date NOT NULL DEFAULT '0000-00-00',
  `units_issued` double NOT NULL DEFAULT '0',
  `closed` tinyint(1) NOT NULL DEFAULT '0',
  `released` tinyint(1) NOT NULL DEFAULT '0',
  `additional_costs` double NOT NULL DEFAULT '0',
  PRIMARY KEY (`id`),
  UNIQUE KEY `wo_ref` (`wo_ref`)
) ENGINE=InnoDB DEFAULT CHARSET=utf8 COLLATE=utf8_unicode_ci ;

### Data of table `0_workorders` ###


### Structure of table `0_wth_tax_types` ###

DROP TABLE IF EXISTS `0_wth_tax_types`;

CREATE TABLE `0_wth_tax_types` (
  `id` smallint(6) unsigned NOT NULL AUTO_INCREMENT,
  `description` varchar(60) COLLATE utf8_unicode_ci NOT NULL DEFAULT '',
  `tax_percent` double NOT NULL DEFAULT '0',
  `code` varchar(15) COLLATE utf8_unicode_ci NOT NULL,
  `co_account` varchar(15) COLLATE utf8_unicode_ci NOT NULL,
  `level_id` int(11) NOT NULL DEFAULT '0',
  `wth_tax_category` int(11) NOT NULL,
  PRIMARY KEY (`id`),
  UNIQUE KEY `description` (`description`,`level_id`)
) ENGINE=MyISAM AUTO_INCREMENT=18 DEFAULT CHARSET=utf8 COLLATE=utf8_unicode_ci ;

### Data of table `0_wth_tax_types` ###

INSERT INTO `0_wth_tax_types` VALUES
('1', 'WHT Service', '0', 'wht_service', '1208', '0', '0'),
('2', 'WHT Supply of goods', '0', 'wht_supply', '1210', '0', '0'),
('3', 'WHT SRB Sales Tax', '0', 'wht_srb', '1209', '0', '0'),
('4', 'WHT Sales Tax FBR', '0', 'wht_fbr', '1207', '0', '0'),
('6', 'Filer Company', '4', '', '1210', '2', '3'),
('7', 'Nonfiler Company', '6', '', '1210', '2', '1'),
('8', 'Filer Other', '4.5', '', '1210', '2', '1'),
('9', 'Nonfile Other', '6.5', '', '1210', '2', '1'),
('10', 'Filer Company', '8', '', '1208', '1', '2'),
('11', 'Nonfiler Company', '12', '', '1208', '1', '2'),
('12', 'Filer Other', '10', '', '1208', '1', '2'),
('13', 'Nonfiler Other', '15', '', '1208', '1', '2'),
('14', 'SRB 1', '14', '', '1209', '3', '4'),
('15', 'SRB 2', '20', '', '1209', '3', '4'),
('16', 'FBR 1', '1', '', '1206', '4', '3'),
('17', 'FBR 2', '20', '', '1206', '4', '3');