# MySQL dump of database 'my_hoc' on host 'localhost'
# Backup Date and Time: 2017-07-26 02:37
# Built by SmartBiz 2.4.RC1
# http://smartbiz.cloud
# Company: HOC
# User: Omer

# Compatibility: 2.4.1


SET NAMES latin1;


### Structure of table `0_amortisation` ###

DROP TABLE IF EXISTS `0_amortisation`;

CREATE TABLE `0_amortisation` (
  `amortisation_id` bigint(20) unsigned NOT NULL AUTO_INCREMENT,
  `asset_id` int(11) DEFAULT NULL,
  `amortisation_year` int(11) DEFAULT NULL,
  `asset_value` double DEFAULT NULL,
  `amount` double DEFAULT NULL,
  `posted` int(11) NOT NULL DEFAULT '0',
  `inactive` tinyint(4) NOT NULL DEFAULT '0',
  `details` text,
  PRIMARY KEY (`amortisation_id`),
  UNIQUE KEY `amortisation_id` (`amortisation_id`),
  KEY `0_amortisation_asset_id` (`asset_id`)
) ENGINE=InnoDB DEFAULT CHARSET=latin1 ;

### Data of table `0_amortisation` ###


### Structure of table `0_areas` ###

DROP TABLE IF EXISTS `0_areas`;

CREATE TABLE `0_areas` (
  `area_code` int(11) NOT NULL AUTO_INCREMENT,
  `description` varchar(60) COLLATE utf8_unicode_ci NOT NULL DEFAULT '',
  `inactive` tinyint(1) NOT NULL DEFAULT '0',
  PRIMARY KEY (`area_code`),
  UNIQUE KEY `description` (`description`)
) ENGINE=InnoDB AUTO_INCREMENT=3 DEFAULT CHARSET=utf8 COLLATE=utf8_unicode_ci ;

### Data of table `0_areas` ###

INSERT INTO `0_areas` VALUES
('1', 'Global', '0'),
('2', 'Multan', '0');

### Structure of table `0_asset_types` ###

DROP TABLE IF EXISTS `0_asset_types`;

CREATE TABLE `0_asset_types` (
  `asset_type_id` bigint(20) unsigned NOT NULL AUTO_INCREMENT,
  `asset_type_name` varchar(50) NOT NULL,
  `depreciation_type` int(11) NOT NULL DEFAULT '1',
  `depreciation_rate` double NOT NULL DEFAULT '10',
  `asset_account` varchar(15) DEFAULT NULL,
  `depreciation_account` varchar(15) DEFAULT NULL,
  `accumulated_account` varchar(15) DEFAULT NULL,
  `valuation_account` varchar(15) DEFAULT NULL,
  `disposal_account` varchar(15) DEFAULT NULL,
  `inactive` tinyint(4) NOT NULL DEFAULT '0',
  `details` text,
  PRIMARY KEY (`asset_type_id`),
  UNIQUE KEY `asset_type_id` (`asset_type_id`)
) ENGINE=InnoDB DEFAULT CHARSET=latin1 ;

### Data of table `0_asset_types` ###


### Structure of table `0_asset_valuations` ###

DROP TABLE IF EXISTS `0_asset_valuations`;

CREATE TABLE `0_asset_valuations` (
  `asset_valuation_id` bigint(20) unsigned NOT NULL AUTO_INCREMENT,
  `asset_id` int(11) DEFAULT NULL,
  `valuation_year` int(11) DEFAULT NULL,
  `asset_value` double NOT NULL DEFAULT '0',
  `value_change` double NOT NULL DEFAULT '0',
  `posted` int(11) NOT NULL DEFAULT '0',
  `inactive` tinyint(4) NOT NULL DEFAULT '0',
  `details` text,
  PRIMARY KEY (`asset_valuation_id`),
  UNIQUE KEY `asset_valuation_id` (`asset_valuation_id`),
  UNIQUE KEY `asset_id` (`asset_id`,`valuation_year`),
  KEY `0_asset_valuations_asset_id` (`asset_id`)
) ENGINE=InnoDB DEFAULT CHARSET=latin1 ;

### Data of table `0_asset_valuations` ###


### Structure of table `0_assets` ###

DROP TABLE IF EXISTS `0_assets`;

CREATE TABLE `0_assets` (
  `asset_id` bigint(20) unsigned NOT NULL AUTO_INCREMENT,
  `asset_type_id` int(11) DEFAULT NULL,
  `item_id` int(11) DEFAULT NULL,
  `asset_name` varchar(50) DEFAULT NULL,
  `asset_serial` varchar(50) DEFAULT NULL,
  `purchase_date` date NOT NULL,
  `purchase_value` double NOT NULL,
  `disposal_amount` double DEFAULT NULL,
  `disposal_date` date DEFAULT NULL,
  `disposal_posting` int(11) DEFAULT '0',
  `tag_number` varchar(50) DEFAULT NULL,
  `asset_location` varchar(50) DEFAULT NULL,
  `asset_condition` varchar(50) DEFAULT NULL,
  `asset_acquisition` varchar(50) DEFAULT NULL,
  `inactive` tinyint(4) NOT NULL DEFAULT '0',
  `details` text,
  PRIMARY KEY (`asset_id`),
  UNIQUE KEY `asset_id` (`asset_id`),
  KEY `0_assets_asset_type_id` (`asset_type_id`),
  KEY `0_assets_item_id` (`item_id`)
) ENGINE=InnoDB DEFAULT CHARSET=latin1 ;

### Data of table `0_assets` ###


### Structure of table `0_attachments` ###

DROP TABLE IF EXISTS `0_attachments`;

CREATE TABLE `0_attachments` (
  `id` int(11) unsigned NOT NULL AUTO_INCREMENT,
  `description` varchar(60) COLLATE utf8_unicode_ci NOT NULL DEFAULT '',
  `type_no` int(11) NOT NULL DEFAULT '0',
  `trans_no` int(11) NOT NULL DEFAULT '0',
  `unique_name` varchar(60) COLLATE utf8_unicode_ci NOT NULL DEFAULT '',
  `tran_date` date NOT NULL DEFAULT '0000-00-00',
  `filename` varchar(60) COLLATE utf8_unicode_ci NOT NULL DEFAULT '',
  `filesize` int(11) NOT NULL DEFAULT '0',
  `filetype` varchar(60) COLLATE utf8_unicode_ci NOT NULL DEFAULT '',
  PRIMARY KEY (`id`),
  KEY `type_no` (`type_no`,`trans_no`)
) ENGINE=InnoDB DEFAULT CHARSET=utf8 COLLATE=utf8_unicode_ci ;

### Data of table `0_attachments` ###


### Structure of table `0_audit_trail` ###

DROP TABLE IF EXISTS `0_audit_trail`;

CREATE TABLE `0_audit_trail` (
  `id` int(11) NOT NULL AUTO_INCREMENT,
  `type` smallint(6) unsigned NOT NULL DEFAULT '0',
  `trans_no` int(11) unsigned NOT NULL DEFAULT '0',
  `user` smallint(6) unsigned NOT NULL DEFAULT '0',
  `stamp` timestamp NOT NULL DEFAULT CURRENT_TIMESTAMP ON UPDATE CURRENT_TIMESTAMP,
  `description` varchar(60) COLLATE utf8_unicode_ci DEFAULT NULL,
  `fiscal_year` int(11) NOT NULL DEFAULT '0',
  `gl_date` date NOT NULL DEFAULT '0000-00-00',
  `gl_seq` int(11) unsigned DEFAULT NULL,
  PRIMARY KEY (`id`),
  KEY `Seq` (`fiscal_year`,`gl_date`,`gl_seq`),
  KEY `Type_and_Number` (`type`,`trans_no`)
) ENGINE=InnoDB AUTO_INCREMENT=311 DEFAULT CHARSET=utf8 COLLATE=utf8_unicode_ci ;

### Data of table `0_audit_trail` ###

INSERT INTO `0_audit_trail` VALUES
('1', '30', '1', '9', '2017-07-24 02:41:58', NULL, '3', '2017-07-24', '0'),
('2', '13', '1', '9', '2017-07-24 02:41:58', NULL, '3', '2017-07-24', '0'),
('3', '10', '1', '9', '2017-07-25 04:55:51', NULL, '3', '2017-07-24', NULL),
('4', '30', '2', '9', '2017-07-24 02:59:04', NULL, '3', '2017-07-24', '0'),
('5', '30', '3', '9', '2017-07-24 03:04:09', NULL, '3', '2017-07-24', '0'),
('6', '13', '2', '9', '2017-07-24 03:04:09', NULL, '3', '2017-07-24', '0'),
('7', '10', '2', '9', '2017-07-25 04:55:09', NULL, '3', '2017-07-24', NULL),
('8', '30', '4', '9', '2017-07-24 03:07:05', NULL, '3', '2017-07-21', '0'),
('9', '13', '3', '9', '2017-07-24 03:07:05', NULL, '3', '2017-07-21', '0'),
('10', '10', '3', '9', '2017-07-24 03:07:05', NULL, '3', '2017-07-21', '0'),
('11', '30', '5', '9', '2017-07-24 03:08:45', NULL, '3', '2017-07-21', '0'),
('12', '13', '4', '9', '2017-07-24 03:08:45', NULL, '3', '2017-07-21', '0'),
('13', '10', '4', '9', '2017-07-24 03:08:45', NULL, '3', '2017-07-21', '0'),
('14', '30', '6', '9', '2017-07-24 03:10:03', NULL, '3', '2017-07-21', '0'),
('15', '13', '5', '9', '2017-07-24 03:10:04', NULL, '3', '2017-07-21', '0'),
('16', '10', '5', '9', '2017-07-24 03:10:04', NULL, '3', '2017-07-21', '0'),
('17', '30', '7', '9', '2017-07-24 03:13:54', NULL, '3', '2017-07-21', '0'),
('18', '13', '6', '9', '2017-07-24 05:21:47', NULL, '3', '2017-07-21', NULL),
('19', '10', '6', '9', '2017-07-24 05:21:47', NULL, '3', '2017-07-21', NULL),
('20', '30', '8', '9', '2017-07-24 03:20:27', NULL, '3', '2017-07-21', '0'),
('21', '13', '7', '9', '2017-07-24 03:20:27', NULL, '3', '2017-07-21', '0'),
('22', '10', '7', '9', '2017-07-24 03:20:27', NULL, '3', '2017-07-21', '0'),
('23', '30', '9', '9', '2017-07-24 03:25:58', NULL, '3', '2017-07-21', '0'),
('24', '13', '8', '9', '2017-07-24 03:25:58', NULL, '3', '2017-07-21', '0'),
('25', '10', '8', '9', '2017-07-24 03:25:58', NULL, '3', '2017-07-21', '0'),
('26', '30', '10', '9', '2017-07-24 03:27:12', NULL, '3', '2017-07-21', '0'),
('27', '13', '9', '9', '2017-07-24 03:27:12', NULL, '3', '2017-07-21', '0'),
('28', '10', '9', '9', '2017-07-24 03:27:12', NULL, '3', '2017-07-21', '0'),
('29', '30', '11', '9', '2017-07-24 03:28:18', NULL, '3', '2017-07-21', '0'),
('30', '13', '10', '9', '2017-07-24 03:28:18', NULL, '3', '2017-07-21', '0'),
('31', '10', '10', '9', '2017-07-24 03:28:18', NULL, '3', '2017-07-21', '0'),
('32', '30', '12', '9', '2017-07-24 03:30:00', NULL, '3', '2017-07-21', '0'),
('33', '13', '11', '9', '2017-07-24 03:30:00', NULL, '3', '2017-07-21', '0'),
('34', '10', '11', '9', '2017-07-24 03:30:00', NULL, '3', '2017-07-21', '0'),
('35', '30', '13', '9', '2017-07-24 03:32:01', NULL, '3', '2017-07-21', '0'),
('36', '13', '12', '9', '2017-07-24 03:32:02', NULL, '3', '2017-07-21', '0'),
('37', '10', '12', '9', '2017-07-24 03:32:02', NULL, '3', '2017-07-21', '0'),
('38', '30', '14', '9', '2017-07-24 03:33:32', NULL, '3', '2017-07-21', '0'),
('39', '13', '13', '9', '2017-07-24 03:33:32', NULL, '3', '2017-07-21', '0'),
('40', '10', '13', '9', '2017-07-24 03:33:32', NULL, '3', '2017-07-21', '0'),
('41', '30', '15', '9', '2017-07-24 03:38:42', NULL, '3', '2017-07-21', '0'),
('42', '13', '14', '9', '2017-07-24 03:38:42', NULL, '3', '2017-07-21', '0'),
('43', '10', '14', '9', '2017-07-24 03:38:42', NULL, '3', '2017-07-21', '0'),
('44', '30', '16', '9', '2017-07-24 03:43:02', NULL, '3', '2017-07-21', '0'),
('45', '13', '15', '9', '2017-07-24 03:43:02', NULL, '3', '2017-07-21', '0'),
('46', '10', '15', '9', '2017-07-24 03:43:02', NULL, '3', '2017-07-21', '0'),
('47', '30', '17', '9', '2017-07-24 03:47:07', NULL, '3', '2017-07-21', '0'),
('48', '13', '16', '9', '2017-07-24 03:47:07', NULL, '3', '2017-07-21', '0'),
('49', '10', '16', '9', '2017-07-24 03:47:07', NULL, '3', '2017-07-21', '0'),
('50', '30', '18', '9', '2017-07-24 03:50:19', NULL, '3', '2017-07-21', '0'),
('51', '13', '17', '9', '2017-07-24 03:50:19', NULL, '3', '2017-07-21', '0'),
('52', '10', '17', '9', '2017-07-24 03:50:19', NULL, '3', '2017-07-21', '0'),
('53', '30', '19', '9', '2017-07-24 03:54:07', NULL, '3', '2017-07-21', '0'),
('54', '13', '18', '9', '2017-07-24 03:54:07', NULL, '3', '2017-07-21', '0'),
('55', '10', '18', '9', '2017-07-24 03:54:07', NULL, '3', '2017-07-21', '0'),
('56', '30', '20', '9', '2017-07-24 03:57:19', NULL, '3', '2017-07-21', '0'),
('57', '13', '19', '9', '2017-07-24 03:57:19', NULL, '3', '2017-07-21', '0'),
('58', '10', '19', '9', '2017-07-24 03:57:19', NULL, '3', '2017-07-21', '0'),
('59', '30', '21', '9', '2017-07-24 04:27:51', NULL, '3', '2017-07-21', '0'),
('60', '13', '20', '9', '2017-07-24 04:27:51', NULL, '3', '2017-07-21', '0'),
('61', '10', '20', '9', '2017-07-24 04:27:51', NULL, '3', '2017-07-21', '0'),
('62', '30', '22', '9', '2017-07-24 04:31:08', NULL, '3', '2017-07-21', '0'),
('63', '13', '21', '9', '2017-07-24 04:31:08', NULL, '3', '2017-07-21', '0'),
('64', '10', '21', '9', '2017-07-24 04:31:08', NULL, '3', '2017-07-21', '0'),
('65', '30', '23', '9', '2017-07-24 04:33:42', NULL, '3', '2017-07-21', '0'),
('66', '13', '22', '9', '2017-07-24 04:33:42', NULL, '3', '2017-07-21', '0'),
('67', '10', '22', '9', '2017-07-24 04:33:42', NULL, '3', '2017-07-21', '0'),
('68', '30', '24', '9', '2017-07-24 04:35:25', NULL, '3', '2017-07-21', '0'),
('69', '13', '23', '9', '2017-07-24 04:35:26', NULL, '3', '2017-07-21', '0'),
('70', '10', '23', '9', '2017-07-24 04:35:26', NULL, '3', '2017-07-21', '0'),
('71', '30', '25', '9', '2017-07-24 04:55:09', NULL, '3', '2017-07-21', '0'),
('72', '13', '24', '9', '2017-07-24 04:55:09', NULL, '3', '2017-07-21', '0'),
('73', '10', '24', '9', '2017-07-24 04:55:09', NULL, '3', '2017-07-21', '0'),
('74', '30', '26', '9', '2017-07-24 04:57:41', NULL, '3', '2017-07-21', '0'),
('75', '13', '25', '9', '2017-07-24 04:57:41', NULL, '3', '2017-07-21', '0'),
('76', '10', '25', '9', '2017-07-24 04:57:41', NULL, '3', '2017-07-21', '0'),
('77', '30', '27', '9', '2017-07-24 04:59:21', NULL, '3', '2017-07-21', '0'),
('78', '13', '26', '9', '2017-07-24 04:59:21', NULL, '3', '2017-07-21', '0'),
('79', '10', '26', '9', '2017-07-24 04:59:21', NULL, '3', '2017-07-21', '0'),
('80', '30', '28', '9', '2017-07-24 05:02:11', NULL, '3', '2017-07-24', '0'),
('81', '13', '27', '9', '2017-07-24 05:02:11', NULL, '3', '2017-07-24', '0'),
('82', '10', '27', '9', '2017-07-25 04:56:25', NULL, '3', '2017-07-24', NULL),
('83', '30', '29', '9', '2017-07-24 05:06:29', NULL, '3', '2017-07-21', '0'),
('84', '13', '28', '9', '2017-07-24 05:06:29', NULL, '3', '2017-07-21', '0'),
('85', '10', '28', '9', '2017-07-24 05:06:29', NULL, '3', '2017-07-21', '0'),
('86', '30', '30', '9', '2017-07-24 05:09:19', NULL, '3', '2017-07-21', '0'),
('87', '13', '29', '9', '2017-07-24 05:09:19', NULL, '3', '2017-07-21', '0'),
('88', '10', '29', '9', '2017-07-24 05:09:19', NULL, '3', '2017-07-21', '0'),
('89', '13', '6', '9', '2017-07-24 05:21:47', 'Voided.', '3', '2017-07-24', '0'),
('90', '10', '6', '9', '2017-07-24 05:21:47', 'Voided.\nVIOD', '3', '2017-07-24', '0'),
('91', '30', '31', '9', '2017-07-24 05:22:42', NULL, '3', '2017-07-21', '0'),
('92', '13', '30', '9', '2017-07-24 05:22:42', NULL, '3', '2017-07-21', '0'),
('93', '10', '30', '9', '2017-07-24 05:22:42', NULL, '3', '2017-07-21', '0'),
('94', '11', '1', '9', '2017-07-24 06:02:32', NULL, '3', '2017-07-21', '0'),
('95', '11', '2', '9', '2017-07-24 09:59:22', NULL, '3', '2017-07-21', NULL),
('96', '11', '3', '9', '2017-07-24 06:10:48', NULL, '3', '2017-07-21', '0'),
('97', '11', '4', '9', '2017-07-24 06:15:29', NULL, '3', '2017-07-21', NULL),
('98', '11', '4', '9', '2017-07-24 06:15:29', 'Voided.\nVOID', '3', '2017-07-24', '0'),
('99', '11', '5', '9', '2017-07-24 09:58:41', NULL, '3', '2017-07-21', NULL),
('100', '11', '6', '9', '2017-07-24 09:20:21', NULL, '3', '2017-07-21', NULL),
('101', '11', '7', '9', '2017-07-24 07:41:28', NULL, '3', '2017-07-21', NULL),
('102', '42', '1', '9', '2017-07-24 07:06:51', NULL, '3', '2017-07-21', NULL),
('103', '42', '1', '9', '2017-07-24 07:06:51', NULL, '3', '2017-07-21', '0'),
('104', '30', '32', '9', '2017-07-24 07:10:59', NULL, '3', '2017-07-21', '0'),
('105', '13', '31', '9', '2017-07-24 07:10:59', NULL, '3', '2017-07-21', '0'),
('106', '10', '31', '9', '2017-07-24 07:10:59', NULL, '3', '2017-07-21', '0'),
('107', '41', '1', '9', '2017-07-24 07:15:15', NULL, '3', '2017-07-24', NULL),
('108', '41', '1', '9', '2017-07-24 08:39:49', NULL, '3', '2017-07-24', NULL),
('109', '42', '2', '9', '2017-07-24 07:17:26', NULL, '3', '2017-07-21', NULL),
('110', '42', '2', '9', '2017-07-24 07:17:26', NULL, '3', '2017-07-21', '0'),
('111', '11', '8', '9', '2017-07-24 07:25:57', NULL, '3', '2017-07-21', '0'),
('112', '42', '3', '9', '2017-07-24 07:27:08', NULL, '3', '2017-07-21', NULL),
('113', '42', '3', '9', '2017-07-24 07:27:08', NULL, '3', '2017-07-21', '0'),
('114', '42', '4', '9', '2017-07-24 07:30:25', NULL, '3', '2017-07-21', NULL),
('115', '42', '4', '9', '2017-07-24 07:30:25', NULL, '3', '2017-07-21', '0'),
('116', '42', '5', '9', '2017-07-24 07:31:57', NULL, '3', '2017-07-21', NULL),
('117', '42', '5', '9', '2017-07-24 07:31:57', NULL, '3', '2017-07-21', '0'),
('118', '41', '2', '9', '2017-07-24 07:32:40', NULL, '3', '2017-07-21', NULL),
('119', '41', '2', '9', '2017-07-24 08:39:40', NULL, '3', '2017-07-21', NULL),
('120', '11', '7', '9', '2017-07-24 07:41:28', 'Voided.\n', '3', '2017-07-24', '0'),
('121', '20', '1', '9', '2017-07-25 02:23:22', NULL, '3', '2017-07-21', NULL),
('122', '18', '1', '9', '2017-07-24 07:57:23', NULL, '3', '2017-07-21', '0'),
('123', '25', '1', '9', '2017-07-24 07:57:23', NULL, '3', '2017-07-21', '0'),
('124', '20', '2', '9', '2017-07-24 07:57:23', NULL, '3', '2017-07-21', '0'),
('125', '18', '2', '9', '2017-07-24 07:59:56', NULL, '3', '2017-07-21', '0'),
('126', '25', '2', '9', '2017-07-24 07:59:56', NULL, '3', '2017-07-21', '0'),
('127', '20', '3', '9', '2017-07-24 07:59:56', NULL, '3', '2017-07-21', '0'),
('128', '18', '3', '9', '2017-07-24 08:08:26', NULL, '3', '2017-07-21', '0'),
('129', '25', '3', '9', '2017-07-24 08:08:26', NULL, '3', '2017-07-21', '0'),
('130', '20', '4', '9', '2017-07-24 08:08:26', NULL, '3', '2017-07-21', '0'),
('131', '18', '4', '9', '2017-07-24 08:09:16', NULL, '3', '2017-07-21', '0'),
('132', '25', '4', '9', '2017-07-24 08:09:16', NULL, '3', '2017-07-21', '0'),
('133', '20', '5', '9', '2017-07-24 08:09:16', NULL, '3', '2017-07-21', '0'),
('134', '18', '5', '9', '2017-07-24 08:10:34', NULL, '3', '2017-07-21', '0'),
('135', '25', '5', '9', '2017-07-24 08:10:34', NULL, '3', '2017-07-21', '0'),
('136', '20', '6', '9', '2017-07-24 08:10:34', NULL, '3', '2017-07-21', '0'),
('137', '18', '6', '9', '2017-07-24 08:11:28', NULL, '3', '2017-07-21', '0'),
('138', '25', '6', '9', '2017-07-24 08:11:28', NULL, '3', '2017-07-21', '0'),
('139', '20', '7', '9', '2017-07-24 08:11:28', NULL, '3', '2017-07-21', '0'),
('140', '42', '6', '9', '2017-07-24 08:12:53', NULL, '3', '2017-07-21', NULL),
('141', '42', '6', '9', '2017-07-24 08:12:53', NULL, '3', '2017-07-21', '0'),
('142', '41', '3', '9', '2017-07-24 08:13:45', NULL, '3', '2017-07-21', NULL),
('143', '41', '3', '9', '2017-07-24 08:39:23', NULL, '3', '2017-07-21', NULL),
('144', '42', '7', '9', '2017-07-24 08:14:41', NULL, '3', '2017-07-21', NULL),
('145', '42', '7', '9', '2017-07-24 08:14:41', NULL, '3', '2017-07-21', '0'),
('146', '41', '4', '9', '2017-07-24 08:15:31', NULL, '3', '2017-07-21', NULL),
('147', '41', '4', '9', '2017-07-24 08:39:13', NULL, '3', '2017-07-21', NULL),
('148', '42', '8', '9', '2017-07-24 08:16:41', NULL, '3', '2017-07-21', NULL),
('149', '42', '8', '9', '2017-07-24 08:16:41', NULL, '3', '2017-07-21', '0'),
('150', '41', '5', '9', '2017-07-24 08:17:26', NULL, '3', '2017-07-21', NULL),
('151', '41', '5', '9', '2017-07-24 08:39:00', NULL, '3', '2017-07-21', NULL),
('152', '42', '9', '9', '2017-07-24 08:18:02', NULL, '3', '2017-07-21', NULL),
('153', '42', '9', '9', '2017-07-24 08:18:02', NULL, '3', '2017-07-21', '0'),
('154', '41', '6', '9', '2017-07-24 08:20:15', NULL, '3', '2017-07-21', NULL),
('155', '41', '6', '9', '2017-07-24 08:37:24', NULL, '3', '2017-07-21', NULL),
('156', '41', '6', '9', '2017-07-24 08:37:24', 'Voided.\n', '3', '2017-07-24', '0'),
('157', '41', '5', '9', '2017-07-24 08:39:00', 'Voided.\n', '3', '2017-07-24', '0'),
('158', '41', '4', '9', '2017-07-24 08:39:13', 'Voided.\n', '3', '2017-07-24', '0'),
('159', '41', '3', '9', '2017-07-24 08:39:23', 'Voided.\n', '3', '2017-07-24', '0'),
('160', '41', '2', '9', '2017-07-24 08:39:40', 'Voided.\n', '3', '2017-07-24', '0'),
('161', '41', '1', '9', '2017-07-24 08:39:49', 'Voided.\n', '3', '2017-07-24', '0'),
('162', '42', '10', '9', '2017-07-24 08:43:50', NULL, '3', '2017-07-21', NULL),
('163', '42', '10', '9', '2017-07-24 08:43:50', NULL, '3', '2017-07-21', '0'),
('164', '42', '11', '9', '2017-07-24 08:44:52', NULL, '3', '2017-07-21', NULL),
('165', '42', '11', '9', '2017-07-24 08:44:52', NULL, '3', '2017-07-21', '0'),
('166', '42', '12', '9', '2017-07-24 08:45:25', NULL, '3', '2017-07-21', NULL),
('167', '42', '12', '9', '2017-07-24 08:45:25', NULL, '3', '2017-07-21', '0'),
('168', '42', '13', '9', '2017-07-24 08:46:19', NULL, '3', '2017-07-21', NULL),
('169', '42', '13', '9', '2017-07-24 08:46:19', NULL, '3', '2017-07-21', '0'),
('170', '42', '14', '9', '2017-07-24 08:46:49', NULL, '3', '2017-07-21', NULL),
('171', '42', '14', '9', '2017-07-24 08:46:49', NULL, '3', '2017-07-21', '0'),
('172', '42', '15', '9', '2017-07-24 08:47:29', NULL, '3', '2017-07-21', NULL),
('173', '42', '15', '9', '2017-07-24 08:47:29', NULL, '3', '2017-07-21', '0'),
('174', '41', '7', '9', '2017-07-24 08:53:11', NULL, '3', '2017-07-21', NULL),
('175', '41', '7', '9', '2017-07-24 08:53:11', NULL, '3', '2017-07-21', '0'),
('176', '41', '8', '9', '2017-07-24 08:53:54', NULL, '3', '2017-07-21', NULL),
('177', '41', '8', '9', '2017-07-24 08:53:54', NULL, '3', '2017-07-21', '0'),
('178', '41', '9', '9', '2017-07-24 08:54:27', NULL, '3', '2017-07-21', NULL),
('179', '41', '9', '9', '2017-07-24 08:54:27', NULL, '3', '2017-07-21', '0'),
('180', '41', '10', '9', '2017-07-25 04:58:56', NULL, '3', '2017-07-24', NULL),
('181', '41', '11', '9', '2017-07-24 08:57:06', NULL, '3', '2017-07-21', '0'),
('182', '41', '12', '9', '2017-07-24 08:57:41', NULL, '3', '2017-07-21', '0'),
('183', '41', '13', '9', '2017-07-24 08:58:03', NULL, '3', '2017-07-21', '0'),
('184', '41', '14', '9', '2017-07-24 08:59:14', NULL, '3', '2017-07-21', NULL),
('185', '41', '14', '9', '2017-07-24 08:59:14', NULL, '3', '2017-07-21', '0'),
('186', '41', '15', '9', '2017-07-24 08:59:40', NULL, '3', '2017-07-21', '0'),
('187', '41', '16', '9', '2017-07-24 09:00:29', NULL, '3', '2017-07-21', '0'),
('188', '41', '17', '9', '2017-07-24 09:01:21', NULL, '3', '2017-07-21', NULL),
('189', '41', '17', '9', '2017-07-24 09:01:21', NULL, '3', '2017-07-21', '0'),
('190', '41', '18', '9', '2017-07-24 09:01:53', NULL, '3', '2017-07-21', NULL),
('191', '41', '18', '9', '2017-07-24 09:01:53', NULL, '3', '2017-07-21', '0'),
('192', '41', '19', '9', '2017-07-24 09:02:18', NULL, '3', '2017-07-21', NULL),
('193', '41', '19', '9', '2017-07-24 09:02:18', NULL, '3', '2017-07-21', '0'),
('194', '30', '33', '9', '2017-07-24 09:04:41', NULL, '3', '2017-07-21', '0'),
('195', '13', '32', '9', '2017-07-24 09:04:41', NULL, '3', '2017-07-21', '0'),
('196', '10', '32', '9', '2017-07-24 09:04:41', NULL, '3', '2017-07-21', '0'),
('197', '30', '34', '9', '2017-07-24 09:05:35', NULL, '3', '2017-07-24', '0'),
('198', '13', '33', '9', '2017-07-24 09:05:35', NULL, '3', '2017-07-24', '0'),
('199', '10', '33', '9', '2017-07-25 04:56:53', NULL, '3', '2017-07-24', NULL),
('200', '30', '35', '9', '2017-07-24 09:07:02', NULL, '3', '2017-07-24', '0'),
('201', '13', '34', '9', '2017-07-24 09:07:02', NULL, '3', '2017-07-24', '0'),
('202', '10', '34', '9', '2017-07-25 04:57:22', NULL, '3', '2017-07-24', NULL),
('203', '30', '36', '9', '2017-07-24 09:09:00', NULL, '3', '2017-07-21', '0'),
('204', '13', '35', '9', '2017-07-24 09:09:00', NULL, '3', '2017-07-21', '0'),
('205', '10', '35', '9', '2017-07-24 09:09:01', NULL, '3', '2017-07-21', '0'),
('206', '30', '37', '9', '2017-07-24 09:11:07', NULL, '3', '2017-07-21', '0'),
('207', '13', '36', '9', '2017-07-24 09:11:07', NULL, '3', '2017-07-21', '0'),
('208', '10', '36', '9', '2017-07-24 09:11:07', NULL, '3', '2017-07-21', '0'),
('209', '30', '38', '9', '2017-07-24 09:13:30', NULL, '3', '2017-07-21', '0'),
('210', '13', '37', '9', '2017-07-24 09:13:30', NULL, '3', '2017-07-21', '0'),
('211', '10', '37', '9', '2017-07-24 09:13:30', NULL, '3', '2017-07-21', '0'),
('212', '30', '39', '9', '2017-07-24 09:15:04', NULL, '3', '2017-07-24', '0'),
('213', '13', '38', '9', '2017-07-24 09:15:04', NULL, '3', '2017-07-24', '0'),
('214', '10', '38', '9', '2017-07-25 04:57:44', NULL, '3', '2017-07-24', NULL),
('215', '11', '6', '9', '2017-07-24 09:20:21', 'Voided.\n', '3', '2017-07-24', '0'),
('216', '20', '8', '9', '2017-07-24 09:26:28', NULL, '3', '2017-07-21', '0'),
('217', '41', '20', '9', '2017-07-24 09:29:23', NULL, '3', '2017-07-21', NULL),
('218', '41', '20', '9', '2017-07-24 09:29:23', NULL, '3', '2017-07-21', '0'),
('219', '11', '5', '9', '2017-07-24 09:58:41', 'Voided.\n', '3', '2017-07-24', '0'),
('220', '11', '2', '9', '2017-07-24 09:59:22', 'Voided.\n', '3', '2017-07-24', '0'),
('221', '20', '9', '9', '2017-07-24 10:22:38', NULL, '3', '2017-07-21', '0'),
('222', '30', '40', '9', '2017-07-24 10:42:58', NULL, '3', '2017-07-21', '0'),
('223', '13', '39', '9', '2017-07-24 10:42:58', NULL, '3', '2017-07-21', '0'),
('224', '10', '39', '9', '2017-07-24 10:42:58', NULL, '3', '2017-07-21', '0'),
('225', '30', '41', '9', '2017-07-24 10:44:59', NULL, '3', '2017-07-21', '0'),
('226', '13', '40', '9', '2017-07-24 10:44:59', NULL, '3', '2017-07-21', '0'),
('227', '10', '40', '9', '2017-07-24 10:44:59', NULL, '3', '2017-07-21', '0'),
('228', '30', '42', '7', '2017-07-24 11:37:23', NULL, '3', '2017-07-21', '0'),
('229', '13', '41', '7', '2017-07-24 11:37:23', NULL, '3', '2017-07-21', '0'),
('230', '10', '41', '7', '2017-07-24 11:37:23', NULL, '3', '2017-07-21', '0'),
('231', '20', '1', '11', '2017-07-25 02:23:22', 'Voided.\n', '3', '2017-07-25', '0'),
('232', '18', '7', '7', '2017-07-25 02:39:29', NULL, '3', '2017-07-21', '0'),
('233', '35', '1', '7', '2017-07-25 02:39:29', NULL, '3', '2017-07-21', '0'),
('234', '25', '7', '7', '2017-07-25 02:39:29', NULL, '3', '2017-07-21', '0'),
('235', '20', '10', '7', '2017-07-25 02:39:29', NULL, '3', '2017-07-21', '0'),
('236', '10', '2', '9', '2017-07-25 04:55:09', 'Updated.', '3', '2017-07-21', '0'),
('237', '10', '1', '9', '2017-07-25 04:55:51', 'Updated.', '3', '2017-07-21', '0'),
('238', '10', '27', '9', '2017-07-25 04:56:25', 'Updated.', '3', '2017-07-21', '0'),
('239', '10', '33', '9', '2017-07-25 04:56:53', 'Updated.', '3', '2017-07-21', '0'),
('240', '10', '34', '9', '2017-07-25 04:57:22', 'Updated.', '3', '2017-07-21', '0'),
('241', '10', '38', '9', '2017-07-25 04:57:44', 'Updated.', '3', '2017-07-21', '0'),
('242', '41', '21', '9', '2017-07-25 04:58:56', NULL, '3', '2017-07-14', '0'),
('243', '41', '10', '9', '2017-07-25 04:58:56', 'Voided.\nDocument reentered.', '3', '2017-07-25', '0'),
('244', '42', '16', '9', '2017-07-25 05:42:10', NULL, '3', '2017-07-22', NULL),
('245', '42', '16', '9', '2017-07-25 05:42:10', NULL, '3', '2017-07-22', '0'),
('246', '42', '17', '9', '2017-07-25 05:43:36', NULL, '3', '2017-07-22', NULL),
('247', '42', '17', '9', '2017-07-25 05:43:36', NULL, '3', '2017-07-22', '0'),
('248', '42', '18', '9', '2017-07-25 05:53:44', NULL, '3', '2017-07-22', NULL),
('249', '42', '18', '9', '2017-07-25 05:53:44', NULL, '3', '2017-07-22', '0'),
('250', '42', '19', '9', '2017-07-25 05:54:43', NULL, '3', '2017-07-22', NULL),
('251', '42', '19', '9', '2017-07-25 05:54:43', NULL, '3', '2017-07-22', '0'),
('252', '42', '20', '9', '2017-07-25 05:55:34', NULL, '3', '2017-07-22', NULL),
('253', '42', '20', '9', '2017-07-25 05:55:34', NULL, '3', '2017-07-22', '0'),
('254', '42', '21', '9', '2017-07-25 05:56:22', NULL, '3', '2017-07-22', NULL),
('255', '42', '21', '9', '2017-07-25 05:56:22', NULL, '3', '2017-07-22', '0'),
('256', '42', '22', '9', '2017-07-25 05:57:17', NULL, '3', '2017-07-22', NULL),
('257', '42', '22', '9', '2017-07-25 05:57:17', NULL, '3', '2017-07-22', '0'),
('258', '42', '23', '9', '2017-07-25 05:58:47', NULL, '3', '2017-07-22', NULL),
('259', '42', '23', '9', '2017-07-25 05:58:47', NULL, '3', '2017-07-22', '0'),
('262', '42', '24', '9', '2017-07-25 06:00:57', NULL, '3', '2017-07-22', NULL),
('263', '42', '24', '9', '2017-07-25 06:00:57', NULL, '3', '2017-07-22', '0'),
('264', '18', '8', '9', '2017-07-25 06:08:34', NULL, '3', '2017-07-22', '0'),
('265', '25', '8', '9', '2017-07-25 06:08:34', NULL, '3', '2017-07-22', '0'),
('266', '20', '11', '9', '2017-07-25 06:08:34', NULL, '3', '2017-07-22', '0'),
('267', '18', '9', '9', '2017-07-25 06:10:02', NULL, '3', '2017-07-22', '0'),
('268', '25', '9', '9', '2017-07-25 06:10:02', NULL, '3', '2017-07-22', '0'),
('269', '20', '12', '9', '2017-07-25 06:10:02', NULL, '3', '2017-07-22', '0'),
('270', '18', '10', '9', '2017-07-25 06:11:25', NULL, '3', '2017-07-22', '0'),
('271', '25', '10', '9', '2017-07-25 06:11:25', NULL, '3', '2017-07-22', '0'),
('272', '20', '13', '9', '2017-07-25 06:11:25', NULL, '3', '2017-07-22', '0'),
('273', '42', '25', '9', '2017-07-25 06:17:55', NULL, '3', '2017-07-22', NULL),
('274', '42', '25', '9', '2017-07-25 06:17:55', NULL, '3', '2017-07-22', '0'),
('275', '41', '22', '9', '2017-07-25 06:22:17', NULL, '3', '2017-07-22', NULL),
('276', '41', '22', '9', '2017-07-25 06:22:17', NULL, '3', '2017-07-22', '0'),
('277', '41', '23', '9', '2017-07-25 06:33:06', NULL, '3', '2017-07-22', NULL),
('278', '41', '23', '9', '2017-07-25 06:33:06', NULL, '3', '2017-07-22', '0'),
('279', '41', '24', '9', '2017-07-25 06:39:13', NULL, '3', '2017-07-22', NULL),
('280', '41', '24', '9', '2017-07-25 06:39:13', NULL, '3', '2017-07-22', '0'),
('281', '41', '25', '9', '2017-07-25 06:41:57', NULL, '3', '2017-07-22', NULL),
('282', '41', '25', '9', '2017-07-25 06:41:57', NULL, '3', '2017-07-22', '0'),
('283', '41', '26', '9', '2017-07-25 06:43:02', NULL, '3', '2017-07-22', NULL),
('284', '41', '26', '9', '2017-07-25 06:43:02', NULL, '3', '2017-07-22', '0'),
('285', '41', '27', '9', '2017-07-25 06:43:41', NULL, '3', '2017-07-22', NULL),
('286', '41', '27', '9', '2017-07-25 06:43:41', NULL, '3', '2017-07-22', '0'),
('287', '41', '28', '9', '2017-07-25 06:48:28', NULL, '3', '2017-07-22', NULL),
('288', '41', '28', '9', '2017-07-25 06:48:28', NULL, '3', '2017-07-22', '0'),
('299', '42', '26', '11', '2017-07-25 07:55:09', NULL, '3', '2017-07-22', NULL),
('300', '42', '26', '11', '2017-07-25 07:55:09', NULL, '3', '2017-07-22', '0'),
('305', '41', '29', '11', '2017-07-25 08:07:39', NULL, '3', '2017-07-22', NULL),
('306', '41', '29', '11', '2017-07-25 08:07:39', NULL, '3', '2017-07-22', '0'),
('307', '41', '30', '11', '2017-07-25 08:20:37', NULL, '3', '2017-07-22', NULL),
('308', '41', '30', '11', '2017-07-25 08:20:37', NULL, '3', '2017-07-22', '0'),
('309', '41', '31', '11', '2017-07-25 08:22:06', NULL, '3', '2017-07-22', NULL),
('310', '41', '31', '11', '2017-07-25 08:22:06', NULL, '3', '2017-07-22', '0');

### Structure of table `0_bank_accounts` ###

DROP TABLE IF EXISTS `0_bank_accounts`;

CREATE TABLE `0_bank_accounts` (
  `account_code` varchar(15) COLLATE utf8_unicode_ci NOT NULL DEFAULT '',
  `account_type` smallint(6) NOT NULL DEFAULT '0',
  `bank_account_name` varchar(60) COLLATE utf8_unicode_ci NOT NULL DEFAULT '',
  `bank_account_number` varchar(100) COLLATE utf8_unicode_ci NOT NULL DEFAULT '',
  `bank_name` varchar(60) COLLATE utf8_unicode_ci NOT NULL DEFAULT '',
  `bank_address` tinytext COLLATE utf8_unicode_ci,
  `bank_curr_code` char(3) COLLATE utf8_unicode_ci NOT NULL DEFAULT '',
  `dflt_curr_act` tinyint(1) NOT NULL DEFAULT '0',
  `id` smallint(6) NOT NULL AUTO_INCREMENT,
  `bank_charge_act` varchar(15) COLLATE utf8_unicode_ci NOT NULL DEFAULT '',
  `last_reconciled_date` timestamp NOT NULL DEFAULT '0000-00-00 00:00:00',
  `ending_reconcile_balance` double NOT NULL DEFAULT '0',
  `inactive` tinyint(1) NOT NULL DEFAULT '0',
  PRIMARY KEY (`id`),
  KEY `bank_account_name` (`bank_account_name`),
  KEY `bank_account_number` (`bank_account_number`),
  KEY `account_code` (`account_code`)
) ENGINE=InnoDB AUTO_INCREMENT=19 DEFAULT CHARSET=utf8 COLLATE=utf8_unicode_ci ;

### Data of table `0_bank_accounts` ###

INSERT INTO `0_bank_accounts` VALUES
('101001', '3', 'PETTY CASH', '', 'PETTY CASH', NULL, 'PKR', '0', '9', '601605', '0000-00-00 00:00:00', '0', '0'),
('101005', '3', 'PETTY CASH PXS', '', 'PETTY CASH PXS', NULL, 'PKR', '0', '10', '601605', '0000-00-00 00:00:00', '0', '0'),
('101900', '3', 'PETTY CASH UOF', '', 'PETTY CASH UOF', NULL, 'PKR', '0', '11', '601605', '0000-00-00 00:00:00', '0', '0'),
('101999', '3', 'UNDEPOSIT CASH COLLECTION', '', 'UNDEPOSIT CASH COLLECTION', NULL, 'PKR', '0', '12', '601605', '0000-00-00 00:00:00', '0', '0'),
('102001', '0', 'HMBL 148581', '', 'HMBL 148581', NULL, 'PKR', '0', '13', '601605', '0000-00-00 00:00:00', '0', '0'),
('102002', '0', 'HMBL 150251', '', 'HMBL 150251', NULL, 'PKR', '0', '14', '601605', '0000-00-00 00:00:00', '0', '0'),
('102003', '0', 'NIB 10350287', '', 'NIB 10350287', NULL, 'PKR', '0', '15', '601605', '0000-00-00 00:00:00', '0', '0'),
('102900', '0', 'KASB 001 UOF', '', 'KASB 001 UOF', NULL, 'PKR', '0', '16', '601605', '0000-00-00 00:00:00', '0', '0'),
('102905', '0', 'NIB 547 UOF', '', 'NIB 547 UOF', NULL, 'PKR', '0', '17', '601605', '0000-00-00 00:00:00', '0', '0'),
('102910', '0', 'MCB 068', '', 'MCB 068', NULL, 'PKR', '0', '18', '601605', '0000-00-00 00:00:00', '0', '0');

### Structure of table `0_bank_trans` ###

DROP TABLE IF EXISTS `0_bank_trans`;

CREATE TABLE `0_bank_trans` (
  `id` int(11) NOT NULL AUTO_INCREMENT,
  `type` smallint(6) DEFAULT NULL,
  `trans_no` int(11) DEFAULT NULL,
  `bank_act` varchar(15) COLLATE utf8_unicode_ci NOT NULL DEFAULT '',
  `ref` varchar(40) COLLATE utf8_unicode_ci DEFAULT NULL,
  `trans_date` date NOT NULL DEFAULT '0000-00-00',
  `amount` double DEFAULT NULL,
  `dimension_id` int(11) NOT NULL DEFAULT '0',
  `dimension2_id` int(11) NOT NULL DEFAULT '0',
  `person_type_id` int(11) NOT NULL DEFAULT '0',
  `person_id` tinyblob,
  `reconciled` date DEFAULT NULL,
  PRIMARY KEY (`id`),
  KEY `bank_act` (`bank_act`,`ref`),
  KEY `type` (`type`,`trans_no`),
  KEY `bank_act_2` (`bank_act`,`reconciled`),
  KEY `bank_act_3` (`bank_act`,`trans_date`)
) ENGINE=InnoDB AUTO_INCREMENT=66 DEFAULT CHARSET=utf8 COLLATE=utf8_unicode_ci ;

### Data of table `0_bank_trans` ###

INSERT INTO `0_bank_trans` VALUES
('1', '42', '1', '9', 'CRV001/2017', '2017-07-21', '75000', '0', '0', '2', '22', NULL),
('2', '41', '1', '9', 'CPV001/2017', '2017-07-24', '0', '0', '0', '2', '46', NULL),
('3', '42', '2', '9', 'CRV002/2017', '2017-07-21', '410000', '0', '0', '2', '31', NULL),
('4', '42', '3', '9', 'CRV003/2017', '2017-07-21', '800000', '0', '0', '2', '41', NULL),
('5', '42', '4', '9', 'CRV004/2017', '2017-07-21', '3300000', '0', '0', '2', '46', NULL),
('6', '42', '5', '9', 'CRV005/2017', '2017-07-21', '500000', '0', '0', '2', '9', NULL),
('7', '41', '2', '9', 'CPV002/2017', '2017-07-21', '0', '0', '0', '2', '16', NULL),
('8', '42', '6', '9', 'CRV006/2017', '2017-07-21', '245', '0', '0', '2', '40', NULL),
('9', '41', '3', '9', 'CPV003/2017', '2017-07-21', '0', '0', '0', '2', '40', NULL),
('10', '42', '7', '9', 'CRV007/2017', '2017-07-21', '4438', '0', '0', '2', '40', NULL),
('11', '41', '4', '9', 'CPV004/2017', '2017-07-21', '0', '0', '0', '2', '40', NULL),
('12', '42', '8', '9', 'CRV008/2017', '2017-07-21', '1150', '0', '0', '2', '40', NULL),
('13', '41', '5', '9', 'CPV005/2017', '2017-07-21', '0', '0', '0', '2', '40', NULL),
('14', '42', '9', '9', 'CRV009/2017', '2017-07-21', '4923', '0', '0', '2', '40', NULL),
('15', '41', '6', '9', 'CPV006/2017', '2017-07-21', '0', '0', '0', '2', '40', NULL),
('16', '42', '10', '9', 'CRV010/2017', '2017-07-21', '600000', '0', '0', '2', '16', NULL),
('17', '42', '11', '9', 'CRV011/2017', '2017-07-21', '7452', '0', '0', '2', '40', NULL),
('18', '42', '12', '9', 'CRV012/2017', '2017-07-21', '1600', '0', '0', '2', '40', NULL),
('19', '42', '13', '9', 'CRV013/2017', '2017-07-21', '200', '0', '0', '2', '40', NULL),
('20', '42', '14', '9', 'CRV014/2017', '2017-07-21', '2920', '0', '0', '2', '40', NULL),
('21', '42', '15', '9', 'CRV015/2017', '2017-07-21', '1110000', '0', '0', '2', '40', NULL),
('22', '41', '7', '9', 'CPV001/2017', '2017-07-21', '-75000', '0', '0', '2', '46', NULL),
('23', '41', '8', '9', 'CPV002/2017', '2017-07-21', '-410000', '0', '0', '2', '46', NULL),
('24', '41', '9', '9', 'CPV003/2017', '2017-07-21', '-800000', '0', '0', '2', '46', NULL),
('25', '41', '10', '9', 'CPV004/2017', '2017-07-24', '0', '0', '0', '0', '5186 ', NULL),
('26', '41', '11', '9', 'CPV005/2017', '2017-07-21', '-4438', '0', '0', '0', '7519', NULL),
('27', '41', '12', '9', 'CPV006/2017', '2017-07-21', '-200', '0', '0', '0', '7519', NULL),
('28', '41', '13', '9', 'CPV007/2017', '2017-07-21', '-1150', '0', '0', '0', '7519', NULL),
('29', '41', '14', '9', 'CPV008/2017', '2017-07-21', '-3300000', '0', '0', '3', '2', NULL),
('30', '41', '15', '9', 'CPV009/2017', '2017-07-21', '-2920', '0', '0', '0', '1830', NULL),
('31', '41', '16', '9', 'CPV010/2017', '2017-07-21', '-4923', '0', '0', '0', '1830', NULL),
('32', '41', '17', '9', 'CPV011/2017', '2017-07-21', '-1110000', '0', '0', '3', '2', NULL),
('33', '41', '18', '9', 'CPV012/2017', '2017-07-21', '-500000', '0', '0', '2', '46', NULL),
('34', '41', '19', '9', 'CPV013/2017', '2017-07-21', '-600000', '0', '0', '2', '46', NULL),
('35', '41', '20', '9', 'CPV014/2017', '2017-07-21', '-7697', '0', '0', '3', '6', NULL),
('36', '41', '21', '9', 'CPV004/2017', '2017-07-14', '-1600', '0', '0', '0', '5186 ', NULL),
('37', '42', '16', '9', 'CRV016/2017', '2017-07-22', '100000', '0', '0', '2', '10', NULL),
('38', '42', '17', '9', 'CRV017/2017', '2017-07-22', '3300', '0', '0', '2', '7', NULL),
('39', '42', '18', '9', 'CRV018/2017', '2017-07-22', '4336', '0', '0', '2', '49', NULL),
('40', '42', '19', '9', 'CRV019/2017', '2017-07-22', '105000', '0', '0', '2', '29', NULL),
('41', '42', '20', '9', 'CRV020/2017', '2017-07-22', '380000', '0', '0', '2', '4', NULL),
('42', '42', '21', '9', 'CRV021/2017', '2017-07-22', '415000', '0', '0', '2', '39', NULL),
('43', '42', '22', '9', 'CRV022/2017', '2017-07-22', '73000', '0', '0', '2', '22', NULL),
('44', '42', '23', '9', 'CRV023/2017', '2017-07-22', '79000', '0', '0', '2', '33', NULL),
('46', '42', '24', '9', 'CRV024/2017', '2017-07-22', '79000', '0', '0', '2', '5', NULL),
('47', '42', '25', '9', 'CRV025/2017', '2017-07-22', '471346', '0', '0', '2', '40', NULL),
('48', '41', '22', '9', 'CPV015/2017', '2017-07-22', '-8575', '0', '0', '3', '6', NULL),
('49', '41', '23', '9', 'CPV016/2017', '2017-07-22', '-2870', '0', '0', '3', '8', NULL),
('50', '41', '24', '9', 'CPV017/2017', '2017-07-22', '-4830', '0', '0', '3', '9', NULL),
('51', '41', '25', '9', 'CPV018/2017', '2017-07-22', '-6490', '0', '0', '3', '14', NULL),
('52', '41', '26', '9', 'CPV019/2017', '2017-07-22', '-7182', '0', '0', '3', '14', NULL),
('53', '41', '27', '9', 'CPV020/2017', '2017-07-22', '-3228', '0', '0', '3', '10', NULL),
('54', '41', '28', '9', 'CPV021/2017', '2017-07-22', '-73000', '0', '0', '2', '46', NULL),
('60', '42', '26', '9', 'CRV026/2017', '2017-07-22', '1640000', '0', '0', '2', '40', NULL),
('63', '41', '29', '9', 'CPV022/2017', '2017-07-22', '-1640000', '0', '0', '2', '46', NULL),
('64', '41', '30', '9', 'CPV023/2017', '2017-07-22', '-133026', '0', '0', '2', '46', NULL),
('65', '41', '31', '9', 'CPV024/2017', '2017-07-22', '-1350', '0', '0', '3', '9', NULL);

### Structure of table `0_bom` ###

DROP TABLE IF EXISTS `0_bom`;

CREATE TABLE `0_bom` (
  `id` int(11) NOT NULL AUTO_INCREMENT,
  `parent` char(20) COLLATE utf8_unicode_ci NOT NULL DEFAULT '',
  `component` char(20) COLLATE utf8_unicode_ci NOT NULL DEFAULT '',
  `workcentre_added` int(11) NOT NULL DEFAULT '0',
  `loc_code` char(5) COLLATE utf8_unicode_ci NOT NULL DEFAULT '',
  `quantity` double NOT NULL DEFAULT '1',
  PRIMARY KEY (`parent`,`component`,`workcentre_added`,`loc_code`),
  KEY `component` (`component`),
  KEY `id` (`id`),
  KEY `loc_code` (`loc_code`),
  KEY `parent` (`parent`,`loc_code`),
  KEY `workcentre_added` (`workcentre_added`)
) ENGINE=InnoDB DEFAULT CHARSET=utf8 COLLATE=utf8_unicode_ci ;

### Data of table `0_bom` ###


### Structure of table `0_budget_trans` ###

DROP TABLE IF EXISTS `0_budget_trans`;

CREATE TABLE `0_budget_trans` (
  `id` int(11) NOT NULL AUTO_INCREMENT,
  `tran_date` date NOT NULL DEFAULT '0000-00-00',
  `account` varchar(15) COLLATE utf8_unicode_ci NOT NULL DEFAULT '',
  `memo_` tinytext COLLATE utf8_unicode_ci NOT NULL,
  `amount` double NOT NULL DEFAULT '0',
  `dimension_id` int(11) DEFAULT '0',
  `dimension2_id` int(11) DEFAULT '0',
  PRIMARY KEY (`id`),
  KEY `Account` (`account`,`tran_date`,`dimension_id`,`dimension2_id`)
) ENGINE=InnoDB DEFAULT CHARSET=utf8 COLLATE=utf8_unicode_ci ;

### Data of table `0_budget_trans` ###


### Structure of table `0_chart_class` ###

DROP TABLE IF EXISTS `0_chart_class`;

CREATE TABLE `0_chart_class` (
  `cid` varchar(3) COLLATE utf8_unicode_ci NOT NULL,
  `class_name` varchar(60) COLLATE utf8_unicode_ci NOT NULL DEFAULT '',
  `ctype` tinyint(1) NOT NULL DEFAULT '0',
  `inactive` tinyint(1) NOT NULL DEFAULT '0',
  PRIMARY KEY (`cid`)
) ENGINE=InnoDB DEFAULT CHARSET=utf8 COLLATE=utf8_unicode_ci ;

### Data of table `0_chart_class` ###

INSERT INTO `0_chart_class` VALUES
('10', 'Assets', '1', '0'),
('20', 'Liabilities', '2', '0'),
('30', 'Capital', '3', '0'),
('40', 'Income', '4', '0'),
('50', 'Expenses', '6', '0');

### Structure of table `0_chart_master` ###

DROP TABLE IF EXISTS `0_chart_master`;

CREATE TABLE `0_chart_master` (
  `account_code` varchar(15) COLLATE utf8_unicode_ci NOT NULL DEFAULT '',
  `account_code2` varchar(15) COLLATE utf8_unicode_ci NOT NULL DEFAULT '',
  `account_name` varchar(60) COLLATE utf8_unicode_ci NOT NULL DEFAULT '',
  `account_type` varchar(10) COLLATE utf8_unicode_ci NOT NULL DEFAULT '0',
  `inactive` tinyint(1) NOT NULL DEFAULT '0',
  PRIMARY KEY (`account_code`),
  KEY `account_name` (`account_name`),
  KEY `accounts_by_type` (`account_type`,`account_code`)
) ENGINE=InnoDB DEFAULT CHARSET=utf8 COLLATE=utf8_unicode_ci ;

### Data of table `0_chart_master` ###

INSERT INTO `0_chart_master` VALUES
('10111', '', 'Cash in Hand', '1011', '0'),
('10122', '', 'Bank 2', '1012', '0'),
('10123', '10123', 'BANK W.TAX ', '1012', '0'),
('1013', '', 'Accounts Receivables', '101', '0'),
('1021', '', 'Inventory', '102', '0'),
('1023', '', 'Stocks of Work In Progress', '503', '1'),
('1031', '', 'Office Furniture and Equipment', '103', '0'),
('1033', '', 'Vehicle', '103', '0'),
('2011', '', 'Accounts Payable', '201', '0'),
('2013', '', 'GST Input', '101', '1'),
('2014', '', 'GST Output', '101', '1'),
('2021', '', 'Bank Loans', '202', '0'),
('2022', '', 'Loans from Shareholders', '202', '0'),
('3012', '3012.1', 'SHEAR CAPTAIL SHELL ', '301', '0'),
('3013', '3013', 'CH UMER FAROOQ (OB)', '101', '0'),
('3014', '3014', 'CH ZUBAIR (OB)', '101', '0'),
('3015', '3015', 'CH ZULFIQAR', '101', '0'),
('3021', '', 'Reserves and Surplus', '302', '0'),
('4011', '', 'Sales Revenue', '401', '0'),
('4021', '', 'Shipping and Handling', '402', '0'),
('4023', '', 'Foreign Exchange Gain', '101', '1'),
('4025', '', 'Discounts Given', '101', '1'),
('5011', '', 'Cost of Goods Sold - Retail', '501', '0'),
('5014', '', 'Purchase Price Variance', '101', '1'),
('5016', '', 'Discounts Received', '101', '1'),
('5017', '', 'Freight', '501', '0'),
('5030', '', 'Profit and Loss', '101', '1'),
('5036', '', 'Interest and Bank Charges', '101', '1'),
('5037', '5037', 'IFTATIKHAR SB', '101', '0');

### Structure of table `0_chart_types` ###

DROP TABLE IF EXISTS `0_chart_types`;

CREATE TABLE `0_chart_types` (
  `id` varchar(10) COLLATE utf8_unicode_ci NOT NULL,
  `name` varchar(60) COLLATE utf8_unicode_ci NOT NULL DEFAULT '',
  `class_id` varchar(3) COLLATE utf8_unicode_ci NOT NULL DEFAULT '',
  `parent` varchar(10) COLLATE utf8_unicode_ci NOT NULL DEFAULT '-1',
  `inactive` tinyint(1) NOT NULL DEFAULT '0',
  PRIMARY KEY (`id`),
  KEY `name` (`name`),
  KEY `class_id` (`class_id`)
) ENGINE=InnoDB DEFAULT CHARSET=utf8 COLLATE=utf8_unicode_ci ;

### Data of table `0_chart_types` ###

INSERT INTO `0_chart_types` VALUES
('101', 'Current Assets', '10', '', '0'),
('1011', 'Cash', '10', '101', '0'),
('1012', 'Bank', '10', '101', '0'),
('102', 'Inventory Assets', '10', '', '0'),
('103', 'Fixed Assets', '10', '', '0'),
('201', 'Current Liabilities', '20', '', '0'),
('202', 'Long Term Liabilities', '20', '', '0'),
('301', 'Share Capital', '30', '', '0'),
('302', 'Retained Earnings', '30', '', '0'),
('401', 'Sales Revenue', '40', '', '0'),
('402', 'Other Revenue', '40', '', '0'),
('501', 'Cost of Goods Sold', '50', '', '0'),
('502', 'Payroll Expenses', '50', '', '0'),
('503', 'General &amp; Administrative Expenses', '50', '', '0');

### Structure of table `0_comments` ###

DROP TABLE IF EXISTS `0_comments`;

CREATE TABLE `0_comments` (
  `type` int(11) NOT NULL DEFAULT '0',
  `id` int(11) NOT NULL DEFAULT '0',
  `date_` date DEFAULT '0000-00-00',
  `memo_` tinytext COLLATE utf8_unicode_ci,
  KEY `type_and_id` (`type`,`id`)
) ENGINE=InnoDB DEFAULT CHARSET=utf8 COLLATE=utf8_unicode_ci ;

### Data of table `0_comments` ###

INSERT INTO `0_comments` VALUES
('42', '3', '2017-07-21', 'SAHAHEEN MARKET'),
('35', '1', '2017-07-21', 'Cost was -684925 changed to -686800 for item &#039;10002&#039;');

### Structure of table `0_credit_status` ###

DROP TABLE IF EXISTS `0_credit_status`;

CREATE TABLE `0_credit_status` (
  `id` int(11) NOT NULL AUTO_INCREMENT,
  `reason_description` char(100) COLLATE utf8_unicode_ci NOT NULL DEFAULT '',
  `dissallow_invoices` tinyint(1) NOT NULL DEFAULT '0',
  `inactive` tinyint(1) NOT NULL DEFAULT '0',
  PRIMARY KEY (`id`),
  UNIQUE KEY `reason_description` (`reason_description`)
) ENGINE=InnoDB AUTO_INCREMENT=5 DEFAULT CHARSET=utf8 COLLATE=utf8_unicode_ci ;

### Data of table `0_credit_status` ###

INSERT INTO `0_credit_status` VALUES
('1', 'Good History', '0', '0'),
('3', 'No more work until payment received', '1', '0'),
('4', 'In liquidation', '1', '0');

### Structure of table `0_crm_categories` ###

DROP TABLE IF EXISTS `0_crm_categories`;

CREATE TABLE `0_crm_categories` (
  `id` int(11) NOT NULL AUTO_INCREMENT COMMENT 'pure technical key',
  `type` varchar(20) COLLATE utf8_unicode_ci NOT NULL COMMENT 'contact type e.g. customer',
  `action` varchar(20) COLLATE utf8_unicode_ci NOT NULL COMMENT 'detailed usage e.g. department',
  `name` varchar(30) COLLATE utf8_unicode_ci NOT NULL COMMENT 'for category selector',
  `description` tinytext COLLATE utf8_unicode_ci NOT NULL COMMENT 'usage description',
  `system` tinyint(1) NOT NULL DEFAULT '0' COMMENT 'nonzero for core system usage',
  `inactive` tinyint(1) NOT NULL DEFAULT '0',
  PRIMARY KEY (`id`),
  UNIQUE KEY `type` (`type`,`action`),
  UNIQUE KEY `type_2` (`type`,`name`)
) ENGINE=InnoDB AUTO_INCREMENT=13 DEFAULT CHARSET=utf8 COLLATE=utf8_unicode_ci ;

### Data of table `0_crm_categories` ###

INSERT INTO `0_crm_categories` VALUES
('1', 'cust_branch', 'general', 'General', 'General contact data for customer branch (overrides company setting)', '1', '0'),
('2', 'cust_branch', 'invoice', 'Invoices', 'Invoice posting (overrides company setting)', '1', '0'),
('3', 'cust_branch', 'order', 'Orders', 'Order confirmation (overrides company setting)', '1', '0'),
('4', 'cust_branch', 'delivery', 'Deliveries', 'Delivery coordination (overrides company setting)', '1', '0'),
('5', 'customer', 'general', 'General', 'General contact data for customer', '1', '0'),
('6', 'customer', 'order', 'Orders', 'Order confirmation', '1', '0'),
('7', 'customer', 'delivery', 'Deliveries', 'Delivery coordination', '1', '0'),
('8', 'customer', 'invoice', 'Invoices', 'Invoice posting', '1', '0'),
('9', 'supplier', 'general', 'General', 'General contact data for supplier', '1', '0'),
('10', 'supplier', 'order', 'Orders', 'Order confirmation', '1', '0'),
('11', 'supplier', 'delivery', 'Deliveries', 'Delivery coordination', '1', '0'),
('12', 'supplier', 'invoice', 'Invoices', 'Invoice posting', '1', '0');

### Structure of table `0_crm_contacts` ###

DROP TABLE IF EXISTS `0_crm_contacts`;

CREATE TABLE `0_crm_contacts` (
  `id` int(11) NOT NULL AUTO_INCREMENT,
  `person_id` int(11) NOT NULL DEFAULT '0' COMMENT 'foreign key to crm_contacts',
  `type` varchar(20) COLLATE utf8_unicode_ci NOT NULL COMMENT 'foreign key to crm_categories',
  `action` varchar(20) COLLATE utf8_unicode_ci NOT NULL COMMENT 'foreign key to crm_categories',
  `entity_id` varchar(11) COLLATE utf8_unicode_ci DEFAULT NULL COMMENT 'entity id in related class table',
  PRIMARY KEY (`id`),
  KEY `type` (`type`,`action`)
) ENGINE=InnoDB AUTO_INCREMENT=165 DEFAULT CHARSET=utf8 COLLATE=utf8_unicode_ci ;

### Data of table `0_crm_contacts` ###

INSERT INTO `0_crm_contacts` VALUES
('1', '1', 'supplier', 'general', '1'),
('2', '2', 'cust_branch', 'general', '1'),
('3', '2', 'customer', 'general', '1'),
('12', '8', 'customer', 'general', '4'),
('14', '10', 'cust_branch', 'general', '9'),
('16', '11', 'customer', 'general', '5'),
('17', '12', 'cust_branch', 'general', '11'),
('18', '13', 'cust_branch', 'general', '12'),
('19', '13', 'customer', 'general', '6'),
('21', '15', 'cust_branch', 'general', '14'),
('22', '15', 'customer', 'general', '7'),
('25', '17', 'customer', 'general', '8'),
('26', '18', 'cust_branch', 'general', '17'),
('28', '19', 'customer', 'general', '9'),
('29', '20', 'cust_branch', 'general', '19'),
('30', '21', 'cust_branch', 'general', '20'),
('31', '21', 'customer', 'general', '10'),
('34', '24', 'cust_branch', 'general', '23'),
('35', '24', 'customer', 'general', '11'),
('38', '26', 'customer', 'general', '12'),
('39', '27', 'cust_branch', 'general', '26'),
('40', '28', 'cust_branch', 'general', '27'),
('41', '28', 'customer', 'general', '13'),
('43', '30', 'cust_branch', 'general', '29'),
('44', '30', 'customer', 'general', '14'),
('46', '32', 'cust_branch', 'general', '31'),
('47', '32', 'customer', 'general', '15'),
('50', '34', 'customer', 'general', '16'),
('51', '35', 'cust_branch', 'general', '34'),
('53', '36', 'customer', 'general', '17'),
('54', '37', 'cust_branch', 'general', '36'),
('55', '38', 'cust_branch', 'general', '37'),
('56', '38', 'customer', 'general', '18'),
('58', '39', 'customer', 'general', '19'),
('59', '40', 'cust_branch', 'general', '39'),
('60', '41', 'cust_branch', 'general', '40'),
('61', '41', 'customer', 'general', '20'),
('63', '43', 'cust_branch', 'general', '42'),
('64', '43', 'customer', 'general', '21'),
('66', '45', 'cust_branch', 'general', '44'),
('67', '45', 'customer', 'general', '22'),
('69', '47', 'cust_branch', 'general', '46'),
('70', '47', 'customer', 'general', '23'),
('72', '49', 'cust_branch', 'general', '48'),
('73', '49', 'customer', 'general', '24'),
('75', '51', 'cust_branch', 'general', '50'),
('76', '51', 'customer', 'general', '25'),
('78', '53', 'cust_branch', 'general', '52'),
('79', '53', 'customer', 'general', '26'),
('81', '55', 'cust_branch', 'general', '54'),
('82', '55', 'customer', 'general', '27'),
('84', '57', 'cust_branch', 'general', '56'),
('85', '57', 'customer', 'general', '28'),
('87', '59', 'cust_branch', 'general', '58'),
('88', '59', 'customer', 'general', '29'),
('90', '61', 'cust_branch', 'general', '60'),
('91', '61', 'customer', 'general', '30'),
('93', '63', 'cust_branch', 'general', '62'),
('94', '63', 'customer', 'general', '31'),
('96', '65', 'cust_branch', 'general', '64'),
('97', '65', 'customer', 'general', '32'),
('99', '67', 'cust_branch', 'general', '66'),
('100', '67', 'customer', 'general', '33'),
('102', '69', 'cust_branch', 'general', '68'),
('103', '69', 'customer', 'general', '34'),
('105', '71', 'cust_branch', 'general', '70'),
('106', '71', 'customer', 'general', '35'),
('108', '73', 'cust_branch', 'general', '72'),
('109', '73', 'customer', 'general', '36'),
('111', '75', 'cust_branch', 'general', '74'),
('112', '75', 'customer', 'general', '37'),
('114', '77', 'cust_branch', 'general', '76'),
('115', '77', 'customer', 'general', '38'),
('117', '79', 'cust_branch', 'general', '78'),
('118', '79', 'customer', 'general', '39'),
('120', '81', 'cust_branch', 'general', '80'),
('121', '81', 'customer', 'general', '40'),
('123', '83', 'cust_branch', 'general', '82'),
('124', '83', 'customer', 'general', '41'),
('126', '85', 'cust_branch', 'general', '84'),
('127', '85', 'customer', 'general', '42'),
('129', '87', 'cust_branch', 'general', '86'),
('130', '87', 'customer', 'general', '43'),
('131', '88', 'cust_branch', 'general', '87'),
('133', '89', 'customer', 'general', '44'),
('134', '90', 'cust_branch', 'general', '89'),
('135', '91', 'cust_branch', 'general', '90'),
('136', '91', 'customer', 'general', '45'),
('138', '93', 'cust_branch', 'general', '92'),
('139', '93', 'customer', 'general', '46'),
('141', '95', 'supplier', 'general', '2'),
('142', '96', 'supplier', 'general', '3'),
('143', '97', 'supplier', 'general', '4'),
('144', '98', 'supplier', 'general', '5'),
('145', '99', 'supplier', 'general', '6'),
('146', '100', 'supplier', 'general', '7'),
('147', '101', 'cust_branch', 'general', '94'),
('148', '101', 'customer', 'general', '47'),
('151', '103', 'customer', 'general', '48'),
('152', '104', 'cust_branch', 'general', '97'),
('156', '108', 'cust_branch', 'general', '101'),
('157', '108', 'customer', 'general', '49'),
('158', '109', 'supplier', 'general', '8'),
('159', '110', 'supplier', 'general', '9'),
('160', '111', 'supplier', 'general', '10'),
('161', '112', 'supplier', 'general', '11'),
('162', '113', 'supplier', 'general', '12'),
('163', '114', 'supplier', 'general', '13'),
('164', '115', 'supplier', 'general', '14');

### Structure of table `0_crm_persons` ###

DROP TABLE IF EXISTS `0_crm_persons`;

CREATE TABLE `0_crm_persons` (
  `id` int(11) NOT NULL AUTO_INCREMENT,
  `ref` varchar(30) COLLATE utf8_unicode_ci NOT NULL,
  `name` varchar(60) COLLATE utf8_unicode_ci NOT NULL,
  `name2` varchar(60) COLLATE utf8_unicode_ci DEFAULT NULL,
  `address` tinytext COLLATE utf8_unicode_ci,
  `phone` varchar(30) COLLATE utf8_unicode_ci DEFAULT NULL,
  `phone2` varchar(30) COLLATE utf8_unicode_ci DEFAULT NULL,
  `fax` varchar(30) COLLATE utf8_unicode_ci DEFAULT NULL,
  `email` varchar(100) COLLATE utf8_unicode_ci DEFAULT NULL,
  `lang` char(5) COLLATE utf8_unicode_ci DEFAULT NULL,
  `notes` tinytext COLLATE utf8_unicode_ci NOT NULL,
  `inactive` tinyint(1) NOT NULL DEFAULT '0',
  PRIMARY KEY (`id`),
  KEY `ref` (`ref`)
) ENGINE=InnoDB AUTO_INCREMENT=116 DEFAULT CHARSET=utf8 COLLATE=utf8_unicode_ci ;

### Data of table `0_crm_persons` ###

INSERT INTO `0_crm_persons` VALUES
('1', 'Test Supplier', '', NULL, NULL, NULL, NULL, NULL, NULL, NULL, '', '0'),
('2', 'Test Customer', 'Test Customer', NULL, 'Vehari', NULL, NULL, NULL, NULL, NULL, '', '0'),
('3', 'HAFIZ PS', 'HAFIZ PETROLEUM SERVICE', NULL, '48 PULL VEHARI', NULL, NULL, NULL, NULL, NULL, '', '0'),
('4', '', '', NULL, NULL, NULL, NULL, NULL, NULL, NULL, '', '0'),
('5', 'Main Branch', 'Main Branch', NULL, '48 PULL VEHARI', NULL, NULL, NULL, NULL, NULL, '', '0'),
('6', 'Main Branch', 'Main Branch', NULL, '48 PULL VEHARI', NULL, NULL, NULL, NULL, NULL, '', '0'),
('7', 'Hafiz ps', 'HAFIZ P/S', NULL, '48 pull vehari', NULL, NULL, NULL, NULL, NULL, '', '0'),
('8', 'Nawab ps  jamlaira', 'NAWAB P/S', NULL, NULL, NULL, NULL, NULL, NULL, NULL, '', '0'),
('9', '', '', NULL, NULL, NULL, NULL, NULL, NULL, NULL, '', '0'),
('10', 'Main Branch', 'Main Branch', NULL, NULL, NULL, NULL, NULL, NULL, NULL, '', '0'),
('11', 'Altaf hussain', 'ALTAF  HUSSAIN AGNCY', NULL, 'Pull Garder Vehari ', NULL, NULL, NULL, NULL, NULL, '', '0'),
('12', '', '', NULL, NULL, NULL, NULL, NULL, NULL, NULL, '', '0'),
('13', 'Al Fateh  HOC', 'Al FATEH  P/S', NULL, NULL, NULL, NULL, NULL, NULL, NULL, '', '0'),
('14', '', '', NULL, NULL, NULL, NULL, NULL, NULL, NULL, '', '0'),
('15', 'Al Madina Kabirwla', 'AL MADINA  HOC', NULL, ' Chichawatni Road Ghaziabad', NULL, NULL, NULL, NULL, NULL, '', '0'),
('16', '', '', NULL, NULL, NULL, NULL, NULL, NULL, NULL, '', '0'),
('17', 'AL Barkat ghaziabad', 'Al BARKAT HOC', NULL, 'Chichawatni  Road Ghaziabad', NULL, NULL, NULL, NULL, NULL, '', '0'),
('18', '', '', NULL, NULL, NULL, NULL, NULL, NULL, NULL, '', '0'),
('19', 'Al hajj ps', 'Al HAJJ PS(HOC)', NULL, 'DAKOTA', NULL, NULL, NULL, NULL, NULL, '', '0'),
('20', '', '', NULL, NULL, NULL, NULL, NULL, NULL, NULL, '', '0'),
('21', 'Hafiz ps 48', 'HAFIZ PS', NULL, '48 Pull  Vehari', NULL, NULL, NULL, NULL, NULL, '', '0'),
('22', '', '', NULL, NULL, NULL, NULL, NULL, NULL, NULL, '', '0'),
('23', '', '', NULL, NULL, NULL, NULL, NULL, NULL, NULL, '', '0'),
('24', 'Hussan Sohail ', 'HUSSAN SOHAIL HOC', NULL, 'Pull bagarr', NULL, NULL, NULL, NULL, NULL, '', '0'),
('25', '', '', NULL, NULL, NULL, NULL, NULL, NULL, NULL, '', '0'),
('26', 'Deol brothers', 'DEOL Brothers (HOC)', NULL, '9 dhobian', NULL, NULL, NULL, NULL, NULL, '', '0'),
('27', '', '', NULL, NULL, NULL, NULL, NULL, NULL, NULL, '', '0'),
('28', 'Dubai p/s  Dhrnwla', 'DUBAI P/S', NULL, 'Dharanwla ', NULL, NULL, NULL, NULL, NULL, '', '0'),
('29', '', '', NULL, NULL, NULL, NULL, NULL, NULL, NULL, '', '0'),
('30', 'Rafiq Pakhimor ', 'RAFIQ Pakhimor  (Agncy)', NULL, 'Burewla Road Adda Pakhimor', NULL, NULL, NULL, NULL, NULL, '', '0'),
('31', '', '', NULL, NULL, NULL, NULL, NULL, NULL, NULL, '', '0'),
('32', 'Saleem p/s  sahoka', 'SALEEM P/S (HOC)', NULL, 'Sahooka  Burewala', NULL, NULL, NULL, NULL, NULL, '', '0'),
('33', '', '', NULL, NULL, NULL, NULL, NULL, NULL, NULL, '', '0'),
('34', 'Satlujj ps luddun', 'SATLUJJ P/S', NULL, 'Hasilpur  Road Luddun', NULL, NULL, NULL, NULL, NULL, '', '0'),
('35', '', '', NULL, NULL, NULL, NULL, NULL, NULL, NULL, '', '0'),
('36', 'City ps thengi', 'CITY P/S  (HOC)', NULL, 'Multan Road Adda Thengi', NULL, NULL, NULL, NULL, NULL, '', '0'),
('37', '', '', NULL, NULL, NULL, NULL, NULL, NULL, NULL, '', '0'),
('38', 'Sawera ps', 'Sawera P/S (HOC)', NULL, 'LAIQUAT PUR', NULL, NULL, NULL, NULL, NULL, '', '0'),
('39', 'Sarwer ps (50)', 'SARWAR P/S (HOC)', NULL, 'CHAK  # 50', NULL, NULL, NULL, NULL, NULL, '', '0'),
('40', '', '', NULL, NULL, NULL, NULL, NULL, NULL, NULL, '', '0'),
('41', 'Shell Pakistan', 'SHELL PAKISTAN', NULL, 'SHELL PAKISTAN LIMITED .', NULL, NULL, NULL, NULL, NULL, '', '0'),
('42', '', '', NULL, NULL, NULL, NULL, NULL, NULL, NULL, '', '0'),
('43', 'Shokat  Sehar PSO', 'SHOKAT SEHAR (PSO)', NULL, '27 bhatta  (sehran wla)', NULL, NULL, NULL, NULL, NULL, '', '0'),
('44', '', '', NULL, NULL, NULL, NULL, NULL, NULL, NULL, '', '0'),
('45', 'KAZIM SHAH', 'KAZIM SHAH', NULL, 'KAZIM SHAH', NULL, NULL, NULL, NULL, NULL, '', '0'),
('46', '', '', NULL, NULL, NULL, NULL, NULL, NULL, NULL, '', '0'),
('47', 'RANA AMJAD', 'RANA AMJAD', NULL, 'RANA AMJAD', NULL, NULL, NULL, NULL, NULL, '', '0'),
('48', '', '', NULL, NULL, NULL, NULL, NULL, NULL, NULL, '', '0'),
('49', 'BAGHAA  Hasilpur', 'BAGHAA  Hasilpur', NULL, '  Hasilpur City', NULL, NULL, NULL, NULL, NULL, '', '0'),
('50', '', '', NULL, NULL, NULL, NULL, NULL, NULL, NULL, '', '0'),
('51', 'Sharaft Bhatti', 'Sharaft Bhatti', NULL, 'Sharaft Bhatti', NULL, NULL, NULL, NULL, NULL, '', '0'),
('52', '', '', NULL, NULL, NULL, NULL, NULL, NULL, NULL, '', '0'),
('53', 'TAHIR IQBAL', 'TAHIR IQBAL', NULL, NULL, NULL, NULL, NULL, NULL, NULL, '', '0'),
('54', '', '', NULL, NULL, NULL, NULL, NULL, NULL, NULL, '', '0'),
('55', 'ARBAIEN P/S', 'ARBAIEN P/S', NULL, 'BHAWALPUR', NULL, NULL, NULL, NULL, NULL, '', '0'),
('56', '', '', NULL, 'BHAWALPUR', NULL, NULL, NULL, NULL, NULL, '', '0'),
('57', 'IBAD UR REHMAN', 'IBAD UR REHMAN', NULL, 'MANA  MOR  BUREWLA', NULL, NULL, NULL, NULL, NULL, '', '0'),
('58', '', '', NULL, NULL, NULL, NULL, NULL, NULL, NULL, '', '0'),
('59', 'ABDUL JIBBAR', 'ABDUL JIBBAR', NULL, 'Shalli gharbi Hasilpur', NULL, NULL, NULL, NULL, NULL, '', '0'),
('60', '', '', NULL, NULL, NULL, NULL, NULL, NULL, NULL, '', '0'),
('61', 'ABDUL LATIF (KALASRA)', 'ABDUL LATIF (KALASRA)', NULL, 'QASBA GUJRAT ', NULL, NULL, NULL, NULL, NULL, '', '0'),
('62', '', '', NULL, NULL, NULL, NULL, NULL, NULL, NULL, '', '0'),
('63', 'IRFAN (BHAWALNAGER)', 'IRFAN (BHAWALNAGER)', NULL, 'BHAWALNAGER', NULL, NULL, NULL, NULL, NULL, '', '0'),
('64', '', '', NULL, NULL, NULL, NULL, NULL, NULL, NULL, '', '0'),
('65', 'GHULAM YASEEN(BAGH ARAIAN)', 'GHULAM YASEEN(BAGH ARAIAN)', NULL, '(BAGH ARAIAN)', NULL, NULL, NULL, NULL, NULL, '', '0'),
('66', '', '', NULL, NULL, NULL, NULL, NULL, NULL, NULL, '', '0'),
('67', 'FAZAL KHAN', 'FAZAL KHAN ', NULL, 'SADDIQ ABAD', NULL, NULL, NULL, NULL, NULL, '', '0'),
('68', '', '', NULL, NULL, NULL, NULL, NULL, NULL, NULL, '', '0'),
('69', 'QARI P/S', 'QARI P/S', NULL, 'JALAL PUR', NULL, NULL, NULL, NULL, NULL, '', '0'),
('70', '', '', NULL, NULL, NULL, NULL, NULL, NULL, NULL, '', '0'),
('71', 'MAKHAN P/S', 'MAKHAN P/S ', NULL, 'ADDA QUATER', NULL, NULL, NULL, NULL, NULL, '', '0'),
('72', '', '', NULL, NULL, NULL, NULL, NULL, NULL, NULL, '', '0'),
('73', 'NAWAB KHAN ', 'NAWAB KHAN ', NULL, 'PULL GARDER', NULL, NULL, NULL, NULL, NULL, '', '0'),
('74', '', '', NULL, NULL, NULL, NULL, NULL, NULL, NULL, '', '0'),
('75', 'NABEEL AKBER', 'NABEEL AKBER', NULL, '37 PHATAK', NULL, NULL, NULL, NULL, NULL, '', '0'),
('76', '', '', NULL, NULL, NULL, NULL, NULL, NULL, NULL, '', '0'),
('77', 'NAWAB SONS', 'NAWAB SONS', NULL, 'MIAN CHANNU  ROAD  35 MOR', NULL, NULL, NULL, NULL, NULL, '', '0'),
('78', '', '', NULL, NULL, NULL, NULL, NULL, NULL, NULL, '', '0'),
('79', 'WATOO P/S', 'WATOO P/S', NULL, 'JAMLAIRA ROAD MANA MOR ', NULL, NULL, NULL, NULL, NULL, '', '0'),
('80', '', '', NULL, NULL, NULL, NULL, NULL, NULL, NULL, '', '0'),
('81', 'VEHARI P/S', 'VEHARI P/S', NULL, 'VEHARI P/S BUREWLA ROAD', NULL, NULL, NULL, NULL, NULL, '', '0'),
('82', '', '', NULL, NULL, NULL, NULL, NULL, NULL, NULL, '', '0'),
('83', 'FRIENDS P/S', 'FRIENDS P/S (Khanewal)', NULL, '(Khanewal)', NULL, NULL, NULL, NULL, NULL, '', '0'),
('84', '', '', NULL, NULL, NULL, NULL, NULL, NULL, NULL, '', '0'),
('85', 'NADIR P/S ', 'NADIR P/S ', NULL, 'MIAN CHANNU ROAD CHAK 55', NULL, NULL, NULL, NULL, NULL, '', '0'),
('86', '', '', NULL, NULL, NULL, NULL, NULL, NULL, NULL, '', '0'),
('87', 'HAROON ABAD', 'HAROON ABAD', NULL, 'HAROON ABAD', NULL, NULL, NULL, NULL, NULL, '', '0'),
('88', '', '', NULL, NULL, NULL, NULL, NULL, NULL, NULL, '', '0'),
('89', 'SPL Ltd', 'SHELL PAKISTAN LIMITED', NULL, 'SHELL  PAKISTAN', NULL, NULL, NULL, NULL, NULL, '', '0'),
('90', '', '', NULL, NULL, NULL, NULL, NULL, NULL, NULL, '', '0'),
('91', 'HOC', 'HORIZON OIL COMPANY', NULL, 'HORIZON OIL COMPANY  VEHARI ', NULL, NULL, NULL, NULL, NULL, '', '0'),
('92', '', '', NULL, NULL, NULL, NULL, NULL, NULL, NULL, '', '0'),
('93', 'ZAMINDARA OIL CO', 'ZAMINDARA OIL CO', NULL, 'SHAHEEN MARKET VEHARI', NULL, NULL, NULL, NULL, NULL, '', '0'),
('94', '', '', NULL, NULL, NULL, NULL, NULL, NULL, NULL, '', '0'),
('95', 'HOC', '', NULL, NULL, NULL, NULL, NULL, NULL, NULL, '', '0'),
('96', 'HASCOL SAIF U ALLAH', '', NULL, NULL, NULL, NULL, NULL, NULL, NULL, '', '0'),
('97', 'BAKRI TRADING', '', NULL, NULL, NULL, NULL, NULL, NULL, NULL, '', '0'),
('98', 'MUNIR CARRIAGE', '', NULL, NULL, NULL, NULL, NULL, NULL, NULL, '', '0'),
('99', 'SHELL PAKISTAN LTD', '', NULL, NULL, NULL, NULL, NULL, NULL, NULL, '', '0'),
('100', 'HAROON ABAD SHELL', '', NULL, NULL, NULL, NULL, NULL, NULL, NULL, '', '0'),
('101', 'FOJI OIL (KHANPUR)', 'FOJI OIL (KHANPUR)', NULL, ' (KHANPUR)', NULL, NULL, NULL, NULL, NULL, '', '0'),
('102', '', '', NULL, NULL, NULL, NULL, NULL, NULL, NULL, '', '0'),
('103', 'LALAN WALA PS', 'LALAN WALA PS', NULL, 'BUREWALA', NULL, NULL, NULL, NULL, NULL, '', '0'),
('104', '', '', NULL, NULL, NULL, NULL, NULL, NULL, NULL, '', '0'),
('105', '', '', NULL, NULL, NULL, NULL, NULL, NULL, NULL, '', '0'),
('106', '', '', NULL, NULL, NULL, NULL, NULL, NULL, NULL, '', '0'),
('107', '', '', NULL, NULL, NULL, NULL, NULL, NULL, 'C', '', '0'),
('108', 'NUMAN P/S', 'NUMAN P/S', NULL, 'GHARA MOR VEHARI', NULL, NULL, NULL, NULL, NULL, '', '0'),
('109', 'SA 2055', '', NULL, NULL, NULL, NULL, NULL, NULL, NULL, '', '0'),
('110', 'SWA 138', '', NULL, NULL, NULL, NULL, NULL, NULL, NULL, '', '0'),
('111', 'LSA 7519', '', NULL, NULL, NULL, NULL, NULL, NULL, NULL, '', '0'),
('112', 'TTD 397', '', NULL, NULL, NULL, NULL, NULL, NULL, NULL, '', '0'),
('113', 'MNQ 5186', '', NULL, NULL, NULL, NULL, NULL, NULL, NULL, '', '0'),
('114', 'GA 1830', '', NULL, NULL, NULL, NULL, NULL, NULL, NULL, '', '0'),
('115', 'LS 4155', '', NULL, NULL, NULL, NULL, NULL, NULL, NULL, '', '0');

### Structure of table `0_currencies` ###

DROP TABLE IF EXISTS `0_currencies`;

CREATE TABLE `0_currencies` (
  `currency` varchar(60) COLLATE utf8_unicode_ci NOT NULL DEFAULT '',
  `curr_abrev` char(3) COLLATE utf8_unicode_ci NOT NULL DEFAULT '',
  `curr_symbol` varchar(10) COLLATE utf8_unicode_ci NOT NULL DEFAULT '',
  `country` varchar(100) COLLATE utf8_unicode_ci NOT NULL DEFAULT '',
  `hundreds_name` varchar(15) COLLATE utf8_unicode_ci NOT NULL DEFAULT '',
  `auto_update` tinyint(1) NOT NULL DEFAULT '1',
  `inactive` tinyint(1) NOT NULL DEFAULT '0',
  PRIMARY KEY (`curr_abrev`)
) ENGINE=InnoDB DEFAULT CHARSET=utf8 COLLATE=utf8_unicode_ci ;

### Data of table `0_currencies` ###

INSERT INTO `0_currencies` VALUES
('Pakistani Rupee', 'PKR', 'Rs.', 'Pakistan', 'Paisa', '0', '0'),
('US Dollars', 'USD', '$', 'United States', 'Cents', '0', '0');

### Structure of table `0_cust_allocations` ###

DROP TABLE IF EXISTS `0_cust_allocations`;

CREATE TABLE `0_cust_allocations` (
  `id` int(11) NOT NULL AUTO_INCREMENT,
  `person_id` int(11) DEFAULT NULL,
  `amt` double unsigned DEFAULT NULL,
  `date_alloc` date NOT NULL DEFAULT '0000-00-00',
  `trans_no_from` int(11) DEFAULT NULL,
  `trans_type_from` int(11) DEFAULT NULL,
  `trans_no_to` int(11) DEFAULT NULL,
  `trans_type_to` int(11) DEFAULT NULL,
  PRIMARY KEY (`id`),
  UNIQUE KEY `trans_type_from` (`person_id`,`trans_type_from`,`trans_no_from`,`trans_type_to`,`trans_no_to`),
  KEY `From` (`trans_type_from`,`trans_no_from`),
  KEY `To` (`trans_type_to`,`trans_no_to`)
) ENGINE=InnoDB DEFAULT CHARSET=utf8 COLLATE=utf8_unicode_ci ;

### Data of table `0_cust_allocations` ###


### Structure of table `0_cust_branch` ###

DROP TABLE IF EXISTS `0_cust_branch`;

CREATE TABLE `0_cust_branch` (
  `branch_code` int(11) NOT NULL AUTO_INCREMENT,
  `debtor_no` int(11) NOT NULL DEFAULT '0',
  `br_name` varchar(60) COLLATE utf8_unicode_ci NOT NULL DEFAULT '',
  `branch_ref` varchar(30) COLLATE utf8_unicode_ci NOT NULL DEFAULT '',
  `br_address` tinytext COLLATE utf8_unicode_ci NOT NULL,
  `area` int(11) DEFAULT NULL,
  `salesman` int(11) NOT NULL DEFAULT '0',
  `default_location` varchar(5) COLLATE utf8_unicode_ci NOT NULL DEFAULT '',
  `tax_group_id` int(11) DEFAULT NULL,
  `sales_account` varchar(15) COLLATE utf8_unicode_ci NOT NULL DEFAULT '',
  `sales_discount_account` varchar(15) COLLATE utf8_unicode_ci NOT NULL DEFAULT '',
  `receivables_account` varchar(15) COLLATE utf8_unicode_ci NOT NULL DEFAULT '',
  `payment_discount_account` varchar(15) COLLATE utf8_unicode_ci NOT NULL DEFAULT '',
  `default_ship_via` int(11) NOT NULL DEFAULT '1',
  `br_post_address` tinytext COLLATE utf8_unicode_ci NOT NULL,
  `group_no` int(11) NOT NULL DEFAULT '0',
  `notes` tinytext COLLATE utf8_unicode_ci NOT NULL,
  `bank_account` varchar(60) COLLATE utf8_unicode_ci DEFAULT NULL,
  `inactive` tinyint(1) NOT NULL DEFAULT '0',
  PRIMARY KEY (`branch_code`,`debtor_no`),
  KEY `branch_ref` (`branch_ref`),
  KEY `group_no` (`group_no`)
) ENGINE=InnoDB AUTO_INCREMENT=102 DEFAULT CHARSET=utf8 COLLATE=utf8_unicode_ci ;

### Data of table `0_cust_branch` ###

INSERT INTO `0_cust_branch` VALUES
('1', '1', 'Test Customer', 'Test Customer', 'Vehari', '1', '1', 'DEF', '1', '', '4025', '1013', '4025', '1', 'Vehari', '0', '', NULL, '0'),
('9', '4', 'NAWAB P/S', 'Nawab   jamlaira', '', '1', '1', '20001', '1', '', '4025', '1013', '4025', '1', '', '0', '', NULL, '0'),
('11', '5', 'Altaf  Hussain', 'altaf agency ', '', '1', '1', '20001', '1', '', '4025', '1013', '4025', '1', '', '0', '', NULL, '0'),
('12', '6', 'Al FATEH  P/S', 'Al Fateh  HOC', '', '1', '1', '20001', '1', '', '4025', '1013', '4025', '1', '', '0', '', NULL, '0'),
('14', '7', 'AL MADINA  HOC', 'Al Madina Kabirwla', ' Chichawatni Road Ghaziabad', '1', '1', '20001', '1', '', '4025', '1013', '4025', '1', ' Chichawatni Road Ghaziabad', '0', '', NULL, '0'),
('17', '8', 'Al Barkat  HOC', 'Al barkat  ghzibd', '', '1', '1', '20001', '1', '', '4025', '1013', '4025', '1', '', '0', '', NULL, '0'),
('19', '9', 'Al Hajj ps HOC', 'Al HAJJ  DAKOTA', '', '1', '1', '20001', '1', '', '4025', '1013', '4025', '1', '', '0', '', NULL, '0'),
('20', '10', 'HAFIZ PS', 'Hafiz ps 48', '48 Pull  Vehari', '1', '1', '20001', '1', '', '4025', '1013', '4025', '1', '48 Pull  Vehari', '0', '', NULL, '0'),
('23', '11', 'HUSSAN SOHAIL HOC', 'Hussan Sohail ', 'Pull bagarr', '1', '1', '20001', '2', '', '4025', '1013', '4025', '1', 'Pull bagarr', '0', '', NULL, '0'),
('26', '12', 'DEOL BROTHERS', 'Deol Bros (HOC)', '', '1', '1', '20001', '2', '', '4025', '1013', '4025', '1', '', '0', '', NULL, '0'),
('27', '13', 'DUBAI P/S', 'Dubai p/s  Dhrnwla', 'Dharanwla ', '1', '1', '20001', '2', '', '4025', '1013', '4025', '1', 'Dharanwla ', '0', '', NULL, '0'),
('29', '14', 'RAFIQ Pakhimor  (Agncy)', 'Rafiq Pakhimor ', 'Burewla Road Adda Pakhimor', '1', '1', '20001', '2', '', '4025', '1013', '4025', '1', 'Burewla Road Adda Pakhimor', '0', '', NULL, '0'),
('31', '15', 'SALEEM P/S (HOC)', 'Saleem p/s  sahoka', 'Sahooka  Burewala', '1', '1', '20001', '2', '', '4025', '1013', '4025', '1', 'Sahooka  Burewala', '0', '', NULL, '0'),
('34', '16', 'Satlujj p/s luddun', 'satlujj ps ', '', '1', '1', '20001', '2', '', '4025', '1013', '4025', '1', '', '0', '', NULL, '0'),
('36', '17', 'CITY P/S  (HOC)', 'City p/s  thengi', '', '1', '1', '20001', '2', '', '4025', '1013', '4025', '1', '', '0', '', NULL, '0'),
('37', '18', 'Sawera P/S (HOC)', 'Sawera ps', 'LAIQUAT PUR', '1', '1', '20001', '2', '', '4025', '1013', '4025', '1', 'LAIQUAT PUR', '0', '', NULL, '0'),
('39', '19', 'SARWAR PS ', 'SARWAR P/S 50', '', '1', '1', '20001', '2', '', '4025', '1013', '4025', '1', '', '0', '', NULL, '0'),
('40', '20', 'SHELL PAKISTAN', 'Shell Pakistan', 'SHELL PAKISTAN LIMITED .', '1', '1', '20001', '2', '', '4025', '1013', '4025', '1', 'SHELL PAKISTAN LIMITED .', '0', '', NULL, '0'),
('42', '21', 'SHOKAT SEHAR (PSO)', 'Shokat  Sehar PSO', '27 bhatta  (sehran wla)', '1', '1', '20001', '2', '', '4025', '1013', '4025', '1', '27 bhatta  (sehran wla)', '0', '', NULL, '0'),
('44', '22', 'KAZIM SHAH', 'KAZIM SHAH', 'KAZIM SHAH', '1', '1', '20001', '2', '', '4025', '1013', '4025', '1', 'KAZIM SHAH', '0', '', NULL, '0'),
('46', '23', 'RANA AMJAD', 'RANA AMJAD', 'RANA AMJAD', '1', '1', '20001', '2', '', '4025', '1013', '4025', '1', 'RANA AMJAD', '0', '', NULL, '0'),
('48', '24', 'BAGHAA  Hasilpur', 'BAGHAA  Hasilpur', '  Hasilpur City', '1', '1', '20001', '2', '', '4025', '1013', '4025', '1', '  Hasilpur City', '0', '', NULL, '0'),
('50', '25', 'Sharaft Bhatti', 'Sharaft Bhatti', 'Sharaft Bhatti', '1', '1', '20001', '2', '', '4025', '1013', '4025', '1', 'Sharaft Bhatti', '0', '', NULL, '0'),
('52', '26', 'TAHIR IQBAL', 'TAHIR IQBAL', '', '1', '1', '20001', '2', '', '4025', '1013', '4025', '1', '', '0', '', NULL, '0'),
('54', '27', 'ARBAIEN P/S', 'ARBAIEN P/S', 'BHAWALPUR', '1', '1', '20001', '2', '', '4025', '1013', '4025', '1', 'BHAWALPUR', '0', '', NULL, '0'),
('56', '28', 'IBAD UR REHMAN', 'IBAD UR REHMAN', 'MANA  MOR  BUREWLA', '1', '1', '20001', '2', '', '4025', '1013', '4025', '1', 'MANA  MOR  BUREWLA', '0', '', NULL, '0'),
('58', '29', 'ABDUL JIBBAR', 'ABDUL JIBBAR', 'Shalli gharbi Hasilpur', '1', '1', '20001', '2', '', '4025', '1013', '4025', '1', 'Shalli gharbi Hasilpur', '0', '', NULL, '0'),
('60', '30', 'ABDUL LATIF (KALASRA)', 'ABDUL LATIF (KALASRA)', 'QASBA GUJRAT ', '1', '1', '20001', '2', '', '4025', '1013', '4025', '1', 'QASBA GUJRAT ', '0', '', NULL, '0'),
('62', '31', 'IRFAN (BHAWALNAGER)', 'IRFAN (BHAWALNAGER)', 'BHAWALNAGER', '1', '1', '20001', '2', '', '4025', '1013', '4025', '1', 'BHAWALNAGER', '0', '', NULL, '0'),
('64', '32', 'GHULAM YASEEN(BAGH ARAIAN)', 'GHULAM YASEEN(BAGH ARAIAN)', '(BAGH ARAIAN)', '1', '1', '20001', '2', '', '4025', '1013', '4025', '1', '(BAGH ARAIAN)', '0', '', NULL, '0'),
('66', '33', 'FAZAL KHAN ', 'FAZAL KHAN', 'SADDIQ ABAD', '1', '1', '20001', '2', '', '4025', '1013', '4025', '1', 'SADDIQ ABAD', '0', '', NULL, '0'),
('68', '34', 'QARI P/S', 'QARI P/S', 'JALAL PUR', '1', '1', '20001', '2', '', '4025', '1013', '4025', '1', 'JALAL PUR', '0', '', NULL, '0'),
('70', '35', 'MAKHAN P/S ', 'MAKHAN P/S', 'ADDA QUATER', '1', '1', '20001', '2', '', '4025', '1013', '4025', '1', 'ADDA QUATER', '0', '', NULL, '0'),
('72', '36', 'NAWAB KHAN ', 'NAWAB KHAN ', 'PULL GARDER', '1', '1', '20001', '2', '', '4025', '1013', '4025', '1', 'PULL GARDER', '0', '', NULL, '0'),
('74', '37', 'NABEEL AKBER', 'NABEEL AKBER', '37 PHATAK', '1', '1', '20001', '2', '', '4025', '1013', '4025', '1', '37 PHATAK', '0', '', NULL, '0'),
('76', '38', 'NAWAB SONS', 'NAWAB SONS', 'MIAN CHANNU  ROAD  35 MOR', '1', '1', '20001', '2', '', '4025', '1013', '4025', '1', 'MIAN CHANNU  ROAD  35 MOR', '0', '', NULL, '0'),
('78', '39', 'WATOO P/S', 'WATOO P/S', 'JAMLAIRA ROAD MANA MOR ', '1', '1', '20001', '2', '', '4025', '1013', '4025', '1', 'JAMLAIRA ROAD MANA MOR ', '0', '', NULL, '0'),
('80', '40', 'VEHARI P/S', 'VEHARI P/S', 'VEHARI P/S BUREWLA ROAD', '1', '1', '20001', '2', '', '4025', '1013', '4025', '1', 'VEHARI P/S BUREWLA ROAD', '0', '', NULL, '0'),
('82', '41', 'FRIENDS P/S (Khanewal)', 'FRIENDS P/S', '(Khanewal)', '1', '1', '20001', '2', '', '4025', '1013', '4025', '1', '(Khanewal)', '0', '', NULL, '0'),
('84', '42', 'NADIR P/S ', 'NADIR P/S ', 'MIAN CHANNU ROAD CHAK 55', '1', '1', '20001', '2', '', '4025', '1013', '4025', '1', 'MIAN CHANNU ROAD CHAK 55', '0', '', NULL, '0'),
('86', '43', 'HAROON ABAD', 'HAROON ABAD', 'HAROON ABAD', '1', '1', '20001', '2', '', '4025', '1013', '4025', '1', 'HAROON ABAD', '0', '', NULL, '0'),
('87', '43', 'HAROON ABAD', 'HAROON ABAD', '', '1', '1', '20001', '2', '', '4025', '1013', '4025', '1', '', '0', '', NULL, '0'),
('89', '44', 'SHELL PAKISTAN LIMITED', 'SPL LIMITED', '', '1', '1', '20001', '2', '', '4025', '1013', '4025', '1', '', '0', '', NULL, '0'),
('90', '45', 'HORIZON OIL COMPANY', 'HOC', 'HORIZON OIL COMPANY  VEHARI ', '1', '1', '20001', '2', '', '4025', '1013', '4025', '1', 'HORIZON OIL COMPANY  VEHARI ', '0', '', NULL, '0'),
('92', '46', 'ZAMINDARA OIL CO', 'ZAMINDARA OIL CO', 'SHAHEEN MARKET VEHARI', '1', '1', '20001', '2', '', '4025', '1013', '4025', '1', 'SHAHEEN MARKET VEHARI', '0', '', NULL, '0'),
('94', '47', 'FOJI OIL (KHANPUR)', 'FOJI OIL (KHANPUR)', ' (KHANPUR)', '1', '1', '20001', '2', '', '4025', '1013', '4025', '1', ' (KHANPUR)', '0', '', NULL, '0'),
('97', '48', 'LALAN WALA PS', 'LALAN WALA PS', '', '1', '1', '20001', '2', '', '4025', '1013', '4025', '1', '', '0', '', NULL, '0'),
('101', '49', 'NUMAN P/S', 'NUMAN P/S', 'GHARA MOR VEHARI', '1', '1', '20001', '2', '', '4025', '1013', '4025', '1', 'GHARA MOR VEHARI', '0', '', NULL, '0');

### Structure of table `0_dashboard_reminders` ###

DROP TABLE IF EXISTS `0_dashboard_reminders`;

CREATE TABLE `0_dashboard_reminders` (
  `id` int(11) NOT NULL AUTO_INCREMENT,
  `role_id` int(11) NOT NULL,
  `next_date` date NOT NULL,
  `description` text,
  `frequency` varchar(20) NOT NULL,
  `param` text,
  PRIMARY KEY (`id`)
) ENGINE=InnoDB DEFAULT CHARSET=utf8 ;

### Data of table `0_dashboard_reminders` ###


### Structure of table `0_dashboard_widgets` ###

DROP TABLE IF EXISTS `0_dashboard_widgets`;

CREATE TABLE `0_dashboard_widgets` (
  `id` int(11) NOT NULL AUTO_INCREMENT,
  `user_id` int(11) NOT NULL,
  `app` varchar(50) NOT NULL,
  `column_id` int(11) NOT NULL,
  `sort_no` int(11) NOT NULL,
  `collapsed` tinyint(1) NOT NULL,
  `widget` varchar(100) NOT NULL,
  `description` varchar(100) NOT NULL,
  `param` text,
  PRIMARY KEY (`id`)
) ENGINE=InnoDB AUTO_INCREMENT=40 DEFAULT CHARSET=utf8 ;

### Data of table `0_dashboard_widgets` ###

INSERT INTO `0_dashboard_widgets` VALUES
('1', '1', 'AP', '1', '1', '0', 'weeklysales', 'Top 10 Sales Weeks', '{&quot;top&quot;:&quot;10&quot;,&quot;orderby&quot;:&quot;Gross Sales&quot;,&quot;orderby_seq&quot;:&quot;desc&quot;,&quot;graph_type&quot;:&quot;Table&quot;,&quot;data_filter&quot;:&quot;dm.payment_terms = -1&quot;}'),
('2', '1', 'AP', '1', '0', '0', 'weeklysales', 'Weekly Sales', '{&quot;top&quot;:&quot;&quot;,&quot;orderby&quot;:&quot;Week End&quot;,&quot;orderby_seq&quot;:&quot;asc&quot;,&quot;graph_type&quot;:&quot;LineChart&quot;,&quot;data_filter&quot;:&quot;&quot;}'),
('3', '1', 'AP', '2', '1', '0', 'weeklysales', 'Lowest weeks sales', '{&quot;top&quot;:&quot;10&quot;,&quot;orderby&quot;:&quot;Gross Sales&quot;,&quot;orderby_seq&quot;:&quot;asc&quot;,&quot;graph_type&quot;:&quot;Table&quot;,&quot;data_filter&quot;:&quot;&quot;}'),
('6', '1', 'AP', '2', '0', '0', 'dailysales', 'Daily Sales', '{&quot;top&quot;:&quot;10&quot;,&quot;data_filter&quot;:&quot;dm.payment_terms = -1&quot;,&quot;graph_type&quot;:&quot;LineChart&quot;}'),
('7', '1', 'orders', '1', '0', '0', 'customers', 'Top 10 Customers', '{&quot;top&quot;:&quot;10&quot;,&quot;data_filter&quot;:&quot;&quot;,&quot;graph_type&quot;:&quot;Table&quot;}'),
('9', '1', 'orders', '1', '1', '0', 'salesinvoices', 'Overdue invoices', '{&quot;data_filter&quot;:&quot;&quot;}'),
('10', '1', 'AP', '1', '0', '0', 'suppliers', 'Top 10 Suppliers', '{&quot;top&quot;:&quot;&quot;,&quot;data_filter&quot;:&quot;&quot;,&quot;graph_type&quot;:&quot;Table&quot;}'),
('11', '1', 'AP', '2', '0', '0', 'suppliers', 'Top 10 Suppliers', '{&quot;top&quot;:&quot;&quot;,&quot;data_filter&quot;:&quot;&quot;,&quot;graph_type&quot;:&quot;ColumnChart&quot;}'),
('12', '1', 'GL', '2', '1', '0', 'glreturn', 'Return', '{&quot;graph_type&quot;:&quot;Table&quot;,&quot;data_filter&quot;:&quot;&quot;}'),
('13', '1', 'GL', '2', '0', '0', 'glreturn', 'Return', '{&quot;graph_type&quot;:&quot;PieChart&quot;,&quot;data_filter&quot;:&quot;&quot;}'),
('14', '1', 'stock', '1', '0', '0', 'items', 'Top 10 Items', '{&quot;top&quot;:&quot;&quot;,&quot;item_type&quot;:&quot;stock&quot;,&quot;graph_type&quot;:&quot;Table&quot;,&quot;data_filter&quot;:&quot;&quot;}'),
('15', '1', 'stock', '2', '0', '0', 'items', 'Top 10 Items', '{&quot;top&quot;:&quot;&quot;,&quot;item_type&quot;:&quot;stock&quot;,&quot;graph_type&quot;:&quot;PieChart&quot;,&quot;data_filter&quot;:&quot;&quot;}'),
('16', '1', 'manuf', '1', '0', '0', 'items', 'Top 10 items', '{&quot;top&quot;:&quot;&quot;,&quot;item_type&quot;:&quot;manuf&quot;,&quot;graph_type&quot;:&quot;Table&quot;,&quot;data_filter&quot;:&quot;&quot;}'),
('17', '1', 'manuf', '2', '0', '0', 'items', 'Top 10 Items', '{&quot;top&quot;:&quot;&quot;,&quot;item_type&quot;:&quot;manuf&quot;,&quot;graph_type&quot;:&quot;PieChart&quot;,&quot;data_filter&quot;:&quot;&quot;}'),
('18', '1', 'orders', '2', '0', '0', 'customers', 'Top 10 Customers', '{&quot;top&quot;:&quot;&quot;,&quot;data_filter&quot;:&quot;&quot;,&quot;graph_type&quot;:&quot;ColumnChart&quot;}'),
('19', '1', 'GL', '2', '2', '0', 'bankbalances', 'Bank Balances', '{&quot;data_filter&quot;:&quot;&quot;}'),
('20', '1', 'GL', '1', '1', '0', 'dailybankbalances', 'Daily Current Account Balance', '{&quot;days_past&quot;:&quot;&quot;,&quot;days_future&quot;:&quot;&quot;,&quot;bank_act&quot;:&quot;0&quot;,&quot;graph_type&quot;:&quot;ColumnChart&quot;}'),
('21', '1', 'GL', '1', '0', '0', 'banktransactions', 'Current Account Transactions', '{&quot;days_past&quot;:&quot;15&quot;,&quot;days_future&quot;:&quot;15&quot;,&quot;bank_act&quot;:&quot;0&quot;,&quot;data_filter&quot;:&quot;&quot;}'),
('22', '2', 'AP', '1', '1', '0', 'weeklysales', 'Top 10 Sales Weeks', '{&quot;top&quot;:&quot;10&quot;,&quot;orderby&quot;:&quot;Gross Sales&quot;,&quot;orderby_seq&quot;:&quot;desc&quot;,&quot;graph_type&quot;:&quot;Table&quot;,&quot;data_filter&quot;:&quot;dm.payment_terms = -1&quot;}'),
('23', '2', 'AP', '1', '0', '0', 'weeklysales', 'Weekly Sales', '{&quot;top&quot;:&quot;&quot;,&quot;orderby&quot;:&quot;Week End&quot;,&quot;orderby_seq&quot;:&quot;asc&quot;,&quot;graph_type&quot;:&quot;LineChart&quot;,&quot;data_filter&quot;:&quot;&quot;}'),
('24', '2', 'AP', '2', '1', '0', 'weeklysales', 'Lowest weeks sales', '{&quot;top&quot;:&quot;10&quot;,&quot;orderby&quot;:&quot;Gross Sales&quot;,&quot;orderby_seq&quot;:&quot;asc&quot;,&quot;graph_type&quot;:&quot;Table&quot;,&quot;data_filter&quot;:&quot;&quot;}'),
('25', '2', 'AP', '2', '0', '0', 'dailysales', 'Daily Sales', '{&quot;top&quot;:&quot;10&quot;,&quot;data_filter&quot;:&quot;dm.payment_terms = -1&quot;,&quot;graph_type&quot;:&quot;LineChart&quot;}'),
('26', '2', 'orders', '1', '0', '0', 'customers', 'Top 10 Customers', '{&quot;top&quot;:&quot;10&quot;,&quot;data_filter&quot;:&quot;&quot;,&quot;graph_type&quot;:&quot;Table&quot;}'),
('27', '2', 'orders', '1', '1', '0', 'salesinvoices', 'Overdue invoices', '{&quot;data_filter&quot;:&quot;&quot;}'),
('28', '2', 'AP', '1', '0', '0', 'suppliers', 'Top 10 Suppliers', '{&quot;top&quot;:&quot;&quot;,&quot;data_filter&quot;:&quot;&quot;,&quot;graph_type&quot;:&quot;Table&quot;}'),
('29', '2', 'AP', '2', '0', '0', 'suppliers', 'Top 10 Suppliers', '{&quot;top&quot;:&quot;&quot;,&quot;data_filter&quot;:&quot;&quot;,&quot;graph_type&quot;:&quot;ColumnChart&quot;}'),
('30', '2', 'GL', '2', '1', '0', 'glreturn', 'Return', '{&quot;graph_type&quot;:&quot;Table&quot;,&quot;data_filter&quot;:&quot;&quot;}'),
('31', '2', 'GL', '2', '0', '0', 'glreturn', 'Return', '{&quot;graph_type&quot;:&quot;PieChart&quot;,&quot;data_filter&quot;:&quot;&quot;}'),
('32', '2', 'stock', '1', '0', '0', 'items', 'Top 10 Items', '{&quot;top&quot;:&quot;&quot;,&quot;item_type&quot;:&quot;stock&quot;,&quot;graph_type&quot;:&quot;Table&quot;,&quot;data_filter&quot;:&quot;&quot;}'),
('33', '2', 'stock', '2', '0', '0', 'items', 'Top 10 Items', '{&quot;top&quot;:&quot;&quot;,&quot;item_type&quot;:&quot;stock&quot;,&quot;graph_type&quot;:&quot;PieChart&quot;,&quot;data_filter&quot;:&quot;&quot;}'),
('34', '2', 'manuf', '1', '0', '0', 'items', 'Top 10 items', '{&quot;top&quot;:&quot;&quot;,&quot;item_type&quot;:&quot;manuf&quot;,&quot;graph_type&quot;:&quot;Table&quot;,&quot;data_filter&quot;:&quot;&quot;}'),
('35', '2', 'manuf', '2', '0', '0', 'items', 'Top 10 Items', '{&quot;top&quot;:&quot;&quot;,&quot;item_type&quot;:&quot;manuf&quot;,&quot;graph_type&quot;:&quot;PieChart&quot;,&quot;data_filter&quot;:&quot;&quot;}'),
('36', '2', 'orders', '2', '0', '0', 'customers', 'Top 10 Customers', '{&quot;top&quot;:&quot;&quot;,&quot;data_filter&quot;:&quot;&quot;,&quot;graph_type&quot;:&quot;ColumnChart&quot;}'),
('37', '2', 'GL', '2', '2', '0', 'bankbalances', 'Bank Balances', '{&quot;data_filter&quot;:&quot;&quot;}'),
('38', '2', 'GL', '1', '1', '0', 'dailybankbalances', 'Daily Current Account Balance', '{&quot;days_past&quot;:&quot;&quot;,&quot;days_future&quot;:&quot;&quot;,&quot;bank_act&quot;:&quot;0&quot;,&quot;graph_type&quot;:&quot;ColumnChart&quot;}'),
('39', '2', 'GL', '1', '0', '0', 'banktransactions', 'Current Account Transactions', '{&quot;days_past&quot;:&quot;15&quot;,&quot;days_future&quot;:&quot;15&quot;,&quot;bank_act&quot;:&quot;0&quot;,&quot;data_filter&quot;:&quot;&quot;}');

### Structure of table `0_debtor_trans` ###

DROP TABLE IF EXISTS `0_debtor_trans`;

CREATE TABLE `0_debtor_trans` (
  `trans_no` int(11) unsigned NOT NULL DEFAULT '0',
  `type` smallint(6) unsigned NOT NULL DEFAULT '0',
  `version` tinyint(1) unsigned NOT NULL DEFAULT '0',
  `debtor_no` int(11) unsigned DEFAULT NULL,
  `branch_code` int(11) NOT NULL DEFAULT '-1',
  `tran_date` date NOT NULL DEFAULT '0000-00-00',
  `due_date` date NOT NULL DEFAULT '0000-00-00',
  `reference` varchar(60) COLLATE utf8_unicode_ci NOT NULL DEFAULT '',
  `tpe` int(11) NOT NULL DEFAULT '0',
  `order_` int(11) NOT NULL DEFAULT '0',
  `ov_amount` double NOT NULL DEFAULT '0',
  `ov_gst` double NOT NULL DEFAULT '0',
  `gst_wh` double NOT NULL,
  `ov_freight` double NOT NULL DEFAULT '0',
  `ov_freight_tax` double NOT NULL DEFAULT '0',
  `ov_discount` double NOT NULL DEFAULT '0',
  `alloc` double NOT NULL DEFAULT '0',
  `prep_amount` double NOT NULL DEFAULT '0',
  `rate` double NOT NULL DEFAULT '1',
  `ship_via` int(11) DEFAULT NULL,
  `dimension_id` int(11) NOT NULL DEFAULT '0',
  `dimension2_id` int(11) NOT NULL DEFAULT '0',
  `payment_terms` int(11) DEFAULT NULL,
  `tax_included` tinyint(1) unsigned NOT NULL DEFAULT '0',
  `supply_disc` int(11) NOT NULL,
  `service_disc` int(11) NOT NULL,
  `fbr_disc` int(11) NOT NULL,
  `srb_disc` int(11) NOT NULL,
  `write_back` int(11) NOT NULL,
  `supply_tax_id` int(11) NOT NULL,
  `service_tax_id` int(11) NOT NULL,
  `fbr_tax_id` int(11) NOT NULL,
  `srb_tax_id` int(11) NOT NULL,
  PRIMARY KEY (`type`,`trans_no`),
  KEY `debtor_no` (`debtor_no`,`branch_code`),
  KEY `tran_date` (`tran_date`),
  KEY `order_` (`order_`)
) ENGINE=InnoDB DEFAULT CHARSET=utf8 COLLATE=utf8_unicode_ci ;

### Data of table `0_debtor_trans` ###

INSERT INTO `0_debtor_trans` VALUES
('1', '10', '0', '22', '44', '2017-07-21', '2017-07-25', 'SI001/2017', '1', '1', '257646', '0', '0', '0', '0', '0', '0', '257646', '1', '1', '0', '0', '1', '1', '0', '0', '0', '0', '0', '0', '0', '0', '0'),
('2', '10', '0', '23', '46', '2017-07-21', '2017-07-22', 'SI002/2017', '1', '3', '167851', '0', '0', '0', '0', '0', '0', '167851', '1', '1', '0', '0', '1', '1', '0', '0', '0', '0', '0', '0', '0', '0', '0'),
('3', '10', '0', '7', '14', '2017-07-21', '2017-07-22', 'SI003/2017', '1', '4', '125550', '0', '0', '0', '0', '0', '0', '0', '1', '1', '0', '0', '1', '1', '0', '0', '0', '0', '0', '0', '0', '0', '0'),
('4', '10', '0', '8', '17', '2017-07-21', '2017-07-25', 'SI004/2017', '1', '5', '240050', '0', '0', '0', '0', '0', '0', '0', '1', '1', '0', '0', '1', '1', '0', '0', '0', '0', '0', '0', '0', '0', '0'),
('5', '10', '0', '9', '19', '2017-07-21', '2017-07-22', 'SI005/2017', '1', '6', '764260', '0', '0', '0', '0', '0', '0', '0', '1', '1', '0', '0', '1', '1', '0', '0', '0', '0', '0', '0', '0', '0', '0'),
('6', '10', '2', '11', '23', '2017-07-21', '2017-07-22', 'SI006/2017', '1', '7', '0', '0', '0', '0', '0', '0', '0', '0', '1', '1', '0', '0', '1', '1', '0', '0', '0', '0', '0', '0', '0', '0', '0'),
('7', '10', '0', '24', '48', '2017-07-21', '2017-07-22', 'SI007/2017', '1', '8', '50000', '0', '0', '0', '0', '0', '0', '0', '1', '1', '0', '0', '1', '1', '0', '0', '0', '0', '0', '0', '0', '0', '0'),
('8', '10', '0', '12', '26', '2017-07-21', '2017-07-22', 'SI008/2017', '1', '9', '342064', '0', '0', '0', '0', '0', '0', '0', '1', '1', '0', '0', '1', '1', '0', '0', '0', '0', '0', '0', '0', '0', '0'),
('9', '10', '0', '14', '29', '2017-07-21', '2017-07-22', 'SI009/2017', '1', '10', '7330', '0', '0', '0', '0', '0', '0', '0', '1', '1', '0', '0', '1', '1', '0', '0', '0', '0', '0', '0', '0', '0', '0'),
('10', '10', '0', '15', '31', '2017-07-21', '2017-07-22', 'SI010/2017', '1', '11', '157974', '0', '0', '0', '0', '0', '0', '0', '1', '1', '0', '0', '1', '1', '0', '0', '0', '0', '0', '0', '0', '0', '0'),
('11', '10', '0', '16', '34', '2017-07-21', '2017-07-22', 'SI011/2017', '1', '12', '2373068', '0', '0', '0', '0', '0', '0', '0', '1', '1', '0', '0', '1', '1', '0', '0', '0', '0', '0', '0', '0', '0', '0'),
('12', '10', '0', '19', '39', '2017-07-21', '2017-07-22', 'SI012/2017', '1', '13', '19990', '0', '0', '0', '0', '0', '0', '0', '1', '1', '0', '0', '1', '1', '0', '0', '0', '0', '0', '0', '0', '0', '0'),
('13', '10', '0', '21', '42', '2017-07-21', '2017-07-22', 'SI013/2017', '1', '14', '151280', '0', '0', '0', '0', '0', '0', '0', '1', '1', '0', '0', '1', '1', '0', '0', '0', '0', '0', '0', '0', '0', '0'),
('14', '10', '0', '25', '50', '2017-07-21', '2017-07-22', 'SI014/2017', '1', '15', '93370', '0', '0', '0', '0', '0', '0', '0', '1', '1', '0', '0', '1', '1', '0', '0', '0', '0', '0', '0', '0', '0', '0'),
('15', '10', '0', '26', '52', '2017-07-21', '2017-07-22', 'SI015/2017', '1', '16', '17980', '0', '0', '0', '0', '0', '0', '0', '1', '1', '0', '0', '1', '1', '0', '0', '0', '0', '0', '0', '0', '0', '0'),
('16', '10', '0', '27', '54', '2017-07-21', '2017-07-22', 'SI016/2017', '1', '17', '7555', '0', '0', '0', '0', '0', '0', '0', '1', '1', '0', '0', '1', '1', '0', '0', '0', '0', '0', '0', '0', '0', '0'),
('17', '10', '0', '28', '56', '2017-07-21', '2017-07-22', 'SI017/2017', '1', '18', '899980', '0', '0', '0', '0', '0', '0', '0', '1', '1', '0', '0', '1', '1', '0', '0', '0', '0', '0', '0', '0', '0', '0'),
('18', '10', '0', '29', '58', '2017-07-21', '2017-07-22', 'SI018/2017', '1', '19', '46448', '0', '0', '0', '0', '0', '0', '0', '1', '1', '0', '0', '1', '1', '0', '0', '0', '0', '0', '0', '0', '0', '0'),
('19', '10', '0', '30', '60', '2017-07-21', '2017-07-22', 'SI019/2017', '1', '20', '1928400', '0', '0', '0', '0', '0', '0', '0', '1', '1', '0', '0', '1', '1', '0', '0', '0', '0', '0', '0', '0', '0', '0'),
('20', '10', '0', '31', '62', '2017-07-21', '2017-07-22', 'SI020/2017', '1', '21', '1081180', '0', '0', '0', '0', '0', '0', '0', '1', '1', '0', '0', '1', '1', '0', '0', '0', '0', '0', '0', '0', '0', '0'),
('21', '10', '0', '32', '64', '2017-07-21', '2017-07-22', 'SI021/2017', '1', '22', '230299', '0', '0', '0', '0', '0', '0', '0', '1', '1', '0', '0', '1', '1', '0', '0', '0', '0', '0', '0', '0', '0', '0'),
('22', '10', '0', '33', '66', '2017-07-21', '2017-07-22', 'SI022/2017', '1', '23', '420276', '0', '0', '0', '0', '0', '0', '0', '1', '1', '0', '0', '1', '1', '0', '0', '0', '0', '0', '0', '0', '0', '0'),
('23', '10', '0', '34', '68', '2017-07-21', '2017-07-22', 'SI023/2017', '1', '24', '19450', '0', '0', '0', '0', '0', '0', '0', '1', '1', '0', '0', '1', '1', '0', '0', '0', '0', '0', '0', '0', '0', '0'),
('24', '10', '0', '35', '70', '2017-07-21', '2017-07-22', 'SI024/2017', '1', '25', '60440', '0', '0', '0', '0', '0', '0', '0', '1', '1', '0', '0', '1', '1', '0', '0', '0', '0', '0', '0', '0', '0', '0'),
('25', '10', '0', '36', '72', '2017-07-21', '2017-07-22', 'SI025/2017', '1', '26', '7041', '0', '0', '0', '0', '0', '0', '0', '1', '1', '0', '0', '1', '1', '0', '0', '0', '0', '0', '0', '0', '0', '0'),
('26', '10', '0', '37', '74', '2017-07-21', '2017-07-22', 'SI026/2017', '1', '27', '18130', '0', '0', '0', '0', '0', '0', '0', '1', '1', '0', '0', '1', '1', '0', '0', '0', '0', '0', '0', '0', '0', '0'),
('27', '10', '0', '4', '9', '2017-07-21', '2017-07-25', 'SI027/2017', '1', '28', '70140', '0', '0', '0', '0', '0', '0', '70140', '1', '1', '0', '0', '1', '1', '0', '0', '0', '0', '0', '0', '0', '0', '0'),
('28', '10', '0', '38', '76', '2017-07-21', '2017-07-22', 'SI028/2017', '1', '29', '345550', '0', '0', '0', '0', '0', '0', '0', '1', '1', '0', '0', '1', '1', '0', '0', '0', '0', '0', '0', '0', '0', '0'),
('29', '10', '0', '39', '78', '2017-07-21', '2017-07-22', 'SI029/2017', '1', '30', '112300', '0', '0', '0', '0', '0', '0', '0', '1', '1', '0', '0', '1', '1', '0', '0', '0', '0', '0', '0', '0', '0', '0'),
('30', '10', '0', '11', '23', '2017-07-21', '2017-07-22', 'SI030/2017', '1', '31', '100', '0', '0', '0', '0', '0', '0', '0', '1', '1', '0', '0', '1', '1', '0', '0', '0', '0', '0', '0', '0', '0', '0'),
('31', '10', '0', '46', '92', '2017-07-21', '2017-07-22', 'SI031/2017', '1', '32', '11410749', '0', '0', '0', '0', '0', '0', '0', '1', '1', '0', '0', '1', '1', '0', '0', '0', '0', '0', '0', '0', '0', '0'),
('32', '10', '0', '41', '82', '2017-07-21', '2017-07-22', 'SI032/2017', '1', '33', '1554400', '0', '0', '0', '0', '0', '0', '0', '1', '1', '0', '0', '1', '1', '0', '0', '0', '0', '0', '0', '0', '0', '0'),
('33', '10', '0', '41', '82', '2017-07-21', '2017-07-25', 'SI033/2017', '1', '34', '343450', '0', '0', '0', '0', '0', '0', '343450', '1', '1', '0', '0', '1', '1', '0', '0', '0', '0', '0', '0', '0', '0', '0'),
('34', '10', '0', '40', '80', '2017-07-21', '2017-07-25', 'SI034/2017', '1', '35', '979720', '0', '0', '0', '0', '0', '0', '979720', '1', '1', '0', '0', '1', '1', '0', '0', '0', '0', '0', '0', '0', '0', '0'),
('35', '10', '0', '29', '58', '2017-07-21', '2017-07-22', 'SI035/2017', '1', '36', '370540', '0', '0', '5000', '0', '0', '0', '0', '1', '1', '0', '0', '1', '1', '0', '0', '0', '0', '0', '0', '0', '0', '0'),
('36', '10', '0', '39', '78', '2017-07-21', '2017-07-22', 'SI036/2017', '1', '37', '361510', '0', '0', '5000', '0', '0', '0', '0', '1', '1', '0', '0', '1', '1', '0', '0', '0', '0', '0', '0', '0', '0', '0'),
('37', '10', '0', '4', '9', '2017-07-21', '2017-07-22', 'SI037/2017', '1', '38', '439230', '0', '0', '6000', '0', '0', '0', '0', '1', '1', '0', '0', '1', '1', '0', '0', '0', '0', '0', '0', '0', '0', '0'),
('38', '10', '0', '10', '20', '2017-07-21', '2017-07-25', 'SI038/2017', '1', '39', '732050', '0', '0', '3000', '0', '0', '0', '735050', '1', '1', '0', '0', '1', '1', '0', '0', '0', '0', '0', '0', '0', '0', '0'),
('39', '10', '0', '5', '11', '2017-07-21', '2017-07-22', 'SI039/2017', '1', '40', '176083', '0', '0', '0', '0', '0', '0', '0', '1', '1', '0', '0', '1', '1', '0', '0', '0', '0', '0', '0', '0', '0', '0'),
('40', '10', '0', '47', '94', '2017-07-21', '2017-07-22', 'SI040/2017', '1', '41', '75000', '0', '0', '0', '0', '0', '0', '0', '1', '1', '0', '0', '1', '1', '0', '0', '0', '0', '0', '0', '0', '0', '0'),
('41', '10', '0', '48', '97', '2017-07-21', '2017-07-22', 'SI041/2017', '1', '42', '18978', '0', '0', '0', '0', '0', '0', '0', '1', '1', '0', '0', '1', '1', '0', '0', '0', '0', '0', '0', '0', '0', '0'),
('1', '11', '0', '10', '20', '2017-07-21', '0000-00-00', 'CCN001/2017', '1', '0', '285164', '0', '0', '0', '0', '0', '0', '0', '1', '1', '0', '0', '1', '1', '0', '0', '0', '0', '0', '0', '0', '0', '0'),
('2', '11', '2', '33', '66', '2017-07-21', '0000-00-00', 'CCN002/2017', '1', '0', '0', '0', '0', '0', '0', '0', '0', '0', '1', '1', '0', '0', '1', '1', '0', '0', '0', '0', '0', '0', '0', '0', '0'),
('3', '11', '0', '42', '84', '2017-07-21', '0000-00-00', 'CCN003/2017', '1', '0', '91000', '0', '0', '0', '0', '0', '0', '0', '1', '1', '0', '0', '1', '1', '0', '0', '0', '0', '0', '0', '0', '0', '0'),
('4', '11', '2', '42', '84', '2017-07-21', '0000-00-00', 'CCN004/2017', '1', '0', '0', '0', '0', '0', '0', '0', '0', '0', '1', '1', '0', '0', '1', '1', '0', '0', '0', '0', '0', '0', '0', '0', '0'),
('5', '11', '2', '43', '86', '2017-07-21', '0000-00-00', 'CCN004/2017', '1', '0', '0', '0', '0', '0', '0', '0', '0', '0', '1', '1', '0', '0', '1', '1', '0', '0', '0', '0', '0', '0', '0', '0', '0'),
('6', '11', '2', '20', '40', '2017-07-21', '0000-00-00', 'CCN005/2017', '1', '0', '0', '0', '0', '0', '0', '0', '0', '0', '1', '1', '0', '0', '1', '1', '0', '0', '0', '0', '0', '0', '0', '0', '0'),
('7', '11', '2', '45', '90', '2017-07-21', '0000-00-00', 'CCN006/2017', '1', '0', '0', '0', '0', '0', '0', '0', '0', '0', '1', '1', '0', '0', '1', '1', '0', '0', '0', '0', '0', '0', '0', '0', '0'),
('8', '11', '0', '41', '82', '2017-07-21', '0000-00-00', 'CCN007/2017', '1', '0', '3900404', '0', '0', '0', '0', '0', '0', '0', '1', '1', '0', '0', '1', '1', '0', '0', '0', '0', '0', '0', '0', '0', '0'),
('1', '13', '2', '22', '44', '2017-07-24', '2017-07-25', 'auto', '1', '1', '257646', '0', '0', '0', '0', '0', '0', '0', '1', '1', '0', '0', '1', '1', '0', '0', '0', '0', '0', '0', '0', '0', '0'),
('2', '13', '2', '23', '46', '2017-07-24', '2017-07-25', 'auto', '1', '3', '167851', '0', '0', '0', '0', '0', '0', '0', '1', '1', '0', '0', '1', '1', '0', '0', '0', '0', '0', '0', '0', '0', '0'),
('3', '13', '1', '7', '14', '2017-07-21', '2017-07-22', 'auto', '1', '4', '125550', '0', '0', '0', '0', '0', '0', '0', '1', '1', '0', '0', '1', '1', '0', '0', '0', '0', '0', '0', '0', '0', '0'),
('4', '13', '1', '8', '17', '2017-07-21', '2017-07-25', 'auto', '1', '5', '240050', '0', '0', '0', '0', '0', '0', '0', '1', '1', '0', '0', '1', '1', '0', '0', '0', '0', '0', '0', '0', '0', '0'),
('5', '13', '1', '9', '19', '2017-07-21', '2017-07-22', 'auto', '1', '6', '764260', '0', '0', '0', '0', '0', '0', '0', '1', '1', '0', '0', '1', '1', '0', '0', '0', '0', '0', '0', '0', '0', '0'),
('6', '13', '2', '11', '23', '2017-07-21', '2017-07-22', 'auto', '1', '7', '0', '0', '0', '0', '0', '0', '0', '0', '1', '1', '0', '0', '1', '1', '0', '0', '0', '0', '0', '0', '0', '0', '0'),
('7', '13', '1', '24', '48', '2017-07-21', '2017-07-22', 'auto', '1', '8', '50000', '0', '0', '0', '0', '0', '0', '0', '1', '1', '0', '0', '1', '1', '0', '0', '0', '0', '0', '0', '0', '0', '0'),
('8', '13', '1', '12', '26', '2017-07-21', '2017-07-22', 'auto', '1', '9', '342064', '0', '0', '0', '0', '0', '0', '0', '1', '1', '0', '0', '1', '1', '0', '0', '0', '0', '0', '0', '0', '0', '0'),
('9', '13', '1', '14', '29', '2017-07-21', '2017-07-22', 'auto', '1', '10', '7330', '0', '0', '0', '0', '0', '0', '0', '1', '1', '0', '0', '1', '1', '0', '0', '0', '0', '0', '0', '0', '0', '0'),
('10', '13', '1', '15', '31', '2017-07-21', '2017-07-22', 'auto', '1', '11', '157974', '0', '0', '0', '0', '0', '0', '0', '1', '1', '0', '0', '1', '1', '0', '0', '0', '0', '0', '0', '0', '0', '0'),
('11', '13', '1', '16', '34', '2017-07-21', '2017-07-22', 'auto', '1', '12', '2373068', '0', '0', '0', '0', '0', '0', '0', '1', '1', '0', '0', '1', '1', '0', '0', '0', '0', '0', '0', '0', '0', '0'),
('12', '13', '1', '19', '39', '2017-07-21', '2017-07-22', 'auto', '1', '13', '19990', '0', '0', '0', '0', '0', '0', '0', '1', '1', '0', '0', '1', '1', '0', '0', '0', '0', '0', '0', '0', '0', '0'),
('13', '13', '1', '21', '42', '2017-07-21', '2017-07-22', 'auto', '1', '14', '151280', '0', '0', '0', '0', '0', '0', '0', '1', '1', '0', '0', '1', '1', '0', '0', '0', '0', '0', '0', '0', '0', '0'),
('14', '13', '1', '25', '50', '2017-07-21', '2017-07-22', 'auto', '1', '15', '93370', '0', '0', '0', '0', '0', '0', '0', '1', '1', '0', '0', '1', '1', '0', '0', '0', '0', '0', '0', '0', '0', '0'),
('15', '13', '1', '26', '52', '2017-07-21', '2017-07-22', 'auto', '1', '16', '17980', '0', '0', '0', '0', '0', '0', '0', '1', '1', '0', '0', '1', '1', '0', '0', '0', '0', '0', '0', '0', '0', '0'),
('16', '13', '1', '27', '54', '2017-07-21', '2017-07-22', 'auto', '1', '17', '7555', '0', '0', '0', '0', '0', '0', '0', '1', '1', '0', '0', '1', '1', '0', '0', '0', '0', '0', '0', '0', '0', '0'),
('17', '13', '1', '28', '56', '2017-07-21', '2017-07-22', 'auto', '1', '18', '899980', '0', '0', '0', '0', '0', '0', '0', '1', '1', '0', '0', '1', '1', '0', '0', '0', '0', '0', '0', '0', '0', '0'),
('18', '13', '1', '29', '58', '2017-07-21', '2017-07-22', 'auto', '1', '19', '46448', '0', '0', '0', '0', '0', '0', '0', '1', '1', '0', '0', '1', '1', '0', '0', '0', '0', '0', '0', '0', '0', '0'),
('19', '13', '1', '30', '60', '2017-07-21', '2017-07-22', 'auto', '1', '20', '1928400', '0', '0', '0', '0', '0', '0', '0', '1', '1', '0', '0', '1', '1', '0', '0', '0', '0', '0', '0', '0', '0', '0'),
('20', '13', '1', '31', '62', '2017-07-21', '2017-07-22', 'auto', '1', '21', '1081180', '0', '0', '0', '0', '0', '0', '0', '1', '1', '0', '0', '1', '1', '0', '0', '0', '0', '0', '0', '0', '0', '0'),
('21', '13', '1', '32', '64', '2017-07-21', '2017-07-22', 'auto', '1', '22', '230299', '0', '0', '0', '0', '0', '0', '0', '1', '1', '0', '0', '1', '1', '0', '0', '0', '0', '0', '0', '0', '0', '0'),
('22', '13', '1', '33', '66', '2017-07-21', '2017-07-22', 'auto', '1', '23', '420276', '0', '0', '0', '0', '0', '0', '0', '1', '1', '0', '0', '1', '1', '0', '0', '0', '0', '0', '0', '0', '0', '0'),
('23', '13', '1', '34', '68', '2017-07-21', '2017-07-22', 'auto', '1', '24', '19450', '0', '0', '0', '0', '0', '0', '0', '1', '1', '0', '0', '1', '1', '0', '0', '0', '0', '0', '0', '0', '0', '0'),
('24', '13', '1', '35', '70', '2017-07-21', '2017-07-22', 'auto', '1', '25', '60440', '0', '0', '0', '0', '0', '0', '0', '1', '1', '0', '0', '1', '1', '0', '0', '0', '0', '0', '0', '0', '0', '0'),
('25', '13', '1', '36', '72', '2017-07-21', '2017-07-22', 'auto', '1', '26', '7041', '0', '0', '0', '0', '0', '0', '0', '1', '1', '0', '0', '1', '1', '0', '0', '0', '0', '0', '0', '0', '0', '0'),
('26', '13', '1', '37', '74', '2017-07-21', '2017-07-22', 'auto', '1', '27', '18130', '0', '0', '0', '0', '0', '0', '0', '1', '1', '0', '0', '1', '1', '0', '0', '0', '0', '0', '0', '0', '0', '0'),
('27', '13', '2', '4', '9', '2017-07-24', '2017-07-25', 'auto', '1', '28', '70140', '0', '0', '0', '0', '0', '0', '0', '1', '1', '0', '0', '1', '1', '0', '0', '0', '0', '0', '0', '0', '0', '0'),
('28', '13', '1', '38', '76', '2017-07-21', '2017-07-22', 'auto', '1', '29', '345550', '0', '0', '0', '0', '0', '0', '0', '1', '1', '0', '0', '1', '1', '0', '0', '0', '0', '0', '0', '0', '0', '0'),
('29', '13', '1', '39', '78', '2017-07-21', '2017-07-22', 'auto', '1', '30', '112300', '0', '0', '0', '0', '0', '0', '0', '1', '1', '0', '0', '1', '1', '0', '0', '0', '0', '0', '0', '0', '0', '0'),
('30', '13', '1', '11', '23', '2017-07-21', '2017-07-22', 'auto', '1', '31', '100', '0', '0', '0', '0', '0', '0', '0', '1', '1', '0', '0', '1', '1', '0', '0', '0', '0', '0', '0', '0', '0', '0'),
('31', '13', '1', '46', '92', '2017-07-21', '2017-07-22', 'auto', '1', '32', '11410749', '0', '0', '0', '0', '0', '0', '0', '1', '1', '0', '0', '1', '1', '0', '0', '0', '0', '0', '0', '0', '0', '0'),
('32', '13', '1', '41', '82', '2017-07-21', '2017-07-22', 'auto', '1', '33', '1554400', '0', '0', '0', '0', '0', '0', '0', '1', '1', '0', '0', '1', '1', '0', '0', '0', '0', '0', '0', '0', '0', '0'),
('33', '13', '2', '41', '82', '2017-07-24', '2017-07-25', 'auto', '1', '34', '343450', '0', '0', '0', '0', '0', '0', '0', '1', '1', '0', '0', '1', '1', '0', '0', '0', '0', '0', '0', '0', '0', '0'),
('34', '13', '2', '40', '80', '2017-07-24', '2017-07-25', 'auto', '1', '35', '979720', '0', '0', '0', '0', '0', '0', '0', '1', '1', '0', '0', '1', '1', '0', '0', '0', '0', '0', '0', '0', '0', '0'),
('35', '13', '1', '29', '58', '2017-07-21', '2017-07-22', 'auto', '1', '36', '370540', '0', '0', '5000', '0', '0', '0', '0', '1', '1', '0', '0', '1', '1', '0', '0', '0', '0', '0', '0', '0', '0', '0'),
('36', '13', '1', '39', '78', '2017-07-21', '2017-07-22', 'auto', '1', '37', '361510', '0', '0', '5000', '0', '0', '0', '0', '1', '1', '0', '0', '1', '1', '0', '0', '0', '0', '0', '0', '0', '0', '0'),
('37', '13', '1', '4', '9', '2017-07-21', '2017-07-22', 'auto', '1', '38', '439230', '0', '0', '6000', '0', '0', '0', '0', '1', '1', '0', '0', '1', '1', '0', '0', '0', '0', '0', '0', '0', '0', '0'),
('38', '13', '2', '10', '20', '2017-07-24', '2017-07-25', 'auto', '1', '39', '732050', '0', '0', '3000', '0', '0', '0', '0', '1', '1', '0', '0', '1', '1', '0', '0', '0', '0', '0', '0', '0', '0', '0'),
('39', '13', '1', '5', '11', '2017-07-21', '2017-07-22', 'auto', '1', '40', '176083', '0', '0', '0', '0', '0', '0', '0', '1', '1', '0', '0', '1', '1', '0', '0', '0', '0', '0', '0', '0', '0', '0'),
('40', '13', '1', '47', '94', '2017-07-21', '2017-07-22', 'auto', '1', '41', '75000', '0', '0', '0', '0', '0', '0', '0', '1', '1', '0', '0', '1', '1', '0', '0', '0', '0', '0', '0', '0', '0', '0'),
('41', '13', '1', '48', '97', '2017-07-21', '2017-07-22', 'auto', '1', '42', '18978', '0', '0', '0', '0', '0', '0', '0', '1', '1', '0', '0', '1', '1', '0', '0', '0', '0', '0', '0', '0', '0', '0'),
('1', '41', '1', '46', '92', '2017-07-24', '0000-00-00', 'CPV001/2017', '0', '0', '0', '0', '0', '0', '0', '0', '0', '0', '1', '0', '0', '0', NULL, '0', '0', '0', '0', '0', '0', '0', '0', '0', '0'),
('2', '41', '1', '16', '34', '2017-07-21', '0000-00-00', 'CPV002/2017', '0', '0', '0', '0', '0', '0', '0', '0', '0', '0', '1', '0', '0', '0', NULL, '0', '0', '0', '0', '0', '0', '0', '0', '0', '0'),
('3', '41', '1', '40', '80', '2017-07-21', '0000-00-00', 'CPV003/2017', '0', '0', '0', '0', '0', '0', '0', '0', '0', '0', '1', '0', '0', '0', NULL, '0', '0', '0', '0', '0', '0', '0', '0', '0', '0'),
('4', '41', '1', '40', '80', '2017-07-21', '0000-00-00', 'CPV004/2017', '0', '0', '0', '0', '0', '0', '0', '0', '0', '0', '1', '0', '0', '0', NULL, '0', '0', '0', '0', '0', '0', '0', '0', '0', '0'),
('5', '41', '1', '40', '80', '2017-07-21', '0000-00-00', 'CPV005/2017', '0', '0', '0', '0', '0', '0', '0', '0', '0', '0', '1', '0', '0', '0', NULL, '0', '0', '0', '0', '0', '0', '0', '0', '0', '0'),
('6', '41', '1', '40', '80', '2017-07-21', '0000-00-00', 'CPV006/2017', '0', '0', '0', '0', '0', '0', '0', '0', '0', '0', '1', '0', '0', '0', NULL, '0', '0', '0', '0', '0', '0', '0', '0', '0', '0'),
('7', '41', '0', '46', '92', '2017-07-21', '0000-00-00', 'CPV001/2017', '0', '0', '75000', '0', '0', '0', '0', '0', '0', '0', '1', '0', '0', '0', NULL, '0', '0', '0', '0', '0', '0', '0', '0', '0', '0'),
('8', '41', '0', '46', '92', '2017-07-21', '0000-00-00', 'CPV002/2017', '0', '0', '410000', '0', '0', '0', '0', '0', '0', '0', '1', '0', '0', '0', NULL, '0', '0', '0', '0', '0', '0', '0', '0', '0', '0'),
('9', '41', '0', '46', '92', '2017-07-21', '0000-00-00', 'CPV003/2017', '0', '0', '800000', '0', '0', '0', '0', '0', '0', '0', '1', '0', '0', '0', NULL, '0', '0', '0', '0', '0', '0', '0', '0', '0', '0'),
('18', '41', '0', '46', '92', '2017-07-21', '0000-00-00', 'CPV012/2017', '0', '0', '500000', '0', '0', '0', '0', '0', '0', '0', '1', '0', '0', '0', NULL, '0', '0', '0', '0', '0', '0', '0', '0', '0', '0'),
('19', '41', '0', '46', '92', '2017-07-21', '0000-00-00', 'CPV013/2017', '0', '0', '600000', '0', '0', '0', '0', '0', '0', '0', '1', '0', '0', '0', NULL, '0', '0', '0', '0', '0', '0', '0', '0', '0', '0'),
('28', '41', '0', '46', '92', '2017-07-22', '0000-00-00', 'CPV021/2017', '0', '0', '73000', '0', '0', '0', '0', '0', '0', '0', '1', '0', '0', '0', NULL, '0', '0', '0', '0', '0', '0', '0', '0', '0', '0'),
('29', '41', '0', '46', '92', '2017-07-22', '0000-00-00', 'CPV022/2017', '0', '0', '1640000', '0', '0', '0', '0', '0', '0', '0', '1', '0', '0', '0', NULL, '0', '0', '0', '0', '0', '0', '0', '0', '0', '0'),
('30', '41', '0', '46', '92', '2017-07-22', '0000-00-00', 'CPV023/2017', '0', '0', '133026', '0', '0', '0', '0', '0', '0', '0', '1', '0', '0', '0', NULL, '0', '0', '0', '0', '0', '0', '0', '0', '0', '0'),
('1', '42', '0', '22', '44', '2017-07-21', '0000-00-00', 'CRV001/2017', '0', '0', '75000', '0', '0', '0', '0', '0', '0', '0', '1', '0', '0', '0', NULL, '0', '0', '0', '0', '0', '0', '0', '0', '0', '0'),
('2', '42', '0', '31', '62', '2017-07-21', '0000-00-00', 'CRV002/2017', '0', '0', '410000', '0', '0', '0', '0', '0', '0', '0', '1', '0', '0', '0', NULL, '0', '0', '0', '0', '0', '0', '0', '0', '0', '0'),
('3', '42', '0', '41', '82', '2017-07-21', '0000-00-00', 'CRV003/2017', '0', '0', '800000', '0', '0', '0', '0', '0', '0', '0', '1', '0', '0', '0', NULL, '0', '0', '0', '0', '0', '0', '0', '0', '0', '0'),
('4', '42', '0', '46', '92', '2017-07-21', '0000-00-00', 'CRV004/2017', '0', '0', '3300000', '0', '0', '0', '0', '0', '0', '0', '1', '0', '0', '0', NULL, '0', '0', '0', '0', '0', '0', '0', '0', '0', '0'),
('5', '42', '0', '9', '19', '2017-07-21', '0000-00-00', 'CRV005/2017', '0', '0', '500000', '0', '0', '0', '0', '0', '0', '0', '1', '0', '0', '0', NULL, '0', '0', '0', '0', '0', '0', '0', '0', '0', '0'),
('6', '42', '0', '40', '80', '2017-07-21', '0000-00-00', 'CRV006/2017', '0', '0', '245', '0', '0', '0', '0', '0', '0', '0', '1', '0', '0', '0', NULL, '0', '0', '0', '0', '0', '0', '0', '0', '0', '0'),
('7', '42', '0', '40', '80', '2017-07-21', '0000-00-00', 'CRV007/2017', '0', '0', '4438', '0', '0', '0', '0', '0', '0', '0', '1', '0', '0', '0', NULL, '0', '0', '0', '0', '0', '0', '0', '0', '0', '0'),
('8', '42', '0', '40', '80', '2017-07-21', '0000-00-00', 'CRV008/2017', '0', '0', '1150', '0', '0', '0', '0', '0', '0', '0', '1', '0', '0', '0', NULL, '0', '0', '0', '0', '0', '0', '0', '0', '0', '0'),
('9', '42', '0', '40', '80', '2017-07-21', '0000-00-00', 'CRV009/2017', '0', '0', '4923', '0', '0', '0', '0', '0', '0', '0', '1', '0', '0', '0', NULL, '0', '0', '0', '0', '0', '0', '0', '0', '0', '0'),
('10', '42', '0', '16', '34', '2017-07-21', '0000-00-00', 'CRV010/2017', '0', '0', '600000', '0', '0', '0', '0', '0', '0', '0', '1', '0', '0', '0', NULL, '0', '0', '0', '0', '0', '0', '0', '0', '0', '0'),
('11', '42', '0', '40', '80', '2017-07-21', '0000-00-00', 'CRV011/2017', '0', '0', '7452', '0', '0', '0', '0', '0', '0', '0', '1', '0', '0', '0', NULL, '0', '0', '0', '0', '0', '0', '0', '0', '0', '0'),
('12', '42', '0', '40', '80', '2017-07-21', '0000-00-00', 'CRV012/2017', '0', '0', '1600', '0', '0', '0', '0', '0', '0', '0', '1', '0', '0', '0', NULL, '0', '0', '0', '0', '0', '0', '0', '0', '0', '0'),
('13', '42', '0', '40', '80', '2017-07-21', '0000-00-00', 'CRV013/2017', '0', '0', '200', '0', '0', '0', '0', '0', '0', '0', '1', '0', '0', '0', NULL, '0', '0', '0', '0', '0', '0', '0', '0', '0', '0'),
('14', '42', '0', '40', '80', '2017-07-21', '0000-00-00', 'CRV014/2017', '0', '0', '2920', '0', '0', '0', '0', '0', '0', '0', '1', '0', '0', '0', NULL, '0', '0', '0', '0', '0', '0', '0', '0', '0', '0'),
('15', '42', '0', '40', '80', '2017-07-21', '0000-00-00', 'CRV015/2017', '0', '0', '1110000', '0', '0', '0', '0', '0', '0', '0', '1', '0', '0', '0', NULL, '0', '0', '0', '0', '0', '0', '0', '0', '0', '0'),
('16', '42', '0', '10', '20', '2017-07-22', '0000-00-00', 'CRV016/2017', '0', '0', '100000', '0', '0', '0', '0', '0', '0', '0', '1', '0', '0', '0', NULL, '0', '0', '0', '0', '0', '0', '0', '0', '0', '0'),
('17', '42', '0', '7', '14', '2017-07-22', '0000-00-00', 'CRV017/2017', '0', '0', '3300', '0', '0', '0', '0', '0', '0', '0', '1', '0', '0', '0', NULL, '0', '0', '0', '0', '0', '0', '0', '0', '0', '0'),
('18', '42', '0', '49', '101', '2017-07-22', '0000-00-00', 'CRV018/2017', '0', '0', '4336', '0', '0', '0', '0', '0', '0', '0', '1', '0', '0', '0', NULL, '0', '0', '0', '0', '0', '0', '0', '0', '0', '0'),
('19', '42', '0', '29', '58', '2017-07-22', '0000-00-00', 'CRV019/2017', '0', '0', '105000', '0', '0', '0', '0', '0', '0', '0', '1', '0', '0', '0', NULL, '0', '0', '0', '0', '0', '0', '0', '0', '0', '0'),
('20', '42', '0', '4', '9', '2017-07-22', '0000-00-00', 'CRV020/2017', '0', '0', '380000', '0', '0', '0', '0', '0', '0', '0', '1', '0', '0', '0', NULL, '0', '0', '0', '0', '0', '0', '0', '0', '0', '0'),
('21', '42', '0', '39', '78', '2017-07-22', '0000-00-00', 'CRV021/2017', '0', '0', '415000', '0', '0', '0', '0', '0', '0', '0', '1', '0', '0', '0', NULL, '0', '0', '0', '0', '0', '0', '0', '0', '0', '0'),
('22', '42', '0', '22', '44', '2017-07-22', '0000-00-00', 'CRV022/2017', '0', '0', '73000', '0', '0', '0', '0', '0', '0', '0', '1', '0', '0', '0', NULL, '0', '0', '0', '0', '0', '0', '0', '0', '0', '0'),
('23', '42', '0', '33', '66', '2017-07-22', '0000-00-00', 'CRV023/2017', '0', '0', '79000', '0', '0', '0', '0', '0', '0', '0', '1', '0', '0', '0', NULL, '0', '0', '0', '0', '0', '0', '0', '0', '0', '0'),
('24', '42', '0', '5', '11', '2017-07-22', '0000-00-00', 'CRV024/2017', '0', '0', '79000', '0', '0', '0', '0', '0', '0', '0', '1', '0', '0', '0', NULL, '0', '0', '0', '0', '0', '0', '0', '0', '0', '0'),
('25', '42', '0', '40', '80', '2017-07-22', '0000-00-00', 'CRV025/2017', '0', '0', '471346', '0', '0', '0', '0', '0', '0', '0', '1', '0', '0', '0', NULL, '0', '0', '0', '0', '0', '0', '0', '0', '0', '0'),
('26', '42', '0', '40', '80', '2017-07-22', '0000-00-00', 'CRV026/2017', '0', '0', '1640000', '0', '0', '0', '0', '0', '0', '0', '1', '0', '0', '0', NULL, '0', '0', '0', '0', '0', '0', '0', '0', '0', '0');

### Structure of table `0_debtor_trans_details` ###

DROP TABLE IF EXISTS `0_debtor_trans_details`;

CREATE TABLE `0_debtor_trans_details` (
  `id` int(11) NOT NULL AUTO_INCREMENT,
  `debtor_trans_no` int(11) DEFAULT NULL,
  `debtor_trans_type` int(11) DEFAULT NULL,
  `stock_id` varchar(20) COLLATE utf8_unicode_ci NOT NULL DEFAULT '',
  `description` tinytext COLLATE utf8_unicode_ci,
  `unit_price` double NOT NULL DEFAULT '0',
  `unit_tax` double NOT NULL DEFAULT '0',
  `quantity` double NOT NULL DEFAULT '0',
  `discount_percent` double NOT NULL DEFAULT '0',
  `standard_cost` double NOT NULL DEFAULT '0',
  `qty_done` double NOT NULL DEFAULT '0',
  `src_id` int(11) NOT NULL,
  PRIMARY KEY (`id`),
  KEY `Transaction` (`debtor_trans_type`,`debtor_trans_no`),
  KEY `src_id` (`src_id`)
) ENGINE=InnoDB AUTO_INCREMENT=103 DEFAULT CHARSET=utf8 COLLATE=utf8_unicode_ci ;

### Data of table `0_debtor_trans_details` ###

INSERT INTO `0_debtor_trans_details` VALUES
('1', '1', '13', 'ob', 'Opening Balance', '257646', '0', '1', '0', '0', '1', '1'),
('2', '1', '10', 'ob', 'Opening Balance', '257646', '0', '1', '0', '0', '0', '1'),
('3', '2', '13', 'ob', 'Opening Balance', '167851', '0', '1', '0', '0', '1', '3'),
('4', '2', '10', 'ob', 'Opening Balance', '167851', '0', '1', '0', '0', '0', '3'),
('5', '3', '13', 'ob', 'Opening Balance', '125550', '0', '1', '0', '0', '1', '4'),
('6', '3', '10', 'ob', 'Opening Balance', '125550', '0', '1', '0', '0', '0', '5'),
('7', '4', '13', 'ob', 'Opening Balance', '240050', '0', '1', '0', '0', '1', '5'),
('8', '4', '10', 'ob', 'Opening Balance', '240050', '0', '1', '0', '0', '0', '7'),
('9', '5', '13', 'ob', 'Opening Balance', '764260', '0', '1', '0', '0', '1', '6'),
('10', '5', '10', 'ob', 'Opening Balance', '764260', '0', '1', '0', '0', '0', '9'),
('11', '6', '13', 'ob', 'Opening Balance', '0', '0', '0', '0', '0', '1', '0'),
('12', '6', '10', 'ob', 'Opening Balance', '0', '0', '0', '0', '0', '0', '0'),
('13', '7', '13', 'ob', 'Opening Balance', '50000', '0', '1', '0', '0', '1', '8'),
('14', '7', '10', 'ob', 'Opening Balance', '50000', '0', '1', '0', '0', '0', '13'),
('15', '8', '13', 'ob', 'Opening Balance', '342064', '0', '1', '0', '0', '1', '9'),
('16', '8', '10', 'ob', 'Opening Balance', '342064', '0', '1', '0', '0', '0', '15'),
('17', '9', '13', 'ob', 'Opening Balance', '7330', '0', '1', '0', '0', '1', '10'),
('18', '9', '10', 'ob', 'Opening Balance', '7330', '0', '1', '0', '0', '0', '17'),
('19', '10', '13', 'ob', 'Opening Balance', '157974', '0', '1', '0', '0', '1', '11'),
('20', '10', '10', 'ob', 'Opening Balance', '157974', '0', '1', '0', '0', '0', '19'),
('21', '11', '13', 'ob', 'Opening Balance', '2373068', '0', '1', '0', '0', '1', '12'),
('22', '11', '10', 'ob', 'Opening Balance', '2373068', '0', '1', '0', '0', '0', '21'),
('23', '12', '13', 'ob', 'Opening Balance', '19990', '0', '1', '0', '0', '1', '13'),
('24', '12', '10', 'ob', 'Opening Balance', '19990', '0', '1', '0', '0', '0', '23'),
('25', '13', '13', 'ob', 'Opening Balance', '151280', '0', '1', '0', '0', '1', '14'),
('26', '13', '10', 'ob', 'Opening Balance', '151280', '0', '1', '0', '0', '0', '25'),
('27', '14', '13', 'ob', 'Opening Balance', '93370', '0', '1', '0', '0', '1', '15'),
('28', '14', '10', 'ob', 'Opening Balance', '93370', '0', '1', '0', '0', '0', '27'),
('29', '15', '13', 'ob', 'Opening Balance', '17980', '0', '1', '0', '0', '1', '16'),
('30', '15', '10', 'ob', 'Opening Balance', '17980', '0', '1', '0', '0', '0', '29'),
('31', '16', '13', 'ob', 'Opening Balance', '7555', '0', '1', '0', '0', '1', '17'),
('32', '16', '10', 'ob', 'Opening Balance', '7555', '0', '1', '0', '0', '0', '31'),
('33', '17', '13', 'ob', 'Opening Balance', '899980', '0', '1', '0', '0', '1', '18'),
('34', '17', '10', 'ob', 'Opening Balance', '899980', '0', '1', '0', '0', '0', '33'),
('35', '18', '13', 'ob', 'Opening Balance', '46448', '0', '1', '0', '0', '1', '19'),
('36', '18', '10', 'ob', 'Opening Balance', '46448', '0', '1', '0', '0', '0', '35'),
('37', '19', '13', 'ob', 'Opening Balance', '1928400', '0', '1', '0', '0', '1', '20'),
('38', '19', '10', 'ob', 'Opening Balance', '1928400', '0', '1', '0', '0', '0', '37'),
('39', '20', '13', 'ob', 'Opening Balance', '1081180', '0', '1', '0', '0', '1', '21'),
('40', '20', '10', 'ob', 'Opening Balance', '1081180', '0', '1', '0', '0', '0', '39'),
('41', '21', '13', 'ob', 'Opening Balance', '230299', '0', '1', '0', '0', '1', '22'),
('42', '21', '10', 'ob', 'Opening Balance', '230299', '0', '1', '0', '0', '0', '41'),
('43', '22', '13', 'ob', 'Opening Balance', '420276', '0', '1', '0', '0', '1', '23'),
('44', '22', '10', 'ob', 'Opening Balance', '420276', '0', '1', '0', '0', '0', '43'),
('45', '23', '13', 'ob', 'Opening Balance', '19450', '0', '1', '0', '0', '1', '24'),
('46', '23', '10', 'ob', 'Opening Balance', '19450', '0', '1', '0', '0', '0', '45'),
('47', '24', '13', 'ob', 'Opening Balance', '60440', '0', '1', '0', '0', '1', '25'),
('48', '24', '10', 'ob', 'Opening Balance', '60440', '0', '1', '0', '0', '0', '47'),
('49', '25', '13', 'ob', 'Opening Balance', '7041', '0', '1', '0', '0', '1', '26'),
('50', '25', '10', 'ob', 'Opening Balance', '7041', '0', '1', '0', '0', '0', '49'),
('51', '26', '13', 'ob', 'Opening Balance', '18130', '0', '1', '0', '0', '1', '27'),
('52', '26', '10', 'ob', 'Opening Balance', '18130', '0', '1', '0', '0', '0', '51'),
('53', '27', '13', 'ob', 'Opening Balance', '70140', '0', '1', '0', '0', '1', '28'),
('54', '27', '10', 'ob', 'Opening Balance', '70140', '0', '1', '0', '0', '0', '53'),
('55', '28', '13', 'ob', 'Opening Balance', '345550', '0', '1', '0', '0', '1', '29'),
('56', '28', '10', 'ob', 'Opening Balance', '345550', '0', '1', '0', '0', '0', '55'),
('57', '29', '13', 'ob', 'Opening Balance', '112300', '0', '1', '0', '0', '1', '30'),
('58', '29', '10', 'ob', 'Opening Balance', '112300', '0', '1', '0', '0', '0', '57'),
('59', '30', '13', 'ob', 'Opening Balance', '100', '0', '1', '0', '0', '1', '31'),
('60', '30', '10', 'ob', 'Opening Balance', '100', '0', '1', '0', '0', '0', '59'),
('61', '1', '11', 'ob', 'Opening Balance', '285164', '0', '1', '0', '0', '0', '0'),
('62', '2', '11', 'ob', 'Opening Balance', '0', '0', '0', '0', '0', '0', '0'),
('63', '3', '11', 'ob', 'Opening Balance', '91000', '0', '1', '0', '0', '0', '0'),
('64', '4', '11', 'ob', 'Opening Balance', '0', '0', '0', '0', '0', '0', '0'),
('65', '5', '11', 'ob', 'Opening Balance', '0', '0', '0', '0', '0', '0', '0'),
('66', '6', '11', 'ob', 'Opening Balance', '0', '0', '0', '0', '0', '0', '0'),
('67', '7', '11', 'ob', 'Opening Balance', '0', '0', '0', '0', '0', '0', '0'),
('68', '31', '13', 'ob', 'Opening Balance', '11410749', '0', '1', '0', '0', '1', '32'),
('69', '31', '10', 'ob', 'Opening Balance', '11410749', '0', '1', '0', '0', '0', '68'),
('70', '8', '11', 'ob', 'Opening Balance', '3900404', '0', '1', '0', '0', '0', '0'),
('71', '32', '13', '10001', 'HSD', '77.72', '0', '20000', '0', '76.8342857143', '20000', '33'),
('72', '32', '10', '10001', 'HSD', '77.72', '0', '20000', '0', '76.8342857143', '0', '71'),
('73', '33', '13', '10002', 'PMG', '68.69', '0', '5000', '0', '68.4925', '5000', '34'),
('74', '33', '10', '10002', 'PMG', '68.69', '0', '5000', '0', '68.4925', '0', '73'),
('75', '34', '13', '10002', 'PMG', '68.69', '0', '10000', '0', '68.4925', '10000', '35'),
('76', '34', '13', '10002', 'PMG', '68.69', '0', '2000', '0', '68.4925', '2000', '36'),
('77', '34', '13', '10001', 'HSD', '77.72', '0', '2000', '0', '76.8342857143', '2000', '37'),
('78', '34', '10', '10002', 'PMG', '68.69', '0', '10000', '0', '68.4925', '0', '75'),
('79', '34', '10', '10002', 'PMG', '68.69', '0', '2000', '0', '68.4925', '0', '76'),
('80', '34', '10', '10001', 'HSD', '77.72', '0', '2000', '0', '76.8342857143', '0', '77'),
('81', '35', '13', '10002', 'PMG', '68.69', '0', '2000', '0', '68.4925', '2000', '38'),
('82', '35', '13', '10001', 'HSD', '77.72', '0', '3000', '0', '76.8342857143', '3000', '39'),
('83', '35', '10', '10002', 'PMG', '68.69', '0', '2000', '0', '68.4925', '0', '81'),
('84', '35', '10', '10001', 'HSD', '77.72', '0', '3000', '0', '76.8342857143', '0', '82'),
('85', '36', '13', '10002', 'PMG', '68.69', '0', '3000', '0', '68.4925', '3000', '40'),
('86', '36', '13', '10001', 'HSD', '77.72', '0', '2000', '0', '76.8342857143', '2000', '41'),
('87', '36', '10', '10002', 'PMG', '68.69', '0', '3000', '0', '68.4925', '0', '85'),
('88', '36', '10', '10001', 'HSD', '77.72', '0', '2000', '0', '76.8342857143', '0', '86'),
('89', '37', '13', '10001', 'HSD', '77.72', '0', '3000', '0', '76.8342857143', '3000', '42'),
('90', '37', '13', '10002', 'PMG', '68.69', '0', '3000', '0', '68.4925', '3000', '43'),
('91', '37', '10', '10001', 'HSD', '77.72', '0', '3000', '0', '76.8342857143', '0', '89'),
('92', '37', '10', '10002', 'PMG', '68.69', '0', '3000', '0', '68.4925', '0', '90'),
('93', '38', '13', '10001', 'HSD', '77.72', '0', '5000', '0', '76.8342857143', '5000', '44'),
('94', '38', '13', '10002', 'PMG', '68.69', '0', '5000', '0', '68.4925', '5000', '45'),
('95', '38', '10', '10001', 'HSD', '77.72', '0', '5000', '0', '76.8342857143', '0', '93'),
('96', '38', '10', '10002', 'PMG', '68.69', '0', '5000', '0', '68.4925', '0', '94'),
('97', '39', '13', 'ob', 'Opening Balance', '176083', '0', '1', '0', '0', '1', '46'),
('98', '39', '10', 'ob', 'Opening Balance', '176083', '0', '1', '0', '0', '0', '97'),
('99', '40', '13', 'ob', 'Opening Balance', '75000', '0', '1', '0', '0', '1', '47'),
('100', '40', '10', 'ob', 'Opening Balance', '75000', '0', '1', '0', '0', '0', '99'),
('101', '41', '13', 'ob', 'Opening Balance', '18978', '0', '1', '0', '0', '1', '48'),
('102', '41', '10', 'ob', 'Opening Balance', '18978', '0', '1', '0', '0', '0', '101');

### Structure of table `0_debtors_master` ###

DROP TABLE IF EXISTS `0_debtors_master`;

CREATE TABLE `0_debtors_master` (
  `debtor_no` int(11) NOT NULL AUTO_INCREMENT,
  `name` varchar(100) COLLATE utf8_unicode_ci NOT NULL DEFAULT '',
  `debtor_ref` varchar(30) COLLATE utf8_unicode_ci NOT NULL,
  `address` tinytext COLLATE utf8_unicode_ci,
  `tax_id` varchar(55) COLLATE utf8_unicode_ci NOT NULL DEFAULT '',
  `ntn_no` varchar(55) COLLATE utf8_unicode_ci NOT NULL,
  `curr_code` char(3) COLLATE utf8_unicode_ci NOT NULL DEFAULT '',
  `sales_type` int(11) NOT NULL DEFAULT '1',
  `dimension_id` int(11) NOT NULL DEFAULT '0',
  `dimension2_id` int(11) NOT NULL DEFAULT '0',
  `credit_status` int(11) NOT NULL DEFAULT '0',
  `payment_terms` int(11) DEFAULT NULL,
  `discount` double NOT NULL DEFAULT '0',
  `pymt_discount` double NOT NULL DEFAULT '0',
  `credit_limit` float NOT NULL DEFAULT '1000',
  `notes` tinytext COLLATE utf8_unicode_ci NOT NULL,
  `inactive` tinyint(1) NOT NULL DEFAULT '0',
  PRIMARY KEY (`debtor_no`),
  UNIQUE KEY `debtor_ref` (`debtor_ref`),
  KEY `name` (`name`)
) ENGINE=InnoDB AUTO_INCREMENT=50 DEFAULT CHARSET=utf8 COLLATE=utf8_unicode_ci ;

### Data of table `0_debtors_master` ###

INSERT INTO `0_debtors_master` VALUES
('1', 'Test Customer', 'Test Customer', 'Vehari', '', '', 'PKR', '1', '0', '0', '1', '1', '0', '0', '0', '', '0'),
('4', 'NAWAB P/S', 'Nawab ps  jamlaira', NULL, '', '', 'PKR', '1', '0', '0', '1', '1', '0', '0', '200000', '', '0'),
('5', 'ALTAF  HUSSAIN AGNCY', 'Altaf hussain', 'Pull Garder Vehari ', '', '', 'PKR', '1', '0', '0', '1', '1', '0', '0', '0', '', '0'),
('6', 'Al FATEH  P/S', 'Al Fateh  HOC', NULL, '', '', 'PKR', '1', '0', '0', '1', '1', '0', '0', '0', '', '0'),
('7', 'AL MADINA  HOC', 'Al Madina Kabirwla', ' Chichawatni Road Ghaziabad', '', '', 'PKR', '1', '0', '0', '1', '1', '0', '0', '0', '', '0'),
('8', 'Al BARKAT HOC', 'AL Barkat ghaziabad', 'Chichawatni  Road Ghaziabad', '', '', 'PKR', '1', '0', '0', '1', '1', '0', '0', '0', '', '0'),
('9', 'Al HAJJ PS(HOC)', 'Al hajj ps', 'DAKOTA', '', '', 'PKR', '1', '0', '0', '1', '1', '0', '0', '0', '', '0'),
('10', 'HAFIZ PS', 'Hafiz ps 48', '48 Pull  Vehari', '', '', 'PKR', '1', '0', '0', '1', '1', '0', '0', '0', '', '0'),
('11', 'HUSSAN SOHAIL HOC', 'Hussan Sohail ', 'Pull bagarr', '', '', 'PKR', '1', '0', '0', '1', '1', '0', '0', '0', '', '0'),
('12', 'DEOL Brothers (HOC)', 'Deol brothers', '9 dhobian', '', '', 'PKR', '1', '0', '0', '1', '1', '0', '0', '0', '', '0'),
('13', 'DUBAI P/S', 'Dubai p/s  Dhrnwla', 'Dharanwla ', '', '', 'PKR', '1', '0', '0', '1', '1', '0', '0', '0', '', '0'),
('14', 'RAFIQ Pakhimor  (Agncy)', 'Rafiq Pakhimor ', 'Burewla Road Adda Pakhimor', '', '', 'PKR', '1', '0', '0', '1', '1', '0', '0', '0', '', '0'),
('15', 'SALEEM P/S (HOC)', 'Saleem p/s  sahoka', 'Sahooka  Burewala', '', '', 'PKR', '1', '0', '0', '1', '1', '0', '0', '0', '', '0'),
('16', 'SATLUJJ P/S', 'Satlujj ps luddun', 'Hasilpur  Road Luddun', '', '', 'PKR', '1', '0', '0', '1', '1', '0', '0', '0', '', '0'),
('17', 'CITY P/S  (HOC)', 'City ps thengi', 'Multan Road Adda Thengi', '', '', 'PKR', '1', '0', '0', '1', '1', '0', '0', '0', '', '0'),
('18', 'SAWERA  P/S (HOC)', 'Sawera ps', 'LAIQUAT PUR', '', '', 'PKR', '1', '0', '0', '1', '1', '0', '0', '0', '', '0'),
('19', 'SARWAR P/S (HOC)', 'Sarwer ps (50)', 'CHAK  # 50', '', '', 'PKR', '1', '0', '0', '1', '1', '0', '0', '0', '', '0'),
('20', 'SHELL PAKISTAN', 'Shell Pakistan', 'SHELL PAKISTAN LIMITED .', '', '', 'PKR', '1', '0', '0', '1', '1', '0', '0', '0', '', '1'),
('21', 'SHOKAT SEHAR (PSO)', 'Shokat  Sehar PSO', '27 bhatta  (sehran wla)', '', '', 'PKR', '1', '0', '0', '1', '1', '0', '0', '0', '', '0'),
('22', 'KAZIM SHAH', 'KAZIM SHAH', 'KAZIM SHAH', '', '', 'PKR', '1', '0', '0', '1', '1', '0', '0', '0', '', '0'),
('23', 'RANA AMJAD', 'RANA AMJAD', 'RANA AMJAD', '', '', 'PKR', '1', '0', '0', '1', '1', '0', '0', '0', '', '0'),
('24', 'BAGHAA  Hasilpur', 'BAGHAA  Hasilpur', '  Hasilpur City', '', '', 'PKR', '1', '0', '0', '1', '1', '0', '0', '0', '', '0'),
('25', 'Sharaft Bhatti', 'Sharaft Bhatti', 'Sharaft Bhatti', '', '', 'PKR', '1', '0', '0', '1', '1', '0', '0', '0', '', '0'),
('26', 'TAHIR IQBAL', 'TAHIR IQBAL', NULL, '', '', 'PKR', '1', '0', '0', '1', '1', '0', '0', '0', '', '0'),
('27', 'ARBAIEN P/S', 'ARBAIEN P/S', 'BHAWALPUR', '', '', 'PKR', '1', '0', '0', '1', '1', '0', '0', '0', '', '0'),
('28', 'IBAD UR REHMAN', 'IBAD UR REHMAN', 'MANA  MOR  BUREWLA', '', '', 'PKR', '1', '0', '0', '1', '1', '0', '0', '0', '', '0'),
('29', 'ABDUL JIBBAR', 'ABDUL JIBBAR', 'Shalli gharbi Hasilpur', '', '', 'PKR', '1', '0', '0', '1', '1', '0', '0', '0', '', '0'),
('30', 'ABDUL LATIF (KALASRA)', 'ABDUL LATIF (KALASRA)', 'QASBA GUJRAT ', '', '', 'PKR', '1', '0', '0', '1', '1', '0', '0', '0', '', '0'),
('31', 'IRFAN (BHAWALNAGER)', 'IRFAN (BHAWALNAGER)', 'BHAWALNAGER', '', '', 'PKR', '1', '0', '0', '1', '1', '0', '0', '0', '', '0'),
('32', 'GHULAM YASEEN(BAGH ARAIAN)', 'GHULAM YASEEN(BAGH ARAIAN)', '(BAGH ARAIAN)', '', '', 'PKR', '1', '0', '0', '1', '1', '0', '0', '0', '', '0'),
('33', 'FAZAL KHAN ', 'FAZAL KHAN', 'SADDIQ ABAD', '', '', 'PKR', '1', '0', '0', '1', '1', '0', '0', '0', '', '0'),
('34', 'QARI P/S', 'QARI P/S', 'JALAL PUR', '', '', 'PKR', '1', '0', '0', '1', '1', '0', '0', '0', '', '0'),
('35', 'MAKHAN P/S ', 'MAKHAN P/S', 'ADDA QUATER', '', '', 'PKR', '1', '0', '0', '1', '1', '0', '0', '0', '', '0'),
('36', 'NAWAB KHAN ', 'NAWAB KHAN ', 'PULL GARDER', '', '', 'PKR', '1', '0', '0', '1', '1', '0', '0', '0', '', '0'),
('37', 'NABEEL AKBER', 'NABEEL AKBER', '37 PHATAK', '', '', 'PKR', '1', '0', '0', '1', '1', '0', '0', '0', '', '0'),
('38', 'NAWAB SONS', 'NAWAB SONS', 'MIAN CHANNU  ROAD  35 MOR', '', '', 'PKR', '1', '0', '0', '1', '1', '0', '0', '0', '', '0'),
('39', 'WATOO P/S', 'WATOO P/S', 'JAMLAIRA ROAD MANA MOR ', '', '', 'PKR', '1', '0', '0', '1', '1', '0', '0', '0', '', '0'),
('40', 'VEHARI P/S', 'VEHARI P/S', 'VEHARI P/S BUREWLA ROAD', '', '', 'PKR', '1', '0', '0', '1', '1', '0', '0', '0', '', '0'),
('41', 'FRIENDS P/S (Khanewal)', 'FRIENDS P/S', '(Khanewal)', '', '', 'PKR', '1', '0', '0', '1', '1', '0', '0', '0', '', '0'),
('42', 'NADIR F/S ', 'NADIR F/S ', 'MIAN CHANNU ROAD CHAK 55', '', '', 'PKR', '1', '0', '0', '1', '1', '0', '0', '0', '', '0'),
('43', 'HAROON ABAD', 'HAROON ABAD', 'HAROON ABAD', '', '', 'PKR', '1', '0', '0', '1', '1', '0', '0', '0', '', '1'),
('44', 'SHELL PAKISTAN LIMITED', 'SPL Ltd', 'SHELL  PAKISTAN', '', '', 'PKR', '1', '0', '0', '1', '1', '0', '0', '0', '', '0'),
('45', 'HORIZON OIL COMPANY', 'HOC', 'HORIZON OIL COMPANY  VEHARI ', '', '', 'PKR', '1', '0', '0', '1', '1', '0', '0', '0', '', '1'),
('46', 'ZAMINDARA OIL CO', 'ZAMINDARA OIL CO', 'SHAHEEN MARKET VEHARI', '', '', 'PKR', '1', '0', '0', '1', '1', '0', '0', '0', '', '0'),
('47', 'FOJI OIL (KHANPUR)', 'FOJI OIL (KHANPUR)', ' (KHANPUR)', '', '', 'PKR', '1', '0', '0', '1', '1', '0', '0', '0', '', '0'),
('48', 'LALAN WALA PS', 'LALAN WALA PS', 'BUREWALA', '', '', 'PKR', '1', '0', '0', '1', '1', '0', '0', '0', '', '0'),
('49', 'NUMAN P/S', 'NUMAN P/S', 'GHARA MOR VEHARI', '', '', 'PKR', '1', '0', '0', '1', '1', '0', '0', '0', '', '0');

### Structure of table `0_dimensions` ###

DROP TABLE IF EXISTS `0_dimensions`;

CREATE TABLE `0_dimensions` (
  `id` int(11) NOT NULL AUTO_INCREMENT,
  `reference` varchar(60) COLLATE utf8_unicode_ci NOT NULL DEFAULT '',
  `name` varchar(60) COLLATE utf8_unicode_ci NOT NULL DEFAULT '',
  `type_` tinyint(1) NOT NULL DEFAULT '1',
  `closed` tinyint(1) NOT NULL DEFAULT '0',
  `date_` date NOT NULL DEFAULT '0000-00-00',
  `due_date` date NOT NULL DEFAULT '0000-00-00',
  PRIMARY KEY (`id`),
  UNIQUE KEY `reference` (`reference`),
  KEY `date_` (`date_`),
  KEY `due_date` (`due_date`),
  KEY `type_` (`type_`)
) ENGINE=InnoDB DEFAULT CHARSET=utf8 COLLATE=utf8_unicode_ci ;

### Data of table `0_dimensions` ###


### Structure of table `0_exchange_rates` ###

DROP TABLE IF EXISTS `0_exchange_rates`;

CREATE TABLE `0_exchange_rates` (
  `id` int(11) NOT NULL AUTO_INCREMENT,
  `curr_code` char(3) COLLATE utf8_unicode_ci NOT NULL DEFAULT '',
  `rate_buy` double NOT NULL DEFAULT '0',
  `rate_sell` double NOT NULL DEFAULT '0',
  `date_` date NOT NULL DEFAULT '0000-00-00',
  PRIMARY KEY (`id`),
  UNIQUE KEY `curr_code` (`curr_code`,`date_`)
) ENGINE=InnoDB AUTO_INCREMENT=3 DEFAULT CHARSET=utf8 COLLATE=utf8_unicode_ci ;

### Data of table `0_exchange_rates` ###

INSERT INTO `0_exchange_rates` VALUES
('2', 'USD', '105', '105', '2017-02-17');

### Structure of table `0_fiscal_year` ###

DROP TABLE IF EXISTS `0_fiscal_year`;

CREATE TABLE `0_fiscal_year` (
  `id` int(11) NOT NULL AUTO_INCREMENT,
  `begin` date DEFAULT '0000-00-00',
  `end` date DEFAULT '0000-00-00',
  `closed` tinyint(1) NOT NULL DEFAULT '0',
  PRIMARY KEY (`id`),
  UNIQUE KEY `begin` (`begin`),
  UNIQUE KEY `end` (`end`)
) ENGINE=InnoDB AUTO_INCREMENT=4 DEFAULT CHARSET=utf8 COLLATE=utf8_unicode_ci ;

### Data of table `0_fiscal_year` ###

INSERT INTO `0_fiscal_year` VALUES
('1', '2015-07-01', '2016-06-30', '0'),
('2', '2016-07-01', '2017-06-30', '0'),
('3', '2017-07-01', '2018-06-30', '0');

### Structure of table `0_gl_trans` ###

DROP TABLE IF EXISTS `0_gl_trans`;

CREATE TABLE `0_gl_trans` (
  `counter` int(11) NOT NULL AUTO_INCREMENT,
  `type` smallint(6) NOT NULL DEFAULT '0',
  `type_no` int(11) NOT NULL DEFAULT '0',
  `tran_date` date NOT NULL DEFAULT '0000-00-00',
  `account` varchar(15) COLLATE utf8_unicode_ci NOT NULL DEFAULT '',
  `memo_` tinytext COLLATE utf8_unicode_ci NOT NULL,
  `amount` double NOT NULL DEFAULT '0',
  `dimension_id` int(11) NOT NULL DEFAULT '0',
  `dimension2_id` int(11) NOT NULL DEFAULT '0',
  `person_type_id` int(11) DEFAULT NULL,
  `person_id` tinyblob,
  PRIMARY KEY (`counter`),
  KEY `Type_and_Number` (`type`,`type_no`),
  KEY `dimension_id` (`dimension_id`),
  KEY `dimension2_id` (`dimension2_id`),
  KEY `tran_date` (`tran_date`),
  KEY `account_and_tran_date` (`account`,`tran_date`)
) ENGINE=InnoDB AUTO_INCREMENT=374 DEFAULT CHARSET=utf8 COLLATE=utf8_unicode_ci ;

### Data of table `0_gl_trans` ###

INSERT INTO `0_gl_trans` VALUES
('1', '10', '1', '2017-07-24', '4011', '', '0', '0', '0', NULL, NULL),
('2', '10', '1', '2017-07-24', '1013', '', '0', '0', '0', '2', '22'),
('3', '10', '2', '2017-07-24', '4011', '', '0', '0', '0', NULL, NULL),
('4', '10', '2', '2017-07-24', '1013', '', '0', '0', '0', '2', '23'),
('5', '10', '3', '2017-07-21', '4011', '', '-125550', '0', '0', NULL, NULL),
('6', '10', '3', '2017-07-21', '1013', '', '125550', '0', '0', '2', '7'),
('7', '10', '3', '2017-07-21', '2013', '', '0', '0', '0', NULL, NULL),
('8', '10', '4', '2017-07-21', '4011', '', '-240050', '0', '0', NULL, NULL),
('9', '10', '4', '2017-07-21', '1013', '', '240050', '0', '0', '2', '8'),
('10', '10', '4', '2017-07-21', '2013', '', '0', '0', '0', NULL, NULL),
('11', '10', '5', '2017-07-21', '4011', '', '-764260', '0', '0', NULL, NULL),
('12', '10', '5', '2017-07-21', '1013', '', '764260', '0', '0', '2', '9'),
('13', '10', '5', '2017-07-21', '2013', '', '0', '0', '0', NULL, NULL),
('14', '10', '6', '2017-07-21', '4011', '', '0', '0', '0', NULL, NULL),
('15', '10', '6', '2017-07-21', '1013', '', '0', '0', '0', '2', '11'),
('16', '10', '7', '2017-07-21', '4011', '', '-50000', '0', '0', NULL, NULL),
('17', '10', '7', '2017-07-21', '1013', '', '50000', '0', '0', '2', '24'),
('18', '10', '8', '2017-07-21', '4011', '', '-342064', '0', '0', NULL, NULL),
('19', '10', '8', '2017-07-21', '1013', '', '342064', '0', '0', '2', '12'),
('20', '10', '9', '2017-07-21', '4011', '', '-7330', '0', '0', NULL, NULL),
('21', '10', '9', '2017-07-21', '1013', '', '7330', '0', '0', '2', '14'),
('22', '10', '10', '2017-07-21', '4011', '', '-157974', '0', '0', NULL, NULL),
('23', '10', '10', '2017-07-21', '1013', '', '157974', '0', '0', '2', '15'),
('24', '10', '11', '2017-07-21', '4011', '', '-2373068', '0', '0', NULL, NULL),
('25', '10', '11', '2017-07-21', '1013', '', '2373068', '0', '0', '2', '16'),
('26', '10', '12', '2017-07-21', '4011', '', '-19990', '0', '0', NULL, NULL),
('27', '10', '12', '2017-07-21', '1013', '', '19990', '0', '0', '2', '19'),
('28', '10', '13', '2017-07-21', '4011', '', '-151280', '0', '0', NULL, NULL),
('29', '10', '13', '2017-07-21', '1013', '', '151280', '0', '0', '2', '21'),
('30', '10', '14', '2017-07-21', '4011', '', '-93370', '0', '0', NULL, NULL),
('31', '10', '14', '2017-07-21', '1013', '', '93370', '0', '0', '2', '25'),
('32', '10', '15', '2017-07-21', '4011', '', '-17980', '0', '0', NULL, NULL),
('33', '10', '15', '2017-07-21', '1013', '', '17980', '0', '0', '2', '26'),
('34', '10', '16', '2017-07-21', '4011', '', '-7555', '0', '0', NULL, NULL),
('35', '10', '16', '2017-07-21', '1013', '', '7555', '0', '0', '2', '27'),
('36', '10', '17', '2017-07-21', '4011', '', '-899980', '0', '0', NULL, NULL),
('37', '10', '17', '2017-07-21', '1013', '', '899980', '0', '0', '2', '28'),
('38', '10', '18', '2017-07-21', '4011', '', '-46448', '0', '0', NULL, NULL),
('39', '10', '18', '2017-07-21', '1013', '', '46448', '0', '0', '2', '29'),
('40', '10', '19', '2017-07-21', '4011', '', '-1928400', '0', '0', NULL, NULL),
('41', '10', '19', '2017-07-21', '1013', '', '1928400', '0', '0', '2', '30'),
('42', '10', '20', '2017-07-21', '4011', '', '-1081180', '0', '0', NULL, NULL),
('43', '10', '20', '2017-07-21', '1013', '', '1081180', '0', '0', '2', '31'),
('44', '10', '21', '2017-07-21', '4011', '', '-230299', '0', '0', NULL, NULL),
('45', '10', '21', '2017-07-21', '1013', '', '230299', '0', '0', '2', '32'),
('46', '10', '22', '2017-07-21', '4011', '', '-420276', '0', '0', NULL, NULL),
('47', '10', '22', '2017-07-21', '1013', '', '420276', '0', '0', '2', '33'),
('48', '10', '23', '2017-07-21', '4011', '', '-19450', '0', '0', NULL, NULL),
('49', '10', '23', '2017-07-21', '1013', '', '19450', '0', '0', '2', '34'),
('50', '10', '24', '2017-07-21', '4011', '', '-60440', '0', '0', NULL, NULL),
('51', '10', '24', '2017-07-21', '1013', '', '60440', '0', '0', '2', '35'),
('52', '10', '25', '2017-07-21', '4011', '', '-7041', '0', '0', NULL, NULL),
('53', '10', '25', '2017-07-21', '1013', '', '7041', '0', '0', '2', '36'),
('54', '10', '26', '2017-07-21', '4011', '', '-18130', '0', '0', NULL, NULL),
('55', '10', '26', '2017-07-21', '1013', '', '18130', '0', '0', '2', '37'),
('56', '10', '27', '2017-07-24', '4011', '', '0', '0', '0', NULL, NULL),
('57', '10', '27', '2017-07-24', '1013', '', '0', '0', '0', '2', '4'),
('58', '10', '27', '2017-07-24', '2013', '', '0', '0', '0', NULL, NULL),
('59', '10', '28', '2017-07-21', '4011', '', '-345550', '0', '0', NULL, NULL),
('60', '10', '28', '2017-07-21', '1013', '', '345550', '0', '0', '2', '38'),
('61', '10', '29', '2017-07-21', '4011', '', '-112300', '0', '0', NULL, NULL),
('62', '10', '29', '2017-07-21', '1013', '', '112300', '0', '0', '2', '39'),
('63', '10', '30', '2017-07-21', '4011', '', '-100', '0', '0', NULL, NULL),
('64', '10', '30', '2017-07-21', '1013', '', '100', '0', '0', '2', '11'),
('65', '11', '1', '2017-07-21', '4011', '', '285164', '0', '0', NULL, NULL),
('66', '11', '1', '2017-07-21', '1013', '', '-285164', '0', '0', '2', '10'),
('67', '11', '1', '2017-07-21', '2013', '', '0', '0', '0', NULL, NULL),
('68', '11', '2', '2017-07-21', '4011', '', '0', '0', '0', NULL, NULL),
('69', '11', '2', '2017-07-21', '1013', '', '0', '0', '0', '2', '33'),
('70', '11', '2', '2017-07-21', '', '', '0', '0', '0', NULL, NULL),
('71', '11', '3', '2017-07-21', '4011', '', '91000', '0', '0', NULL, NULL),
('72', '11', '3', '2017-07-21', '1013', '', '-91000', '0', '0', '2', '42'),
('73', '11', '3', '2017-07-21', '', '', '0', '0', '0', NULL, NULL),
('74', '11', '4', '2017-07-21', '4011', '', '0', '0', '0', NULL, NULL),
('75', '11', '4', '2017-07-21', '1013', '', '0', '0', '0', '2', '42'),
('76', '11', '4', '2017-07-21', '', '', '0', '0', '0', NULL, NULL),
('77', '11', '5', '2017-07-21', '4011', '', '0', '0', '0', NULL, NULL),
('78', '11', '5', '2017-07-21', '1013', '', '0', '0', '0', '2', '43'),
('79', '11', '5', '2017-07-21', '', '', '0', '0', '0', NULL, NULL),
('80', '11', '6', '2017-07-21', '4011', '', '0', '0', '0', NULL, NULL),
('81', '11', '6', '2017-07-21', '1013', '', '0', '0', '0', '2', '20'),
('82', '11', '6', '2017-07-21', '', '', '0', '0', '0', NULL, NULL),
('83', '11', '7', '2017-07-21', '4011', '', '0', '0', '0', NULL, NULL),
('84', '11', '7', '2017-07-21', '1013', '', '0', '0', '0', '2', '45'),
('85', '11', '7', '2017-07-21', '', '', '0', '0', '0', NULL, NULL),
('86', '42', '1', '2017-07-21', '10111', 'HBL ONLINE SHAHEEN MARKET', '-75000', '0', '0', NULL, NULL),
('87', '42', '1', '2017-07-21', '101001', '', '75000', '0', '0', NULL, NULL),
('88', '10', '31', '2017-07-21', '4011', '', '-11410749', '0', '0', NULL, NULL),
('89', '10', '31', '2017-07-21', '1013', '', '11410749', '0', '0', '2', '46'),
('90', '41', '1', '2017-07-24', '1013', 'SHAHEEN MARKET', '0', '0', '0', '2', '46'),
('91', '41', '1', '2017-07-24', '101001', '', '0', '0', '0', NULL, NULL),
('92', '42', '2', '2017-07-21', '1013', 'SHAHEEN MARKET ONLINE HBL', '-410000', '0', '0', '2', '31'),
('93', '42', '2', '2017-07-21', '101001', '', '410000', '0', '0', NULL, NULL),
('94', '11', '8', '2017-07-21', '4011', '', '3900404', '0', '0', NULL, NULL),
('95', '11', '8', '2017-07-21', '1013', '', '-3900404', '0', '0', '2', '41'),
('96', '11', '8', '2017-07-21', '', '', '0', '0', '0', NULL, NULL),
('97', '42', '3', '2017-07-21', '1013', 'SAHAHEEN MARKET', '-800000', '0', '0', '2', '41'),
('98', '42', '3', '2017-07-21', '101001', 'SAHAHEEN MARKET', '800000', '0', '0', NULL, NULL),
('99', '42', '4', '2017-07-21', '1013', 'TRANSFER TO HOC', '-3300000', '0', '0', '2', '46'),
('100', '42', '4', '2017-07-21', '101001', '', '3300000', '0', '0', NULL, NULL),
('101', '42', '5', '2017-07-21', '1013', 'SAHAHEEN MARKET', '-500000', '0', '0', '2', '9'),
('102', '42', '5', '2017-07-21', '101001', '', '500000', '0', '0', NULL, NULL),
('103', '41', '2', '2017-07-21', '1013', 'SAHAHEEN MARKET', '0', '0', '0', '2', '16'),
('104', '41', '2', '2017-07-21', '101001', '', '0', '0', '0', NULL, NULL),
('105', '20', '1', '2017-07-21', '2011', '', '0', '0', '0', '3', '2'),
('106', '20', '1', '2017-07-21', '5011', '', '0', '0', '0', NULL, NULL),
('107', '20', '2', '2017-07-21', '2011', '', '-10840189', '0', '0', '3', '2'),
('108', '20', '2', '2017-07-21', '5011', '', '10840189', '0', '0', NULL, NULL),
('109', '20', '3', '2017-07-21', '2011', '', '-776600', '0', '0', '3', '2'),
('110', '20', '3', '2017-07-21', '1021', '', '776600', '0', '0', NULL, NULL),
('111', '20', '4', '2017-07-21', '2011', '', '-1030350', '0', '0', '3', '5'),
('112', '20', '4', '2017-07-21', '1021', '', '1030350', '0', '0', NULL, NULL),
('113', '20', '5', '2017-07-21', '2011', '', '-388600', '0', '0', '3', '5'),
('114', '20', '5', '2017-07-21', '1021', '', '388600', '0', '0', NULL, NULL),
('115', '20', '6', '2017-07-21', '2011', '', '-1524000', '0', '0', '3', '3'),
('116', '20', '6', '2017-07-21', '1021', '', '1524000', '0', '0', NULL, NULL),
('117', '20', '7', '2017-07-21', '2011', '', '-339500', '0', '0', '3', '3'),
('118', '20', '7', '2017-07-21', '1021', '', '339500', '0', '0', NULL, NULL),
('119', '42', '6', '2017-07-21', '1013', 'SHELL CARD', '-245', '0', '0', '2', '40'),
('120', '42', '6', '2017-07-21', '101001', '', '245', '0', '0', NULL, NULL),
('121', '41', '3', '2017-07-21', '1013', 'SHELL CARD', '0', '0', '0', '2', '40'),
('122', '41', '3', '2017-07-21', '101001', '', '0', '0', '0', NULL, NULL),
('123', '42', '7', '2017-07-21', '1013', '7519 HSD', '-4438', '0', '0', '2', '40'),
('124', '42', '7', '2017-07-21', '101001', '', '4438', '0', '0', NULL, NULL),
('125', '41', '4', '2017-07-21', '1013', '7519 Tool plaza', '0', '0', '0', '2', '40'),
('126', '41', '4', '2017-07-21', '101001', '', '0', '0', '0', NULL, NULL),
('127', '42', '8', '2017-07-21', '1013', '7519 Bill', '-1150', '0', '0', '2', '40'),
('128', '42', '8', '2017-07-21', '101001', '', '1150', '0', '0', NULL, NULL),
('129', '41', '5', '2017-07-21', '1013', '1830 parco exps', '0', '0', '0', '2', '40'),
('130', '41', '5', '2017-07-21', '101001', '', '0', '0', '0', NULL, NULL),
('131', '42', '9', '2017-07-21', '1013', '1830 hsd', '-4923', '0', '0', '2', '40'),
('132', '42', '9', '2017-07-21', '101001', '', '4923', '0', '0', NULL, NULL),
('133', '41', '6', '2017-07-21', '1013', 'hbl hoc account payment', '0', '0', '0', '2', '40'),
('134', '41', '6', '2017-07-21', '101001', '', '0', '0', '0', NULL, NULL),
('135', '42', '10', '2017-07-21', '1013', 'online hbl', '-600000', '0', '0', '2', '16'),
('136', '42', '10', '2017-07-21', '101001', '', '600000', '0', '0', NULL, NULL),
('137', '42', '11', '2017-07-21', '1013', 'shell card', '-7452', '0', '0', '2', '40'),
('138', '42', '11', '2017-07-21', '101001', '', '7452', '0', '0', NULL, NULL),
('139', '42', '12', '2017-07-21', '1013', '5186 bill', '-1600', '0', '0', '2', '40'),
('140', '42', '12', '2017-07-21', '101001', '', '1600', '0', '0', NULL, NULL),
('141', '42', '13', '2017-07-21', '1013', 'tool plaza', '-200', '0', '0', '2', '40'),
('142', '42', '13', '2017-07-21', '101001', '', '200', '0', '0', NULL, NULL),
('143', '42', '14', '2017-07-21', '1013', '1830 exp', '-2920', '0', '0', '2', '40'),
('144', '42', '14', '2017-07-21', '101001', '', '2920', '0', '0', NULL, NULL),
('145', '42', '15', '2017-07-21', '1013', 'hoc hbl payment', '-1110000', '0', '0', '2', '40'),
('146', '42', '15', '2017-07-21', '101001', '', '1110000', '0', '0', NULL, NULL),
('147', '41', '7', '2017-07-21', '1013', 'hbl ', '75000', '0', '0', '2', '46'),
('148', '41', '7', '2017-07-21', '101001', '', '-75000', '0', '0', NULL, NULL),
('149', '41', '8', '2017-07-21', '1013', 'hbl online', '410000', '0', '0', '2', '46'),
('150', '41', '8', '2017-07-21', '101001', '', '-410000', '0', '0', NULL, NULL),
('151', '41', '9', '2017-07-21', '1013', 'ubl ', '800000', '0', '0', '2', '46'),
('152', '41', '9', '2017-07-21', '101001', '', '-800000', '0', '0', NULL, NULL),
('153', '41', '10', '2017-07-24', '5011', '5186 rediator', '0', '0', '0', NULL, NULL),
('154', '41', '10', '2017-07-24', '101001', '', '0', '0', '0', NULL, NULL),
('155', '41', '11', '2017-07-21', '5011', 'hsd 7519 ', '4438', '0', '0', NULL, NULL),
('156', '41', '11', '2017-07-21', '101001', '', '-4438', '0', '0', NULL, NULL),
('157', '41', '12', '2017-07-21', '5011', 'toll hasil pur', '200', '0', '0', NULL, NULL),
('158', '41', '12', '2017-07-21', '101001', '', '-200', '0', '0', NULL, NULL),
('159', '41', '13', '2017-07-21', '5011', 'brake oil', '1150', '0', '0', NULL, NULL),
('160', '41', '13', '2017-07-21', '101001', '', '-1150', '0', '0', NULL, NULL),
('161', '41', '14', '2017-07-21', '2011', 'hbl', '3300000', '0', '0', '3', '2'),
('162', '41', '14', '2017-07-21', '101001', '', '-3300000', '0', '0', NULL, NULL),
('163', '41', '15', '2017-07-21', '5011', 'parco depo kharcha', '2920', '0', '0', NULL, NULL),
('164', '41', '15', '2017-07-21', '101001', '', '-2920', '0', '0', NULL, NULL),
('165', '41', '16', '2017-07-21', '5011', 'hsd 1830', '4923', '0', '0', NULL, NULL),
('166', '41', '16', '2017-07-21', '101001', '', '-4923', '0', '0', NULL, NULL),
('167', '41', '17', '2017-07-21', '2011', 'hbl online', '1110000', '0', '0', '3', '2'),
('168', '41', '17', '2017-07-21', '101001', '', '-1110000', '0', '0', NULL, NULL),
('169', '41', '18', '2017-07-21', '1013', 'ubl online', '500000', '0', '0', '2', '46'),
('170', '41', '18', '2017-07-21', '101001', '', '-500000', '0', '0', NULL, NULL),
('171', '41', '19', '2017-07-21', '1013', 'hbl ', '600000', '0', '0', '2', '46'),
('172', '41', '19', '2017-07-21', '101001', '', '-600000', '0', '0', NULL, NULL),
('173', '13', '32', '2017-07-21', '5011', '', '1536685.71', '0', '0', NULL, NULL),
('174', '13', '32', '2017-07-21', '1021', '', '-1536685.71', '0', '0', NULL, NULL),
('175', '10', '32', '2017-07-21', '4011', '', '-1554400', '0', '0', NULL, NULL),
('176', '10', '32', '2017-07-21', '1013', '', '1554400', '0', '0', '2', '41'),
('177', '13', '33', '2017-07-24', '5011', '', '342462.5', '0', '0', NULL, NULL),
('178', '13', '33', '2017-07-24', '1021', '', '-342462.5', '0', '0', NULL, NULL),
('179', '10', '33', '2017-07-24', '4011', '', '0', '0', '0', NULL, NULL),
('180', '10', '33', '2017-07-24', '1013', '', '0', '0', '0', '2', '41'),
('181', '13', '34', '2017-07-24', '5011', '', '684925', '0', '0', NULL, NULL),
('182', '13', '34', '2017-07-24', '1021', '', '-684925', '0', '0', NULL, NULL),
('183', '13', '34', '2017-07-24', '5011', '', '136985', '0', '0', NULL, NULL),
('184', '13', '34', '2017-07-24', '1021', '', '-136985', '0', '0', NULL, NULL),
('185', '13', '34', '2017-07-24', '5011', '', '153668.57', '0', '0', NULL, NULL),
('186', '13', '34', '2017-07-24', '1021', '', '-153668.57', '0', '0', NULL, NULL),
('187', '10', '34', '2017-07-24', '4011', '', '0', '0', '0', NULL, NULL),
('188', '10', '34', '2017-07-24', '4011', '', '0', '0', '0', NULL, NULL),
('189', '10', '34', '2017-07-24', '4011', '', '0', '0', '0', NULL, NULL),
('190', '10', '34', '2017-07-24', '1013', '', '0', '0', '0', '2', '40'),
('191', '13', '35', '2017-07-21', '5011', '', '136985', '0', '0', NULL, NULL),
('192', '13', '35', '2017-07-21', '1021', '', '-136985', '0', '0', NULL, NULL),
('193', '13', '35', '2017-07-21', '5011', '', '230502.86', '0', '0', NULL, NULL),
('194', '13', '35', '2017-07-21', '1021', '', '-230502.86', '0', '0', NULL, NULL),
('195', '10', '35', '2017-07-21', '4011', '', '-137380', '0', '0', NULL, NULL),
('196', '10', '35', '2017-07-21', '4011', '', '-233160', '0', '0', NULL, NULL),
('197', '10', '35', '2017-07-21', '1013', '', '375540', '0', '0', '2', '29'),
('198', '10', '35', '2017-07-21', '4021', '', '-5000', '0', '0', NULL, NULL),
('199', '13', '36', '2017-07-21', '5011', '', '205477.5', '0', '0', NULL, NULL),
('200', '13', '36', '2017-07-21', '1021', '', '-205477.5', '0', '0', NULL, NULL),
('201', '13', '36', '2017-07-21', '5011', '', '153668.57', '0', '0', NULL, NULL),
('202', '13', '36', '2017-07-21', '1021', '', '-153668.57', '0', '0', NULL, NULL),
('203', '10', '36', '2017-07-21', '4011', '', '-206070', '0', '0', NULL, NULL),
('204', '10', '36', '2017-07-21', '4011', '', '-155440', '0', '0', NULL, NULL),
('205', '10', '36', '2017-07-21', '1013', '', '366510', '0', '0', '2', '39'),
('206', '10', '36', '2017-07-21', '4021', '', '-5000', '0', '0', NULL, NULL),
('207', '13', '37', '2017-07-21', '5011', '', '230502.86', '0', '0', NULL, NULL),
('208', '13', '37', '2017-07-21', '1021', '', '-230502.86', '0', '0', NULL, NULL),
('209', '13', '37', '2017-07-21', '5011', '', '205477.5', '0', '0', NULL, NULL),
('210', '13', '37', '2017-07-21', '1021', '', '-205477.5', '0', '0', NULL, NULL),
('211', '10', '37', '2017-07-21', '4011', '', '-233160', '0', '0', NULL, NULL),
('212', '10', '37', '2017-07-21', '4011', '', '-206070', '0', '0', NULL, NULL),
('213', '10', '37', '2017-07-21', '1013', '', '445230', '0', '0', '2', '4'),
('214', '10', '37', '2017-07-21', '4021', '', '-6000', '0', '0', NULL, NULL),
('215', '10', '37', '2017-07-21', '2013', '', '0', '0', '0', NULL, NULL),
('216', '13', '38', '2017-07-24', '5011', '', '384171.43', '0', '0', NULL, NULL),
('217', '13', '38', '2017-07-24', '1021', '', '-384171.43', '0', '0', NULL, NULL),
('218', '13', '38', '2017-07-24', '5011', '', '342462.5', '0', '0', NULL, NULL),
('219', '13', '38', '2017-07-24', '1021', '', '-342462.5', '0', '0', NULL, NULL),
('220', '10', '38', '2017-07-24', '4011', '', '0', '0', '0', NULL, NULL),
('221', '10', '38', '2017-07-24', '4011', '', '0', '0', '0', NULL, NULL),
('222', '10', '38', '2017-07-24', '1013', '', '0', '0', '0', '2', '10'),
('223', '10', '38', '2017-07-24', '4021', '', '0', '0', '0', NULL, NULL),
('224', '10', '38', '2017-07-24', '2013', '', '0', '0', '0', NULL, NULL),
('225', '20', '8', '2017-07-21', '2011', '', '-1063289', '0', '0', '3', '6'),
('226', '20', '8', '2017-07-21', '5011', 'OB', '1063289', '0', '0', NULL, NULL),
('227', '41', '20', '2017-07-21', '2011', 'SHELL CARD', '245', '0', '0', '3', '6'),
('228', '41', '20', '2017-07-21', '2011', 'SHELL CARD', '7452', '0', '0', '3', '6'),
('229', '41', '20', '2017-07-21', '101001', '', '-7697', '0', '0', NULL, NULL),
('230', '20', '9', '2017-07-21', '2011', '', '-39220', '0', '0', '3', '7'),
('231', '20', '9', '2017-07-21', '5011', 'OPENING BALANCE', '39220', '0', '0', NULL, NULL),
('232', '10', '39', '2017-07-21', '4011', '', '-176083', '0', '0', NULL, NULL),
('233', '10', '39', '2017-07-21', '1013', '', '176083', '0', '0', '2', '5'),
('234', '10', '39', '2017-07-21', '2013', '', '0', '0', '0', NULL, NULL),
('235', '10', '40', '2017-07-21', '4011', '', '-75000', '0', '0', NULL, NULL),
('236', '10', '40', '2017-07-21', '1013', '', '75000', '0', '0', '2', '47'),
('237', '10', '41', '2017-07-21', '4011', '', '-18978', '0', '0', NULL, NULL),
('238', '10', '41', '2017-07-21', '1013', '', '18978', '0', '0', '2', '48'),
('239', '35', '1', '2017-07-21', '5011', '', '1875', '0', '0', NULL, NULL),
('240', '35', '1', '2017-07-21', '1021', '', '-1875', '0', '0', NULL, NULL),
('241', '20', '10', '2017-07-21', '2011', '', '-686800', '0', '0', '3', '2'),
('242', '20', '10', '2017-07-21', '1021', '', '686800', '0', '0', NULL, NULL),
('243', '10', '2', '2017-07-21', '4011', '', '-167851', '0', '0', NULL, NULL),
('244', '10', '2', '2017-07-21', '1013', '', '167851', '0', '0', '2', '23'),
('245', '10', '1', '2017-07-21', '4011', '', '-257646', '0', '0', NULL, NULL),
('246', '10', '1', '2017-07-21', '1013', '', '257646', '0', '0', '2', '22'),
('247', '10', '27', '2017-07-21', '4011', '', '-70140', '0', '0', NULL, NULL),
('248', '10', '27', '2017-07-21', '1013', '', '70140', '0', '0', '2', '4'),
('249', '10', '27', '2017-07-21', '2013', '', '0', '0', '0', NULL, NULL),
('250', '10', '33', '2017-07-21', '4011', '', '-343450', '0', '0', NULL, NULL),
('251', '10', '33', '2017-07-21', '1013', '', '343450', '0', '0', '2', '41'),
('252', '10', '34', '2017-07-21', '4011', '', '-686900', '0', '0', NULL, NULL),
('253', '10', '34', '2017-07-21', '4011', '', '-137380', '0', '0', NULL, NULL),
('254', '10', '34', '2017-07-21', '4011', '', '-155440', '0', '0', NULL, NULL),
('255', '10', '34', '2017-07-21', '1013', '', '979720', '0', '0', '2', '40'),
('256', '10', '38', '2017-07-21', '4011', '', '-388600', '0', '0', NULL, NULL),
('257', '10', '38', '2017-07-21', '4011', '', '-343450', '0', '0', NULL, NULL),
('258', '10', '38', '2017-07-21', '1013', '', '735050', '0', '0', '2', '10'),
('259', '10', '38', '2017-07-21', '4021', '', '-3000', '0', '0', NULL, NULL),
('260', '10', '38', '2017-07-21', '2013', '', '0', '0', '0', NULL, NULL),
('261', '41', '21', '2017-07-14', '5011', '5186 rediator', '1600', '0', '0', NULL, NULL),
('262', '41', '21', '2017-07-14', '101001', '', '-1600', '0', '0', NULL, NULL),
('263', '42', '16', '2017-07-22', '1013', '', '-100000', '0', '0', '2', '10'),
('264', '42', '16', '2017-07-22', '101001', '', '100000', '0', '0', NULL, NULL),
('265', '42', '17', '2017-07-22', '1013', '', '-3300', '0', '0', '2', '7'),
('266', '42', '17', '2017-07-22', '101001', '', '3300', '0', '0', NULL, NULL),
('267', '42', '18', '2017-07-22', '1013', ' DIP SHORT', '-4336', '0', '0', '2', '49'),
('268', '42', '18', '2017-07-22', '101001', '', '4336', '0', '0', NULL, NULL),
('269', '42', '19', '2017-07-22', '1013', '0166', '-105000', '0', '0', '2', '29'),
('270', '42', '19', '2017-07-22', '101001', '', '105000', '0', '0', NULL, NULL),
('271', '42', '20', '2017-07-22', '1013', '', '-380000', '0', '0', '2', '4'),
('272', '42', '20', '2017-07-22', '101001', '', '380000', '0', '0', NULL, NULL),
('273', '42', '21', '2017-07-22', '1013', '7519', '-415000', '0', '0', '2', '39'),
('274', '42', '21', '2017-07-22', '101001', '', '415000', '0', '0', NULL, NULL),
('275', '42', '22', '2017-07-22', '1013', 'HBL ONLINE', '-73000', '0', '0', '2', '22'),
('276', '42', '22', '2017-07-22', '101001', '', '73000', '0', '0', NULL, NULL),
('277', '42', '23', '2017-07-22', '1013', '', '-79000', '0', '0', '2', '33'),
('278', '42', '23', '2017-07-22', '101001', '', '79000', '0', '0', NULL, NULL),
('281', '42', '24', '2017-07-22', '1013', '', '-79000', '0', '0', '2', '5'),
('282', '42', '24', '2017-07-22', '101001', '', '79000', '0', '0', NULL, NULL),
('283', '20', '11', '2017-07-22', '2011', '', '-755590', '0', '0', '3', '5'),
('284', '20', '11', '2017-07-22', '1021', '', '755590', '0', '0', NULL, NULL),
('285', '20', '12', '2017-07-22', '2011', '', '-388600', '0', '0', '3', '5'),
('286', '20', '12', '2017-07-22', '1021', '', '388600', '0', '0', NULL, NULL),
('287', '20', '13', '2017-07-22', '2011', '', '-1905000', '0', '0', '3', '3'),
('288', '20', '13', '2017-07-22', '1021', '', '1905000', '0', '0', NULL, NULL),
('289', '42', '25', '2017-07-22', '1013', 'PARCO EXP 2055', '-2870', '0', '0', '2', '40'),
('290', '42', '25', '2017-07-22', '1013', 'PARCO EXP 138', '-4830', '0', '0', '2', '40'),
('291', '42', '25', '2017-07-22', '1013', 'PARCO EXP 4155', '-6490', '0', '0', '2', '40'),
('292', '42', '25', '2017-07-22', '1013', '4155 HSD', '-7182', '0', '0', '2', '40'),
('293', '42', '25', '2017-07-22', '1013', '7519 HSD', '-3228', '0', '0', '2', '40'),
('294', '42', '25', '2017-07-22', '1013', 'HBL', '-164000', '0', '0', '2', '40'),
('295', '42', '25', '2017-07-22', '1013', 'CHQ TO MUNIR CARIGE', '-133026', '0', '0', '2', '40'),
('296', '42', '25', '2017-07-22', '1013', 'BILL 138', '-1350', '0', '0', '2', '40'),
('297', '42', '25', '2017-07-22', '1013', 'CHQ TO MUNIR CARRIGE', '-148370', '0', '0', '2', '40'),
('298', '42', '25', '2017-07-22', '101001', '', '471346', '0', '0', NULL, NULL),
('299', '41', '22', '2017-07-22', '2011', 'SHELL CARD', '8575', '0', '0', '3', '6'),
('300', '41', '22', '2017-07-22', '101001', '', '-8575', '0', '0', NULL, NULL),
('301', '41', '23', '2017-07-22', '2011', 'PARCO EXP', '2870', '0', '0', '3', '8'),
('302', '41', '23', '2017-07-22', '101001', '', '-2870', '0', '0', NULL, NULL),
('303', '41', '24', '2017-07-22', '2011', 'PARCO EXP', '4830', '0', '0', '3', '9'),
('304', '41', '24', '2017-07-22', '101001', '', '-4830', '0', '0', NULL, NULL),
('305', '41', '25', '2017-07-22', '2011', 'PARCO EXP', '6490', '0', '0', '3', '14'),
('306', '41', '25', '2017-07-22', '101001', '', '-6490', '0', '0', NULL, NULL),
('307', '41', '26', '2017-07-22', '2011', 'HSD ', '7182', '0', '0', '3', '14'),
('308', '41', '26', '2017-07-22', '101001', '', '-7182', '0', '0', NULL, NULL),
('309', '41', '27', '2017-07-22', '2011', 'HSD', '3228', '0', '0', '3', '10'),
('310', '41', '27', '2017-07-22', '101001', '', '-3228', '0', '0', NULL, NULL),
('311', '41', '28', '2017-07-22', '1013', 'HBL ONLINE', '73000', '0', '0', '2', '46'),
('312', '41', '28', '2017-07-22', '101001', '', '-73000', '0', '0', NULL, NULL),
('355', '42', '26', '2017-07-22', '1013', 'UBL', '-1640000', '0', '0', '2', '40'),
('356', '42', '26', '2017-07-22', '101001', '', '1640000', '0', '0', NULL, NULL),
('368', '41', '29', '2017-07-22', '1013', 'UBL', '1640000', '0', '0', '2', '46'),
('369', '41', '29', '2017-07-22', '101001', '', '-1640000', '0', '0', NULL, NULL),
('370', '41', '30', '2017-07-22', '1013', 'CHQ', '133026', '0', '0', '2', '46'),
('371', '41', '30', '2017-07-22', '101001', '', '-133026', '0', '0', NULL, NULL),
('372', '41', '31', '2017-07-22', '2011', 'BILL', '1350', '0', '0', '3', '9'),
('373', '41', '31', '2017-07-22', '101001', '', '-1350', '0', '0', NULL, NULL);

### Structure of table `0_grn_batch` ###

DROP TABLE IF EXISTS `0_grn_batch`;

CREATE TABLE `0_grn_batch` (
  `id` int(11) NOT NULL AUTO_INCREMENT,
  `supplier_id` int(11) NOT NULL DEFAULT '0',
  `purch_order_no` int(11) DEFAULT NULL,
  `reference` varchar(60) COLLATE utf8_unicode_ci NOT NULL DEFAULT '',
  `delivery_date` date NOT NULL DEFAULT '0000-00-00',
  `loc_code` varchar(5) COLLATE utf8_unicode_ci DEFAULT NULL,
  `rate` double DEFAULT '1',
  PRIMARY KEY (`id`),
  KEY `delivery_date` (`delivery_date`),
  KEY `purch_order_no` (`purch_order_no`)
) ENGINE=InnoDB AUTO_INCREMENT=11 DEFAULT CHARSET=utf8 COLLATE=utf8_unicode_ci ;

### Data of table `0_grn_batch` ###

INSERT INTO `0_grn_batch` VALUES
('1', '2', '1', 'auto', '2017-07-21', '20001', '1'),
('2', '2', '2', 'auto', '2017-07-21', '20001', '1'),
('3', '5', '3', 'auto', '2017-07-21', '20001', '1'),
('4', '5', '4', 'auto', '2017-07-21', '20001', '1'),
('5', '3', '5', 'auto', '2017-07-21', '20001', '1'),
('6', '3', '6', 'auto', '2017-07-21', '20001', '1'),
('7', '2', '7', 'auto', '2017-07-21', '20001', '1'),
('8', '5', '8', 'auto', '2017-07-22', '20001', '1'),
('9', '5', '9', 'auto', '2017-07-22', '20001', '1'),
('10', '3', '10', 'auto', '2017-07-22', '20001', '1');

### Structure of table `0_grn_items` ###

DROP TABLE IF EXISTS `0_grn_items`;

CREATE TABLE `0_grn_items` (
  `id` int(11) NOT NULL AUTO_INCREMENT,
  `grn_batch_id` int(11) DEFAULT NULL,
  `po_detail_item` int(11) NOT NULL DEFAULT '0',
  `item_code` varchar(20) COLLATE utf8_unicode_ci NOT NULL DEFAULT '',
  `description` tinytext COLLATE utf8_unicode_ci,
  `qty_recd` double NOT NULL DEFAULT '0',
  `quantity_inv` double NOT NULL DEFAULT '0',
  PRIMARY KEY (`id`),
  KEY `grn_batch_id` (`grn_batch_id`)
) ENGINE=InnoDB AUTO_INCREMENT=11 DEFAULT CHARSET=utf8 COLLATE=utf8_unicode_ci ;

### Data of table `0_grn_items` ###

INSERT INTO `0_grn_items` VALUES
('1', '1', '1', 'ob', 'Opening Balance', '1', '1'),
('2', '2', '2', '10001', 'HSD', '10000', '10000'),
('3', '3', '3', '10002', 'PMG', '15000', '15000'),
('4', '4', '4', '10001', 'HSD', '5000', '5000'),
('5', '5', '5', '10001', 'HSD', '20000', '20000'),
('6', '6', '6', '10002', 'PMG', '5000', '5000'),
('7', '7', '7', '10002', 'PMG', '10000', '10000'),
('8', '8', '8', '10002', 'PMG', '11000', '11000'),
('9', '9', '9', '10001', 'HSD', '5000', '5000'),
('10', '10', '10', '10001', 'HSD', '25000', '25000');

### Structure of table `0_groups` ###

DROP TABLE IF EXISTS `0_groups`;

CREATE TABLE `0_groups` (
  `id` smallint(6) unsigned NOT NULL AUTO_INCREMENT,
  `description` varchar(60) COLLATE utf8_unicode_ci NOT NULL DEFAULT '',
  `inactive` tinyint(1) NOT NULL DEFAULT '0',
  PRIMARY KEY (`id`),
  UNIQUE KEY `description` (`description`)
) ENGINE=InnoDB AUTO_INCREMENT=4 DEFAULT CHARSET=utf8 COLLATE=utf8_unicode_ci ;

### Data of table `0_groups` ###

INSERT INTO `0_groups` VALUES
('1', 'Small', '0'),
('2', 'Medium', '0'),
('3', 'Large', '0');

### Structure of table `0_item_codes` ###

DROP TABLE IF EXISTS `0_item_codes`;

CREATE TABLE `0_item_codes` (
  `id` int(11) unsigned NOT NULL AUTO_INCREMENT,
  `item_code` varchar(20) COLLATE utf8_unicode_ci NOT NULL,
  `stock_id` varchar(20) COLLATE utf8_unicode_ci NOT NULL,
  `description` varchar(200) COLLATE utf8_unicode_ci NOT NULL DEFAULT '',
  `category_id` smallint(6) unsigned NOT NULL,
  `quantity` double NOT NULL DEFAULT '1',
  `is_foreign` tinyint(1) NOT NULL DEFAULT '0',
  `inactive` tinyint(1) NOT NULL DEFAULT '0',
  PRIMARY KEY (`id`),
  UNIQUE KEY `stock_id` (`stock_id`,`item_code`),
  KEY `item_code` (`item_code`)
) ENGINE=InnoDB AUTO_INCREMENT=6 DEFAULT CHARSET=utf8 COLLATE=utf8_unicode_ci ;

### Data of table `0_item_codes` ###

INSERT INTO `0_item_codes` VALUES
('1', '1001', '1001', 'Test Item', '2', '1', '0', '0'),
('2', '10001', '10001', 'HSD', '2', '1', '0', '0'),
('3', '10002', '10002', 'PMG', '2', '1', '0', '0'),
('4', '10003', '10003', 'LUBRICANTS ', '2', '1', '0', '0'),
('5', 'ob', 'ob', 'Opening Balance', '2', '1', '0', '0');

### Structure of table `0_item_tax_type_exemptions` ###

DROP TABLE IF EXISTS `0_item_tax_type_exemptions`;

CREATE TABLE `0_item_tax_type_exemptions` (
  `item_tax_type_id` int(11) NOT NULL DEFAULT '0',
  `tax_type_id` int(11) NOT NULL DEFAULT '0',
  PRIMARY KEY (`item_tax_type_id`,`tax_type_id`)
) ENGINE=InnoDB DEFAULT CHARSET=utf8 COLLATE=utf8_unicode_ci ;

### Data of table `0_item_tax_type_exemptions` ###


### Structure of table `0_item_tax_types` ###

DROP TABLE IF EXISTS `0_item_tax_types`;

CREATE TABLE `0_item_tax_types` (
  `id` int(11) NOT NULL AUTO_INCREMENT,
  `name` varchar(60) COLLATE utf8_unicode_ci NOT NULL DEFAULT '',
  `exempt` tinyint(1) NOT NULL DEFAULT '0',
  `inactive` tinyint(1) NOT NULL DEFAULT '0',
  PRIMARY KEY (`id`),
  UNIQUE KEY `name` (`name`)
) ENGINE=InnoDB AUTO_INCREMENT=3 DEFAULT CHARSET=utf8 COLLATE=utf8_unicode_ci ;

### Data of table `0_item_tax_types` ###

INSERT INTO `0_item_tax_types` VALUES
('1', 'Tax Exempt', '0', '0'),
('2', 'Taxable', '0', '0');

### Structure of table `0_item_units` ###

DROP TABLE IF EXISTS `0_item_units`;

CREATE TABLE `0_item_units` (
  `abbr` varchar(20) COLLATE utf8_unicode_ci NOT NULL,
  `name` varchar(40) COLLATE utf8_unicode_ci NOT NULL,
  `decimals` tinyint(2) NOT NULL,
  `inactive` tinyint(1) NOT NULL DEFAULT '0',
  PRIMARY KEY (`abbr`),
  UNIQUE KEY `name` (`name`)
) ENGINE=InnoDB DEFAULT CHARSET=utf8 COLLATE=utf8_unicode_ci ;

### Data of table `0_item_units` ###

INSERT INTO `0_item_units` VALUES
('LTRs', 'Liters', '-1', '0');

### Structure of table `0_journal` ###

DROP TABLE IF EXISTS `0_journal`;

CREATE TABLE `0_journal` (
  `type` smallint(6) NOT NULL DEFAULT '0',
  `trans_no` int(11) NOT NULL DEFAULT '0',
  `tran_date` date DEFAULT '0000-00-00',
  `reference` varchar(60) COLLATE utf8_unicode_ci NOT NULL DEFAULT '',
  `source_ref` varchar(60) COLLATE utf8_unicode_ci NOT NULL DEFAULT '',
  `event_date` date DEFAULT '0000-00-00',
  `doc_date` date NOT NULL DEFAULT '0000-00-00',
  `currency` char(3) COLLATE utf8_unicode_ci NOT NULL DEFAULT '',
  `amount` double NOT NULL DEFAULT '0',
  `rate` double NOT NULL DEFAULT '1',
  PRIMARY KEY (`type`,`trans_no`),
  KEY `tran_date` (`tran_date`)
) ENGINE=InnoDB DEFAULT CHARSET=utf8 COLLATE=utf8_unicode_ci ;

### Data of table `0_journal` ###

INSERT INTO `0_journal` VALUES
('0', '1', '2017-05-31', '001/2017', '', '2017-05-31', '2017-05-31', 'PKR', '10000', '1'),
('0', '2', '2017-05-31', '002/2017', '123', '2017-05-31', '2017-05-31', 'PKR', '5000', '1'),
('0', '3', '2017-05-31', '003/2017', '', '2017-05-31', '2017-05-31', 'PKR', '50000', '1'),
('0', '4', '2017-05-31', '004/2017', '112', '2017-05-31', '2017-05-31', 'PKR', '5630', '1'),
('0', '5', '2017-06-02', '005/2017', 'INV34273864', '2017-06-02', '2017-06-02', 'PKR', '100000', '1'),
('0', '6', '2017-06-06', '006/2017', '', '2017-06-06', '2017-06-06', 'PKR', '200000', '1'),
('0', '7', '2017-06-07', '007/2017', 'OB1', '2017-06-07', '2017-06-07', 'PKR', '10000', '1'),
('0', '8', '2017-06-16', '008/2017', '001', '2017-06-16', '2017-06-16', 'PKR', '100000', '1'),
('0', '9', '2017-06-16', '009/2017', '002', '2017-06-16', '2017-06-16', 'PKR', '80000', '1'),
('0', '10', '2017-06-16', '010/2017', '1003', '2017-06-16', '2017-06-16', 'PKR', '25000', '1'),
('0', '11', '2017-06-16', '011/2017', '1004', '2017-06-16', '2017-06-16', 'PKR', '30000', '1'),
('0', '12', '2017-06-16', '012/2017', '1005', '2017-06-16', '2017-06-16', 'PKR', '35000', '1'),
('0', '13', '2017-06-16', '013/2017', '1006', '2017-06-16', '2017-06-16', 'PKR', '6000', '1'),
('0', '14', '2017-06-16', '014/2017', '', '2017-06-16', '2017-06-16', 'PKR', '7000', '1'),
('0', '15', '2017-06-16', '015/2017', '1001', '2017-06-16', '2017-06-16', 'PKR', '60000', '1'),
('0', '16', '2017-06-16', '016/2017', '1002', '2017-06-16', '2017-06-16', 'PKR', '40000', '1'),
('0', '17', '2017-07-04', '017/2017', '', '2017-07-04', '2017-07-04', 'PKR', '100', '1'),
('35', '1', '2017-07-21', 'CU001/2017', '', '2017-07-21', '2017-07-21', 'PKR', '1875', '1');

### Structure of table `0_loc_stock` ###

DROP TABLE IF EXISTS `0_loc_stock`;

CREATE TABLE `0_loc_stock` (
  `loc_code` char(5) COLLATE utf8_unicode_ci NOT NULL DEFAULT '',
  `stock_id` char(20) COLLATE utf8_unicode_ci NOT NULL DEFAULT '',
  `reorder_level` double NOT NULL DEFAULT '0',
  PRIMARY KEY (`loc_code`,`stock_id`),
  KEY `stock_id` (`stock_id`)
) ENGINE=InnoDB DEFAULT CHARSET=utf8 COLLATE=utf8_unicode_ci ;

### Data of table `0_loc_stock` ###

INSERT INTO `0_loc_stock` VALUES
('20001', '10001', '0'),
('20001', '10002', '0'),
('20001', '10003', '0'),
('20001', '1001', '0'),
('20001', 'ob', '0'),
('20002', '10001', '0'),
('20002', '10002', '0'),
('20002', '10003', '0'),
('20002', '1001', '0'),
('20002', 'ob', '0'),
('DEF', '10001', '0'),
('DEF', '10002', '0'),
('DEF', '10003', '0'),
('DEF', '1001', '0'),
('DEF', 'ob', '0');

### Structure of table `0_locations` ###

DROP TABLE IF EXISTS `0_locations`;

CREATE TABLE `0_locations` (
  `loc_code` varchar(5) COLLATE utf8_unicode_ci NOT NULL DEFAULT '',
  `location_name` varchar(60) COLLATE utf8_unicode_ci NOT NULL DEFAULT '',
  `delivery_address` tinytext COLLATE utf8_unicode_ci NOT NULL,
  `phone` varchar(30) COLLATE utf8_unicode_ci NOT NULL DEFAULT '',
  `phone2` varchar(30) COLLATE utf8_unicode_ci NOT NULL DEFAULT '',
  `fax` varchar(30) COLLATE utf8_unicode_ci NOT NULL DEFAULT '',
  `email` varchar(100) COLLATE utf8_unicode_ci NOT NULL DEFAULT '',
  `contact` varchar(30) COLLATE utf8_unicode_ci NOT NULL DEFAULT '',
  `fixed_asset` tinyint(1) NOT NULL DEFAULT '0',
  `inactive` tinyint(1) NOT NULL DEFAULT '0',
  PRIMARY KEY (`loc_code`)
) ENGINE=InnoDB DEFAULT CHARSET=utf8 COLLATE=utf8_unicode_ci ;

### Data of table `0_locations` ###

INSERT INTO `0_locations` VALUES
('20001', 'ON WHEEL', '', '', '', '', '', '', '0', '0'),
('20002', 'SHAHEEN MARKET', '', '', '', '', '', '', '0', '0'),
('DEF', 'Default', 'N/A', '', '', '', '', '', '0', '0');

### Structure of table `0_movement_types` ###

DROP TABLE IF EXISTS `0_movement_types`;

CREATE TABLE `0_movement_types` (
  `id` int(11) NOT NULL AUTO_INCREMENT,
  `name` varchar(60) COLLATE utf8_unicode_ci NOT NULL DEFAULT '',
  `inactive` tinyint(1) NOT NULL DEFAULT '0',
  PRIMARY KEY (`id`),
  UNIQUE KEY `name` (`name`)
) ENGINE=MyISAM AUTO_INCREMENT=3 DEFAULT CHARSET=utf8 COLLATE=utf8_unicode_ci ;

### Data of table `0_movement_types` ###

INSERT INTO `0_movement_types` VALUES
('1', 'Adjustment', '0'),
('2', 'Opening Balance', '0');

### Structure of table `0_payment_terms` ###

DROP TABLE IF EXISTS `0_payment_terms`;

CREATE TABLE `0_payment_terms` (
  `terms_indicator` int(11) NOT NULL AUTO_INCREMENT,
  `terms` char(80) COLLATE utf8_unicode_ci NOT NULL DEFAULT '',
  `days_before_due` smallint(6) NOT NULL DEFAULT '0',
  `day_in_following_month` smallint(6) NOT NULL DEFAULT '0',
  `inactive` tinyint(1) NOT NULL DEFAULT '0',
  PRIMARY KEY (`terms_indicator`),
  UNIQUE KEY `terms` (`terms`)
) ENGINE=InnoDB AUTO_INCREMENT=6 DEFAULT CHARSET=utf8 COLLATE=utf8_unicode_ci ;

### Data of table `0_payment_terms` ###

INSERT INTO `0_payment_terms` VALUES
('1', '1 Days', '1', '0', '0'),
('2', '2 days', '2', '0', '0'),
('3', 'Payment due within 10 days', '10', '0', '0'),
('4', 'Cash Only', '0', '0', '0'),
('5', '90 Days', '90', '0', '0');

### Structure of table `0_prices` ###

DROP TABLE IF EXISTS `0_prices`;

CREATE TABLE `0_prices` (
  `id` int(11) NOT NULL AUTO_INCREMENT,
  `stock_id` varchar(20) COLLATE utf8_unicode_ci NOT NULL DEFAULT '',
  `sales_type_id` int(11) NOT NULL DEFAULT '0',
  `curr_abrev` char(3) COLLATE utf8_unicode_ci NOT NULL DEFAULT '',
  `price` double NOT NULL DEFAULT '0',
  PRIMARY KEY (`id`),
  UNIQUE KEY `price` (`stock_id`,`sales_type_id`,`curr_abrev`)
) ENGINE=InnoDB AUTO_INCREMENT=6 DEFAULT CHARSET=utf8 COLLATE=utf8_unicode_ci ;

### Data of table `0_prices` ###

INSERT INTO `0_prices` VALUES
('4', '1002', '2', 'PKR', '200'),
('5', '001', '1', 'PKR', '77.72');

### Structure of table `0_print_profiles` ###

DROP TABLE IF EXISTS `0_print_profiles`;

CREATE TABLE `0_print_profiles` (
  `id` smallint(6) unsigned NOT NULL AUTO_INCREMENT,
  `profile` varchar(30) COLLATE utf8_unicode_ci NOT NULL,
  `report` varchar(5) COLLATE utf8_unicode_ci DEFAULT NULL,
  `printer` tinyint(3) unsigned DEFAULT NULL,
  PRIMARY KEY (`id`),
  UNIQUE KEY `profile` (`profile`,`report`)
) ENGINE=InnoDB AUTO_INCREMENT=10 DEFAULT CHARSET=utf8 COLLATE=utf8_unicode_ci ;

### Data of table `0_print_profiles` ###

INSERT INTO `0_print_profiles` VALUES
('1', 'Out of office', NULL, '0'),
('2', 'Sales Department', NULL, '0'),
('3', 'Central', NULL, '2'),
('4', 'Sales Department', '104', '2'),
('5', 'Sales Department', '105', '2'),
('6', 'Sales Department', '107', '2'),
('7', 'Sales Department', '109', '2'),
('8', 'Sales Department', '110', '2'),
('9', 'Sales Department', '201', '2');

### Structure of table `0_printers` ###

DROP TABLE IF EXISTS `0_printers`;

CREATE TABLE `0_printers` (
  `id` tinyint(3) unsigned NOT NULL AUTO_INCREMENT,
  `name` varchar(20) COLLATE utf8_unicode_ci NOT NULL,
  `description` varchar(60) COLLATE utf8_unicode_ci NOT NULL,
  `queue` varchar(20) COLLATE utf8_unicode_ci NOT NULL,
  `host` varchar(40) COLLATE utf8_unicode_ci NOT NULL,
  `port` smallint(11) unsigned NOT NULL,
  `timeout` tinyint(3) unsigned NOT NULL,
  PRIMARY KEY (`id`),
  UNIQUE KEY `name` (`name`)
) ENGINE=InnoDB AUTO_INCREMENT=4 DEFAULT CHARSET=utf8 COLLATE=utf8_unicode_ci ;

### Data of table `0_printers` ###

INSERT INTO `0_printers` VALUES
('1', 'QL500', 'Label printer', 'QL500', 'server', '127', '20'),
('2', 'Samsung', 'Main network printer', 'scx4521F', 'server', '515', '5'),
('3', 'Local', 'Local print server at user IP', 'lp', '', '515', '10');

### Structure of table `0_purch_data` ###

DROP TABLE IF EXISTS `0_purch_data`;

CREATE TABLE `0_purch_data` (
  `supplier_id` int(11) NOT NULL DEFAULT '0',
  `stock_id` char(20) COLLATE utf8_unicode_ci NOT NULL DEFAULT '',
  `price` double NOT NULL DEFAULT '0',
  `suppliers_uom` char(50) COLLATE utf8_unicode_ci NOT NULL DEFAULT '',
  `conversion_factor` double NOT NULL DEFAULT '1',
  `supplier_description` char(50) COLLATE utf8_unicode_ci NOT NULL DEFAULT '',
  PRIMARY KEY (`supplier_id`,`stock_id`)
) ENGINE=InnoDB DEFAULT CHARSET=utf8 COLLATE=utf8_unicode_ci ;

### Data of table `0_purch_data` ###

INSERT INTO `0_purch_data` VALUES
('2', '10001', '77.66', '', '1', 'HSD'),
('2', '10002', '68.68', '', '1', 'PMG'),
('2', 'ob', '10840189', '', '1', 'Opening Balance'),
('3', '10001', '76.2', '', '1', 'HSD'),
('3', '10002', '67.9', '', '1', 'PMG'),
('5', '10001', '77.72', '', '1', 'HSD'),
('5', '10002', '68.69', '', '1', 'PMG');

### Structure of table `0_purch_order_details` ###

DROP TABLE IF EXISTS `0_purch_order_details`;

CREATE TABLE `0_purch_order_details` (
  `po_detail_item` int(11) NOT NULL AUTO_INCREMENT,
  `order_no` int(11) NOT NULL DEFAULT '0',
  `item_code` varchar(20) COLLATE utf8_unicode_ci NOT NULL DEFAULT '',
  `description` tinytext COLLATE utf8_unicode_ci,
  `delivery_date` date NOT NULL DEFAULT '0000-00-00',
  `qty_invoiced` double NOT NULL DEFAULT '0',
  `unit_price` double NOT NULL DEFAULT '0',
  `act_price` double NOT NULL DEFAULT '0',
  `std_cost_unit` double NOT NULL DEFAULT '0',
  `quantity_ordered` double NOT NULL DEFAULT '0',
  `quantity_received` double NOT NULL DEFAULT '0',
  PRIMARY KEY (`po_detail_item`),
  KEY `order` (`order_no`,`po_detail_item`),
  KEY `itemcode` (`item_code`)
) ENGINE=InnoDB AUTO_INCREMENT=11 DEFAULT CHARSET=utf8 COLLATE=utf8_unicode_ci ;

### Data of table `0_purch_order_details` ###

INSERT INTO `0_purch_order_details` VALUES
('1', '1', 'ob', 'Opening Balance', '2017-07-21', '1', '10840189', '10840189', '0', '1', '1'),
('2', '2', '10001', 'HSD', '2017-07-21', '10000', '77.66', '77.66', '77.66', '10000', '10000'),
('3', '3', '10002', 'PMG', '2017-07-21', '15000', '68.69', '68.69', '68.69', '15000', '15000'),
('4', '4', '10001', 'HSD', '2017-07-21', '5000', '77.72', '77.72', '77.68', '5000', '5000'),
('5', '5', '10001', 'HSD', '2017-07-21', '20000', '76.2', '76.2', '76.8342857143', '20000', '20000'),
('6', '6', '10002', 'PMG', '2017-07-21', '5000', '67.9', '67.9', '68.4925', '5000', '5000'),
('7', '7', '10002', 'PMG', '2017-07-21', '10000', '68.68', '68.68', '68.68', '10000', '10000'),
('8', '8', '10002', 'PMG', '2017-07-22', '11000', '68.69', '68.69', '68.69', '11000', '11000'),
('9', '9', '10001', 'HSD', '2017-07-22', '5000', '77.72', '77.72', '77.72', '5000', '5000'),
('10', '10', '10001', 'HSD', '2017-07-22', '25000', '76.2', '76.2', '76.4533333333', '25000', '25000');

### Structure of table `0_purch_orders` ###

DROP TABLE IF EXISTS `0_purch_orders`;

CREATE TABLE `0_purch_orders` (
  `order_no` int(11) NOT NULL AUTO_INCREMENT,
  `supplier_id` int(11) NOT NULL DEFAULT '0',
  `comments` tinytext COLLATE utf8_unicode_ci,
  `ord_date` date NOT NULL DEFAULT '0000-00-00',
  `reference` tinytext COLLATE utf8_unicode_ci NOT NULL,
  `requisition_no` tinytext COLLATE utf8_unicode_ci,
  `into_stock_location` varchar(5) COLLATE utf8_unicode_ci NOT NULL DEFAULT '',
  `delivery_address` tinytext COLLATE utf8_unicode_ci NOT NULL,
  `total` double NOT NULL DEFAULT '0',
  `prep_amount` double NOT NULL DEFAULT '0',
  `alloc` double NOT NULL DEFAULT '0',
  `tax_included` tinyint(1) NOT NULL DEFAULT '0',
  `pr` varchar(60) COLLATE utf8_unicode_ci NOT NULL,
  `payments` int(11) NOT NULL,
  PRIMARY KEY (`order_no`),
  KEY `ord_date` (`ord_date`)
) ENGINE=InnoDB AUTO_INCREMENT=11 DEFAULT CHARSET=utf8 COLLATE=utf8_unicode_ci ;

### Data of table `0_purch_orders` ###

INSERT INTO `0_purch_orders` VALUES
('1', '2', NULL, '2017-07-21', 'auto', '2', '20001', '', '10840189', '0', '0', '0', '', '1'),
('2', '2', NULL, '2017-07-21', 'auto', '3', '20001', '', '776600', '0', '0', '0', '', '1'),
('3', '5', NULL, '2017-07-21', 'auto', '4', '20001', '', '1030350', '0', '0', '0', '', '1'),
('4', '5', NULL, '2017-07-21', 'auto', '5', '20001', '', '388600', '0', '0', '0', '', '1'),
('5', '3', NULL, '2017-07-21', 'auto', '6', '20001', '', '1524000', '0', '0', '0', '', '1'),
('6', '3', NULL, '2017-07-21', 'auto', '7', '20001', '', '339500', '0', '0', '0', '', '1'),
('7', '2', NULL, '2017-07-21', 'auto', '10', '20001', '', '686800', '0', '0', '0', '', '1'),
('8', '5', NULL, '2017-07-22', 'auto', '0167', '20001', '', '755590', '0', '0', '0', '', '1'),
('9', '5', NULL, '2017-07-22', 'auto', '5186', '20001', '', '388600', '0', '0', '0', '', '1'),
('10', '3', NULL, '2017-07-22', 'auto', '818', '20001', '', '1905000', '0', '0', '0', '', '1');

### Structure of table `0_quick_entries` ###

DROP TABLE IF EXISTS `0_quick_entries`;

CREATE TABLE `0_quick_entries` (
  `id` smallint(6) unsigned NOT NULL AUTO_INCREMENT,
  `type` tinyint(1) NOT NULL DEFAULT '0',
  `description` varchar(60) COLLATE utf8_unicode_ci NOT NULL,
  `usage` varchar(120) COLLATE utf8_unicode_ci DEFAULT NULL,
  `base_amount` double NOT NULL DEFAULT '0',
  `base_desc` varchar(60) COLLATE utf8_unicode_ci DEFAULT NULL,
  `bal_type` tinyint(1) NOT NULL DEFAULT '0',
  PRIMARY KEY (`id`),
  KEY `description` (`description`)
) ENGINE=InnoDB AUTO_INCREMENT=4 DEFAULT CHARSET=utf8 COLLATE=utf8_unicode_ci ;

### Data of table `0_quick_entries` ###

INSERT INTO `0_quick_entries` VALUES
('1', '1', 'Maintenance', NULL, '0', 'Amount', '0'),
('2', '4', 'Phone', NULL, '0', 'Amount', '0'),
('3', '2', 'Cash Sales', 'Retail sales without invoice', '0', 'Amount', '0');

### Structure of table `0_quick_entry_lines` ###

DROP TABLE IF EXISTS `0_quick_entry_lines`;

CREATE TABLE `0_quick_entry_lines` (
  `id` smallint(6) unsigned NOT NULL AUTO_INCREMENT,
  `qid` smallint(6) unsigned NOT NULL,
  `amount` double DEFAULT '0',
  `memo` tinytext COLLATE utf8_unicode_ci NOT NULL,
  `action` varchar(2) COLLATE utf8_unicode_ci NOT NULL,
  `dest_id` varchar(15) COLLATE utf8_unicode_ci NOT NULL DEFAULT '',
  `dimension_id` smallint(6) unsigned DEFAULT NULL,
  `dimension2_id` smallint(6) unsigned DEFAULT NULL,
  PRIMARY KEY (`id`),
  KEY `qid` (`qid`)
) ENGINE=InnoDB AUTO_INCREMENT=7 DEFAULT CHARSET=utf8 COLLATE=utf8_unicode_ci ;

### Data of table `0_quick_entry_lines` ###

INSERT INTO `0_quick_entry_lines` VALUES
('1', '1', '0', '', 't-', '1', '0', '0'),
('2', '2', '0', '', 't-', '1', '0', '0'),
('3', '3', '0', '', 't-', '1', '0', '0'),
('4', '3', '0', '', '=', '4010', '0', '0'),
('5', '1', '0', '', '=', '5765', '0', '0'),
('6', '2', '0', '', '=', '5780', '0', '0');

### Structure of table `0_recurrent_invoices` ###

DROP TABLE IF EXISTS `0_recurrent_invoices`;

CREATE TABLE `0_recurrent_invoices` (
  `id` smallint(6) unsigned NOT NULL AUTO_INCREMENT,
  `description` varchar(60) COLLATE utf8_unicode_ci NOT NULL DEFAULT '',
  `order_no` int(11) unsigned NOT NULL,
  `debtor_no` int(11) unsigned DEFAULT NULL,
  `group_no` smallint(6) unsigned DEFAULT NULL,
  `days` int(11) NOT NULL DEFAULT '0',
  `monthly` int(11) NOT NULL DEFAULT '0',
  `begin` date NOT NULL DEFAULT '0000-00-00',
  `end` date NOT NULL DEFAULT '0000-00-00',
  `last_sent` date NOT NULL DEFAULT '0000-00-00',
  PRIMARY KEY (`id`),
  UNIQUE KEY `description` (`description`)
) ENGINE=InnoDB AUTO_INCREMENT=2 DEFAULT CHARSET=utf8 COLLATE=utf8_unicode_ci ;

### Data of table `0_recurrent_invoices` ###

INSERT INTO `0_recurrent_invoices` VALUES
('1', 'Weekly Maintenance', '6', '1', '1', '7', '0', '2015-04-01', '2020-05-07', '2015-04-08');

### Structure of table `0_reflines` ###

DROP TABLE IF EXISTS `0_reflines`;

CREATE TABLE `0_reflines` (
  `id` int(11) NOT NULL AUTO_INCREMENT,
  `trans_type` int(11) NOT NULL,
  `prefix` char(5) COLLATE utf8_unicode_ci NOT NULL DEFAULT '',
  `pattern` varchar(35) COLLATE utf8_unicode_ci NOT NULL DEFAULT '1',
  `description` varchar(60) COLLATE utf8_unicode_ci NOT NULL DEFAULT '',
  `default` tinyint(1) NOT NULL DEFAULT '0',
  `inactive` tinyint(1) NOT NULL DEFAULT '0',
  PRIMARY KEY (`id`),
  UNIQUE KEY `prefix` (`trans_type`,`prefix`)
) ENGINE=InnoDB AUTO_INCREMENT=25 DEFAULT CHARSET=utf8 COLLATE=utf8_unicode_ci ;

### Data of table `0_reflines` ###

INSERT INTO `0_reflines` VALUES
('1', '0', 'JV', '{001}/{YYYY}', '', '1', '0'),
('2', '1', 'BPV', '{001}/{YYYY}', '', '1', '0'),
('3', '2', 'BRV', '{001}/{YYYY}', '', '1', '0'),
('4', '4', 'FT', '{001}/{YYYY}', '', '1', '0'),
('5', '10', 'SI', '{001}/{YYYY}', '', '1', '0'),
('6', '11', 'CCN', '{001}/{YYYY}', '', '1', '0'),
('7', '12', 'CP', '{001}/{YYYY}', '', '1', '0'),
('8', '13', 'DN', '{001}/{YYYY}', '', '1', '0'),
('9', '16', 'LT', '{001}/{YYYY}', '', '1', '0'),
('10', '17', 'IA', '{001}/{YYYY}', '', '1', '0'),
('11', '18', 'PO', '{001}/{YYYY}', '', '1', '0'),
('12', '20', 'PI', '{001}/{YYYY}', '', '1', '0'),
('13', '21', 'SCN', '{001}/{YYYY}', '', '1', '0'),
('14', '22', 'SP', '{001}/{YYYY}', '', '1', '0'),
('15', '25', 'GRN', '{001}/{YYYY}', '', '1', '0'),
('16', '26', 'WO', '{001}/{YYYY}', '', '1', '0'),
('17', '28', 'WOI', '{001}/{YYYY}', '', '1', '0'),
('18', '29', 'WOP', '{001}/{YYYY}', '', '1', '0'),
('19', '30', 'SO', '{001}/{YYYY}', '', '1', '0'),
('20', '32', 'SQ', '{001}/{YYYY}', '', '1', '0'),
('21', '35', 'CU', '{001}/{YYYY}', '', '1', '0'),
('22', '40', 'CC', '{001}/{YYYY}', '', '1', '0'),
('23', '41', 'CPV', '{001}/{YYYY}', '', '1', '0'),
('24', '42', 'CRV', '{001}/{YYYY}', '', '1', '0');

### Structure of table `0_refs` ###

DROP TABLE IF EXISTS `0_refs`;

CREATE TABLE `0_refs` (
  `id` int(11) NOT NULL DEFAULT '0',
  `type` int(11) NOT NULL DEFAULT '0',
  `reference` varchar(100) COLLATE utf8_unicode_ci NOT NULL DEFAULT '',
  PRIMARY KEY (`id`,`type`),
  KEY `Type_and_Reference` (`type`,`reference`)
) ENGINE=InnoDB DEFAULT CHARSET=utf8 COLLATE=utf8_unicode_ci ;

### Data of table `0_refs` ###

INSERT INTO `0_refs` VALUES
('1', '10', 'SI001/2017'),
('2', '10', 'SI002/2017'),
('3', '10', 'SI003/2017'),
('4', '10', 'SI004/2017'),
('5', '10', 'SI005/2017'),
('6', '10', 'SI006/2017'),
('7', '10', 'SI007/2017'),
('8', '10', 'SI008/2017'),
('9', '10', 'SI009/2017'),
('10', '10', 'SI010/2017'),
('11', '10', 'SI011/2017'),
('12', '10', 'SI012/2017'),
('13', '10', 'SI013/2017'),
('14', '10', 'SI014/2017'),
('15', '10', 'SI015/2017'),
('16', '10', 'SI016/2017'),
('17', '10', 'SI017/2017'),
('18', '10', 'SI018/2017'),
('19', '10', 'SI019/2017'),
('20', '10', 'SI020/2017'),
('21', '10', 'SI021/2017'),
('22', '10', 'SI022/2017'),
('23', '10', 'SI023/2017'),
('24', '10', 'SI024/2017'),
('25', '10', 'SI025/2017'),
('26', '10', 'SI026/2017'),
('27', '10', 'SI027/2017'),
('28', '10', 'SI028/2017'),
('29', '10', 'SI029/2017'),
('30', '10', 'SI030/2017'),
('31', '10', 'SI031/2017'),
('32', '10', 'SI032/2017'),
('33', '10', 'SI033/2017'),
('34', '10', 'SI034/2017'),
('35', '10', 'SI035/2017'),
('36', '10', 'SI036/2017'),
('37', '10', 'SI037/2017'),
('38', '10', 'SI038/2017'),
('39', '10', 'SI039/2017'),
('40', '10', 'SI040/2017'),
('41', '10', 'SI041/2017'),
('1', '11', 'CCN001/2017'),
('2', '11', 'CCN002/2017'),
('3', '11', 'CCN003/2017'),
('4', '11', 'CCN004/2017'),
('5', '11', 'CCN004/2017'),
('6', '11', 'CCN005/2017'),
('7', '11', 'CCN006/2017'),
('8', '11', 'CCN007/2017'),
('1', '20', 'PI001/2017'),
('2', '20', 'PI002/2017'),
('3', '20', 'PI003/2017'),
('4', '20', 'PI004/2017'),
('5', '20', 'PI005/2017'),
('6', '20', 'PI006/2017'),
('7', '20', 'PI007/2017'),
('8', '20', 'PI008/2017'),
('9', '20', 'PI009/2017'),
('10', '20', 'PI010/2017'),
('11', '20', 'PI011/2017'),
('12', '20', 'PI012/2017'),
('13', '20', 'PI013/2017'),
('2', '30', 'SO001/2017'),
('1', '35', 'CU001/2017'),
('1', '41', 'CPV001/2017'),
('7', '41', 'CPV001/2017'),
('2', '41', 'CPV002/2017'),
('8', '41', 'CPV002/2017'),
('3', '41', 'CPV003/2017'),
('9', '41', 'CPV003/2017'),
('4', '41', 'CPV004/2017'),
('10', '41', 'CPV004/2017'),
('21', '41', 'CPV004/2017'),
('5', '41', 'CPV005/2017'),
('11', '41', 'CPV005/2017'),
('6', '41', 'CPV006/2017'),
('12', '41', 'CPV006/2017'),
('13', '41', 'CPV007/2017'),
('14', '41', 'CPV008/2017'),
('15', '41', 'CPV009/2017'),
('16', '41', 'CPV010/2017'),
('17', '41', 'CPV011/2017'),
('18', '41', 'CPV012/2017'),
('19', '41', 'CPV013/2017'),
('20', '41', 'CPV014/2017'),
('22', '41', 'CPV015/2017'),
('23', '41', 'CPV016/2017'),
('24', '41', 'CPV017/2017'),
('25', '41', 'CPV018/2017'),
('26', '41', 'CPV019/2017'),
('27', '41', 'CPV020/2017'),
('28', '41', 'CPV021/2017'),
('29', '41', 'CPV022/2017'),
('30', '41', 'CPV023/2017'),
('31', '41', 'CPV024/2017'),
('1', '42', 'CRV001/2017'),
('2', '42', 'CRV002/2017'),
('3', '42', 'CRV003/2017'),
('4', '42', 'CRV004/2017'),
('5', '42', 'CRV005/2017'),
('6', '42', 'CRV006/2017'),
('7', '42', 'CRV007/2017'),
('8', '42', 'CRV008/2017'),
('9', '42', 'CRV009/2017'),
('10', '42', 'CRV010/2017'),
('11', '42', 'CRV011/2017'),
('12', '42', 'CRV012/2017'),
('13', '42', 'CRV013/2017'),
('14', '42', 'CRV014/2017'),
('15', '42', 'CRV015/2017'),
('16', '42', 'CRV016/2017'),
('17', '42', 'CRV017/2017'),
('18', '42', 'CRV018/2017'),
('19', '42', 'CRV019/2017'),
('20', '42', 'CRV020/2017'),
('21', '42', 'CRV021/2017'),
('22', '42', 'CRV022/2017'),
('23', '42', 'CRV023/2017'),
('24', '42', 'CRV024/2017'),
('25', '42', 'CRV025/2017'),
('26', '42', 'CRV026/2017');

### Structure of table `0_report_profiles` ###

DROP TABLE IF EXISTS `0_report_profiles`;

CREATE TABLE `0_report_profiles` (
  `id` smallint(6) unsigned NOT NULL AUTO_INCREMENT,
  `profile` varchar(30) COLLATE utf8_unicode_ci NOT NULL,
  `report` varchar(5) COLLATE utf8_unicode_ci DEFAULT NULL,
  `printer` tinyint(3) unsigned DEFAULT NULL,
  `value` int(11) NOT NULL,
  PRIMARY KEY (`id`),
  UNIQUE KEY `profile` (`profile`,`report`)
) ENGINE=InnoDB AUTO_INCREMENT=152 DEFAULT CHARSET=utf8 COLLATE=utf8_unicode_ci ;

### Data of table `0_report_profiles` ###

INSERT INTO `0_report_profiles` VALUES
('41', 'testing', NULL, NULL, '0'),
('42', 'testing', '101', '1', '0'),
('43', 'testing', '102', '1', '0'),
('44', 'testing', '103', '1', '0'),
('45', 'testing', '104', '1', '0'),
('46', 'testing', '105', '1', '0'),
('47', 'testing', '106', '1', '0'),
('48', 'testing', '107', '1', '0'),
('49', 'testing', '108', '1', '0'),
('50', 'testing', '109', '1', '0'),
('87', 'RPL', NULL, '1', '0'),
('88', 'RPL', '101', '1', '0'),
('89', 'RPL', '102', '1', '0'),
('90', 'RPL', '103', '1', '0'),
('91', 'RPL', '104', '1', '0'),
('92', 'RPL', '105', '1', '0'),
('93', 'RPL', '106', '1', '0'),
('94', 'RPL', '107', '1', '0'),
('95', 'RPL', '108', '1', '0'),
('96', 'RPL', '109', '1', '0'),
('97', 'RPL', '110', '1', '0'),
('98', 'RPL', '111', '1', '0'),
('99', 'RPL', '112', '1', '0'),
('100', 'RPL', '113', '1', '0'),
('101', 'RPL', '114', '1', '0'),
('102', 'RPL', '201', '1', '0'),
('103', 'RPL', '202', '1', '0'),
('104', 'RPL', '203', '1', '0'),
('105', 'RPL', '204', '1', '0'),
('106', 'RPL', '205', '1', '0'),
('107', 'RPL', '209', '1', '0'),
('108', 'RPL', '210', '1', '0'),
('109', 'RPL', '301', '1', '0'),
('110', 'RPL', '302', '1', '0'),
('111', 'RPL', '303', '1', '0'),
('112', 'RPL', '304', '1', '0'),
('113', 'RPL', '305', '1', '0'),
('114', 'RPL', '306', '1', '0'),
('115', 'RPL', '307', '1', '0'),
('116', 'RPL', '308', '1', '0'),
('117', 'RPL', '309', '1', '0'),
('118', 'RPL', '401', '1', '0'),
('119', 'RPL', '402', '1', '0'),
('120', 'RPL', '409', '1', '0'),
('121', 'RPL', '451', '1', '0'),
('122', 'RPL', '501', '1', '0'),
('123', 'RPL', '601', '1', '0'),
('124', 'RPL', '602', '1', '0'),
('125', 'RPL', '701', '1', '0'),
('126', 'RPL', '702', '1', '0'),
('127', 'RPL', '704', '1', '0'),
('128', 'RPL', '705', '1', '0'),
('129', 'RPL', '706', '1', '0'),
('130', 'RPL', '707', '1', '0'),
('131', 'RPL', '708', '1', '0'),
('132', 'RPL', '709', '1', '0'),
('133', 'RPL', '710', '1', '0'),
('134', 'RPL', '1009', '1', '0'),
('135', 'RPL', '1011', '1', '0'),
('136', 'RPL', '1012', '1', '0'),
('137', 'RPL', '1013', '1', '0'),
('138', 'RPL', '1014', '1', '0'),
('139', 'RPL', '1015', '1', '0'),
('140', 'RPL', '1016', '1', '0'),
('141', 'RPL', '1017', '1', '0'),
('142', 'RPL', '1018', '1', '0'),
('143', 'RPL', '1071', '1', '0'),
('144', 'RPL', '1072', '1', '0'),
('145', 'RPL', '1073', '1', '0'),
('146', 'RPL', '1091', '1', '0'),
('147', 'RPL', '1100', '1', '0'),
('148', 'RPL', '2099', '1', '0'),
('149', 'RPL', '3041', '1', '0'),
('150', 'RPL', '3042', '1', '0'),
('151', 'RPL', '22011', '1', '0');

### Structure of table `0_requisition_details` ###

DROP TABLE IF EXISTS `0_requisition_details`;

CREATE TABLE `0_requisition_details` (
  `requisition_detail_id` bigint(20) unsigned NOT NULL AUTO_INCREMENT,
  `requisition_id` int(11) DEFAULT NULL,
  `item_code` varchar(20) COLLATE utf8_unicode_ci DEFAULT NULL,
  `supplier_id` int(11) DEFAULT NULL,
  `lpo_id` int(11) DEFAULT '0',
  `order_quantity` int(11) NOT NULL DEFAULT '0',
  `estimate_price` double NOT NULL DEFAULT '0',
  `quantity` int(11) NOT NULL DEFAULT '0',
  `price` double NOT NULL DEFAULT '0',
  `purpose` varchar(320) COLLATE utf8_unicode_ci DEFAULT NULL,
  PRIMARY KEY (`requisition_detail_id`),
  UNIQUE KEY `requisition_detail_id` (`requisition_detail_id`),
  KEY `0_requisition_details_requisition_id` (`requisition_id`),
  KEY `0_requisition_details_item_code` (`item_code`),
  KEY `0_requisition_details_supplier_id` (`supplier_id`)
) ENGINE=InnoDB DEFAULT CHARSET=utf8 COLLATE=utf8_unicode_ci ;

### Data of table `0_requisition_details` ###


### Structure of table `0_requisitions` ###

DROP TABLE IF EXISTS `0_requisitions`;

CREATE TABLE `0_requisitions` (
  `requisition_id` bigint(20) unsigned NOT NULL AUTO_INCREMENT,
  `point_of_use` varchar(50) COLLATE utf8_unicode_ci DEFAULT NULL,
  `narrative` varchar(240) COLLATE utf8_unicode_ci DEFAULT NULL,
  `application_date` timestamp NULL DEFAULT CURRENT_TIMESTAMP,
  `completed` tinyint(4) NOT NULL DEFAULT '0',
  `processed` tinyint(4) NOT NULL DEFAULT '0',
  `inactive` tinyint(4) NOT NULL DEFAULT '0',
  `details` text COLLATE utf8_unicode_ci,
  PRIMARY KEY (`requisition_id`),
  UNIQUE KEY `requisition_id` (`requisition_id`)
) ENGINE=InnoDB DEFAULT CHARSET=utf8 COLLATE=utf8_unicode_ci ;

### Data of table `0_requisitions` ###


### Structure of table `0_sales_order_details` ###

DROP TABLE IF EXISTS `0_sales_order_details`;

CREATE TABLE `0_sales_order_details` (
  `id` int(11) NOT NULL AUTO_INCREMENT,
  `order_no` int(11) NOT NULL DEFAULT '0',
  `trans_type` smallint(6) NOT NULL DEFAULT '30',
  `stk_code` varchar(20) COLLATE utf8_unicode_ci NOT NULL DEFAULT '',
  `description` tinytext COLLATE utf8_unicode_ci,
  `qty_sent` double NOT NULL DEFAULT '0',
  `unit_price` double NOT NULL DEFAULT '0',
  `quantity` double NOT NULL DEFAULT '0',
  `invoiced` double NOT NULL DEFAULT '0',
  `discount_percent` double NOT NULL DEFAULT '0',
  PRIMARY KEY (`id`),
  KEY `sorder` (`trans_type`,`order_no`),
  KEY `stkcode` (`stk_code`)
) ENGINE=InnoDB AUTO_INCREMENT=49 DEFAULT CHARSET=utf8 COLLATE=utf8_unicode_ci ;

### Data of table `0_sales_order_details` ###

INSERT INTO `0_sales_order_details` VALUES
('1', '1', '30', 'ob', 'Opening Balance', '1', '257646', '1', '0', '0'),
('2', '2', '30', 'ob', 'Opening Balance', '0', '176083', '1', '0', '0'),
('3', '3', '30', 'ob', 'Opening Balance', '1', '167851', '1', '0', '0'),
('4', '4', '30', 'ob', 'Opening Balance', '1', '125550', '1', '0', '0'),
('5', '5', '30', 'ob', 'Opening Balance', '1', '240050', '1', '0', '0'),
('6', '6', '30', 'ob', 'Opening Balance', '1', '764260', '1', '0', '0'),
('7', '7', '30', 'ob', 'Opening Balance', '0', '50000', '0', '0', '0'),
('8', '8', '30', 'ob', 'Opening Balance', '1', '50000', '1', '0', '0'),
('9', '9', '30', 'ob', 'Opening Balance', '1', '342064', '1', '0', '0'),
('10', '10', '30', 'ob', 'Opening Balance', '1', '7330', '1', '0', '0'),
('11', '11', '30', 'ob', 'Opening Balance', '1', '157974', '1', '0', '0'),
('12', '12', '30', 'ob', 'Opening Balance', '1', '2373068', '1', '0', '0'),
('13', '13', '30', 'ob', 'Opening Balance', '1', '19990', '1', '0', '0'),
('14', '14', '30', 'ob', 'Opening Balance', '1', '151280', '1', '0', '0'),
('15', '15', '30', 'ob', 'Opening Balance', '1', '93370', '1', '0', '0'),
('16', '16', '30', 'ob', 'Opening Balance', '1', '17980', '1', '0', '0'),
('17', '17', '30', 'ob', 'Opening Balance', '1', '7555', '1', '0', '0'),
('18', '18', '30', 'ob', 'Opening Balance', '1', '899980', '1', '0', '0'),
('19', '19', '30', 'ob', 'Opening Balance', '1', '46448', '1', '0', '0'),
('20', '20', '30', 'ob', 'Opening Balance', '1', '1928400', '1', '0', '0'),
('21', '21', '30', 'ob', 'Opening Balance', '1', '1081180', '1', '0', '0'),
('22', '22', '30', 'ob', 'Opening Balance', '1', '230299', '1', '0', '0'),
('23', '23', '30', 'ob', 'Opening Balance', '1', '420276', '1', '0', '0'),
('24', '24', '30', 'ob', 'Opening Balance', '1', '19450', '1', '0', '0'),
('25', '25', '30', 'ob', 'Opening Balance', '1', '60440', '1', '0', '0'),
('26', '26', '30', 'ob', 'Opening Balance', '1', '7041', '1', '0', '0'),
('27', '27', '30', 'ob', 'Opening Balance', '1', '18130', '1', '0', '0'),
('28', '28', '30', 'ob', 'Opening Balance', '1', '70140', '1', '0', '0'),
('29', '29', '30', 'ob', 'Opening Balance', '1', '345550', '1', '0', '0'),
('30', '30', '30', 'ob', 'Opening Balance', '1', '112300', '1', '0', '0'),
('31', '31', '30', 'ob', 'Opening Balance', '1', '100', '1', '0', '0'),
('32', '32', '30', 'ob', 'Opening Balance', '1', '11410749', '1', '0', '0'),
('33', '33', '30', '10001', 'HSD', '20000', '77.72', '20000', '0', '0'),
('34', '34', '30', '10002', 'PMG', '5000', '68.69', '5000', '0', '0'),
('35', '35', '30', '10002', 'PMG', '10000', '68.69', '10000', '0', '0'),
('36', '35', '30', '10002', 'PMG', '2000', '68.69', '2000', '0', '0'),
('37', '35', '30', '10001', 'HSD', '2000', '77.72', '2000', '0', '0'),
('38', '36', '30', '10002', 'PMG', '2000', '68.69', '2000', '0', '0'),
('39', '36', '30', '10001', 'HSD', '3000', '77.72', '3000', '0', '0'),
('40', '37', '30', '10002', 'PMG', '3000', '68.69', '3000', '0', '0'),
('41', '37', '30', '10001', 'HSD', '2000', '77.72', '2000', '0', '0'),
('42', '38', '30', '10001', 'HSD', '3000', '77.72', '3000', '0', '0'),
('43', '38', '30', '10002', 'PMG', '3000', '68.69', '3000', '0', '0'),
('44', '39', '30', '10001', 'HSD', '5000', '77.72', '5000', '0', '0'),
('45', '39', '30', '10002', 'PMG', '5000', '68.69', '5000', '0', '0'),
('46', '40', '30', 'ob', 'Opening Balance', '1', '176083', '1', '0', '0'),
('47', '41', '30', 'ob', 'Opening Balance', '1', '75000', '1', '0', '0'),
('48', '42', '30', 'ob', 'Opening Balance', '1', '18978', '1', '0', '0');

### Structure of table `0_sales_orders` ###

DROP TABLE IF EXISTS `0_sales_orders`;

CREATE TABLE `0_sales_orders` (
  `order_no` int(11) NOT NULL,
  `trans_type` smallint(6) NOT NULL DEFAULT '30',
  `version` tinyint(1) unsigned NOT NULL DEFAULT '0',
  `type` tinyint(1) NOT NULL DEFAULT '0',
  `debtor_no` int(11) NOT NULL DEFAULT '0',
  `branch_code` int(11) NOT NULL DEFAULT '0',
  `reference` varchar(100) COLLATE utf8_unicode_ci NOT NULL DEFAULT '',
  `customer_ref` tinytext COLLATE utf8_unicode_ci NOT NULL,
  `comments` tinytext COLLATE utf8_unicode_ci,
  `ord_date` date NOT NULL DEFAULT '0000-00-00',
  `order_type` int(11) NOT NULL DEFAULT '0',
  `ship_via` int(11) NOT NULL DEFAULT '0',
  `delivery_address` tinytext COLLATE utf8_unicode_ci NOT NULL,
  `contact_phone` varchar(30) COLLATE utf8_unicode_ci DEFAULT NULL,
  `contact_email` varchar(100) COLLATE utf8_unicode_ci DEFAULT NULL,
  `deliver_to` tinytext COLLATE utf8_unicode_ci NOT NULL,
  `freight_cost` double NOT NULL DEFAULT '0',
  `from_stk_loc` varchar(5) COLLATE utf8_unicode_ci NOT NULL DEFAULT '',
  `delivery_date` date NOT NULL DEFAULT '0000-00-00',
  `payment_terms` int(11) DEFAULT NULL,
  `total` double NOT NULL DEFAULT '0',
  `prep_amount` double NOT NULL DEFAULT '0',
  `alloc` double NOT NULL DEFAULT '0',
  PRIMARY KEY (`trans_type`,`order_no`)
) ENGINE=InnoDB DEFAULT CHARSET=utf8 COLLATE=utf8_unicode_ci ;

### Data of table `0_sales_orders` ###

INSERT INTO `0_sales_orders` VALUES
('1', '30', '1', '0', '22', '44', 'auto', '', NULL, '2017-07-24', '1', '1', 'KAZIM SHAH', NULL, NULL, 'KAZIM SHAH', '0', '20001', '2017-07-25', '1', '257646', '0', '0'),
('2', '30', '0', '0', '5', '11', 'SO001/2017', '', NULL, '2017-07-24', '1', '1', 'Pull Garder Vehari ', NULL, NULL, 'Altaf  Hussain', '0', '20001', '2017-07-25', '1', '176083', '0', '0'),
('3', '30', '1', '0', '23', '46', 'auto', '', NULL, '2017-07-24', '1', '1', 'RANA AMJAD', NULL, NULL, 'RANA AMJAD', '0', '20001', '2017-07-25', '1', '167851', '0', '0'),
('4', '30', '1', '0', '7', '14', 'auto', '', NULL, '2017-07-21', '1', '1', 'KABIRWLA', NULL, NULL, 'AL MADINA  HOC', '0', '20001', '2017-07-22', '1', '125550', '0', '0'),
('5', '30', '1', '0', '8', '17', 'auto', '', NULL, '2017-07-21', '1', '1', 'Chichawatni  Road Ghaziabad', NULL, NULL, 'Al Barkat  HOC', '0', '20001', '2017-07-25', '1', '240050', '0', '0'),
('6', '30', '1', '0', '9', '19', 'auto', '', NULL, '2017-07-21', '1', '1', 'DAKOTA', NULL, NULL, 'Al Hajj ps HOC', '0', '20001', '2017-07-22', '1', '764260', '0', '0'),
('7', '30', '1', '0', '11', '23', 'auto', '', NULL, '2017-07-21', '1', '1', 'Pull bagarr', NULL, NULL, 'HUSSAN SOHAIL HOC', '0', '20001', '2017-07-22', '1', '50000', '0', '0'),
('8', '30', '1', '0', '24', '48', 'auto', '', NULL, '2017-07-21', '1', '1', '  Hasilpur City', NULL, NULL, 'BAGHAA  Hasilpur', '0', '20001', '2017-07-22', '1', '50000', '0', '0'),
('9', '30', '1', '0', '12', '26', 'auto', '', NULL, '2017-07-21', '1', '1', '9 dhobian', NULL, NULL, 'DEOL BROTHERS', '0', '20001', '2017-07-22', '1', '342064', '0', '0'),
('10', '30', '1', '0', '14', '29', 'auto', '', NULL, '2017-07-21', '1', '1', 'Burewla Road Adda Pakhimor', NULL, NULL, 'RAFIQ Pakhimor  (Agncy)', '0', '20001', '2017-07-22', '1', '7330', '0', '0'),
('11', '30', '1', '0', '15', '31', 'auto', '', NULL, '2017-07-21', '1', '1', 'Sahooka  Burewala', NULL, NULL, 'SALEEM P/S (HOC)', '0', '20001', '2017-07-22', '1', '157974', '0', '0'),
('12', '30', '1', '0', '16', '34', 'auto', '', NULL, '2017-07-21', '1', '1', 'Hasilpur  Road Luddun', NULL, NULL, 'Satlujj p/s luddun', '0', '20001', '2017-07-22', '1', '2373068', '0', '0'),
('13', '30', '1', '0', '19', '39', 'auto', '', NULL, '2017-07-21', '1', '1', 'CHAK  # 50', NULL, NULL, 'SARWAR PS ', '0', '20001', '2017-07-22', '1', '19990', '0', '0'),
('14', '30', '1', '0', '21', '42', 'auto', '', NULL, '2017-07-21', '1', '1', '27 bhatta  (sehran wla)', NULL, NULL, 'SHOKAT SEHAR (PSO)', '0', '20001', '2017-07-22', '1', '151280', '0', '0'),
('15', '30', '1', '0', '25', '50', 'auto', '', NULL, '2017-07-21', '1', '1', 'Sharaft Bhatti', NULL, NULL, 'Sharaft Bhatti', '0', '20001', '2017-07-22', '1', '93370', '0', '0'),
('16', '30', '1', '0', '26', '52', 'auto', '', NULL, '2017-07-21', '1', '1', 'VEHARI', NULL, NULL, 'TAHIR IQBAL', '0', '20001', '2017-07-22', '1', '17980', '0', '0'),
('17', '30', '1', '0', '27', '54', 'auto', '', NULL, '2017-07-21', '1', '1', 'BHAWALPUR', NULL, NULL, 'ARBAIEN P/S', '0', '20001', '2017-07-22', '1', '7555', '0', '0'),
('18', '30', '1', '0', '28', '56', 'auto', '', NULL, '2017-07-21', '1', '1', 'MANA  MOR  BUREWLA', NULL, NULL, 'IBAD UR REHMAN', '0', '20001', '2017-07-22', '1', '899980', '0', '0'),
('19', '30', '1', '0', '29', '58', 'auto', '', NULL, '2017-07-21', '1', '1', 'Shalli gharbi Hasilpur', NULL, NULL, 'ABDUL JIBBAR', '0', '20001', '2017-07-22', '1', '46448', '0', '0'),
('20', '30', '1', '0', '30', '60', 'auto', '', NULL, '2017-07-21', '1', '1', 'QASBA GUJRAT ', NULL, NULL, 'ABDUL LATIF (KALASRA)', '0', '20001', '2017-07-22', '1', '1928400', '0', '0'),
('21', '30', '1', '0', '31', '62', 'auto', '', NULL, '2017-07-21', '1', '1', 'BHAWALNAGER', NULL, NULL, 'IRFAN (BHAWALNAGER)', '0', '20001', '2017-07-22', '1', '1081180', '0', '0'),
('22', '30', '1', '0', '32', '64', 'auto', '', NULL, '2017-07-21', '1', '1', '(BAGH ARAIAN)', NULL, NULL, 'GHULAM YASEEN(BAGH ARAIAN)', '0', '20001', '2017-07-22', '1', '230299', '0', '0'),
('23', '30', '1', '0', '33', '66', 'auto', '', NULL, '2017-07-21', '1', '1', 'SADDIQ ABAD', NULL, NULL, 'FAZAL KHAN ', '0', '20001', '2017-07-22', '1', '420276', '0', '0'),
('24', '30', '1', '0', '34', '68', 'auto', '', NULL, '2017-07-21', '1', '1', 'JALAL PUR', NULL, NULL, 'QARI P/S', '0', '20001', '2017-07-22', '1', '19450', '0', '0'),
('25', '30', '1', '0', '35', '70', 'auto', '', NULL, '2017-07-21', '1', '1', 'ADDA QUATER', NULL, NULL, 'MAKHAN P/S ', '0', '20001', '2017-07-22', '1', '60440', '0', '0'),
('26', '30', '1', '0', '36', '72', 'auto', '', NULL, '2017-07-21', '1', '1', 'PULL GARDER', NULL, NULL, 'NAWAB KHAN ', '0', '20001', '2017-07-22', '1', '7041', '0', '0'),
('27', '30', '1', '0', '37', '74', 'auto', '', NULL, '2017-07-21', '1', '1', '37 PHATAK', NULL, NULL, 'NABEEL AKBER', '0', '20001', '2017-07-22', '1', '18130', '0', '0'),
('28', '30', '1', '0', '4', '9', 'auto', '', NULL, '2017-07-24', '1', '1', 'JAMLIRA ', NULL, NULL, 'NAWAB P/S', '0', '20001', '2017-07-25', '1', '70140', '0', '0'),
('29', '30', '1', '0', '38', '76', 'auto', '', NULL, '2017-07-21', '1', '1', 'MIAN CHANNU  ROAD  35 MOR', NULL, NULL, 'NAWAB SONS', '0', '20001', '2017-07-22', '1', '345550', '0', '0'),
('30', '30', '1', '0', '39', '78', 'auto', '', NULL, '2017-07-21', '1', '1', 'JAMLAIRA ROAD MANA MOR ', NULL, NULL, 'WATOO P/S', '0', '20001', '2017-07-22', '1', '112300', '0', '0'),
('31', '30', '1', '0', '11', '23', 'auto', '', NULL, '2017-07-21', '1', '1', 'Pull bagarr', NULL, NULL, 'HUSSAN SOHAIL HOC', '0', '20001', '2017-07-22', '1', '100', '0', '0'),
('32', '30', '1', '0', '46', '92', 'auto', '', NULL, '2017-07-21', '1', '1', 'SHAHEEN MARKET VEHARI', NULL, NULL, 'ZAMINDARA OIL CO', '0', '20001', '2017-07-22', '1', '11410749', '0', '0'),
('33', '30', '1', '0', '41', '82', 'auto', '', NULL, '2017-07-21', '1', '1', '(Khanewal)', NULL, NULL, 'FRIENDS P/S (Khanewal)', '0', '20001', '2017-07-22', '1', '1554400', '0', '0'),
('34', '30', '1', '0', '41', '82', 'auto', '', NULL, '2017-07-24', '1', '1', '(Khanewal)', NULL, NULL, 'FRIENDS P/S (Khanewal)', '0', '20001', '2017-07-25', '1', '343450', '0', '0'),
('35', '30', '1', '0', '40', '80', 'auto', '', NULL, '2017-07-24', '1', '1', 'VEHARI P/S BUREWLA ROAD', NULL, NULL, 'VEHARI P/S', '0', '20001', '2017-07-25', '1', '979720', '0', '0'),
('36', '30', '1', '0', '29', '58', 'auto', '', NULL, '2017-07-21', '1', '1', 'Shalli gharbi Hasilpur', NULL, NULL, 'ABDUL JIBBAR', '5000', '20001', '2017-07-22', '1', '375540', '0', '0'),
('37', '30', '1', '0', '39', '78', 'auto', '', NULL, '2017-07-21', '1', '1', 'JAMLAIRA ROAD MANA MOR ', NULL, NULL, 'WATOO P/S', '5000', '20001', '2017-07-22', '1', '366510', '0', '0'),
('38', '30', '1', '0', '4', '9', 'auto', '', NULL, '2017-07-21', '1', '1', 'jamlera', NULL, NULL, 'NAWAB P/S', '6000', '20001', '2017-07-22', '1', '445230', '0', '0'),
('39', '30', '1', '0', '10', '20', 'auto', '', NULL, '2017-07-24', '1', '1', '48 Pull  Vehari', NULL, NULL, 'HAFIZ PS', '3000', '20001', '2017-07-25', '1', '735050', '0', '0'),
('40', '30', '1', '0', '5', '11', 'auto', '', NULL, '2017-07-21', '1', '1', 'Pull Garder Vehari ', NULL, NULL, 'Altaf  Hussain', '0', '20001', '2017-07-22', '1', '176083', '0', '0'),
('41', '30', '1', '0', '47', '94', 'auto', '', NULL, '2017-07-21', '1', '1', ' (KHANPUR)', NULL, NULL, 'FOJI OIL (KHANPUR)', '0', '20001', '2017-07-22', '1', '75000', '0', '0'),
('42', '30', '1', '0', '48', '97', 'auto', '', NULL, '2017-07-21', '1', '1', 'BUREWALA', NULL, NULL, 'LALAN WALA PS', '0', '20001', '2017-07-22', '1', '18978', '0', '0');

### Structure of table `0_sales_pos` ###

DROP TABLE IF EXISTS `0_sales_pos`;

CREATE TABLE `0_sales_pos` (
  `id` smallint(6) unsigned NOT NULL AUTO_INCREMENT,
  `pos_name` varchar(30) COLLATE utf8_unicode_ci NOT NULL,
  `cash_sale` tinyint(1) NOT NULL,
  `credit_sale` tinyint(1) NOT NULL,
  `pos_location` varchar(5) COLLATE utf8_unicode_ci NOT NULL,
  `pos_account` smallint(6) unsigned NOT NULL,
  `inactive` tinyint(1) NOT NULL DEFAULT '0',
  PRIMARY KEY (`id`),
  UNIQUE KEY `pos_name` (`pos_name`)
) ENGINE=InnoDB AUTO_INCREMENT=3 DEFAULT CHARSET=utf8 COLLATE=utf8_unicode_ci ;

### Data of table `0_sales_pos` ###

INSERT INTO `0_sales_pos` VALUES
('1', 'Default', '1', '1', 'DEF', '2', '0');

### Structure of table `0_sales_types` ###

DROP TABLE IF EXISTS `0_sales_types`;

CREATE TABLE `0_sales_types` (
  `id` int(11) NOT NULL AUTO_INCREMENT,
  `sales_type` char(50) COLLATE utf8_unicode_ci NOT NULL DEFAULT '',
  `tax_included` int(1) NOT NULL DEFAULT '0',
  `factor` double NOT NULL DEFAULT '1',
  `inactive` tinyint(1) NOT NULL DEFAULT '0',
  PRIMARY KEY (`id`),
  UNIQUE KEY `sales_type` (`sales_type`)
) ENGINE=InnoDB AUTO_INCREMENT=3 DEFAULT CHARSET=utf8 COLLATE=utf8_unicode_ci ;

### Data of table `0_sales_types` ###

INSERT INTO `0_sales_types` VALUES
('1', 'Retail', '1', '1', '0'),
('2', 'Wholesale', '0', '0.7', '0');

### Structure of table `0_salesman` ###

DROP TABLE IF EXISTS `0_salesman`;

CREATE TABLE `0_salesman` (
  `salesman_code` int(11) NOT NULL AUTO_INCREMENT,
  `salesman_name` char(60) COLLATE utf8_unicode_ci NOT NULL DEFAULT '',
  `salesman_phone` char(30) COLLATE utf8_unicode_ci NOT NULL DEFAULT '',
  `salesman_fax` char(30) COLLATE utf8_unicode_ci NOT NULL DEFAULT '',
  `salesman_email` varchar(100) COLLATE utf8_unicode_ci NOT NULL DEFAULT '',
  `provision` double NOT NULL DEFAULT '0',
  `break_pt` double NOT NULL DEFAULT '0',
  `provision2` double NOT NULL DEFAULT '0',
  `inactive` tinyint(1) NOT NULL DEFAULT '0',
  PRIMARY KEY (`salesman_code`),
  UNIQUE KEY `salesman_name` (`salesman_name`)
) ENGINE=InnoDB AUTO_INCREMENT=2 DEFAULT CHARSET=utf8 COLLATE=utf8_unicode_ci ;

### Data of table `0_salesman` ###

INSERT INTO `0_salesman` VALUES
('1', 'Sales Person', '', '', '', '5', '1000', '4', '0');

### Structure of table `0_security_roles` ###

DROP TABLE IF EXISTS `0_security_roles`;

CREATE TABLE `0_security_roles` (
  `id` int(11) NOT NULL AUTO_INCREMENT,
  `role` varchar(30) COLLATE utf8_unicode_ci NOT NULL,
  `description` varchar(50) COLLATE utf8_unicode_ci DEFAULT NULL,
  `sections` text COLLATE utf8_unicode_ci,
  `areas` text COLLATE utf8_unicode_ci,
  `inactive` tinyint(1) NOT NULL DEFAULT '0',
  PRIMARY KEY (`id`),
  UNIQUE KEY `role` (`role`)
) ENGINE=InnoDB AUTO_INCREMENT=11 DEFAULT CHARSET=utf8 COLLATE=utf8_unicode_ci ;

### Data of table `0_security_roles` ###

INSERT INTO `0_security_roles` VALUES
('1', 'Inquiries', 'Inquiries', '768;2816;3072;3328;5632;5888;8192;8448;10752;11008;13312;15872;16128', '257;258;259;260;513;514;515;516;517;518;519;520;521;522;523;524;525;773;774;2822;3073;3075;3076;3077;3329;3330;3331;3332;3333;3334;3335;5377;5633;5640;5889;5890;5891;7937;7938;7939;7940;8193;8194;8450;8451;10497;10753;11009;11010;11012;13313;13315;15617;15618;15619;15620;15621;15622;15623;15624;15625;15626;15873;15882;16129;16130;16131;16132;775', '0'),
('2', 'System Administrator', 'System Administrator', '512;768;2816;3072;3328;5376;5632;5888;7936;8192;8448;9216;9472;9728;10496;10752;11008;13056;13312;15616;15872;16128;484352;943104;1008640', '513;514;515;516;517;518;519;520;521;522;523;524;525;526;769;770;771;772;773;774;775;2817;2818;2819;2820;2821;2822;2823;3073;3074;3082;3075;3076;3077;3078;3079;3080;3081;3329;3330;3331;3332;3333;3334;3335;5377;5633;5634;5635;5636;5637;5641;5638;5639;5640;5889;5890;5891;7937;7938;7939;7940;8193;8194;8195;8196;8197;8449;8450;8451;9217;9218;9220;9473;9474;9475;9476;9729;10497;10753;10754;10755;10756;10757;11009;11010;11011;11012;13057;13313;13314;13315;15617;15618;15619;15620;15621;15622;15623;15624;15628;15625;15626;15627;15630;15629;15873;15874;15875;15876;15877;15878;15879;15880;15883;15881;15882;15884;16129;16130;16131;16132;484452;943204;943205;1008740', '0'),
('3', 'Salesman', 'Salesman', '768;3072;5632;8192;15872', '773;774;3073;3075;3081;5633;8194;15873;775', '0'),
('4', 'Stock Manager', 'Stock Manager', '768;2816;3072;3328;5632;5888;8192;8448;10752;11008;13312;15872;16128', '2818;2822;3073;3076;3077;3329;3330;3330;3330;3331;3331;3332;3333;3334;3335;5633;5640;5889;5890;5891;8193;8194;8450;8451;10753;11009;11010;11012;13313;13315;15882;16129;16130;16131;16132;775', '0'),
('5', 'Production Manager', 'Production Manager', '512;768;2816;3072;3328;5632;5888;8192;8448;10752;11008;13312;15616;15872;16128', '521;523;524;2818;2819;2820;2821;2822;2823;3073;3074;3076;3077;3078;3079;3080;3081;3329;3330;3330;3330;3331;3331;3332;3333;3334;3335;5633;5640;5640;5889;5890;5891;8193;8194;8196;8197;8450;8451;10753;10755;11009;11010;11012;13313;13315;15617;15619;15620;15621;15624;15624;15876;15877;15880;15882;16129;16130;16131;16132;775', '0'),
('6', 'Purchase Officer', 'Purchase Officer', '512;768;2816;3072;3328;5376;5632;5888;8192;8448;10752;11008;13312;15616;15872;16128', '521;523;524;2818;2819;2820;2821;2822;2823;3073;3074;3076;3077;3078;3079;3080;3081;3329;3330;3330;3330;3331;3331;3332;3333;3334;3335;5377;5633;5635;5640;5640;5889;5890;5891;8193;8194;8196;8197;8449;8450;8451;10753;10755;11009;11010;11012;13313;13315;15617;15619;15620;15621;15624;15624;15876;15877;15880;15882;16129;16130;16131;16132;775', '0'),
('7', 'AR Officer', 'AR Officer', '512;768;2816;3072;3328;5632;5888;8192;8448;10752;11008;13312;15616;15872;16128', '521;523;524;771;773;774;2818;2819;2820;2821;2822;2823;3073;3073;3074;3075;3076;3077;3078;3079;3080;3081;3081;3329;3330;3330;3330;3331;3331;3332;3333;3334;3335;5633;5633;5634;5637;5638;5639;5640;5640;5889;5890;5891;8193;8194;8194;8196;8197;8450;8451;10753;10755;11009;11010;11012;13313;13315;15617;15619;15620;15621;15624;15624;15873;15876;15877;15878;15880;15882;16129;16130;16131;16132;775', '0'),
('8', 'AP Officer', 'AP Officer', '5632', '5633;5635;5636;3073;3074;3082;3076;3077;3078;3079;3080;3081;3335;13057', '0'),
('9', 'Accountant', 'New Accountant', '5632', '5635;5636;521;523;524;771;772;773;774;775;2818;2819;2820;2821;2822;2823;3073;3074;3075;3076;3077;3078;3079;3080;3081;3329;3330;3331;3332;3333;3334;3335;5377;5889;5890;5891;7937;7938;7939;7940;8193;8194;8196;8197;8449;8450;8451;10497;10753;10755;11009;11010;11012;13313;13315;15617;15618;15619;15620;15621;15624;15873;15876;15877;15878;15880;15882;16129;16130;16131;16132', '0'),
('10', 'Sub Admin', 'Sub Admin', '512;768;2816;3072;3328;5376;5632;5888;8192;8448;10752;11008;13312;15616;15872;16128', '257;258;259;260;521;523;524;771;772;773;774;2818;2819;2820;2821;2822;2823;3073;3074;3082;3075;3076;3077;3078;3079;3080;3081;3329;3330;3331;3332;3333;3334;3335;5377;5633;5634;5635;5637;5638;5639;5640;5889;5890;5891;7937;7938;7939;7940;8193;8194;8196;8197;8449;8450;8451;10497;10753;10755;11009;11010;11012;13057;13313;13315;15617;15619;15620;15621;15624;15873;15874;15876;15877;15878;15879;15880;15882;16129;16130;16131;16132;775', '0');

### Structure of table `0_shippers` ###

DROP TABLE IF EXISTS `0_shippers`;

CREATE TABLE `0_shippers` (
  `shipper_id` int(11) NOT NULL AUTO_INCREMENT,
  `shipper_name` varchar(60) COLLATE utf8_unicode_ci NOT NULL DEFAULT '',
  `phone` varchar(30) COLLATE utf8_unicode_ci NOT NULL DEFAULT '',
  `phone2` varchar(30) COLLATE utf8_unicode_ci NOT NULL DEFAULT '',
  `contact` tinytext COLLATE utf8_unicode_ci NOT NULL,
  `address` tinytext COLLATE utf8_unicode_ci NOT NULL,
  `inactive` tinyint(1) NOT NULL DEFAULT '0',
  PRIMARY KEY (`shipper_id`),
  UNIQUE KEY `name` (`shipper_name`)
) ENGINE=InnoDB AUTO_INCREMENT=2 DEFAULT CHARSET=utf8 COLLATE=utf8_unicode_ci ;

### Data of table `0_shippers` ###

INSERT INTO `0_shippers` VALUES
('1', 'Default', '', '', '', '', '0');

### Structure of table `0_sql_trail` ###

DROP TABLE IF EXISTS `0_sql_trail`;

CREATE TABLE `0_sql_trail` (
  `id` int(11) unsigned NOT NULL AUTO_INCREMENT,
  `sql` text COLLATE utf8_unicode_ci NOT NULL,
  `result` tinyint(1) NOT NULL,
  `msg` varchar(255) COLLATE utf8_unicode_ci NOT NULL,
  PRIMARY KEY (`id`)
) ENGINE=InnoDB DEFAULT CHARSET=utf8 COLLATE=utf8_unicode_ci ;

### Data of table `0_sql_trail` ###


### Structure of table `0_stock_category` ###

DROP TABLE IF EXISTS `0_stock_category`;

CREATE TABLE `0_stock_category` (
  `category_id` int(11) NOT NULL AUTO_INCREMENT,
  `description` varchar(60) COLLATE utf8_unicode_ci NOT NULL DEFAULT '',
  `dflt_tax_type` int(11) NOT NULL DEFAULT '1',
  `dflt_units` varchar(20) COLLATE utf8_unicode_ci NOT NULL DEFAULT 'each',
  `dflt_mb_flag` char(1) COLLATE utf8_unicode_ci NOT NULL DEFAULT 'B',
  `dflt_sales_act` varchar(15) COLLATE utf8_unicode_ci NOT NULL DEFAULT '',
  `dflt_cogs_act` varchar(15) COLLATE utf8_unicode_ci NOT NULL DEFAULT '',
  `dflt_inventory_act` varchar(15) COLLATE utf8_unicode_ci NOT NULL DEFAULT '',
  `dflt_adjustment_act` varchar(15) COLLATE utf8_unicode_ci NOT NULL DEFAULT '',
  `dflt_wip_act` varchar(15) COLLATE utf8_unicode_ci NOT NULL DEFAULT '',
  `dflt_dim1` int(11) DEFAULT NULL,
  `dflt_dim2` int(11) DEFAULT NULL,
  `inactive` tinyint(1) NOT NULL DEFAULT '0',
  `dflt_no_sale` tinyint(1) NOT NULL DEFAULT '0',
  `dflt_no_purchase` tinyint(1) NOT NULL DEFAULT '0',
  PRIMARY KEY (`category_id`),
  UNIQUE KEY `description` (`description`)
) ENGINE=InnoDB AUTO_INCREMENT=3 DEFAULT CHARSET=utf8 COLLATE=utf8_unicode_ci ;

### Data of table `0_stock_category` ###

INSERT INTO `0_stock_category` VALUES
('2', 'Material', '1', 'each', 'B', '4011', '5011', '1021', '5014', '1023', '0', '0', '0', '0', '0');

### Structure of table `0_stock_fa_class` ###

DROP TABLE IF EXISTS `0_stock_fa_class`;

CREATE TABLE `0_stock_fa_class` (
  `fa_class_id` varchar(20) COLLATE utf8_unicode_ci NOT NULL DEFAULT '',
  `parent_id` varchar(20) COLLATE utf8_unicode_ci NOT NULL DEFAULT '',
  `description` varchar(200) COLLATE utf8_unicode_ci NOT NULL DEFAULT '',
  `long_description` tinytext COLLATE utf8_unicode_ci NOT NULL,
  `depreciation_rate` double NOT NULL DEFAULT '0',
  `inactive` tinyint(1) NOT NULL DEFAULT '0',
  PRIMARY KEY (`fa_class_id`)
) ENGINE=InnoDB DEFAULT CHARSET=utf8 COLLATE=utf8_unicode_ci ;

### Data of table `0_stock_fa_class` ###

INSERT INTO `0_stock_fa_class` VALUES
('1', '', 'A', '', '10', '0'),
('11', '1', 'A-A', '', '10', '0'),
('2', '', 'B', '', '20', '0'),
('22', '2', 'B-B', '', '20', '0');

### Structure of table `0_stock_master` ###

DROP TABLE IF EXISTS `0_stock_master`;

CREATE TABLE `0_stock_master` (
  `stock_id` varchar(20) COLLATE utf8_unicode_ci NOT NULL DEFAULT '',
  `category_id` int(11) NOT NULL DEFAULT '0',
  `tax_type_id` int(11) NOT NULL DEFAULT '0',
  `description` varchar(200) COLLATE utf8_unicode_ci NOT NULL DEFAULT '',
  `long_description` tinytext COLLATE utf8_unicode_ci NOT NULL,
  `carton` varchar(55) COLLATE utf8_unicode_ci NOT NULL,
  `units` varchar(20) COLLATE utf8_unicode_ci NOT NULL DEFAULT 'each',
  `mb_flag` char(1) COLLATE utf8_unicode_ci NOT NULL DEFAULT 'B',
  `sales_account` varchar(15) COLLATE utf8_unicode_ci NOT NULL DEFAULT '',
  `cogs_account` varchar(15) COLLATE utf8_unicode_ci NOT NULL DEFAULT '',
  `inventory_account` varchar(15) COLLATE utf8_unicode_ci NOT NULL DEFAULT '',
  `adjustment_account` varchar(15) COLLATE utf8_unicode_ci NOT NULL DEFAULT '',
  `wip_account` varchar(15) COLLATE utf8_unicode_ci NOT NULL DEFAULT '',
  `dimension_id` int(11) DEFAULT NULL,
  `dimension2_id` int(11) DEFAULT NULL,
  `purchase_cost` double NOT NULL DEFAULT '0',
  `material_cost` double NOT NULL DEFAULT '0',
  `labour_cost` double NOT NULL DEFAULT '0',
  `overhead_cost` double NOT NULL DEFAULT '0',
  `inactive` tinyint(1) NOT NULL DEFAULT '0',
  `no_sale` tinyint(1) NOT NULL DEFAULT '0',
  `no_purchase` tinyint(1) NOT NULL DEFAULT '0',
  `editable` tinyint(1) NOT NULL DEFAULT '0',
  `depreciation_method` char(1) COLLATE utf8_unicode_ci NOT NULL DEFAULT 'S',
  `depreciation_rate` double NOT NULL DEFAULT '0',
  `depreciation_factor` double NOT NULL DEFAULT '1',
  `depreciation_start` date NOT NULL DEFAULT '0000-00-00',
  `depreciation_date` date NOT NULL DEFAULT '0000-00-00',
  `fa_class_id` varchar(20) COLLATE utf8_unicode_ci NOT NULL DEFAULT '',
  PRIMARY KEY (`stock_id`)
) ENGINE=InnoDB DEFAULT CHARSET=utf8 COLLATE=utf8_unicode_ci ;

### Data of table `0_stock_master` ###

INSERT INTO `0_stock_master` VALUES
('10001', '2', '1', 'HSD', '', '', 'LTRs', 'B', '4011', '5011', '1021', '5014', '1023', '0', '0', '76.2', '76.4533333333', '0', '0', '0', '0', '0', '0', '', '0', '0', '0000-00-00', '0000-00-00', ''),
('10002', '2', '1', 'PMG', '', '', 'LTRs', 'B', '4011', '5011', '1021', '5014', '1023', '0', '0', '68.69', '68.69', '0', '0', '0', '0', '0', '0', '', '0', '0', '0000-00-00', '0000-00-00', ''),
('10003', '2', '1', 'LUBRICANTS ', '', '', 'LTRs', 'B', '4011', '5011', '1021', '5014', '1023', '0', '0', '0', '0', '0', '0', '0', '0', '0', '0', '', '0', '0', '0000-00-00', '0000-00-00', ''),
('1001', '2', '1', 'Test Item', '', '', 'LTRs', 'B', '4011', '5011', '1021', '5014', '1023', '0', '0', '0', '0', '0', '0', '0', '0', '0', '0', '', '0', '0', '0000-00-00', '0000-00-00', ''),
('ob', '2', '1', 'Opening Balance', 'Opening Balance', '1', 'LTRs', 'D', '4011', '5011', '1021', '5014', '1023', '0', '0', '10840189', '0', '0', '0', '0', '0', '0', '0', '', '0', '0', '0000-00-00', '0000-00-00', '');

### Structure of table `0_stock_moves` ###

DROP TABLE IF EXISTS `0_stock_moves`;

CREATE TABLE `0_stock_moves` (
  `trans_id` int(11) NOT NULL AUTO_INCREMENT,
  `trans_no` int(11) NOT NULL DEFAULT '0',
  `stock_id` char(20) COLLATE utf8_unicode_ci NOT NULL DEFAULT '',
  `type` smallint(6) NOT NULL DEFAULT '0',
  `loc_code` char(5) COLLATE utf8_unicode_ci NOT NULL DEFAULT '',
  `tran_date` date NOT NULL DEFAULT '0000-00-00',
  `price` double NOT NULL DEFAULT '0',
  `reference` char(40) COLLATE utf8_unicode_ci NOT NULL DEFAULT '',
  `qty` double NOT NULL DEFAULT '1',
  `standard_cost` double NOT NULL DEFAULT '0',
  `discount_percent` double NOT NULL,
  PRIMARY KEY (`trans_id`),
  KEY `type` (`type`,`trans_no`),
  KEY `Move` (`stock_id`,`loc_code`,`tran_date`)
) ENGINE=InnoDB AUTO_INCREMENT=58 DEFAULT CHARSET=utf8 COLLATE=utf8_unicode_ci ;

### Data of table `0_stock_moves` ###

INSERT INTO `0_stock_moves` VALUES
('1', '1', 'ob', '13', '20001', '2017-07-24', '257646', 'auto', '-1', '0', '0'),
('2', '2', 'ob', '13', '20001', '2017-07-24', '167851', 'auto', '-1', '0', '0'),
('3', '3', 'ob', '13', '20001', '2017-07-21', '125550', 'auto', '-1', '0', '0'),
('4', '4', 'ob', '13', '20001', '2017-07-21', '240050', 'auto', '-1', '0', '0'),
('5', '5', 'ob', '13', '20001', '2017-07-21', '764260', 'auto', '-1', '0', '0'),
('7', '7', 'ob', '13', '20001', '2017-07-21', '50000', 'auto', '-1', '0', '0'),
('8', '8', 'ob', '13', '20001', '2017-07-21', '342064', 'auto', '-1', '0', '0'),
('9', '9', 'ob', '13', '20001', '2017-07-21', '7330', 'auto', '-1', '0', '0'),
('10', '10', 'ob', '13', '20001', '2017-07-21', '157974', 'auto', '-1', '0', '0'),
('11', '11', 'ob', '13', '20001', '2017-07-21', '2373068', 'auto', '-1', '0', '0'),
('12', '12', 'ob', '13', '20001', '2017-07-21', '19990', 'auto', '-1', '0', '0'),
('13', '13', 'ob', '13', '20001', '2017-07-21', '151280', 'auto', '-1', '0', '0'),
('14', '14', 'ob', '13', '20001', '2017-07-21', '93370', 'auto', '-1', '0', '0'),
('15', '15', 'ob', '13', '20001', '2017-07-21', '17980', 'auto', '-1', '0', '0'),
('16', '16', 'ob', '13', '20001', '2017-07-21', '7555', 'auto', '-1', '0', '0'),
('17', '17', 'ob', '13', '20001', '2017-07-21', '899980', 'auto', '-1', '0', '0'),
('18', '18', 'ob', '13', '20001', '2017-07-21', '46448', 'auto', '-1', '0', '0'),
('19', '19', 'ob', '13', '20001', '2017-07-21', '1928400', 'auto', '-1', '0', '0'),
('20', '20', 'ob', '13', '20001', '2017-07-21', '1081180', 'auto', '-1', '0', '0'),
('21', '21', 'ob', '13', '20001', '2017-07-21', '230299', 'auto', '-1', '0', '0'),
('22', '22', 'ob', '13', '20001', '2017-07-21', '420276', 'auto', '-1', '0', '0'),
('23', '23', 'ob', '13', '20001', '2017-07-21', '19450', 'auto', '-1', '0', '0'),
('24', '24', 'ob', '13', '20001', '2017-07-21', '60440', 'auto', '-1', '0', '0'),
('25', '25', 'ob', '13', '20001', '2017-07-21', '7041', 'auto', '-1', '0', '0'),
('26', '26', 'ob', '13', '20001', '2017-07-21', '18130', 'auto', '-1', '0', '0'),
('27', '27', 'ob', '13', '20001', '2017-07-24', '70140', 'auto', '-1', '0', '0'),
('28', '28', 'ob', '13', '20001', '2017-07-21', '345550', 'auto', '-1', '0', '0'),
('29', '29', 'ob', '13', '20001', '2017-07-21', '112300', 'auto', '-1', '0', '0'),
('30', '30', 'ob', '13', '20001', '2017-07-21', '100', 'auto', '-1', '0', '0'),
('31', '31', 'ob', '13', '20001', '2017-07-21', '11410749', 'auto', '-1', '0', '0'),
('32', '1', 'ob', '25', '20001', '2017-07-21', '2', '', '1', '0', '0'),
('33', '2', '10001', '25', '20001', '2017-07-21', '2', '', '10000', '77.66', '0'),
('34', '3', '10002', '25', '20001', '2017-07-21', '5', '', '15000', '68.69', '0'),
('35', '4', '10001', '25', '20001', '2017-07-21', '5', '', '5000', '77.68', '0'),
('36', '5', '10001', '25', '20001', '2017-07-21', '3', '', '20000', '76.8342857143', '0'),
('37', '6', '10002', '25', '20001', '2017-07-21', '3', '', '5000', '68.4925', '0'),
('38', '32', '10001', '13', '20001', '2017-07-21', '77.72', 'auto', '-20000', '76.8342857143', '0'),
('39', '33', '10002', '13', '20001', '2017-07-24', '68.69', 'auto', '-5000', '68.4925', '0'),
('40', '34', '10002', '13', '20001', '2017-07-24', '68.69', 'auto', '-10000', '68.4925', '0'),
('41', '34', '10002', '13', '20001', '2017-07-24', '68.69', 'auto', '-2000', '68.4925', '0'),
('42', '34', '10001', '13', '20001', '2017-07-24', '77.72', 'auto', '-2000', '76.8342857143', '0'),
('43', '35', '10002', '13', '20001', '2017-07-21', '68.69', 'auto', '-2000', '68.4925', '0'),
('44', '35', '10001', '13', '20001', '2017-07-21', '77.72', 'auto', '-3000', '76.8342857143', '0'),
('45', '36', '10002', '13', '20001', '2017-07-21', '68.69', 'auto', '-3000', '68.4925', '0'),
('46', '36', '10001', '13', '20001', '2017-07-21', '77.72', 'auto', '-2000', '76.8342857143', '0'),
('47', '37', '10001', '13', '20001', '2017-07-21', '77.72', 'auto', '-3000', '76.8342857143', '0'),
('48', '37', '10002', '13', '20001', '2017-07-21', '68.69', 'auto', '-3000', '68.4925', '0'),
('49', '38', '10001', '13', '20001', '2017-07-24', '77.72', 'auto', '-5000', '76.8342857143', '0'),
('50', '38', '10002', '13', '20001', '2017-07-24', '68.69', 'auto', '-5000', '68.4925', '0'),
('51', '39', 'ob', '13', '20001', '2017-07-21', '176083', 'auto', '-1', '0', '0'),
('52', '40', 'ob', '13', '20001', '2017-07-21', '75000', 'auto', '-1', '0', '0'),
('53', '41', 'ob', '13', '20001', '2017-07-21', '18978', 'auto', '-1', '0', '0'),
('54', '7', '10002', '25', '20001', '2017-07-21', '2', '', '10000', '68.68', '0'),
('55', '8', '10002', '25', '20001', '2017-07-22', '5', '', '11000', '68.69', '0'),
('56', '9', '10001', '25', '20001', '2017-07-22', '5', '', '5000', '77.72', '0'),
('57', '10', '10001', '25', '20001', '2017-07-22', '3', '', '25000', '76.4533333333', '0');

### Structure of table `0_supp_allocations` ###

DROP TABLE IF EXISTS `0_supp_allocations`;

CREATE TABLE `0_supp_allocations` (
  `id` int(11) NOT NULL AUTO_INCREMENT,
  `person_id` int(11) DEFAULT NULL,
  `amt` double unsigned DEFAULT NULL,
  `date_alloc` date NOT NULL DEFAULT '0000-00-00',
  `trans_no_from` int(11) DEFAULT NULL,
  `trans_type_from` int(11) DEFAULT NULL,
  `trans_no_to` int(11) DEFAULT NULL,
  `trans_type_to` int(11) DEFAULT NULL,
  PRIMARY KEY (`id`),
  UNIQUE KEY `trans_type_from` (`person_id`,`trans_type_from`,`trans_no_from`,`trans_type_to`,`trans_no_to`),
  KEY `From` (`trans_type_from`,`trans_no_from`),
  KEY `To` (`trans_type_to`,`trans_no_to`)
) ENGINE=InnoDB DEFAULT CHARSET=utf8 COLLATE=utf8_unicode_ci ;

### Data of table `0_supp_allocations` ###


### Structure of table `0_supp_invoice_items` ###

DROP TABLE IF EXISTS `0_supp_invoice_items`;

CREATE TABLE `0_supp_invoice_items` (
  `id` int(11) NOT NULL AUTO_INCREMENT,
  `supp_trans_no` int(11) DEFAULT NULL,
  `supp_trans_type` int(11) DEFAULT NULL,
  `gl_code` varchar(15) COLLATE utf8_unicode_ci NOT NULL DEFAULT '',
  `grn_item_id` int(11) DEFAULT NULL,
  `po_detail_item_id` int(11) DEFAULT NULL,
  `stock_id` varchar(20) COLLATE utf8_unicode_ci NOT NULL DEFAULT '',
  `description` tinytext COLLATE utf8_unicode_ci,
  `quantity` double NOT NULL DEFAULT '0',
  `unit_price` double NOT NULL DEFAULT '0',
  `unit_tax` double NOT NULL DEFAULT '0',
  `memo_` tinytext COLLATE utf8_unicode_ci,
  `dimension_id` int(11) NOT NULL DEFAULT '0',
  `dimension2_id` int(11) NOT NULL DEFAULT '0',
  PRIMARY KEY (`id`),
  KEY `Transaction` (`supp_trans_type`,`supp_trans_no`,`stock_id`)
) ENGINE=InnoDB AUTO_INCREMENT=14 DEFAULT CHARSET=utf8 COLLATE=utf8_unicode_ci ;

### Data of table `0_supp_invoice_items` ###

INSERT INTO `0_supp_invoice_items` VALUES
('1', '1', '20', '5011', '-1', '0', '', NULL, '0', '0', '0', NULL, '0', '0'),
('2', '2', '20', '0', '1', '1', 'ob', 'Opening Balance', '1', '10840189', '0', NULL, '0', '0'),
('3', '3', '20', '0', '2', '2', '10001', 'HSD', '10000', '77.66', '0', NULL, '0', '0'),
('4', '4', '20', '0', '3', '3', '10002', 'PMG', '15000', '68.69', '0', NULL, '0', '0'),
('5', '5', '20', '0', '4', '4', '10001', 'HSD', '5000', '77.72', '0', NULL, '0', '0'),
('6', '6', '20', '0', '5', '5', '10001', 'HSD', '20000', '76.2', '0', NULL, '0', '0'),
('7', '7', '20', '0', '6', '6', '10002', 'PMG', '5000', '67.9', '0', NULL, '0', '0'),
('8', '8', '20', '5011', '-1', '0', '', NULL, '0', '1063289', '0', 'OB', '0', '0'),
('9', '9', '20', '5011', '-1', '0', '', NULL, '0', '39220', '0', 'OPENING BALANCE', '0', '0'),
('10', '10', '20', '0', '7', '7', '10002', 'PMG', '10000', '68.68', '-0.0000000000000116415321827', NULL, '0', '0'),
('11', '11', '20', '0', '8', '8', '10002', 'PMG', '11000', '68.69', '0', NULL, '0', '0'),
('12', '12', '20', '0', '9', '9', '10001', 'HSD', '5000', '77.72', '0', NULL, '0', '0'),
('13', '13', '20', '0', '10', '10', '10001', 'HSD', '25000', '76.2', '0', NULL, '0', '0');

### Structure of table `0_supp_trans` ###

DROP TABLE IF EXISTS `0_supp_trans`;

CREATE TABLE `0_supp_trans` (
  `trans_no` int(11) unsigned NOT NULL DEFAULT '0',
  `type` smallint(6) unsigned NOT NULL DEFAULT '0',
  `supplier_id` int(11) unsigned DEFAULT NULL,
  `reference` tinytext COLLATE utf8_unicode_ci NOT NULL,
  `supp_reference` varchar(60) COLLATE utf8_unicode_ci NOT NULL DEFAULT '',
  `tran_date` date NOT NULL DEFAULT '0000-00-00',
  `due_date` date NOT NULL DEFAULT '0000-00-00',
  `ov_amount` double NOT NULL DEFAULT '0',
  `ov_discount` double NOT NULL DEFAULT '0',
  `ov_gst` double NOT NULL DEFAULT '0',
  `gst_wh` double NOT NULL,
  `rate` double NOT NULL DEFAULT '1',
  `alloc` double NOT NULL DEFAULT '0',
  `tax_included` tinyint(1) NOT NULL DEFAULT '0',
  `supply_disc` int(11) NOT NULL,
  `service_disc` int(11) NOT NULL,
  `fbr_disc` int(11) NOT NULL,
  `srb_disc` int(11) NOT NULL,
  `write_back` int(11) NOT NULL,
  `supply_tax_id` int(11) NOT NULL,
  `service_tax_id` int(11) NOT NULL,
  `fbr_tax_id` int(11) NOT NULL,
  `srb_tax_id` int(11) NOT NULL,
  PRIMARY KEY (`type`,`trans_no`),
  KEY `supplier_id` (`supplier_id`),
  KEY `tran_date` (`tran_date`)
) ENGINE=InnoDB DEFAULT CHARSET=utf8 COLLATE=utf8_unicode_ci ;

### Data of table `0_supp_trans` ###

INSERT INTO `0_supp_trans` VALUES
('1', '20', '2', 'PI001/2017', '1', '2017-07-21', '2017-07-29', '0', '0', '0', '0', '1', '0', '0', '0', '0', '0', '0', '0', '0', '0', '0', '0'),
('2', '20', '2', 'PI002/2017', '2', '2017-07-21', '2017-07-22', '10840189', '0', '0', '0', '1', '0', '0', '0', '0', '0', '0', '0', '0', '0', '0', '0'),
('3', '20', '2', 'PI003/2017', '3', '2017-07-21', '2017-07-22', '776600', '0', '0', '0', '1', '0', '0', '0', '0', '0', '0', '0', '0', '0', '0', '0'),
('4', '20', '5', 'PI004/2017', '4', '2017-07-21', '2017-07-22', '1030350', '0', '0', '0', '1', '0', '0', '0', '0', '0', '0', '0', '0', '0', '0', '0'),
('5', '20', '5', 'PI005/2017', '5', '2017-07-21', '2017-07-22', '388600', '0', '0', '0', '1', '0', '0', '0', '0', '0', '0', '0', '0', '0', '0', '0'),
('6', '20', '3', 'PI006/2017', '6', '2017-07-21', '2017-07-22', '1524000', '0', '0', '0', '1', '0', '0', '0', '0', '0', '0', '0', '0', '0', '0', '0'),
('7', '20', '3', 'PI007/2017', '7', '2017-07-21', '2017-07-22', '339500', '0', '0', '0', '1', '0', '0', '0', '0', '0', '0', '0', '0', '0', '0', '0'),
('8', '20', '6', 'PI008/2017', 'OB', '2017-07-21', '2017-10-19', '1063289', '0', '0', '0', '1', '0', '0', '0', '0', '0', '0', '0', '0', '0', '0', '0'),
('9', '20', '7', 'PI009/2017', '7', '2017-07-21', '2017-07-22', '39220', '0', '0', '0', '1', '0', '0', '0', '0', '0', '0', '0', '0', '0', '0', '0'),
('10', '20', '2', 'PI010/2017', '10', '2017-07-21', '2017-07-22', '686800', '0', '0', '0', '1', '0', '0', '0', '0', '0', '0', '0', '0', '0', '0', '0'),
('11', '20', '5', 'PI011/2017', '0167', '2017-07-22', '2017-07-23', '755590', '0', '0', '0', '1', '0', '0', '0', '0', '0', '0', '0', '0', '0', '0', '0'),
('12', '20', '5', 'PI012/2017', '5186', '2017-07-22', '2017-07-23', '388600', '0', '0', '0', '1', '0', '0', '0', '0', '0', '0', '0', '0', '0', '0', '0'),
('13', '20', '3', 'PI013/2017', '818', '2017-07-22', '2017-07-23', '1905000', '0', '0', '0', '1', '0', '0', '0', '0', '0', '0', '0', '0', '0', '0', '0'),
('14', '41', '2', 'CPV008/2017', '', '2017-07-21', '0000-00-00', '-3300000', '0', '0', '0', '1', '0', '0', '0', '0', '0', '0', '0', '0', '0', '0', '0'),
('17', '41', '2', 'CPV011/2017', '', '2017-07-21', '0000-00-00', '-1110000', '0', '0', '0', '1', '0', '0', '0', '0', '0', '0', '0', '0', '0', '0', '0'),
('20', '41', '6', 'CPV014/2017', '', '2017-07-21', '0000-00-00', '-7697', '0', '0', '0', '1', '0', '0', '0', '0', '0', '0', '0', '0', '0', '0', '0'),
('22', '41', '6', 'CPV015/2017', '', '2017-07-22', '0000-00-00', '-8575', '0', '0', '0', '1', '0', '0', '0', '0', '0', '0', '0', '0', '0', '0', '0'),
('23', '41', '8', 'CPV016/2017', '', '2017-07-22', '0000-00-00', '-2870', '0', '0', '0', '1', '0', '0', '0', '0', '0', '0', '0', '0', '0', '0', '0'),
('24', '41', '9', 'CPV017/2017', '', '2017-07-22', '0000-00-00', '-4830', '0', '0', '0', '1', '0', '0', '0', '0', '0', '0', '0', '0', '0', '0', '0'),
('25', '41', '14', 'CPV018/2017', '', '2017-07-22', '0000-00-00', '-6490', '0', '0', '0', '1', '0', '0', '0', '0', '0', '0', '0', '0', '0', '0', '0'),
('26', '41', '14', 'CPV019/2017', '', '2017-07-22', '0000-00-00', '-7182', '0', '0', '0', '1', '0', '0', '0', '0', '0', '0', '0', '0', '0', '0', '0'),
('27', '41', '10', 'CPV020/2017', '', '2017-07-22', '0000-00-00', '-3228', '0', '0', '0', '1', '0', '0', '0', '0', '0', '0', '0', '0', '0', '0', '0'),
('31', '41', '9', 'CPV024/2017', '', '2017-07-22', '0000-00-00', '-1350', '0', '0', '0', '1', '0', '0', '0', '0', '0', '0', '0', '0', '0', '0', '0');

### Structure of table `0_suppliers` ###

DROP TABLE IF EXISTS `0_suppliers`;

CREATE TABLE `0_suppliers` (
  `supplier_id` int(11) NOT NULL AUTO_INCREMENT,
  `supp_name` varchar(60) COLLATE utf8_unicode_ci NOT NULL DEFAULT '',
  `supp_ref` varchar(30) COLLATE utf8_unicode_ci NOT NULL DEFAULT '',
  `address` tinytext COLLATE utf8_unicode_ci NOT NULL,
  `supp_address` tinytext COLLATE utf8_unicode_ci NOT NULL,
  `gst_no` varchar(25) COLLATE utf8_unicode_ci NOT NULL DEFAULT '',
  `contact` varchar(60) COLLATE utf8_unicode_ci NOT NULL DEFAULT '',
  `supp_account_no` varchar(40) COLLATE utf8_unicode_ci NOT NULL DEFAULT '',
  `website` varchar(100) COLLATE utf8_unicode_ci NOT NULL DEFAULT '',
  `bank_account` varchar(60) COLLATE utf8_unicode_ci NOT NULL DEFAULT '',
  `curr_code` char(3) COLLATE utf8_unicode_ci DEFAULT NULL,
  `payment_terms` int(11) DEFAULT NULL,
  `tax_included` tinyint(1) NOT NULL DEFAULT '0',
  `dimension_id` int(11) DEFAULT '0',
  `dimension2_id` int(11) DEFAULT '0',
  `tax_group_id` int(11) DEFAULT NULL,
  `credit_limit` double NOT NULL DEFAULT '0',
  `purchase_account` varchar(15) COLLATE utf8_unicode_ci NOT NULL DEFAULT '',
  `payable_account` varchar(15) COLLATE utf8_unicode_ci NOT NULL DEFAULT '',
  `payment_discount_account` varchar(15) COLLATE utf8_unicode_ci NOT NULL DEFAULT '',
  `notes` tinytext COLLATE utf8_unicode_ci NOT NULL,
  `ntn_no` int(11) NOT NULL,
  `inactive` tinyint(1) NOT NULL DEFAULT '0',
  PRIMARY KEY (`supplier_id`),
  KEY `supp_ref` (`supp_ref`)
) ENGINE=InnoDB AUTO_INCREMENT=15 DEFAULT CHARSET=utf8 COLLATE=utf8_unicode_ci ;

### Data of table `0_suppliers` ###

INSERT INTO `0_suppliers` VALUES
('1', 'Test Supplier', 'Test Supplier', '', '', '', '', '', '', '', 'PKR', '1', '0', '0', '0', '1', '0', '', '2011', '5016', '', '0', '0'),
('2', 'HORIZON OIL COMPANY', 'HOC', '', '', '', '', '', '', '', 'PKR', '1', '0', '0', '0', '2', '0', '', '2011', '5016', '', '0', '0'),
('3', 'HASCOL SAIF U ALLAH', 'HASCOL SAIF U ALLAH', '', '', '', '', '', '', '', 'PKR', '1', '0', '0', '0', '2', '0', '', '2011', '5016', '', '0', '0'),
('4', 'BAKRI TRADING', 'BAKRI TRADING', '', '', '', '', '', '', '', 'PKR', '1', '0', '0', '0', '2', '0', '', '2011', '5016', '', '0', '0'),
('5', 'MUNIR CARRIAGE', 'MUNIR CARRIAGE', '', '', '', '', '', '', '', 'PKR', '1', '0', '0', '0', '2', '100000000', '', '2011', '5016', '', '0', '0'),
('6', 'SHELL PAKISTAN LTD', 'SHELL PAKISTAN LTD', '', '', '', '', '', '', '', 'PKR', '5', '0', '0', '0', '1', '0', '', '2011', '5016', '', '0', '0'),
('7', 'HAROON ABAD SHELL', 'HAROON ABAD SHELL', '', '', '', '', '', '', '', 'PKR', '1', '0', '0', '0', '2', '0', '', '2011', '5016', '', '0', '0'),
('8', 'SA 2055', 'SA 2055', '', '', '', '', '', '', '', 'PKR', '1', '0', '0', '0', '2', '0', '', '2011', '5016', '', '0', '0'),
('9', 'SWA 138', 'SWA 138', '', '', '', '', '', '', '', 'PKR', '1', '0', '0', '0', '2', '0', '', '2011', '5016', '', '0', '0'),
('10', 'LSA 7519', 'LSA 7519', '', '', '', '', '', '', '', 'PKR', '1', '0', '0', '0', '2', '0', '', '2011', '5016', '', '0', '0'),
('11', 'TTD 397', 'TTD 397', '', '', '', '', '', '', '', 'PKR', '1', '0', '0', '0', '2', '0', '', '2011', '5016', '', '0', '0'),
('12', 'MNQ 5186', 'MNQ 5186', '', '', '', '', '', '', '', 'PKR', '1', '0', '0', '0', '2', '0', '', '2011', '5016', '', '0', '0'),
('13', 'GA 1830', 'GA 1830', '', '', '', '', '', '', '', 'PKR', '1', '0', '0', '0', '2', '0', '', '2011', '5016', '', '0', '0'),
('14', 'LS 4155', 'LS 4155', '', '', '', '', '', '', '', 'PKR', '1', '0', '0', '0', '2', '0', '', '2011', '5016', '', '0', '0');

### Structure of table `0_sys_prefs` ###

DROP TABLE IF EXISTS `0_sys_prefs`;

CREATE TABLE `0_sys_prefs` (
  `name` varchar(35) COLLATE utf8_unicode_ci NOT NULL DEFAULT '',
  `category` varchar(30) COLLATE utf8_unicode_ci DEFAULT NULL,
  `type` varchar(20) COLLATE utf8_unicode_ci NOT NULL DEFAULT '',
  `length` smallint(6) DEFAULT NULL,
  `value` text COLLATE utf8_unicode_ci NOT NULL,
  PRIMARY KEY (`name`),
  KEY `category` (`category`)
) ENGINE=InnoDB DEFAULT CHARSET=utf8 COLLATE=utf8_unicode_ci ;

### Data of table `0_sys_prefs` ###

INSERT INTO `0_sys_prefs` VALUES
('accounts_alpha', 'glsetup.general', 'tinyint', '1', '0'),
('accumulate_shipping', 'glsetup.customer', 'tinyint', '1', '0'),
('add_pct', 'setup.company', 'int', '5', '-1'),
('allow_negative_prices', 'glsetup.inventory', 'tinyint', '1', '1'),
('allow_negative_stock', 'glsetup.inventory', 'tinyint', '1', '1'),
('alternative_tax_include_on_docs', 'setup.company', 'tinyint', '1', ''),
('auto_curr_reval', 'setup.company', 'smallint', '6', ''),
('bank_charge_act', 'glsetup.general', 'varchar', '15', '5036'),
('base_sales', 'setup.company', 'int', '11', '1'),
('bcc_email', 'setup.company', 'varchar', '100', ''),
('coy_logo', 'setup.company', 'varchar', '100', ''),
('coy_name', 'setup.company', 'varchar', '60', 'HORIZON OIL COMPANY'),
('coy_no', 'setup.company', 'varchar', '25', ''),
('creditors_act', 'glsetup.purchase', 'varchar', '15', '2011'),
('curr_default', 'setup.company', 'char', '3', 'PKR'),
('debtors_act', 'glsetup.sales', 'varchar', '15', '1013'),
('default_adj_act', 'glsetup.items', 'varchar', '15', '5014'),
('default_cogs_act', 'glsetup.items', 'varchar', '15', '5011'),
('default_credit_limit', 'glsetup.customer', 'int', '11', '0'),
('default_delivery_required', 'glsetup.sales', 'smallint', '6', '1'),
('default_dim_required', 'glsetup.dims', 'int', '11', '20'),
('default_inv_sales_act', 'glsetup.items', 'varchar', '15', '4011'),
('default_inventory_act', 'glsetup.items', 'varchar', '15', '1021'),
('default_loss_on_asset_disposal_act', 'glsetup.items', 'varchar', '15', '5014'),
('default_prompt_payment_act', 'glsetup.sales', 'varchar', '15', '4025'),
('default_quote_valid_days', 'glsetup.sales', 'smallint', '6', '30'),
('default_receival_required', 'glsetup.purchase', 'smallint', '6', '10'),
('default_sales_act', 'glsetup.sales', 'varchar', '15', ''),
('default_sales_discount_act', 'glsetup.sales', 'varchar', '15', '4025'),
('default_wip_act', 'glsetup.items', 'varchar', '15', '1023'),
('default_workorder_required', 'glsetup.manuf', 'int', '11', '20'),
('deferred_income_act', 'glsetup.sales', 'varchar', '15', ''),
('depreciation_period', 'glsetup.company', 'tinyint', '1', '1'),
('domicile', 'setup.company', 'varchar', '55', ''),
('email', 'setup.company', 'varchar', '100', ''),
('exchange_diff_act', 'glsetup.general', 'varchar', '15', '4023'),
('f_year', 'setup.company', 'int', '11', '3'),
('fax', 'setup.company', 'varchar', '30', ''),
('freight_act', 'glsetup.customer', 'varchar', '15', '4021'),
('gl_closing_date', 'setup.closing_date', 'date', '8', ''),
('grn_clearing_act', 'glsetup.purchase', 'varchar', '15', ''),
('gst_no', 'setup.company', 'varchar', '25', ''),
('legal_text', 'glsetup.customer', 'tinytext', '0', ''),
('loc_notification', 'glsetup.inventory', 'tinyint', '1', ''),
('login_tout', 'setup.company', 'smallint', '6', '600'),
('no_customer_list', 'setup.company', 'tinyint', '1', '0'),
('no_item_list', 'setup.company', 'tinyint', '1', '0'),
('no_supplier_list', 'setup.company', 'tinyint', '1', '0'),
('no_zero_lines_amount', 'glsetup.sales', 'tinyint', '1', '1'),
('past_due_days', 'glsetup.general', 'int', '11', '30'),
('phone', 'setup.company', 'varchar', '30', ''),
('po_over_charge', 'glsetup.purchase', 'int', '11', '10'),
('po_over_receive', 'glsetup.purchase', 'int', '11', '10'),
('postal_address', 'setup.company', 'tinytext', '0', 'Vehari'),
('print_invoice_no', 'glsetup.sales', 'tinyint', '1', '0'),
('print_item_images_on_quote', 'glsetup.inventory', 'tinyint', '1', ''),
('profit_loss_year_act', 'glsetup.general', 'varchar', '15', '5030'),
('pyt_discount_act', 'glsetup.purchase', 'varchar', '15', '5016'),
('retained_earnings_act', 'glsetup.general', 'varchar', '15', '3021'),
('round_to', 'setup.company', 'int', '5', '1'),
('show_po_item_codes', 'glsetup.purchase', 'tinyint', '1', ''),
('suppress_tax_rates', 'setup.company', 'tinyint', '1', ''),
('tax_algorithm', 'glsetup.customer', 'tinyint', '1', '1'),
('tax_last', 'setup.company', 'int', '11', '1'),
('tax_prd', 'setup.company', 'int', '11', '1'),
('time_zone', 'setup.company', 'tinyint', '1', '0'),
('use_dimension', 'setup.company', 'tinyint', '1', '0'),
('use_fixed_assets', 'setup.company', 'tinyint', '1', ''),
('use_manufacturing', 'setup.company', 'tinyint', '1', ''),
('version_id', 'system', 'varchar', '11', '2.4.1');

### Structure of table `0_sys_prefs_new` ###

DROP TABLE IF EXISTS `0_sys_prefs_new`;

CREATE TABLE `0_sys_prefs_new` (
  `name` varchar(50) CHARACTER SET utf8mb4 COLLATE utf8mb4_unicode_ci NOT NULL DEFAULT '',
  `value` text CHARACTER SET utf8mb4 COLLATE utf8mb4_unicode_ci NOT NULL
) ENGINE=InnoDB DEFAULT CHARSET=latin1 ;

### Data of table `0_sys_prefs_new` ###

INSERT INTO `0_sys_prefs_new` VALUES
('sales_quotation', '1'),
('sale_order_entry', '1'),
('delivery_against', '1'),
('customer_credit_note', '1'),
('invoice_against', '1'),
('direct_invoice', '1'),
('customer_payment', '1'),
('allocate', '1'),
('sales_quotation_inquiry', '1'),
('sale_order_inquiry', '1'),
('customer_inquiry', '1'),
('customer_allocate_inquiry', '1'),
('sales_reports', '1'),
('manage_customer', '1'),
('customer_branches', '1'),
('sales_group', '1'),
('sales_type', '1'),
('sales_persons', '1'),
('sales_areas', '1'),
('wht_types', '1'),
('purchase_order', '1'),
('opom', '1'),
('direct_supplier_invoice', '1'),
('payments_suppliers', '1'),
('supplier_invoice', '1'),
('supplier_credit', '1'),
('allocates', '1'),
('purchase_order_inquiry', '1'),
('supplier_transaction_inquiry', '1'),
('allocate_inquiry', '1'),
('suppliers', '1'),
('supplier_reports', '1'),
('inventry_location', '1'),
('inventory_adjustments', '1'),
('inventory_item_movemnets', '1'),
('inventory_item_status', '1'),
('inventory_reports', '1'),
('items', '1'),
('foreign_item_codes', '1'),
('sales_kits', '1'),
('item_categories', '1'),
('inventory_locations', '1'),
('unit_measure', '1'),
('recorder_levels', '1'),
('import_csv', '1'),
('sales_pricing', '1'),
('purchase_pricing', '1'),
('standard_cost', '1'),
('bank_payments_voucher', '1'),
('bank_deposit_voucher', '1'),
('cash_payments_voucher', '1'),
('cash_receipt_voucher', '1'),
('bank_account_transfer', '1'),
('reconcile_account', '1'),
('gl', '1'),
('bank_account_inquiry', '1'),
('tax_inquiry', '1'),
('trial_balance', '1'),
('banking_reports', '1'),
('general_ledger', '1'),
('bank_account', '1'),
('quick_entries', '1'),
('account_tag', '1'),
('gl_account', '1'),
('gl_account_group', '1'),
('closing', '1'),
('journal_inquiry', '1'),
('company_setup', '1'),
('user_account_setup', '1'),
('access_setup', '1'),
('user_location', '1'),
('display_setup', '1'),
('transaction_ref', '1'),
('taxes', '1'),
('tax_group', '1'),
('item_tax_type', '1'),
('system_gl', '1'),
('fiscal_years', '1'),
('print_profile', '1'),
('payment_terms', '1'),
('shipping_company', '1'),
('point_sale', '1'),
('void_transaction', '1'),
('print_transaction', '1'),
('backup', '1'),
('drill_balance', '1'),
('pf_drill', '1'),
('sales_quotation_text', 'Sale Quotation Entry'),
('sale_order_entry_text', 'Sale Order Entry'),
('delivery_against_text', 'Delivery Against Sales Orders'),
('invoice_against_text', 'Invoice Against Sales Delivery'),
('direct_invoice_text', 'Direct Invoice'),
('customer_payment_text', 'Customer Payments'),
('customer_credit_note_text', 'Customer Credit Note'),
('allocate_text', 'Allocate Customer Payments Or Credit Notes'),
('sales_quotation_inquiry_text', 'Sale Quotation Inquiry'),
('sale_order_inquiry_text', 'sale_order_inquiry_text'),
('customer_inquiry_text', 'Customer Transaction Inquiry'),
('customer_allocate_inquiry_text', 'Customer Allocate Inquiry'),
('sales_reports_text', 'Customer And Sales Reports'),
('manage_customer_text', 'Add And Manage Customer'),
('customer_branches_text', 'Customer Branches'),
('sales_group_text', 'Sales Groups'),
('sales_type_text', 'Sales Type'),
('sales_persons_text', 'Sales Persons'),
('sales_areas_text', 'Sales Areas'),
('wht_types_text', 'WHT Types'),
('purchase_order_text', 'Purchase Order Entry'),
('opom_text', 'Outstanding Purchase Orders Maintenance'),
('direct_supplier_invoice_text', 'Direct Supplier Invoice'),
('payments_suppliers_text', 'Payments To Suppliers'),
('supplier_invoice_text', 'Supplier Invoices'),
('supplier_credit_text', 'Supplier Credit Notes'),
('allocates_text', 'Allocate Supplier Payments Or Credit Notes'),
('purchase_order_inquiry_text', 'Purchase Order Inquiry'),
('supplier_transaction_inquiry_text', 'Supplier Transaction Inquiry'),
('allocate_inquiry_text', 'Supplier Allocation Inquiry'),
('supplier_reports_text', 'Supplier And Purchasing Reports'),
('suppliers_text', 'Suppliers'),
('inventry_location_text', 'Inventory Location Transfer'),
('inventory_adjustments_text', 'Inventory Adjustments'),
('inventory_item_movemnets_text', 'Inventory Item Movements'),
('inventory_item_status_text', 'Inventory Item Status'),
('inventory_reports_text', 'Inventory Reports'),
('items_text', 'Items'),
('foreign_item_codes_text', 'Foreign Item Codes'),
('sales_kits_text', 'Sales Kits'),
('item_categories_text', 'Item Categories'),
('inventory_locations_text', 'Inventory Locations'),
('unit_measure_text', 'Units Of Measure'),
('recorder_levels_text', 'Recorder_levels'),
('import_csv_text', ''),
('sales_pricing_text', 'Sales Pricing'),
('purchase_pricing_text', 'Purchasing Pricing'),
('standard_cost_text', 'Standard Costs'),
('bank_payments_voucher_text', 'Bank Payments Voucher'),
('bank_deposit_voucher_text', 'Bank Deposits Voucher'),
('cash_payments_voucher_text', 'Cash Payment Voucher'),
('cash_receipt_voucher_text', 'Cash Receipt Voucher'),
('bank_account_transfer_text', 'Bank Account Transfer'),
('journal_entry_text', 'Journal Entry'),
('reconcile_account_text', 'Reconcile Bank Account'),
('journal_inquiry_text', 'Journal Inquiry'),
('gl_text', 'GL Inquiry'),
('bank_account_inquiry_text', 'Bank Account Inquiry'),
('tax_inquiry_text', 'Tax Inquiry'),
('trial_balance_text', 'Tiral Balance'),
('pf_drill_text', 'Balance Sheet drilldown'),
('drill_balance_text', 'Balance Sheet drilldown'),
('banking_reports_text', 'Banking Reports'),
('general_ledger_text', 'General Ledger Reports'),
('bank_account_text', 'Bank Account'),
('quick_entries_text', 'Quick Entries'),
('account_tag_text', 'Account Tags'),
('gl_account_text', 'GL Accounts'),
('gl_account_group_text', 'GL Account Groups'),
('closing_text', 'Closing GL Transactions'),
('company_setup_text', 'Company Setup'),
('user_account_setup_text', 'user_account_setup_text'),
('access_setup_text', 'Access Setup'),
('user_location_text', 'User Locations Access'),
('display_setup_text', 'Display Setup'),
('transaction_ref_text', 'Transaction References'),
('taxes_text', 'Taxes'),
('tax_group_text', 'Tax Group'),
('item_tax_type_text', 'Item Tax Type'),
('system_gl_text', 'System and General GL Setup'),
('fiscal_years_text', 'Fiscal Years'),
('print_profile_text', 'Print Profiles'),
('payment_terms_text', 'Payment Terms'),
('shipping_company_text', 'Shipping Company'),
('point_sale_text', 'Points Of Sale'),
('void_transaction_text', 'Void a Transaction'),
('print_transaction_text', 'View Or Print Transactions'),
('backup_text', 'Backup And Restore'),
('sales_quotation_text', 'Sale Quotation Entry'),
('sales_quotation_text', 'Sale Quotation Entry'),
('sales_quotation', '1');

### Structure of table `0_sys_types` ###

DROP TABLE IF EXISTS `0_sys_types`;

CREATE TABLE `0_sys_types` (
  `type_id` smallint(6) NOT NULL DEFAULT '0',
  `type_no` int(11) NOT NULL DEFAULT '1',
  `next_reference` varchar(100) COLLATE utf8_unicode_ci NOT NULL DEFAULT '',
  PRIMARY KEY (`type_id`)
) ENGINE=InnoDB DEFAULT CHARSET=utf8 COLLATE=utf8_unicode_ci ;

### Data of table `0_sys_types` ###

INSERT INTO `0_sys_types` VALUES
('0', '17', 'JV0001'),
('1', '7', 'BPV0001'),
('2', '4', 'BRV0001'),
('4', '3', 'FTV0001'),
('10', '16', 'SI0001'),
('11', '2', 'CCN001'),
('12', '6', 'CRV0001'),
('13', '1', 'DN001'),
('16', '2', 'LT001'),
('17', '2', 'IA01'),
('18', '1', 'PO0001'),
('20', '6', 'SI1511'),
('21', '1', 'SCN001'),
('22', '3', 'SP001'),
('25', '1', 'GRN001'),
('26', '1', 'WO001'),
('28', '1', 'WO001'),
('29', '1', 'WOP001'),
('30', '0', 'SO001'),
('32', '0', 'SQ001'),
('35', '1', 'CU001'),
('40', '1', 'D01'),
('41', '1', 'CPV001'),
('42', '1', 'CRV001');

### Structure of table `0_tag_associations` ###

DROP TABLE IF EXISTS `0_tag_associations`;

CREATE TABLE `0_tag_associations` (
  `record_id` varchar(15) COLLATE utf8_unicode_ci NOT NULL,
  `tag_id` int(11) NOT NULL,
  UNIQUE KEY `record_id` (`record_id`,`tag_id`)
) ENGINE=InnoDB DEFAULT CHARSET=utf8 COLLATE=utf8_unicode_ci ;

### Data of table `0_tag_associations` ###


### Structure of table `0_tags` ###

DROP TABLE IF EXISTS `0_tags`;

CREATE TABLE `0_tags` (
  `id` int(11) NOT NULL AUTO_INCREMENT,
  `type` smallint(6) NOT NULL,
  `name` varchar(30) COLLATE utf8_unicode_ci NOT NULL,
  `description` varchar(60) COLLATE utf8_unicode_ci DEFAULT NULL,
  `inactive` tinyint(1) NOT NULL DEFAULT '0',
  PRIMARY KEY (`id`),
  UNIQUE KEY `type` (`type`,`name`)
) ENGINE=InnoDB AUTO_INCREMENT=2 DEFAULT CHARSET=utf8 COLLATE=utf8_unicode_ci ;

### Data of table `0_tags` ###


### Structure of table `0_tax_group_items` ###

DROP TABLE IF EXISTS `0_tax_group_items`;

CREATE TABLE `0_tax_group_items` (
  `tax_group_id` int(11) NOT NULL DEFAULT '0',
  `tax_type_id` int(11) NOT NULL DEFAULT '0',
  `tax_shipping` tinyint(1) NOT NULL DEFAULT '0',
  PRIMARY KEY (`tax_group_id`,`tax_type_id`)
) ENGINE=InnoDB DEFAULT CHARSET=utf8 COLLATE=utf8_unicode_ci ;

### Data of table `0_tax_group_items` ###

INSERT INTO `0_tax_group_items` VALUES
('1', '1', '1');

### Structure of table `0_tax_groups` ###

DROP TABLE IF EXISTS `0_tax_groups`;

CREATE TABLE `0_tax_groups` (
  `id` int(11) NOT NULL AUTO_INCREMENT,
  `name` varchar(60) COLLATE utf8_unicode_ci NOT NULL DEFAULT '',
  `inactive` tinyint(1) NOT NULL DEFAULT '0',
  PRIMARY KEY (`id`),
  UNIQUE KEY `name` (`name`)
) ENGINE=InnoDB AUTO_INCREMENT=3 DEFAULT CHARSET=utf8 COLLATE=utf8_unicode_ci ;

### Data of table `0_tax_groups` ###

INSERT INTO `0_tax_groups` VALUES
('1', 'Tax', '0'),
('2', 'Tax Exempt', '0');

### Structure of table `0_tax_types` ###

DROP TABLE IF EXISTS `0_tax_types`;

CREATE TABLE `0_tax_types` (
  `id` int(11) NOT NULL AUTO_INCREMENT,
  `rate` double NOT NULL DEFAULT '0',
  `sales_gl_code` varchar(15) COLLATE utf8_unicode_ci NOT NULL DEFAULT '',
  `purchasing_gl_code` varchar(15) COLLATE utf8_unicode_ci NOT NULL DEFAULT '',
  `name` varchar(60) COLLATE utf8_unicode_ci NOT NULL DEFAULT '',
  `inactive` tinyint(1) NOT NULL DEFAULT '0',
  PRIMARY KEY (`id`)
) ENGINE=InnoDB AUTO_INCREMENT=2 DEFAULT CHARSET=utf8 COLLATE=utf8_unicode_ci ;

### Data of table `0_tax_types` ###

INSERT INTO `0_tax_types` VALUES
('1', '0', '2013', '2014', 'Tax', '0');

### Structure of table `0_trans_tax_details` ###

DROP TABLE IF EXISTS `0_trans_tax_details`;

CREATE TABLE `0_trans_tax_details` (
  `id` int(11) NOT NULL AUTO_INCREMENT,
  `trans_type` smallint(6) DEFAULT NULL,
  `trans_no` int(11) DEFAULT NULL,
  `tran_date` date NOT NULL,
  `tax_type_id` int(11) NOT NULL DEFAULT '0',
  `rate` double NOT NULL DEFAULT '0',
  `ex_rate` double NOT NULL DEFAULT '1',
  `included_in_price` tinyint(1) NOT NULL DEFAULT '0',
  `net_amount` double NOT NULL DEFAULT '0',
  `amount` double NOT NULL DEFAULT '0',
  `memo` tinytext COLLATE utf8_unicode_ci,
  `reg_type` tinyint(1) DEFAULT NULL,
  PRIMARY KEY (`id`),
  KEY `Type_and_Number` (`trans_type`,`trans_no`),
  KEY `tran_date` (`tran_date`)
) ENGINE=InnoDB AUTO_INCREMENT=107 DEFAULT CHARSET=utf8 COLLATE=utf8_unicode_ci ;

### Data of table `0_trans_tax_details` ###

INSERT INTO `0_trans_tax_details` VALUES
('1', '13', '1', '2017-07-24', '0', '0', '1', '1', '257646', '0', 'auto', NULL),
('2', '10', '1', '2017-07-24', '0', '0', '1', '1', '0', '0', 'SI001/2017', '0'),
('3', '13', '2', '2017-07-24', '0', '0', '1', '1', '167851', '0', 'auto', NULL),
('4', '10', '2', '2017-07-24', '0', '0', '1', '1', '0', '0', 'SI002/2017', '0'),
('5', '13', '3', '2017-07-21', '1', '0', '1', '1', '125550', '0', 'auto', NULL),
('6', '10', '3', '2017-07-21', '1', '0', '1', '1', '125550', '0', 'SI003/2017', '0'),
('7', '13', '4', '2017-07-21', '1', '0', '1', '1', '240050', '0', 'auto', NULL),
('8', '10', '4', '2017-07-21', '1', '0', '1', '1', '240050', '0', 'SI004/2017', '0'),
('9', '13', '5', '2017-07-21', '1', '0', '1', '1', '764260', '0', 'auto', NULL),
('10', '10', '5', '2017-07-21', '1', '0', '1', '1', '764260', '0', 'SI005/2017', '0'),
('11', '13', '6', '2017-07-21', '0', '0', '1', '1', '0', '0', 'auto', NULL),
('12', '10', '6', '2017-07-21', '0', '0', '1', '1', '0', '0', 'SI006/2017', '0'),
('13', '13', '7', '2017-07-21', '0', '0', '1', '1', '50000', '0', 'auto', NULL),
('14', '10', '7', '2017-07-21', '0', '0', '1', '1', '50000', '0', 'SI007/2017', '0'),
('15', '13', '8', '2017-07-21', '0', '0', '1', '1', '342064', '0', 'auto', NULL),
('16', '10', '8', '2017-07-21', '0', '0', '1', '1', '342064', '0', 'SI008/2017', '0'),
('17', '13', '9', '2017-07-21', '0', '0', '1', '1', '7330', '0', 'auto', NULL),
('18', '10', '9', '2017-07-21', '0', '0', '1', '1', '7330', '0', 'SI009/2017', '0'),
('19', '13', '10', '2017-07-21', '0', '0', '1', '1', '157974', '0', 'auto', NULL),
('20', '10', '10', '2017-07-21', '0', '0', '1', '1', '157974', '0', 'SI010/2017', '0'),
('21', '13', '11', '2017-07-21', '0', '0', '1', '1', '2373068', '0', 'auto', NULL),
('22', '10', '11', '2017-07-21', '0', '0', '1', '1', '2373068', '0', 'SI011/2017', '0'),
('23', '13', '12', '2017-07-21', '0', '0', '1', '1', '19990', '0', 'auto', NULL),
('24', '10', '12', '2017-07-21', '0', '0', '1', '1', '19990', '0', 'SI012/2017', '0'),
('25', '13', '13', '2017-07-21', '0', '0', '1', '1', '151280', '0', 'auto', NULL),
('26', '10', '13', '2017-07-21', '0', '0', '1', '1', '151280', '0', 'SI013/2017', '0'),
('27', '13', '14', '2017-07-21', '0', '0', '1', '1', '93370', '0', 'auto', NULL),
('28', '10', '14', '2017-07-21', '0', '0', '1', '1', '93370', '0', 'SI014/2017', '0'),
('29', '13', '15', '2017-07-21', '0', '0', '1', '1', '17980', '0', 'auto', NULL),
('30', '10', '15', '2017-07-21', '0', '0', '1', '1', '17980', '0', 'SI015/2017', '0'),
('31', '13', '16', '2017-07-21', '0', '0', '1', '1', '7555', '0', 'auto', NULL),
('32', '10', '16', '2017-07-21', '0', '0', '1', '1', '7555', '0', 'SI016/2017', '0'),
('33', '13', '17', '2017-07-21', '0', '0', '1', '1', '899980', '0', 'auto', NULL),
('34', '10', '17', '2017-07-21', '0', '0', '1', '1', '899980', '0', 'SI017/2017', '0'),
('35', '13', '18', '2017-07-21', '0', '0', '1', '1', '46448', '0', 'auto', NULL),
('36', '10', '18', '2017-07-21', '0', '0', '1', '1', '46448', '0', 'SI018/2017', '0'),
('37', '13', '19', '2017-07-21', '0', '0', '1', '1', '1928400', '0', 'auto', NULL),
('38', '10', '19', '2017-07-21', '0', '0', '1', '1', '1928400', '0', 'SI019/2017', '0'),
('39', '13', '20', '2017-07-21', '0', '0', '1', '1', '1081180', '0', 'auto', NULL),
('40', '10', '20', '2017-07-21', '0', '0', '1', '1', '1081180', '0', 'SI020/2017', '0'),
('41', '13', '21', '2017-07-21', '0', '0', '1', '1', '230299', '0', 'auto', NULL),
('42', '10', '21', '2017-07-21', '0', '0', '1', '1', '230299', '0', 'SI021/2017', '0'),
('43', '13', '22', '2017-07-21', '0', '0', '1', '1', '420276', '0', 'auto', NULL),
('44', '10', '22', '2017-07-21', '0', '0', '1', '1', '420276', '0', 'SI022/2017', '0'),
('45', '13', '23', '2017-07-21', '0', '0', '1', '1', '19450', '0', 'auto', NULL),
('46', '10', '23', '2017-07-21', '0', '0', '1', '1', '19450', '0', 'SI023/2017', '0'),
('47', '13', '24', '2017-07-21', '0', '0', '1', '1', '60440', '0', 'auto', NULL),
('48', '10', '24', '2017-07-21', '0', '0', '1', '1', '60440', '0', 'SI024/2017', '0'),
('49', '13', '25', '2017-07-21', '0', '0', '1', '1', '7041', '0', 'auto', NULL),
('50', '10', '25', '2017-07-21', '0', '0', '1', '1', '7041', '0', 'SI025/2017', '0'),
('51', '13', '26', '2017-07-21', '0', '0', '1', '1', '18130', '0', 'auto', NULL),
('52', '10', '26', '2017-07-21', '0', '0', '1', '1', '18130', '0', 'SI026/2017', '0'),
('53', '13', '27', '2017-07-24', '1', '0', '1', '1', '70140', '0', 'auto', NULL),
('54', '10', '27', '2017-07-24', '1', '0', '1', '1', '0', '0', 'SI027/2017', '0'),
('55', '13', '28', '2017-07-21', '0', '0', '1', '1', '345550', '0', 'auto', NULL),
('56', '10', '28', '2017-07-21', '0', '0', '1', '1', '345550', '0', 'SI028/2017', '0'),
('57', '13', '29', '2017-07-21', '0', '0', '1', '1', '112300', '0', 'auto', NULL),
('58', '10', '29', '2017-07-21', '0', '0', '1', '1', '112300', '0', 'SI029/2017', '0'),
('59', '13', '30', '2017-07-21', '0', '0', '1', '1', '100', '0', 'auto', NULL),
('60', '10', '30', '2017-07-21', '0', '0', '1', '1', '100', '0', 'SI030/2017', '0'),
('61', '11', '1', '2017-07-21', '1', '0', '1', '1', '285164', '0', 'CCN001/2017', '0'),
('62', '11', '2', '2017-07-21', '0', '0', '1', '1', '0', '0', 'CCN002/2017', '0'),
('63', '11', '3', '2017-07-21', '0', '0', '1', '1', '91000', '0', 'CCN003/2017', '0'),
('64', '11', '4', '2017-07-21', '0', '0', '1', '1', '0', '0', 'CCN004/2017', '0'),
('65', '11', '5', '2017-07-21', '0', '0', '1', '1', '0', '0', 'CCN004/2017', '0'),
('66', '11', '6', '2017-07-21', '0', '0', '1', '1', '0', '0', 'CCN005/2017', '0'),
('67', '11', '7', '2017-07-21', '0', '0', '1', '1', '0', '0', 'CCN006/2017', '0'),
('68', '13', '31', '2017-07-21', '0', '0', '1', '1', '11410749', '0', 'auto', NULL),
('69', '10', '31', '2017-07-21', '0', '0', '1', '1', '11410749', '0', 'SI031/2017', '0'),
('70', '11', '8', '2017-07-21', '0', '0', '1', '1', '3900404', '0', 'CCN007/2017', '0'),
('71', '20', '2', '2017-07-21', '0', '0', '1', '0', '10840189', '0', '2', '1'),
('72', '20', '3', '2017-07-21', '0', '0', '1', '0', '776600', '0', '3', '1'),
('73', '20', '4', '2017-07-21', '0', '0', '1', '0', '1030350', '0', '4', '1'),
('74', '20', '5', '2017-07-21', '0', '0', '1', '0', '388600', '0', '5', '1'),
('75', '20', '6', '2017-07-21', '0', '0', '1', '0', '1524000', '0', '6', '1'),
('76', '20', '7', '2017-07-21', '0', '0', '1', '0', '339500', '0', '7', '1'),
('77', '13', '32', '2017-07-21', '0', '0', '1', '1', '1554400', '0', 'auto', NULL),
('78', '10', '32', '2017-07-21', '0', '0', '1', '1', '1554400', '0', 'SI032/2017', '0'),
('79', '13', '33', '2017-07-24', '0', '0', '1', '1', '343450', '0', 'auto', NULL),
('80', '10', '33', '2017-07-24', '0', '0', '1', '1', '0', '0', 'SI033/2017', '0'),
('81', '13', '34', '2017-07-24', '0', '0', '1', '1', '979720', '0', 'auto', NULL),
('82', '10', '34', '2017-07-24', '0', '0', '1', '1', '0', '0', 'SI034/2017', '0'),
('83', '13', '35', '2017-07-21', '0', '0', '1', '1', '370540', '0', 'auto', NULL),
('84', '10', '35', '2017-07-21', '0', '0', '1', '1', '370540', '0', 'SI035/2017', '0'),
('85', '13', '36', '2017-07-21', '0', '0', '1', '1', '361510', '0', 'auto', NULL),
('86', '10', '36', '2017-07-21', '0', '0', '1', '1', '361510', '0', 'SI036/2017', '0'),
('87', '13', '37', '2017-07-21', '1', '0', '1', '1', '445230', '0', 'auto', NULL),
('88', '10', '37', '2017-07-21', '1', '0', '1', '1', '445230', '0', 'SI037/2017', '0'),
('89', '13', '38', '2017-07-24', '1', '0', '1', '1', '735050', '0', 'auto', NULL),
('90', '10', '38', '2017-07-24', '1', '0', '1', '1', '0', '0', 'SI038/2017', '0'),
('91', '13', '39', '2017-07-21', '1', '0', '1', '1', '176083', '0', 'auto', NULL),
('92', '10', '39', '2017-07-21', '1', '0', '1', '1', '176083', '0', 'SI039/2017', '0'),
('93', '13', '40', '2017-07-21', '0', '0', '1', '1', '75000', '0', 'auto', NULL),
('94', '10', '40', '2017-07-21', '0', '0', '1', '1', '75000', '0', 'SI040/2017', '0'),
('95', '13', '41', '2017-07-21', '0', '0', '1', '1', '18978', '0', 'auto', NULL),
('96', '10', '41', '2017-07-21', '0', '0', '1', '1', '18978', '0', 'SI041/2017', '0'),
('97', '20', '10', '2017-07-21', '0', '0', '1', '0', '686800', '0', '10', '1'),
('98', '10', '2', '2017-07-21', '0', '0', '1', '1', '167851', '0', 'SI002/2017', '0'),
('99', '10', '1', '2017-07-21', '0', '0', '1', '1', '257646', '0', 'SI001/2017', '0'),
('100', '10', '27', '2017-07-21', '1', '0', '1', '1', '70140', '0', 'SI027/2017', '0'),
('101', '10', '33', '2017-07-21', '0', '0', '1', '1', '343450', '0', 'SI033/2017', '0'),
('102', '10', '34', '2017-07-21', '0', '0', '1', '1', '979720', '0', 'SI034/2017', '0'),
('103', '10', '38', '2017-07-21', '1', '0', '1', '1', '735050', '0', 'SI038/2017', '0'),
('104', '20', '11', '2017-07-22', '0', '0', '1', '0', '755590', '0', '0167', '1'),
('105', '20', '12', '2017-07-22', '0', '0', '1', '0', '388600', '0', '5186', '1'),
('106', '20', '13', '2017-07-22', '0', '0', '1', '0', '1905000', '0', '818', '1');

### Structure of table `0_user_locations` ###

DROP TABLE IF EXISTS `0_user_locations`;

CREATE TABLE `0_user_locations` (
  `id` smallint(6) NOT NULL AUTO_INCREMENT,
  `loc_code` varchar(60) COLLATE utf8_unicode_ci NOT NULL DEFAULT '',
  `user_id` int(11) NOT NULL DEFAULT '1',
  `inactive` tinyint(1) NOT NULL DEFAULT '0',
  PRIMARY KEY (`id`)
) ENGINE=MyISAM AUTO_INCREMENT=15 DEFAULT CHARSET=utf8 COLLATE=utf8_unicode_ci ;

### Data of table `0_user_locations` ###

INSERT INTO `0_user_locations` VALUES
('1', 'DEF', '1', '0'),
('2', 'DEF', '2', '0'),
('3', 'DEF', '3', '0'),
('7', 'SMKT', '7', '0'),
('5', 'DEF', '6', '0'),
('13', '20001', '7', '0'),
('8', 'L001', '8', '0'),
('9', '20001', '10', '0'),
('10', '20002', '10', '0'),
('11', '20001', '9', '0'),
('12', '20002', '9', '0'),
('14', '20002', '7', '0');

### Structure of table `0_useronline` ###

DROP TABLE IF EXISTS `0_useronline`;

CREATE TABLE `0_useronline` (
  `id` int(11) NOT NULL AUTO_INCREMENT,
  `timestamp` int(15) NOT NULL DEFAULT '0',
  `ip` varchar(40) COLLATE utf8_unicode_ci NOT NULL DEFAULT '',
  `file` varchar(100) COLLATE utf8_unicode_ci NOT NULL DEFAULT '',
  PRIMARY KEY (`id`),
  KEY `timestamp` (`timestamp`),
  KEY `ip` (`ip`)
) ENGINE=InnoDB DEFAULT CHARSET=utf8 COLLATE=utf8_unicode_ci ;

### Data of table `0_useronline` ###


### Structure of table `0_users` ###

DROP TABLE IF EXISTS `0_users`;

CREATE TABLE `0_users` (
  `id` smallint(6) NOT NULL AUTO_INCREMENT,
  `user_id` varchar(60) COLLATE utf8_unicode_ci NOT NULL DEFAULT '',
  `password` varchar(100) COLLATE utf8_unicode_ci NOT NULL DEFAULT '',
  `real_name` varchar(100) COLLATE utf8_unicode_ci NOT NULL DEFAULT '',
  `role_id` int(11) NOT NULL DEFAULT '1',
  `phone` varchar(30) COLLATE utf8_unicode_ci NOT NULL DEFAULT '',
  `email` varchar(100) COLLATE utf8_unicode_ci DEFAULT NULL,
  `language` varchar(20) COLLATE utf8_unicode_ci DEFAULT NULL,
  `date_format` tinyint(1) NOT NULL DEFAULT '0',
  `date_sep` tinyint(1) NOT NULL DEFAULT '0',
  `tho_sep` tinyint(1) NOT NULL DEFAULT '0',
  `dec_sep` tinyint(1) NOT NULL DEFAULT '0',
  `theme` varchar(20) COLLATE utf8_unicode_ci NOT NULL DEFAULT 'default',
  `page_size` varchar(20) COLLATE utf8_unicode_ci NOT NULL DEFAULT 'A4',
  `prices_dec` smallint(6) NOT NULL DEFAULT '2',
  `qty_dec` smallint(6) NOT NULL DEFAULT '2',
  `rates_dec` smallint(6) NOT NULL DEFAULT '4',
  `percent_dec` smallint(6) NOT NULL DEFAULT '1',
  `show_gl` tinyint(1) NOT NULL DEFAULT '1',
  `show_codes` tinyint(1) NOT NULL DEFAULT '0',
  `show_hints` tinyint(1) NOT NULL DEFAULT '0',
  `last_visit_date` datetime DEFAULT NULL,
  `query_size` tinyint(1) unsigned NOT NULL DEFAULT '10',
  `graphic_links` tinyint(1) DEFAULT '1',
  `pos` smallint(6) DEFAULT '1',
  `print_profile` varchar(30) COLLATE utf8_unicode_ci NOT NULL DEFAULT '',
  `rep_popup` tinyint(1) DEFAULT '1',
  `sticky_doc_date` tinyint(1) DEFAULT '0',
  `startup_tab` varchar(20) COLLATE utf8_unicode_ci NOT NULL DEFAULT '',
  `transaction_days` smallint(6) NOT NULL DEFAULT '30',
  `save_report_selections` smallint(6) NOT NULL DEFAULT '0',
  `use_date_picker` tinyint(1) NOT NULL DEFAULT '1',
  `def_print_destination` tinyint(1) NOT NULL DEFAULT '0',
  `def_print_orientation` tinyint(1) NOT NULL DEFAULT '0',
  `inactive` tinyint(1) NOT NULL DEFAULT '0',
  PRIMARY KEY (`id`),
  UNIQUE KEY `user_id` (`user_id`)
) ENGINE=InnoDB AUTO_INCREMENT=13 DEFAULT CHARSET=utf8 COLLATE=utf8_unicode_ci ;

### Data of table `0_users` ###

INSERT INTO `0_users` VALUES
('7', 'omer', 'f43c589c0c09bf226170f4fb3460d439', 'Omer', '2', '', NULL, 'C', '1', '2', '0', '0', 'premium', 'A4', '2', '2', '4', '1', '1', '0', '0', '2017-07-25 06:07:05', '10', '1', '1', '', '1', '0', 'dashboard', '30', '0', '1', '0', '0', '0'),
('9', 'ikram', '4570c7beda351f861a359b8775f7d8c9', 'ikram', '2', '03077700878', NULL, 'C', '1', '2', '0', '0', 'premium', 'A4', '2', '2', '4', '1', '1', '0', '0', '2017-07-26 00:35:35', '10', '1', '1', '', '1', '0', 'dashboard', '30', '0', '1', '0', '0', '0'),
('10', 'abdulgafoor', '96fb96b2afe551952078ba17346b4169', 'abdul gafoor', '2', '03457074312', NULL, 'C', '1', '2', '0', '0', 'premium', 'A4', '2', '2', '4', '1', '1', '0', '0', '2017-07-21 01:42:17', '10', '1', '1', '', '1', '0', 'dashboard', '30', '0', '1', '0', '0', '0'),
('11', 'aqib', '4e075844d2e00e4c800c8c62716bed8c', 'Aqib Iqbal', '2', '03086900015', 'aqib.iqbal7000@gmail.com', 'C', '1', '2', '0', '0', 'premium', 'A4', '2', '2', '4', '1', '1', '0', '0', '2017-07-26 02:29:33', '10', '1', '1', '', '1', '0', 'dashboard', '30', '0', '1', '0', '0', '0'),
('12', 'admin', 'e6a932cc8ec3516c62a37100f2ca9beb', 'Omer', '2', '', NULL, 'C', '1', '2', '0', '0', 'premium', 'A4', '2', '2', '4', '1', '1', '0', '0', '2017-07-26 02:37:27', '10', '1', '1', '', '1', '0', 'dashboard', '30', '0', '1', '0', '0', '0');

### Structure of table `0_voided` ###

DROP TABLE IF EXISTS `0_voided`;

CREATE TABLE `0_voided` (
  `type` int(11) NOT NULL DEFAULT '0',
  `id` int(11) NOT NULL DEFAULT '0',
  `date_` date NOT NULL DEFAULT '0000-00-00',
  `memo_` tinytext COLLATE utf8_unicode_ci NOT NULL,
  UNIQUE KEY `id` (`type`,`id`)
) ENGINE=InnoDB DEFAULT CHARSET=utf8 COLLATE=utf8_unicode_ci ;

### Data of table `0_voided` ###

INSERT INTO `0_voided` VALUES
('10', '6', '2017-07-24', 'VIOD'),
('11', '2', '2017-07-24', ''),
('11', '4', '2017-07-24', 'VOID'),
('11', '5', '2017-07-24', ''),
('11', '6', '2017-07-24', ''),
('11', '7', '2017-07-24', ''),
('13', '6', '2017-07-24', ''),
('20', '1', '2017-07-25', ''),
('41', '1', '2017-07-24', ''),
('41', '2', '2017-07-24', ''),
('41', '3', '2017-07-24', ''),
('41', '4', '2017-07-24', ''),
('41', '5', '2017-07-24', ''),
('41', '6', '2017-07-24', ''),
('41', '10', '2017-07-25', 'Document reentered.');

### Structure of table `0_widgets` ###

DROP TABLE IF EXISTS `0_widgets`;

CREATE TABLE `0_widgets` (
  `id` int(11) NOT NULL AUTO_INCREMENT,
  `user_id` smallint(6) NOT NULL,
  `column_id` int(11) NOT NULL,
  `sort_no` int(11) NOT NULL,
  `collapsed` tinyint(4) NOT NULL,
  `url` varchar(100) COLLATE utf8_bin NOT NULL,
  `title` varchar(100) COLLATE utf8_bin NOT NULL,
  `source` varchar(50) COLLATE utf8_bin NOT NULL,
  `width` varchar(50) COLLATE utf8_bin NOT NULL,
  `height` varchar(50) COLLATE utf8_bin NOT NULL,
  `is_system` tinyint(1) NOT NULL DEFAULT '0',
  `created_by` varchar(150) COLLATE utf8_bin NOT NULL,
  `dt_created` datetime NOT NULL,
  `updated_by` varchar(150) COLLATE utf8_bin DEFAULT NULL,
  `dt_updated` datetime DEFAULT NULL,
  PRIMARY KEY (`id`)
) ENGINE=InnoDB AUTO_INCREMENT=26 DEFAULT CHARSET=utf8 COLLATE=utf8_bin ;

### Data of table `0_widgets` ###

INSERT INTO `0_widgets` VALUES
('8', '3', '1', '0', '0', 'gl-in-fiscal-year.php', 'Profit and Loss', 'glfiscalyear', '100%', '370px', '1', '3', '2012-10-12 11:07:37', NULL, NULL),
('9', '3', '2', '0', '0', 'top-10-customer-in-fiscal-year.php', 'Top 10 customers in fiscal year', 'top10customerinfiscalyear', '100%', '630px', '1', '3', '2012-10-12 11:07:44', NULL, NULL),
('10', '2', '1', '0', '0', 'gl-in-fiscal-year.php', 'Profit and Loss', 'glfiscalyear', '100%', '370px', '1', '2', '2012-10-12 11:10:47', NULL, NULL),
('11', '2', '1', '1', '0', 'top-10-customer-in-fiscal-year.php', 'Top 10 customers in fiscal year', 'top10customerinfiscalyear', '100%', '630px', '1', '2', '2012-10-12 11:10:54', NULL, NULL),
('12', '2', '1', '2', '0', 'top-10-overdue-purchase-invoices.php', 'Top 10 Overdue Purchase Invoices', 'top10overduepurchaseinvoice', '100%', '300px', '1', '2', '2012-10-12 11:11:00', NULL, NULL),
('13', '2', '1', '3', '0', 'top-10-overdue-sales-invoices.php', 'Top 10 Overdue Sales Invoices', 'top10overduesalesinvoice', '100%', '300px', '1', '2', '2012-10-12 11:11:12', NULL, NULL),
('14', '2', '2', '1', '0', 'top-10-recent-sales-invoices.php', 'Top 10 Recent Sales Invoices', 'top10recentsalesinvoice', '100%', '300px', '1', '2', '2012-10-12 11:11:17', NULL, NULL),
('15', '2', '2', '3', '0', 'top-10-recent-sales-order.php', 'Top 10 Recent Sales Order', 'top10recentsalesorder', '100%', '300px', '1', '2', '2012-10-12 11:11:31', NULL, NULL),
('17', '2', '2', '0', '0', 'top-10-stock-in-fiscal-year.php', 'Top 10 Sold Items in fiscal year', 'top10iteminfiscalyear', '100%', '630px', '1', '2', '2012-10-12 11:11:37', NULL, NULL),
('18', '2', '2', '2', '0', 'top-10-supplier-in-fiscal-year.php', 'Top 10 suppliers in fiscal year', 'top10supplierinfiscalyear', '100%', '630px', '1', '2', '2012-10-12 11:11:45', NULL, NULL),
('19', '3', '1', '1', '0', 'top-10-overdue-purchase-invoices.php', 'Top 10 Overdue Purchase Invoices', 'top10overduepurchaseinvoice', '100%', '300px', '1', '3', '2012-10-12 11:15:30', NULL, NULL),
('21', '3', '2', '1', '0', 'top-10-overdue-sales-invoices.php', 'Top 10 Overdue Sales Invoices', 'top10overduesalesinvoice', '100%', '300px', '1', '3', '2012-10-12 11:15:48', NULL, NULL),
('22', '3', '1', '2', '0', 'top-10-recent-sales-invoices.php', 'Top 10 Recent Sales Invoices', 'top10recentsalesinvoice', '100%', '300px', '1', '3', '2012-10-12 11:15:56', NULL, NULL),
('23', '3', '1', '3', '0', 'top-10-recent-sales-order.php', 'Top 10 Recent Sales Order', 'top10recentsalesorder', '100%', '300px', '1', '3', '2012-10-12 11:16:03', NULL, NULL),
('24', '3', '2', '3', '0', 'top-10-stock-in-fiscal-year.php', 'Top 10 Sold Items in fiscal year', 'top10iteminfiscalyear', '100%', '630px', '1', '3', '2012-10-12 11:16:08', NULL, NULL),
('25', '3', '2', '2', '0', 'top-10-supplier-in-fiscal-year.php', 'Top 10 suppliers in fiscal year', 'top10supplierinfiscalyear', '100%', '630px', '1', '3', '2012-10-12 11:16:17', NULL, NULL);

### Structure of table `0_widgets_template` ###

DROP TABLE IF EXISTS `0_widgets_template`;

CREATE TABLE `0_widgets_template` (
  `id` int(11) NOT NULL AUTO_INCREMENT,
  `column_id` int(11) NOT NULL,
  `sort_no` int(11) NOT NULL,
  `collapsed` tinyint(4) NOT NULL,
  `url` varchar(100) NOT NULL,
  `title` varchar(100) NOT NULL,
  `source` varchar(50) NOT NULL,
  `width` varchar(50) NOT NULL,
  `height` varchar(50) NOT NULL,
  `is_system` tinyint(1) NOT NULL DEFAULT '0',
  `created_by` varchar(150) NOT NULL,
  `dt_created` datetime NOT NULL,
  `updated_by` varchar(150) DEFAULT NULL,
  `dt_updated` datetime DEFAULT NULL,
  PRIMARY KEY (`id`)
) ENGINE=InnoDB AUTO_INCREMENT=10 DEFAULT CHARSET=utf8 ;

### Data of table `0_widgets_template` ###

INSERT INTO `0_widgets_template` VALUES
('1', '2', '0', '0', 'top-10-customer-in-fiscal-year.php', 'Top 10 customers in fiscal year', 'top10customerinfiscalyear', '100%', '630px', '1', 'system', '2012-10-12 11:06:46', 'system', '2012-10-12 11:06:46'),
('2', '2', '0', '0', 'top-10-supplier-in-fiscal-year.php', 'Top 10 suppliers in fiscal year', 'top10supplierinfiscalyear', '100%', '630px', '1', 'system', '2012-10-12 11:06:46', 'system', '2012-10-12 11:06:46'),
('3', '2', '0', '0', 'top-10-stock-in-fiscal-year.php', 'Top 10 Sold Items in fiscal year', 'top10iteminfiscalyear', '100%', '630px', '1', 'system', '2012-10-12 11:06:46', 'system', '2012-10-12 11:06:46'),
('4', '2', '0', '0', 'top-10-dimension-in-fiscal-year.php', 'Top 10 Dimensions in fiscal year', 'top10dimensionfiscalyear', '100%', '370px', '1', 'system', '2012-10-12 11:06:46', 'system', '2012-10-12 11:06:46'),
('5', '2', '0', '0', 'top-10-overdue-sales-invoices.php', 'Top 10 Overdue Sales Invoices', 'top10overduesalesinvoice', '100%', '300px', '1', 'system', '2012-10-12 11:06:46', 'system', '2012-10-12 11:06:46'),
('6', '2', '0', '0', 'top-10-overdue-purchase-invoices.php', 'Top 10 Overdue Purchase Invoices', 'top10overduepurchaseinvoice', '100%', '300px', '1', 'system', '2012-10-12 11:06:46', 'system', '2012-10-12 11:06:46'),
('7', '2', '0', '0', 'gl-in-fiscal-year.php', 'Profit and Loss', 'glfiscalyear', '100%', '370px', '1', 'system', '2012-10-12 11:06:46', 'system', '2012-10-12 11:06:46'),
('8', '2', '0', '0', 'top-10-recent-sales-order.php', 'Top 10 Recent Sales Order', 'top10recentsalesorder', '100%', '300px', '1', 'system', '2012-10-12 11:06:46', 'system', '2012-10-12 11:06:46'),
('9', '2', '0', '0', 'top-10-recent-sales-invoices.php', 'Top 10 Recent Sales Invoices', 'top10recentsalesinvoice', '100%', '300px', '1', 'system', '2012-10-12 11:06:46', 'system', '2012-10-12 11:06:46');

### Structure of table `0_wo_costing` ###

DROP TABLE IF EXISTS `0_wo_costing`;

CREATE TABLE `0_wo_costing` (
  `id` int(11) NOT NULL AUTO_INCREMENT,
  `workorder_id` int(11) NOT NULL DEFAULT '0',
  `cost_type` tinyint(1) NOT NULL DEFAULT '0',
  `trans_type` int(11) NOT NULL DEFAULT '0',
  `trans_no` int(11) NOT NULL DEFAULT '0',
  `factor` double NOT NULL DEFAULT '1',
  PRIMARY KEY (`id`)
) ENGINE=InnoDB DEFAULT CHARSET=utf8 COLLATE=utf8_unicode_ci ;

### Data of table `0_wo_costing` ###


### Structure of table `0_wo_issue_items` ###

DROP TABLE IF EXISTS `0_wo_issue_items`;

CREATE TABLE `0_wo_issue_items` (
  `id` int(11) NOT NULL AUTO_INCREMENT,
  `stock_id` varchar(40) COLLATE utf8_unicode_ci DEFAULT NULL,
  `issue_id` int(11) DEFAULT NULL,
  `qty_issued` double DEFAULT NULL,
  `unit_cost` double NOT NULL DEFAULT '0',
  PRIMARY KEY (`id`)
) ENGINE=InnoDB DEFAULT CHARSET=utf8 COLLATE=utf8_unicode_ci ;

### Data of table `0_wo_issue_items` ###


### Structure of table `0_wo_issues` ###

DROP TABLE IF EXISTS `0_wo_issues`;

CREATE TABLE `0_wo_issues` (
  `issue_no` int(11) NOT NULL AUTO_INCREMENT,
  `workorder_id` int(11) NOT NULL DEFAULT '0',
  `reference` varchar(100) COLLATE utf8_unicode_ci DEFAULT NULL,
  `issue_date` date DEFAULT NULL,
  `loc_code` varchar(5) COLLATE utf8_unicode_ci DEFAULT NULL,
  `workcentre_id` int(11) DEFAULT NULL,
  PRIMARY KEY (`issue_no`),
  KEY `workorder_id` (`workorder_id`)
) ENGINE=InnoDB DEFAULT CHARSET=utf8 COLLATE=utf8_unicode_ci ;

### Data of table `0_wo_issues` ###


### Structure of table `0_wo_manufacture` ###

DROP TABLE IF EXISTS `0_wo_manufacture`;

CREATE TABLE `0_wo_manufacture` (
  `id` int(11) NOT NULL AUTO_INCREMENT,
  `reference` varchar(100) COLLATE utf8_unicode_ci DEFAULT NULL,
  `workorder_id` int(11) NOT NULL DEFAULT '0',
  `quantity` double NOT NULL DEFAULT '0',
  `date_` date NOT NULL DEFAULT '0000-00-00',
  PRIMARY KEY (`id`),
  KEY `workorder_id` (`workorder_id`)
) ENGINE=InnoDB DEFAULT CHARSET=utf8 COLLATE=utf8_unicode_ci ;

### Data of table `0_wo_manufacture` ###


### Structure of table `0_wo_requirements` ###

DROP TABLE IF EXISTS `0_wo_requirements`;

CREATE TABLE `0_wo_requirements` (
  `id` int(11) NOT NULL AUTO_INCREMENT,
  `workorder_id` int(11) NOT NULL DEFAULT '0',
  `stock_id` char(20) COLLATE utf8_unicode_ci NOT NULL DEFAULT '',
  `workcentre` int(11) NOT NULL DEFAULT '0',
  `units_req` double NOT NULL DEFAULT '1',
  `unit_cost` double NOT NULL DEFAULT '0',
  `loc_code` char(5) COLLATE utf8_unicode_ci NOT NULL DEFAULT '',
  `units_issued` double NOT NULL DEFAULT '0',
  PRIMARY KEY (`id`),
  KEY `workorder_id` (`workorder_id`)
) ENGINE=InnoDB DEFAULT CHARSET=utf8 COLLATE=utf8_unicode_ci ;

### Data of table `0_wo_requirements` ###


### Structure of table `0_workcentres` ###

DROP TABLE IF EXISTS `0_workcentres`;

CREATE TABLE `0_workcentres` (
  `id` int(11) NOT NULL AUTO_INCREMENT,
  `name` char(40) COLLATE utf8_unicode_ci NOT NULL DEFAULT '',
  `description` char(50) COLLATE utf8_unicode_ci NOT NULL DEFAULT '',
  `inactive` tinyint(1) NOT NULL DEFAULT '0',
  PRIMARY KEY (`id`),
  UNIQUE KEY `name` (`name`)
) ENGINE=InnoDB AUTO_INCREMENT=2 DEFAULT CHARSET=utf8 COLLATE=utf8_unicode_ci ;

### Data of table `0_workcentres` ###

INSERT INTO `0_workcentres` VALUES
('1', 'Work Centre', '', '0');

### Structure of table `0_workorders` ###

DROP TABLE IF EXISTS `0_workorders`;

CREATE TABLE `0_workorders` (
  `id` int(11) NOT NULL AUTO_INCREMENT,
  `wo_ref` varchar(60) COLLATE utf8_unicode_ci NOT NULL DEFAULT '',
  `loc_code` varchar(5) COLLATE utf8_unicode_ci NOT NULL DEFAULT '',
  `units_reqd` double NOT NULL DEFAULT '1',
  `stock_id` varchar(20) COLLATE utf8_unicode_ci NOT NULL DEFAULT '',
  `date_` date NOT NULL DEFAULT '0000-00-00',
  `type` tinyint(4) NOT NULL DEFAULT '0',
  `required_by` date NOT NULL DEFAULT '0000-00-00',
  `released_date` date NOT NULL DEFAULT '0000-00-00',
  `units_issued` double NOT NULL DEFAULT '0',
  `closed` tinyint(1) NOT NULL DEFAULT '0',
  `released` tinyint(1) NOT NULL DEFAULT '0',
  `additional_costs` double NOT NULL DEFAULT '0',
  PRIMARY KEY (`id`),
  UNIQUE KEY `wo_ref` (`wo_ref`)
) ENGINE=InnoDB DEFAULT CHARSET=utf8 COLLATE=utf8_unicode_ci ;

### Data of table `0_workorders` ###


### Structure of table `0_wth_tax_types` ###

DROP TABLE IF EXISTS `0_wth_tax_types`;

CREATE TABLE `0_wth_tax_types` (
  `id` smallint(6) unsigned NOT NULL AUTO_INCREMENT,
  `description` varchar(60) COLLATE utf8_unicode_ci NOT NULL DEFAULT '',
  `tax_percent` double NOT NULL DEFAULT '0',
  `code` varchar(15) COLLATE utf8_unicode_ci NOT NULL,
  `co_account` varchar(15) COLLATE utf8_unicode_ci NOT NULL,
  `level_id` int(11) NOT NULL DEFAULT '0',
  `wth_tax_category` int(11) NOT NULL,
  PRIMARY KEY (`id`),
  UNIQUE KEY `description` (`description`,`level_id`)
) ENGINE=MyISAM AUTO_INCREMENT=18 DEFAULT CHARSET=utf8 COLLATE=utf8_unicode_ci ;

### Data of table `0_wth_tax_types` ###

INSERT INTO `0_wth_tax_types` VALUES
('1', 'WHT Service', '0', 'wht_service', '1208', '0', '0'),
('2', 'WHT Supply of goods', '0', 'wht_supply', '1210', '0', '0'),
('3', 'WHT SRB Sales Tax', '0', 'wht_srb', '1209', '0', '0'),
('4', 'WHT Sales Tax FBR', '0', 'wht_fbr', '1207', '0', '0'),
('6', 'Filer Company', '4', '', '1210', '2', '3'),
('7', 'Nonfiler Company', '6', '', '1210', '2', '1'),
('8', 'Filer Other', '4.5', '', '1210', '2', '1'),
('9', 'Nonfile Other', '6.5', '', '1210', '2', '1'),
('10', 'Filer Company', '8', '', '1208', '1', '2'),
('11', 'Nonfiler Company', '12', '', '1208', '1', '2'),
('12', 'Filer Other', '10', '', '1208', '1', '2'),
('13', 'Nonfiler Other', '15', '', '1208', '1', '2'),
('14', 'SRB 1', '14', '', '1209', '3', '4'),
('15', 'SRB 2', '20', '', '1209', '3', '4'),
('16', 'FBR 1', '1', '', '1206', '4', '3'),
('17', 'FBR 2', '20', '', '1206', '4', '3');