# MySQL dump of database 'my_hoc' on host 'localhost'
# Backup Date and Time: 2017-07-18 01:14
# Built by SmartBiz 2.4.RC1
# http://smartbiz.cloud
# Company: HOC
# User: Administrator

# Compatibility: 2.4.1


SET NAMES latin1;


### Structure of table `0_amortisation` ###

DROP TABLE IF EXISTS `0_amortisation`;

CREATE TABLE `0_amortisation` (
  `amortisation_id` bigint(20) unsigned NOT NULL AUTO_INCREMENT,
  `asset_id` int(11) DEFAULT NULL,
  `amortisation_year` int(11) DEFAULT NULL,
  `asset_value` double DEFAULT NULL,
  `amount` double DEFAULT NULL,
  `posted` int(11) NOT NULL DEFAULT '0',
  `inactive` tinyint(4) NOT NULL DEFAULT '0',
  `details` text,
  PRIMARY KEY (`amortisation_id`),
  UNIQUE KEY `amortisation_id` (`amortisation_id`),
  KEY `0_amortisation_asset_id` (`asset_id`)
) ENGINE=InnoDB DEFAULT CHARSET=latin1 ;

### Data of table `0_amortisation` ###


### Structure of table `0_areas` ###

DROP TABLE IF EXISTS `0_areas`;

CREATE TABLE `0_areas` (
  `area_code` int(11) NOT NULL AUTO_INCREMENT,
  `description` varchar(60) COLLATE utf8_unicode_ci NOT NULL DEFAULT '',
  `inactive` tinyint(1) NOT NULL DEFAULT '0',
  PRIMARY KEY (`area_code`),
  UNIQUE KEY `description` (`description`)
) ENGINE=InnoDB AUTO_INCREMENT=3 DEFAULT CHARSET=utf8 COLLATE=utf8_unicode_ci ;

### Data of table `0_areas` ###

INSERT INTO `0_areas` VALUES
('1', 'Global', '0'),
('2', 'Multan', '0');

### Structure of table `0_asset_types` ###

DROP TABLE IF EXISTS `0_asset_types`;

CREATE TABLE `0_asset_types` (
  `asset_type_id` bigint(20) unsigned NOT NULL AUTO_INCREMENT,
  `asset_type_name` varchar(50) NOT NULL,
  `depreciation_type` int(11) NOT NULL DEFAULT '1',
  `depreciation_rate` double NOT NULL DEFAULT '10',
  `asset_account` varchar(15) DEFAULT NULL,
  `depreciation_account` varchar(15) DEFAULT NULL,
  `accumulated_account` varchar(15) DEFAULT NULL,
  `valuation_account` varchar(15) DEFAULT NULL,
  `disposal_account` varchar(15) DEFAULT NULL,
  `inactive` tinyint(4) NOT NULL DEFAULT '0',
  `details` text,
  PRIMARY KEY (`asset_type_id`),
  UNIQUE KEY `asset_type_id` (`asset_type_id`)
) ENGINE=InnoDB DEFAULT CHARSET=latin1 ;

### Data of table `0_asset_types` ###


### Structure of table `0_asset_valuations` ###

DROP TABLE IF EXISTS `0_asset_valuations`;

CREATE TABLE `0_asset_valuations` (
  `asset_valuation_id` bigint(20) unsigned NOT NULL AUTO_INCREMENT,
  `asset_id` int(11) DEFAULT NULL,
  `valuation_year` int(11) DEFAULT NULL,
  `asset_value` double NOT NULL DEFAULT '0',
  `value_change` double NOT NULL DEFAULT '0',
  `posted` int(11) NOT NULL DEFAULT '0',
  `inactive` tinyint(4) NOT NULL DEFAULT '0',
  `details` text,
  PRIMARY KEY (`asset_valuation_id`),
  UNIQUE KEY `asset_valuation_id` (`asset_valuation_id`),
  UNIQUE KEY `asset_id` (`asset_id`,`valuation_year`),
  KEY `0_asset_valuations_asset_id` (`asset_id`)
) ENGINE=InnoDB DEFAULT CHARSET=latin1 ;

### Data of table `0_asset_valuations` ###


### Structure of table `0_assets` ###

DROP TABLE IF EXISTS `0_assets`;

CREATE TABLE `0_assets` (
  `asset_id` bigint(20) unsigned NOT NULL AUTO_INCREMENT,
  `asset_type_id` int(11) DEFAULT NULL,
  `item_id` int(11) DEFAULT NULL,
  `asset_name` varchar(50) DEFAULT NULL,
  `asset_serial` varchar(50) DEFAULT NULL,
  `purchase_date` date NOT NULL,
  `purchase_value` double NOT NULL,
  `disposal_amount` double DEFAULT NULL,
  `disposal_date` date DEFAULT NULL,
  `disposal_posting` int(11) DEFAULT '0',
  `tag_number` varchar(50) DEFAULT NULL,
  `asset_location` varchar(50) DEFAULT NULL,
  `asset_condition` varchar(50) DEFAULT NULL,
  `asset_acquisition` varchar(50) DEFAULT NULL,
  `inactive` tinyint(4) NOT NULL DEFAULT '0',
  `details` text,
  PRIMARY KEY (`asset_id`),
  UNIQUE KEY `asset_id` (`asset_id`),
  KEY `0_assets_asset_type_id` (`asset_type_id`),
  KEY `0_assets_item_id` (`item_id`)
) ENGINE=InnoDB DEFAULT CHARSET=latin1 ;

### Data of table `0_assets` ###


### Structure of table `0_attachments` ###

DROP TABLE IF EXISTS `0_attachments`;

CREATE TABLE `0_attachments` (
  `id` int(11) unsigned NOT NULL AUTO_INCREMENT,
  `description` varchar(60) COLLATE utf8_unicode_ci NOT NULL DEFAULT '',
  `type_no` int(11) NOT NULL DEFAULT '0',
  `trans_no` int(11) NOT NULL DEFAULT '0',
  `unique_name` varchar(60) COLLATE utf8_unicode_ci NOT NULL DEFAULT '',
  `tran_date` date NOT NULL DEFAULT '0000-00-00',
  `filename` varchar(60) COLLATE utf8_unicode_ci NOT NULL DEFAULT '',
  `filesize` int(11) NOT NULL DEFAULT '0',
  `filetype` varchar(60) COLLATE utf8_unicode_ci NOT NULL DEFAULT '',
  PRIMARY KEY (`id`),
  KEY `type_no` (`type_no`,`trans_no`)
) ENGINE=InnoDB DEFAULT CHARSET=utf8 COLLATE=utf8_unicode_ci ;

### Data of table `0_attachments` ###


### Structure of table `0_audit_trail` ###

DROP TABLE IF EXISTS `0_audit_trail`;

CREATE TABLE `0_audit_trail` (
  `id` int(11) NOT NULL AUTO_INCREMENT,
  `type` smallint(6) unsigned NOT NULL DEFAULT '0',
  `trans_no` int(11) unsigned NOT NULL DEFAULT '0',
  `user` smallint(6) unsigned NOT NULL DEFAULT '0',
  `stamp` timestamp NOT NULL DEFAULT CURRENT_TIMESTAMP ON UPDATE CURRENT_TIMESTAMP,
  `description` varchar(60) COLLATE utf8_unicode_ci DEFAULT NULL,
  `fiscal_year` int(11) NOT NULL DEFAULT '0',
  `gl_date` date NOT NULL DEFAULT '0000-00-00',
  `gl_seq` int(11) unsigned DEFAULT NULL,
  PRIMARY KEY (`id`),
  KEY `Seq` (`fiscal_year`,`gl_date`,`gl_seq`),
  KEY `Type_and_Number` (`type`,`trans_no`)
) ENGINE=InnoDB AUTO_INCREMENT=48 DEFAULT CHARSET=utf8 COLLATE=utf8_unicode_ci ;

### Data of table `0_audit_trail` ###

INSERT INTO `0_audit_trail` VALUES
('1', '18', '1', '7', '2017-07-13 03:19:14', NULL, '3', '2017-07-12', '0'),
('2', '18', '2', '7', '2017-07-13 03:28:04', NULL, '3', '2017-07-13', '0'),
('3', '18', '3', '7', '2017-07-13 04:36:54', NULL, '3', '2017-07-13', '0'),
('4', '18', '4', '7', '2017-07-13 04:46:32', NULL, '3', '2017-07-13', '0'),
('5', '18', '5', '7', '2017-07-13 06:17:09', NULL, '3', '2017-07-13', '0'),
('6', '18', '6', '7', '2017-07-13 10:01:45', NULL, '3', '2017-07-13', '0'),
('7', '25', '1', '7', '2017-07-13 10:05:04', NULL, '3', '2017-07-13', '0'),
('8', '20', '1', '7', '2017-07-13 10:07:29', NULL, '3', '2017-07-13', '0'),
('9', '25', '2', '7', '2017-07-13 10:15:34', NULL, '3', '2017-07-13', '0'),
('10', '25', '3', '7', '2017-07-13 10:16:00', NULL, '3', '2017-07-13', '0'),
('11', '25', '4', '7', '2017-07-13 10:16:10', NULL, '3', '2017-07-13', '0'),
('12', '25', '5', '7', '2017-07-13 10:16:28', NULL, '3', '2017-07-13', '0'),
('13', '25', '6', '7', '2017-07-13 10:16:37', NULL, '3', '2017-07-13', '0'),
('14', '16', '1', '7', '2017-07-13 10:17:33', NULL, '3', '2017-07-13', '0'),
('15', '30', '1', '7', '2017-07-13 10:24:48', NULL, '3', '2017-07-13', '0'),
('16', '13', '1', '7', '2017-07-13 10:25:21', NULL, '3', '2017-07-13', '0'),
('17', '10', '1', '7', '2017-07-13 10:25:39', NULL, '3', '2017-07-13', '0'),
('18', '12', '1', '7', '2017-07-13 10:30:09', NULL, '3', '2017-07-13', '0'),
('19', '42', '1', '7', '2017-07-13 10:36:02', NULL, '3', '2017-07-13', NULL),
('20', '42', '1', '7', '2017-07-13 10:36:02', NULL, '3', '2017-07-13', '0'),
('21', '2', '1', '7', '2017-07-13 23:14:46', NULL, '3', '2017-07-13', NULL),
('22', '2', '1', '7', '2017-07-13 23:14:46', NULL, '3', '2017-07-13', '0'),
('23', '18', '7', '7', '2017-07-14 05:29:49', NULL, '3', '2017-07-14', '0'),
('24', '12', '2', '7', '2017-07-14 06:08:38', NULL, '3', '2017-07-13', '0'),
('25', '12', '3', '7', '2017-07-15 02:31:37', NULL, '3', '2017-07-15', '0'),
('26', '18', '8', '7', '2017-07-15 04:00:22', NULL, '3', '2017-07-15', '0'),
('27', '30', '2', '7', '2017-07-15 04:28:04', NULL, '3', '2017-07-15', '0'),
('28', '13', '2', '7', '2017-07-15 04:28:04', NULL, '3', '2017-07-15', '0'),
('29', '10', '2', '7', '2017-07-15 04:28:04', NULL, '3', '2017-07-15', '0'),
('30', '12', '4', '7', '2017-07-15 04:29:46', NULL, '3', '2017-07-15', '0'),
('31', '12', '5', '7', '2017-07-15 04:31:07', NULL, '3', '2017-07-15', '0'),
('32', '11', '1', '7', '2017-07-15 04:48:48', NULL, '3', '2017-07-15', '0'),
('33', '11', '2', '7', '2017-07-15 04:50:18', NULL, '3', '2017-07-15', '0'),
('34', '30', '3', '7', '2017-07-15 04:58:15', NULL, '3', '2017-07-15', '0'),
('35', '13', '3', '7', '2017-07-15 04:58:54', NULL, '3', '2017-07-15', '0'),
('36', '10', '3', '7', '2017-07-15 05:00:12', NULL, '3', '2017-07-15', '0'),
('37', '12', '6', '7', '2017-07-15 05:02:57', NULL, '3', '2017-07-15', '0'),
('38', '12', '7', '7', '2017-07-15 05:04:43', NULL, '3', '2017-07-15', '0'),
('39', '30', '4', '7', '2017-07-15 05:15:20', NULL, '3', '2017-07-15', '0'),
('40', '13', '4', '7', '2017-07-15 05:16:06', NULL, '3', '2017-07-15', '0'),
('41', '10', '4', '7', '2017-07-15 05:16:26', NULL, '3', '2017-07-15', '0'),
('42', '17', '1', '7', '2017-07-15 05:28:03', NULL, '3', '2017-07-15', '0'),
('43', '17', '2', '7', '2017-07-15 05:29:33', NULL, '3', '2017-07-15', '0'),
('44', '17', '3', '7', '2017-07-15 05:43:52', NULL, '3', '2017-07-15', '0'),
('45', '18', '9', '8', '2017-07-15 09:30:13', NULL, '3', '2017-07-15', '0'),
('46', '25', '7', '8', '2017-07-15 09:33:19', NULL, '3', '2017-07-15', '0'),
('47', '18', '10', '7', '2017-07-16 11:06:24', NULL, '3', '2017-07-16', '0');

### Structure of table `0_bank_accounts` ###

DROP TABLE IF EXISTS `0_bank_accounts`;

CREATE TABLE `0_bank_accounts` (
  `account_code` varchar(15) COLLATE utf8_unicode_ci NOT NULL DEFAULT '',
  `account_type` smallint(6) NOT NULL DEFAULT '0',
  `bank_account_name` varchar(60) COLLATE utf8_unicode_ci NOT NULL DEFAULT '',
  `bank_account_number` varchar(100) COLLATE utf8_unicode_ci NOT NULL DEFAULT '',
  `bank_name` varchar(60) COLLATE utf8_unicode_ci NOT NULL DEFAULT '',
  `bank_address` tinytext COLLATE utf8_unicode_ci,
  `bank_curr_code` char(3) COLLATE utf8_unicode_ci NOT NULL DEFAULT '',
  `dflt_curr_act` tinyint(1) NOT NULL DEFAULT '0',
  `id` smallint(6) NOT NULL AUTO_INCREMENT,
  `bank_charge_act` varchar(15) COLLATE utf8_unicode_ci NOT NULL DEFAULT '',
  `last_reconciled_date` timestamp NOT NULL DEFAULT '0000-00-00 00:00:00',
  `ending_reconcile_balance` double NOT NULL DEFAULT '0',
  `inactive` tinyint(1) NOT NULL DEFAULT '0',
  PRIMARY KEY (`id`),
  KEY `bank_account_name` (`bank_account_name`),
  KEY `bank_account_number` (`bank_account_number`),
  KEY `account_code` (`account_code`)
) ENGINE=InnoDB AUTO_INCREMENT=19 DEFAULT CHARSET=utf8 COLLATE=utf8_unicode_ci ;

### Data of table `0_bank_accounts` ###

INSERT INTO `0_bank_accounts` VALUES
('101001', '3', 'PETTY CASH', '', 'PETTY CASH', NULL, 'PKR', '0', '9', '601605', '0000-00-00 00:00:00', '0', '0'),
('101005', '3', 'PETTY CASH PXS', '', 'PETTY CASH PXS', NULL, 'PKR', '0', '10', '601605', '0000-00-00 00:00:00', '0', '0'),
('101900', '3', 'PETTY CASH UOF', '', 'PETTY CASH UOF', NULL, 'PKR', '0', '11', '601605', '0000-00-00 00:00:00', '0', '0'),
('101999', '3', 'UNDEPOSIT CASH COLLECTION', '', 'UNDEPOSIT CASH COLLECTION', NULL, 'PKR', '0', '12', '601605', '0000-00-00 00:00:00', '0', '0'),
('102001', '0', 'HMBL 148581', '', 'HMBL 148581', NULL, 'PKR', '0', '13', '601605', '0000-00-00 00:00:00', '0', '0'),
('102002', '0', 'HMBL 150251', '', 'HMBL 150251', NULL, 'PKR', '0', '14', '601605', '0000-00-00 00:00:00', '0', '0'),
('102003', '0', 'NIB 10350287', '', 'NIB 10350287', NULL, 'PKR', '0', '15', '601605', '0000-00-00 00:00:00', '0', '0'),
('102900', '0', 'KASB 001 UOF', '', 'KASB 001 UOF', NULL, 'PKR', '0', '16', '601605', '0000-00-00 00:00:00', '0', '0'),
('102905', '0', 'NIB 547 UOF', '', 'NIB 547 UOF', NULL, 'PKR', '0', '17', '601605', '0000-00-00 00:00:00', '0', '0'),
('102910', '0', 'MCB 068', '', 'MCB 068', NULL, 'PKR', '0', '18', '601605', '0000-00-00 00:00:00', '0', '0');

### Structure of table `0_bank_trans` ###

DROP TABLE IF EXISTS `0_bank_trans`;

CREATE TABLE `0_bank_trans` (
  `id` int(11) NOT NULL AUTO_INCREMENT,
  `type` smallint(6) DEFAULT NULL,
  `trans_no` int(11) DEFAULT NULL,
  `bank_act` varchar(15) COLLATE utf8_unicode_ci NOT NULL DEFAULT '',
  `ref` varchar(40) COLLATE utf8_unicode_ci DEFAULT NULL,
  `trans_date` date NOT NULL DEFAULT '0000-00-00',
  `amount` double DEFAULT NULL,
  `dimension_id` int(11) NOT NULL DEFAULT '0',
  `dimension2_id` int(11) NOT NULL DEFAULT '0',
  `person_type_id` int(11) NOT NULL DEFAULT '0',
  `person_id` tinyblob,
  `reconciled` date DEFAULT NULL,
  PRIMARY KEY (`id`),
  KEY `bank_act` (`bank_act`,`ref`),
  KEY `type` (`type`,`trans_no`),
  KEY `bank_act_2` (`bank_act`,`reconciled`),
  KEY `bank_act_3` (`bank_act`,`trans_date`)
) ENGINE=InnoDB AUTO_INCREMENT=10 DEFAULT CHARSET=utf8 COLLATE=utf8_unicode_ci ;

### Data of table `0_bank_trans` ###

INSERT INTO `0_bank_trans` VALUES
('1', '12', '1', '18', 'CP001/2017', '2017-07-13', '5000', '0', '0', '2', '5', NULL),
('2', '42', '1', '11', 'CRV001/2017', '2017-07-13', '5000', '0', '0', '2', '5', NULL),
('3', '2', '1', '13', 'BRV001/2017', '2017-07-13', '2500', '0', '0', '2', '5', NULL),
('4', '12', '2', '18', 'CP002/2017', '2017-07-13', '400000', '0', '0', '2', '5', NULL),
('5', '12', '3', '18', 'CP003/2017', '2017-07-15', '20000', '0', '0', '2', '4', NULL),
('6', '12', '4', '13', 'CP004/2017', '2017-07-15', '5000', '0', '0', '2', '1', NULL),
('7', '12', '5', '13', 'CP005/2017', '2017-07-15', '2720', '0', '0', '2', '1', NULL),
('8', '12', '6', '13', 'CP006/2017', '2017-07-15', '2340.4', '0', '0', '2', '5', NULL),
('9', '12', '7', '13', 'CP007/2017', '2017-07-15', '4', '0', '0', '2', '5', NULL);

### Structure of table `0_bom` ###

DROP TABLE IF EXISTS `0_bom`;

CREATE TABLE `0_bom` (
  `id` int(11) NOT NULL AUTO_INCREMENT,
  `parent` char(20) COLLATE utf8_unicode_ci NOT NULL DEFAULT '',
  `component` char(20) COLLATE utf8_unicode_ci NOT NULL DEFAULT '',
  `workcentre_added` int(11) NOT NULL DEFAULT '0',
  `loc_code` char(5) COLLATE utf8_unicode_ci NOT NULL DEFAULT '',
  `quantity` double NOT NULL DEFAULT '1',
  PRIMARY KEY (`parent`,`component`,`workcentre_added`,`loc_code`),
  KEY `component` (`component`),
  KEY `id` (`id`),
  KEY `loc_code` (`loc_code`),
  KEY `parent` (`parent`,`loc_code`),
  KEY `workcentre_added` (`workcentre_added`)
) ENGINE=InnoDB DEFAULT CHARSET=utf8 COLLATE=utf8_unicode_ci ;

### Data of table `0_bom` ###


### Structure of table `0_budget_trans` ###

DROP TABLE IF EXISTS `0_budget_trans`;

CREATE TABLE `0_budget_trans` (
  `id` int(11) NOT NULL AUTO_INCREMENT,
  `tran_date` date NOT NULL DEFAULT '0000-00-00',
  `account` varchar(15) COLLATE utf8_unicode_ci NOT NULL DEFAULT '',
  `memo_` tinytext COLLATE utf8_unicode_ci NOT NULL,
  `amount` double NOT NULL DEFAULT '0',
  `dimension_id` int(11) DEFAULT '0',
  `dimension2_id` int(11) DEFAULT '0',
  PRIMARY KEY (`id`),
  KEY `Account` (`account`,`tran_date`,`dimension_id`,`dimension2_id`)
) ENGINE=InnoDB DEFAULT CHARSET=utf8 COLLATE=utf8_unicode_ci ;

### Data of table `0_budget_trans` ###


### Structure of table `0_chart_class` ###

DROP TABLE IF EXISTS `0_chart_class`;

CREATE TABLE `0_chart_class` (
  `cid` varchar(3) COLLATE utf8_unicode_ci NOT NULL,
  `class_name` varchar(60) COLLATE utf8_unicode_ci NOT NULL DEFAULT '',
  `ctype` tinyint(1) NOT NULL DEFAULT '0',
  `inactive` tinyint(1) NOT NULL DEFAULT '0',
  PRIMARY KEY (`cid`)
) ENGINE=InnoDB DEFAULT CHARSET=utf8 COLLATE=utf8_unicode_ci ;

### Data of table `0_chart_class` ###

INSERT INTO `0_chart_class` VALUES
('10', 'Assets', '1', '0'),
('20', 'Liabilities', '2', '0'),
('30', 'Capital', '3', '0'),
('40', 'Income', '4', '0'),
('50', 'Expenses', '6', '0');

### Structure of table `0_chart_master` ###

DROP TABLE IF EXISTS `0_chart_master`;

CREATE TABLE `0_chart_master` (
  `account_code` varchar(15) COLLATE utf8_unicode_ci NOT NULL DEFAULT '',
  `account_code2` varchar(15) COLLATE utf8_unicode_ci NOT NULL DEFAULT '',
  `account_name` varchar(60) COLLATE utf8_unicode_ci NOT NULL DEFAULT '',
  `account_type` varchar(10) COLLATE utf8_unicode_ci NOT NULL DEFAULT '0',
  `inactive` tinyint(1) NOT NULL DEFAULT '0',
  PRIMARY KEY (`account_code`),
  KEY `account_name` (`account_name`),
  KEY `accounts_by_type` (`account_type`,`account_code`)
) ENGINE=InnoDB DEFAULT CHARSET=utf8 COLLATE=utf8_unicode_ci ;

### Data of table `0_chart_master` ###

INSERT INTO `0_chart_master` VALUES
('10111', '', 'Cash in Hand', '1011', '0'),
('10122', '', 'Bank 2', '1012', '0'),
('1013', '', 'Accounts Receivables', '101', '0'),
('1021', '', 'Inventory', '102', '0'),
('1023', '', 'Stocks of Work In Progress', '503', '1'),
('1031', '', 'Office Furniture and Equipment', '103', '0'),
('1033', '', 'Vehicle', '103', '0'),
('2011', '', 'Accounts Payable', '201', '0'),
('2013', '', 'GST Input', '101', '1'),
('2014', '', 'GST Output', '101', '1'),
('2021', '', 'Bank Loans', '202', '0'),
('2022', '', 'Loans from Shareholders', '202', '0'),
('3012', '', 'Opening Balance Equity', '301', '0'),
('3021', '', 'Reserves and Surplus', '302', '0'),
('4011', '', 'Sales Revenue', '401', '0'),
('4021', '', 'Shipping and Handling', '402', '0'),
('4023', '', 'Foreign Exchange Gain', '101', '1'),
('4025', '', 'Discounts Given', '101', '1'),
('5011', '', 'Cost of Goods Sold - Retail', '501', '0'),
('5014', '', 'Purchase Price Variance', '101', '1'),
('5016', '', 'Discounts Received', '101', '1'),
('5017', '', 'Freight', '501', '0'),
('5030', '', 'Profit and Loss', '101', '1'),
('5036', '', 'Interest and Bank Charges', '101', '1');

### Structure of table `0_chart_types` ###

DROP TABLE IF EXISTS `0_chart_types`;

CREATE TABLE `0_chart_types` (
  `id` varchar(10) COLLATE utf8_unicode_ci NOT NULL,
  `name` varchar(60) COLLATE utf8_unicode_ci NOT NULL DEFAULT '',
  `class_id` varchar(3) COLLATE utf8_unicode_ci NOT NULL DEFAULT '',
  `parent` varchar(10) COLLATE utf8_unicode_ci NOT NULL DEFAULT '-1',
  `inactive` tinyint(1) NOT NULL DEFAULT '0',
  PRIMARY KEY (`id`),
  KEY `name` (`name`),
  KEY `class_id` (`class_id`)
) ENGINE=InnoDB DEFAULT CHARSET=utf8 COLLATE=utf8_unicode_ci ;

### Data of table `0_chart_types` ###

INSERT INTO `0_chart_types` VALUES
('101', 'Current Assets', '10', '', '0'),
('1011', 'Cash', '10', '101', '0'),
('1012', 'Bank', '10', '101', '0'),
('102', 'Inventory Assets', '10', '', '0'),
('103', 'Fixed Assets', '10', '', '0'),
('201', 'Current Liabilities', '20', '', '0'),
('202', 'Long Term Liabilities', '20', '', '0'),
('301', 'Share Capital', '30', '', '0'),
('302', 'Retained Earnings', '30', '', '0'),
('401', 'Sales Revenue', '40', '', '0'),
('402', 'Other Revenue', '40', '', '0'),
('501', 'Cost of Goods Sold', '50', '', '0'),
('502', 'Payroll Expenses', '50', '', '0'),
('503', 'General &amp; Administrative Expenses', '50', '', '0');

### Structure of table `0_comments` ###

DROP TABLE IF EXISTS `0_comments`;

CREATE TABLE `0_comments` (
  `type` int(11) NOT NULL DEFAULT '0',
  `id` int(11) NOT NULL DEFAULT '0',
  `date_` date DEFAULT '0000-00-00',
  `memo_` tinytext COLLATE utf8_unicode_ci,
  KEY `type_and_id` (`type`,`id`)
) ENGINE=InnoDB DEFAULT CHARSET=utf8 COLLATE=utf8_unicode_ci ;

### Data of table `0_comments` ###


### Structure of table `0_credit_status` ###

DROP TABLE IF EXISTS `0_credit_status`;

CREATE TABLE `0_credit_status` (
  `id` int(11) NOT NULL AUTO_INCREMENT,
  `reason_description` char(100) COLLATE utf8_unicode_ci NOT NULL DEFAULT '',
  `dissallow_invoices` tinyint(1) NOT NULL DEFAULT '0',
  `inactive` tinyint(1) NOT NULL DEFAULT '0',
  PRIMARY KEY (`id`),
  UNIQUE KEY `reason_description` (`reason_description`)
) ENGINE=InnoDB AUTO_INCREMENT=5 DEFAULT CHARSET=utf8 COLLATE=utf8_unicode_ci ;

### Data of table `0_credit_status` ###

INSERT INTO `0_credit_status` VALUES
('1', 'Good History', '0', '0'),
('3', 'No more work until payment received', '1', '0'),
('4', 'In liquidation', '1', '0');

### Structure of table `0_crm_categories` ###

DROP TABLE IF EXISTS `0_crm_categories`;

CREATE TABLE `0_crm_categories` (
  `id` int(11) NOT NULL AUTO_INCREMENT COMMENT 'pure technical key',
  `type` varchar(20) COLLATE utf8_unicode_ci NOT NULL COMMENT 'contact type e.g. customer',
  `action` varchar(20) COLLATE utf8_unicode_ci NOT NULL COMMENT 'detailed usage e.g. department',
  `name` varchar(30) COLLATE utf8_unicode_ci NOT NULL COMMENT 'for category selector',
  `description` tinytext COLLATE utf8_unicode_ci NOT NULL COMMENT 'usage description',
  `system` tinyint(1) NOT NULL DEFAULT '0' COMMENT 'nonzero for core system usage',
  `inactive` tinyint(1) NOT NULL DEFAULT '0',
  PRIMARY KEY (`id`),
  UNIQUE KEY `type` (`type`,`action`),
  UNIQUE KEY `type_2` (`type`,`name`)
) ENGINE=InnoDB AUTO_INCREMENT=13 DEFAULT CHARSET=utf8 COLLATE=utf8_unicode_ci ;

### Data of table `0_crm_categories` ###

INSERT INTO `0_crm_categories` VALUES
('1', 'cust_branch', 'general', 'General', 'General contact data for customer branch (overrides company setting)', '1', '0'),
('2', 'cust_branch', 'invoice', 'Invoices', 'Invoice posting (overrides company setting)', '1', '0'),
('3', 'cust_branch', 'order', 'Orders', 'Order confirmation (overrides company setting)', '1', '0'),
('4', 'cust_branch', 'delivery', 'Deliveries', 'Delivery coordination (overrides company setting)', '1', '0'),
('5', 'customer', 'general', 'General', 'General contact data for customer', '1', '0'),
('6', 'customer', 'order', 'Orders', 'Order confirmation', '1', '0'),
('7', 'customer', 'delivery', 'Deliveries', 'Delivery coordination', '1', '0'),
('8', 'customer', 'invoice', 'Invoices', 'Invoice posting', '1', '0'),
('9', 'supplier', 'general', 'General', 'General contact data for supplier', '1', '0'),
('10', 'supplier', 'order', 'Orders', 'Order confirmation', '1', '0'),
('11', 'supplier', 'delivery', 'Deliveries', 'Delivery coordination', '1', '0'),
('12', 'supplier', 'invoice', 'Invoices', 'Invoice posting', '1', '0');

### Structure of table `0_crm_contacts` ###

DROP TABLE IF EXISTS `0_crm_contacts`;

CREATE TABLE `0_crm_contacts` (
  `id` int(11) NOT NULL AUTO_INCREMENT,
  `person_id` int(11) NOT NULL DEFAULT '0' COMMENT 'foreign key to crm_contacts',
  `type` varchar(20) COLLATE utf8_unicode_ci NOT NULL COMMENT 'foreign key to crm_categories',
  `action` varchar(20) COLLATE utf8_unicode_ci NOT NULL COMMENT 'foreign key to crm_categories',
  `entity_id` varchar(11) COLLATE utf8_unicode_ci DEFAULT NULL COMMENT 'entity id in related class table',
  PRIMARY KEY (`id`),
  KEY `type` (`type`,`action`)
) ENGINE=InnoDB AUTO_INCREMENT=15 DEFAULT CHARSET=utf8 COLLATE=utf8_unicode_ci ;

### Data of table `0_crm_contacts` ###

INSERT INTO `0_crm_contacts` VALUES
('1', '1', 'cust_branch', 'general', '1'),
('2', '1', 'customer', 'general', '1'),
('7', '4', 'supplier', 'general', '1'),
('8', '5', 'cust_branch', 'general', '4'),
('9', '5', 'customer', 'general', '4'),
('10', '6', 'supplier', 'general', '2'),
('11', '7', 'supplier', 'general', '3'),
('12', '8', 'cust_branch', 'general', '5'),
('13', '8', 'customer', 'general', '5'),
('14', '9', 'cust_branch', 'general', '6');

### Structure of table `0_crm_persons` ###

DROP TABLE IF EXISTS `0_crm_persons`;

CREATE TABLE `0_crm_persons` (
  `id` int(11) NOT NULL AUTO_INCREMENT,
  `ref` varchar(30) COLLATE utf8_unicode_ci NOT NULL,
  `name` varchar(60) COLLATE utf8_unicode_ci NOT NULL,
  `name2` varchar(60) COLLATE utf8_unicode_ci DEFAULT NULL,
  `address` tinytext COLLATE utf8_unicode_ci,
  `phone` varchar(30) COLLATE utf8_unicode_ci DEFAULT NULL,
  `phone2` varchar(30) COLLATE utf8_unicode_ci DEFAULT NULL,
  `fax` varchar(30) COLLATE utf8_unicode_ci DEFAULT NULL,
  `email` varchar(100) COLLATE utf8_unicode_ci DEFAULT NULL,
  `lang` char(5) COLLATE utf8_unicode_ci DEFAULT NULL,
  `notes` tinytext COLLATE utf8_unicode_ci NOT NULL,
  `inactive` tinyint(1) NOT NULL DEFAULT '0',
  PRIMARY KEY (`id`),
  KEY `ref` (`ref`)
) ENGINE=InnoDB AUTO_INCREMENT=10 DEFAULT CHARSET=utf8 COLLATE=utf8_unicode_ci ;

### Data of table `0_crm_persons` ###

INSERT INTO `0_crm_persons` VALUES
('1', 'Test Customer', 'Test Customer', NULL, 'Vehari', NULL, NULL, NULL, NULL, NULL, '', '0'),
('2', 'vehari ps', 'vehari petroleum', NULL, 'BUREWALA ROAD V CHOK VEHARI', NULL, NULL, NULL, NULL, NULL, '', '0'),
('3', 'ALI', 'ALI', NULL, NULL, NULL, NULL, NULL, NULL, NULL, '', '0'),
('4', 'SPL', '', NULL, NULL, NULL, NULL, NULL, NULL, NULL, '', '0'),
('5', 'VPS', 'VEHARI PS', NULL, NULL, NULL, NULL, NULL, NULL, NULL, '', '0'),
('6', 'BYCO', '', NULL, NULL, NULL, NULL, NULL, NULL, NULL, '', '0'),
('7', 'Parco', '', NULL, NULL, NULL, NULL, NULL, NULL, NULL, '', '0'),
('8', 'Nawab PS', 'NAWAB Petrolium Service', NULL, 'BUREWALA (JAMLIRA)', NULL, NULL, NULL, NULL, NULL, '', '0'),
('9', '', '', NULL, NULL, NULL, NULL, NULL, NULL, NULL, '', '0');

### Structure of table `0_currencies` ###

DROP TABLE IF EXISTS `0_currencies`;

CREATE TABLE `0_currencies` (
  `currency` varchar(60) COLLATE utf8_unicode_ci NOT NULL DEFAULT '',
  `curr_abrev` char(3) COLLATE utf8_unicode_ci NOT NULL DEFAULT '',
  `curr_symbol` varchar(10) COLLATE utf8_unicode_ci NOT NULL DEFAULT '',
  `country` varchar(100) COLLATE utf8_unicode_ci NOT NULL DEFAULT '',
  `hundreds_name` varchar(15) COLLATE utf8_unicode_ci NOT NULL DEFAULT '',
  `auto_update` tinyint(1) NOT NULL DEFAULT '1',
  `inactive` tinyint(1) NOT NULL DEFAULT '0',
  PRIMARY KEY (`curr_abrev`)
) ENGINE=InnoDB DEFAULT CHARSET=utf8 COLLATE=utf8_unicode_ci ;

### Data of table `0_currencies` ###

INSERT INTO `0_currencies` VALUES
('Pakistani Rupee', 'PKR', 'Rs.', 'Pakistan', 'Paisa', '0', '0'),
('US Dollars', 'USD', '$', 'United States', 'Cents', '0', '0');

### Structure of table `0_cust_allocations` ###

DROP TABLE IF EXISTS `0_cust_allocations`;

CREATE TABLE `0_cust_allocations` (
  `id` int(11) NOT NULL AUTO_INCREMENT,
  `person_id` int(11) DEFAULT NULL,
  `amt` double unsigned DEFAULT NULL,
  `date_alloc` date NOT NULL DEFAULT '0000-00-00',
  `trans_no_from` int(11) DEFAULT NULL,
  `trans_type_from` int(11) DEFAULT NULL,
  `trans_no_to` int(11) DEFAULT NULL,
  `trans_type_to` int(11) DEFAULT NULL,
  PRIMARY KEY (`id`),
  UNIQUE KEY `trans_type_from` (`person_id`,`trans_type_from`,`trans_no_from`,`trans_type_to`,`trans_no_to`),
  KEY `From` (`trans_type_from`,`trans_no_from`),
  KEY `To` (`trans_type_to`,`trans_no_to`)
) ENGINE=InnoDB AUTO_INCREMENT=16 DEFAULT CHARSET=utf8 COLLATE=utf8_unicode_ci ;

### Data of table `0_cust_allocations` ###

INSERT INTO `0_cust_allocations` VALUES
('1', '5', '5000', '0000-00-00', '1', '12', '1', '10'),
('3', '1', '5000', '2017-07-15', '4', '12', '2', '10'),
('4', '1', '2720', '0000-00-00', '5', '12', '2', '10'),
('7', '5', '12820', '2017-07-15', '2', '11', '1', '10'),
('8', '5', '2320', '0000-00-00', '6', '12', '1', '10'),
('9', '5', '20.4', '0000-00-00', '6', '12', '3', '10'),
('10', '5', '4', '0000-00-00', '7', '12', '3', '10'),
('14', '5', '420', '2017-07-13', '1', '2', '4', '10'),
('15', '5', '500', '2017-07-13', '1', '2', '1', '10');

### Structure of table `0_cust_branch` ###

DROP TABLE IF EXISTS `0_cust_branch`;

CREATE TABLE `0_cust_branch` (
  `branch_code` int(11) NOT NULL AUTO_INCREMENT,
  `debtor_no` int(11) NOT NULL DEFAULT '0',
  `br_name` varchar(60) COLLATE utf8_unicode_ci NOT NULL DEFAULT '',
  `branch_ref` varchar(30) COLLATE utf8_unicode_ci NOT NULL DEFAULT '',
  `br_address` tinytext COLLATE utf8_unicode_ci NOT NULL,
  `area` int(11) DEFAULT NULL,
  `salesman` int(11) NOT NULL DEFAULT '0',
  `default_location` varchar(5) COLLATE utf8_unicode_ci NOT NULL DEFAULT '',
  `tax_group_id` int(11) DEFAULT NULL,
  `sales_account` varchar(15) COLLATE utf8_unicode_ci NOT NULL DEFAULT '',
  `sales_discount_account` varchar(15) COLLATE utf8_unicode_ci NOT NULL DEFAULT '',
  `receivables_account` varchar(15) COLLATE utf8_unicode_ci NOT NULL DEFAULT '',
  `payment_discount_account` varchar(15) COLLATE utf8_unicode_ci NOT NULL DEFAULT '',
  `default_ship_via` int(11) NOT NULL DEFAULT '1',
  `br_post_address` tinytext COLLATE utf8_unicode_ci NOT NULL,
  `group_no` int(11) NOT NULL DEFAULT '0',
  `notes` tinytext COLLATE utf8_unicode_ci NOT NULL,
  `bank_account` varchar(60) COLLATE utf8_unicode_ci DEFAULT NULL,
  `inactive` tinyint(1) NOT NULL DEFAULT '0',
  PRIMARY KEY (`branch_code`,`debtor_no`),
  KEY `branch_ref` (`branch_ref`),
  KEY `group_no` (`group_no`)
) ENGINE=InnoDB AUTO_INCREMENT=7 DEFAULT CHARSET=utf8 COLLATE=utf8_unicode_ci ;

### Data of table `0_cust_branch` ###

INSERT INTO `0_cust_branch` VALUES
('1', '1', 'Test Customer', 'Test Customer', 'Vehari', '1', '1', 'DEF', '1', '', '35201', '1081', '35201', '1', 'Vehari', '0', '', NULL, '0'),
('4', '4', 'VEHARI PS', 'VPS', '', '1', '1', '', '1', '', '4025', '1013', '4025', '1', '', '0', '', NULL, '0'),
('5', '5', 'NAWAB Petrolium Service', 'Nawab PS', 'BUREWALA (JAMLIRA)', '1', '1', 'DEF', '1', '', '4025', '1013', '4025', '1', 'BUREWALA (JAMLIRA)', '0', '', NULL, '0'),
('6', '4', 'vhri ps', 'vps', '', '1', '1', 'SMKT', '1', '', '4025', '1013', '4025', '1', '', '0', '', NULL, '0');

### Structure of table `0_dashboard_reminders` ###

DROP TABLE IF EXISTS `0_dashboard_reminders`;

CREATE TABLE `0_dashboard_reminders` (
  `id` int(11) NOT NULL AUTO_INCREMENT,
  `role_id` int(11) NOT NULL,
  `next_date` date NOT NULL,
  `description` text,
  `frequency` varchar(20) NOT NULL,
  `param` text,
  PRIMARY KEY (`id`)
) ENGINE=InnoDB DEFAULT CHARSET=utf8 ;

### Data of table `0_dashboard_reminders` ###


### Structure of table `0_dashboard_widgets` ###

DROP TABLE IF EXISTS `0_dashboard_widgets`;

CREATE TABLE `0_dashboard_widgets` (
  `id` int(11) NOT NULL AUTO_INCREMENT,
  `user_id` int(11) NOT NULL,
  `app` varchar(50) NOT NULL,
  `column_id` int(11) NOT NULL,
  `sort_no` int(11) NOT NULL,
  `collapsed` tinyint(1) NOT NULL,
  `widget` varchar(100) NOT NULL,
  `description` varchar(100) NOT NULL,
  `param` text,
  PRIMARY KEY (`id`)
) ENGINE=InnoDB AUTO_INCREMENT=40 DEFAULT CHARSET=utf8 ;

### Data of table `0_dashboard_widgets` ###

INSERT INTO `0_dashboard_widgets` VALUES
('1', '1', 'AP', '1', '1', '0', 'weeklysales', 'Top 10 Sales Weeks', '{&quot;top&quot;:&quot;10&quot;,&quot;orderby&quot;:&quot;Gross Sales&quot;,&quot;orderby_seq&quot;:&quot;desc&quot;,&quot;graph_type&quot;:&quot;Table&quot;,&quot;data_filter&quot;:&quot;dm.payment_terms = -1&quot;}'),
('2', '1', 'AP', '1', '0', '0', 'weeklysales', 'Weekly Sales', '{&quot;top&quot;:&quot;&quot;,&quot;orderby&quot;:&quot;Week End&quot;,&quot;orderby_seq&quot;:&quot;asc&quot;,&quot;graph_type&quot;:&quot;LineChart&quot;,&quot;data_filter&quot;:&quot;&quot;}'),
('3', '1', 'AP', '2', '1', '0', 'weeklysales', 'Lowest weeks sales', '{&quot;top&quot;:&quot;10&quot;,&quot;orderby&quot;:&quot;Gross Sales&quot;,&quot;orderby_seq&quot;:&quot;asc&quot;,&quot;graph_type&quot;:&quot;Table&quot;,&quot;data_filter&quot;:&quot;&quot;}'),
('6', '1', 'AP', '2', '0', '0', 'dailysales', 'Daily Sales', '{&quot;top&quot;:&quot;10&quot;,&quot;data_filter&quot;:&quot;dm.payment_terms = -1&quot;,&quot;graph_type&quot;:&quot;LineChart&quot;}'),
('7', '1', 'orders', '1', '0', '0', 'customers', 'Top 10 Customers', '{&quot;top&quot;:&quot;10&quot;,&quot;data_filter&quot;:&quot;&quot;,&quot;graph_type&quot;:&quot;Table&quot;}'),
('9', '1', 'orders', '1', '1', '0', 'salesinvoices', 'Overdue invoices', '{&quot;data_filter&quot;:&quot;&quot;}'),
('10', '1', 'AP', '1', '0', '0', 'suppliers', 'Top 10 Suppliers', '{&quot;top&quot;:&quot;&quot;,&quot;data_filter&quot;:&quot;&quot;,&quot;graph_type&quot;:&quot;Table&quot;}'),
('11', '1', 'AP', '2', '0', '0', 'suppliers', 'Top 10 Suppliers', '{&quot;top&quot;:&quot;&quot;,&quot;data_filter&quot;:&quot;&quot;,&quot;graph_type&quot;:&quot;ColumnChart&quot;}'),
('12', '1', 'GL', '2', '1', '0', 'glreturn', 'Return', '{&quot;graph_type&quot;:&quot;Table&quot;,&quot;data_filter&quot;:&quot;&quot;}'),
('13', '1', 'GL', '2', '0', '0', 'glreturn', 'Return', '{&quot;graph_type&quot;:&quot;PieChart&quot;,&quot;data_filter&quot;:&quot;&quot;}'),
('14', '1', 'stock', '1', '0', '0', 'items', 'Top 10 Items', '{&quot;top&quot;:&quot;&quot;,&quot;item_type&quot;:&quot;stock&quot;,&quot;graph_type&quot;:&quot;Table&quot;,&quot;data_filter&quot;:&quot;&quot;}'),
('15', '1', 'stock', '2', '0', '0', 'items', 'Top 10 Items', '{&quot;top&quot;:&quot;&quot;,&quot;item_type&quot;:&quot;stock&quot;,&quot;graph_type&quot;:&quot;PieChart&quot;,&quot;data_filter&quot;:&quot;&quot;}'),
('16', '1', 'manuf', '1', '0', '0', 'items', 'Top 10 items', '{&quot;top&quot;:&quot;&quot;,&quot;item_type&quot;:&quot;manuf&quot;,&quot;graph_type&quot;:&quot;Table&quot;,&quot;data_filter&quot;:&quot;&quot;}'),
('17', '1', 'manuf', '2', '0', '0', 'items', 'Top 10 Items', '{&quot;top&quot;:&quot;&quot;,&quot;item_type&quot;:&quot;manuf&quot;,&quot;graph_type&quot;:&quot;PieChart&quot;,&quot;data_filter&quot;:&quot;&quot;}'),
('18', '1', 'orders', '2', '0', '0', 'customers', 'Top 10 Customers', '{&quot;top&quot;:&quot;&quot;,&quot;data_filter&quot;:&quot;&quot;,&quot;graph_type&quot;:&quot;ColumnChart&quot;}'),
('19', '1', 'GL', '2', '2', '0', 'bankbalances', 'Bank Balances', '{&quot;data_filter&quot;:&quot;&quot;}'),
('20', '1', 'GL', '1', '1', '0', 'dailybankbalances', 'Daily Current Account Balance', '{&quot;days_past&quot;:&quot;&quot;,&quot;days_future&quot;:&quot;&quot;,&quot;bank_act&quot;:&quot;0&quot;,&quot;graph_type&quot;:&quot;ColumnChart&quot;}'),
('21', '1', 'GL', '1', '0', '0', 'banktransactions', 'Current Account Transactions', '{&quot;days_past&quot;:&quot;15&quot;,&quot;days_future&quot;:&quot;15&quot;,&quot;bank_act&quot;:&quot;0&quot;,&quot;data_filter&quot;:&quot;&quot;}'),
('22', '2', 'AP', '1', '1', '0', 'weeklysales', 'Top 10 Sales Weeks', '{&quot;top&quot;:&quot;10&quot;,&quot;orderby&quot;:&quot;Gross Sales&quot;,&quot;orderby_seq&quot;:&quot;desc&quot;,&quot;graph_type&quot;:&quot;Table&quot;,&quot;data_filter&quot;:&quot;dm.payment_terms = -1&quot;}'),
('23', '2', 'AP', '1', '0', '0', 'weeklysales', 'Weekly Sales', '{&quot;top&quot;:&quot;&quot;,&quot;orderby&quot;:&quot;Week End&quot;,&quot;orderby_seq&quot;:&quot;asc&quot;,&quot;graph_type&quot;:&quot;LineChart&quot;,&quot;data_filter&quot;:&quot;&quot;}'),
('24', '2', 'AP', '2', '1', '0', 'weeklysales', 'Lowest weeks sales', '{&quot;top&quot;:&quot;10&quot;,&quot;orderby&quot;:&quot;Gross Sales&quot;,&quot;orderby_seq&quot;:&quot;asc&quot;,&quot;graph_type&quot;:&quot;Table&quot;,&quot;data_filter&quot;:&quot;&quot;}'),
('25', '2', 'AP', '2', '0', '0', 'dailysales', 'Daily Sales', '{&quot;top&quot;:&quot;10&quot;,&quot;data_filter&quot;:&quot;dm.payment_terms = -1&quot;,&quot;graph_type&quot;:&quot;LineChart&quot;}'),
('26', '2', 'orders', '1', '0', '0', 'customers', 'Top 10 Customers', '{&quot;top&quot;:&quot;10&quot;,&quot;data_filter&quot;:&quot;&quot;,&quot;graph_type&quot;:&quot;Table&quot;}'),
('27', '2', 'orders', '1', '1', '0', 'salesinvoices', 'Overdue invoices', '{&quot;data_filter&quot;:&quot;&quot;}'),
('28', '2', 'AP', '1', '0', '0', 'suppliers', 'Top 10 Suppliers', '{&quot;top&quot;:&quot;&quot;,&quot;data_filter&quot;:&quot;&quot;,&quot;graph_type&quot;:&quot;Table&quot;}'),
('29', '2', 'AP', '2', '0', '0', 'suppliers', 'Top 10 Suppliers', '{&quot;top&quot;:&quot;&quot;,&quot;data_filter&quot;:&quot;&quot;,&quot;graph_type&quot;:&quot;ColumnChart&quot;}'),
('30', '2', 'GL', '2', '1', '0', 'glreturn', 'Return', '{&quot;graph_type&quot;:&quot;Table&quot;,&quot;data_filter&quot;:&quot;&quot;}'),
('31', '2', 'GL', '2', '0', '0', 'glreturn', 'Return', '{&quot;graph_type&quot;:&quot;PieChart&quot;,&quot;data_filter&quot;:&quot;&quot;}'),
('32', '2', 'stock', '1', '0', '0', 'items', 'Top 10 Items', '{&quot;top&quot;:&quot;&quot;,&quot;item_type&quot;:&quot;stock&quot;,&quot;graph_type&quot;:&quot;Table&quot;,&quot;data_filter&quot;:&quot;&quot;}'),
('33', '2', 'stock', '2', '0', '0', 'items', 'Top 10 Items', '{&quot;top&quot;:&quot;&quot;,&quot;item_type&quot;:&quot;stock&quot;,&quot;graph_type&quot;:&quot;PieChart&quot;,&quot;data_filter&quot;:&quot;&quot;}'),
('34', '2', 'manuf', '1', '0', '0', 'items', 'Top 10 items', '{&quot;top&quot;:&quot;&quot;,&quot;item_type&quot;:&quot;manuf&quot;,&quot;graph_type&quot;:&quot;Table&quot;,&quot;data_filter&quot;:&quot;&quot;}'),
('35', '2', 'manuf', '2', '0', '0', 'items', 'Top 10 Items', '{&quot;top&quot;:&quot;&quot;,&quot;item_type&quot;:&quot;manuf&quot;,&quot;graph_type&quot;:&quot;PieChart&quot;,&quot;data_filter&quot;:&quot;&quot;}'),
('36', '2', 'orders', '2', '0', '0', 'customers', 'Top 10 Customers', '{&quot;top&quot;:&quot;&quot;,&quot;data_filter&quot;:&quot;&quot;,&quot;graph_type&quot;:&quot;ColumnChart&quot;}'),
('37', '2', 'GL', '2', '2', '0', 'bankbalances', 'Bank Balances', '{&quot;data_filter&quot;:&quot;&quot;}'),
('38', '2', 'GL', '1', '1', '0', 'dailybankbalances', 'Daily Current Account Balance', '{&quot;days_past&quot;:&quot;&quot;,&quot;days_future&quot;:&quot;&quot;,&quot;bank_act&quot;:&quot;0&quot;,&quot;graph_type&quot;:&quot;ColumnChart&quot;}'),
('39', '2', 'GL', '1', '0', '0', 'banktransactions', 'Current Account Transactions', '{&quot;days_past&quot;:&quot;15&quot;,&quot;days_future&quot;:&quot;15&quot;,&quot;bank_act&quot;:&quot;0&quot;,&quot;data_filter&quot;:&quot;&quot;}');

### Structure of table `0_debtor_trans` ###

DROP TABLE IF EXISTS `0_debtor_trans`;

CREATE TABLE `0_debtor_trans` (
  `trans_no` int(11) unsigned NOT NULL DEFAULT '0',
  `type` smallint(6) unsigned NOT NULL DEFAULT '0',
  `version` tinyint(1) unsigned NOT NULL DEFAULT '0',
  `debtor_no` int(11) unsigned DEFAULT NULL,
  `branch_code` int(11) NOT NULL DEFAULT '-1',
  `tran_date` date NOT NULL DEFAULT '0000-00-00',
  `due_date` date NOT NULL DEFAULT '0000-00-00',
  `reference` varchar(60) COLLATE utf8_unicode_ci NOT NULL DEFAULT '',
  `tpe` int(11) NOT NULL DEFAULT '0',
  `order_` int(11) NOT NULL DEFAULT '0',
  `ov_amount` double NOT NULL DEFAULT '0',
  `ov_gst` double NOT NULL DEFAULT '0',
  `gst_wh` double NOT NULL,
  `ov_freight` double NOT NULL DEFAULT '0',
  `ov_freight_tax` double NOT NULL DEFAULT '0',
  `ov_discount` double NOT NULL DEFAULT '0',
  `alloc` double NOT NULL DEFAULT '0',
  `prep_amount` double NOT NULL DEFAULT '0',
  `rate` double NOT NULL DEFAULT '1',
  `ship_via` int(11) DEFAULT NULL,
  `dimension_id` int(11) NOT NULL DEFAULT '0',
  `dimension2_id` int(11) NOT NULL DEFAULT '0',
  `payment_terms` int(11) DEFAULT NULL,
  `tax_included` tinyint(1) unsigned NOT NULL DEFAULT '0',
  `supply_disc` int(11) NOT NULL,
  `service_disc` int(11) NOT NULL,
  `fbr_disc` int(11) NOT NULL,
  `srb_disc` int(11) NOT NULL,
  `write_back` int(11) NOT NULL,
  `supply_tax_id` int(11) NOT NULL,
  `service_tax_id` int(11) NOT NULL,
  `fbr_tax_id` int(11) NOT NULL,
  `srb_tax_id` int(11) NOT NULL,
  PRIMARY KEY (`type`,`trans_no`),
  KEY `debtor_no` (`debtor_no`,`branch_code`),
  KEY `tran_date` (`tran_date`),
  KEY `order_` (`order_`)
) ENGINE=InnoDB DEFAULT CHARSET=utf8 COLLATE=utf8_unicode_ci ;

### Data of table `0_debtor_trans` ###

INSERT INTO `0_debtor_trans` VALUES
('1', '2', '0', '5', '5', '2017-07-13', '0000-00-00', 'BRV001/2017', '0', '0', '2500', '0', '0', '0', '0', '0', '920', '0', '1', '0', '0', '0', NULL, '0', '0', '0', '0', '0', '0', '0', '0', '0', '0'),
('1', '10', '1', '5', '5', '2017-07-13', '2017-07-14', 'SI001/2017', '1', '1', '15640', '0', '0', '5000', '0', '0', '20640', '20640', '1', '1', '0', '0', '1', '1', '0', '0', '0', '0', '0', '0', '0', '0', '0'),
('2', '10', '0', '1', '1', '2017-07-15', '2017-10-13', 'SI002/2017', '1', '2', '7720', '0', '0', '0', '0', '0', '7720', '0', '1', '1', '0', '0', '5', '1', '0', '0', '0', '0', '0', '0', '0', '0', '0'),
('3', '10', '0', '5', '5', '2017-07-15', '2017-07-16', 'SI003/2017', '1', '3', '3.3', '0', '0', '20', '0', '0', '24.4', '24.4', '1', '1', '0', '0', '1', '1', '0', '0', '0', '0', '0', '0', '0', '0', '0'),
('4', '10', '0', '5', '5', '2017-07-15', '2017-07-16', 'SI004/2017', '1', '4', '400', '0', '0', '20', '0', '0', '420', '420', '1', '1', '0', '0', '1', '1', '0', '0', '0', '0', '0', '0', '0', '0', '0'),
('1', '11', '0', '5', '5', '2017-07-15', '0000-00-00', 'CCN001/2017', '1', '0', '77720', '0', '0', '0', '0', '0', '0', '0', '1', '1', '0', '0', '1', '1', '0', '0', '0', '0', '0', '0', '0', '0', '0'),
('2', '11', '0', '5', '5', '2017-07-15', '0000-00-00', 'CCN002/2017', '1', '1', '7820', '0', '0', '5000', '0', '0', '12820', '0', '1', '1', '0', '0', '1', '1', '0', '0', '0', '0', '0', '0', '0', '0', '0'),
('1', '12', '0', '5', '5', '2017-07-13', '0000-00-00', 'CP001/2017', '0', '0', '5000', '0', '0', '0', '0', '0', '5000', '0', '1', '0', '0', '0', '0', '0', '0', '0', '0', '0', '0', '0', '0', '0', '0'),
('2', '12', '0', '5', '5', '2017-07-13', '0000-00-00', 'CP002/2017', '0', '0', '400000', '0', '0', '0', '0', '0', '0', '0', '1', '0', '0', '0', '0', '0', '0', '0', '0', '0', '0', '0', '0', '0', '0'),
('3', '12', '0', '4', '4', '2017-07-15', '0000-00-00', 'CP003/2017', '0', '0', '20000', '0', '0', '0', '0', '0', '0', '0', '1', '0', '0', '0', '0', '0', '0', '0', '0', '0', '0', '0', '0', '0', '0'),
('4', '12', '0', '1', '1', '2017-07-15', '0000-00-00', 'CP004/2017', '0', '0', '5000', '0', '0', '0', '0', '0', '5000', '0', '1', '0', '0', '0', '0', '0', '0', '0', '0', '0', '0', '0', '0', '0', '0'),
('5', '12', '0', '1', '1', '2017-07-15', '0000-00-00', 'CP005/2017', '0', '0', '2720', '0', '0', '0', '0', '0', '2720', '0', '1', '0', '0', '0', '0', '0', '0', '0', '0', '0', '0', '0', '0', '0', '0'),
('6', '12', '0', '5', '5', '2017-07-15', '0000-00-00', 'CP006/2017', '0', '0', '2340.4', '0', '0', '0', '0', '0', '2340.4', '0', '1', '0', '0', '0', '0', '0', '0', '0', '0', '0', '0', '0', '0', '0', '0'),
('7', '12', '0', '5', '5', '2017-07-15', '0000-00-00', 'CP007/2017', '0', '0', '4', '0', '0', '0', '0', '0', '4', '0', '1', '0', '0', '0', '0', '0', '0', '0', '0', '0', '0', '0', '0', '0', '0'),
('1', '13', '1', '5', '5', '2017-07-13', '2017-07-14', 'DN001/2017', '1', '1', '15640', '0', '0', '5000', '0', '0', '0', '0', '1', '1', '0', '0', '1', '1', '0', '0', '0', '0', '0', '0', '0', '0', '0'),
('2', '13', '1', '1', '1', '2017-07-15', '2017-10-13', 'auto', '1', '2', '7720', '0', '0', '0', '0', '0', '0', '0', '1', '1', '0', '0', '5', '1', '0', '0', '0', '0', '0', '0', '0', '0', '0'),
('3', '13', '1', '5', '5', '2017-07-15', '2017-07-16', 'DN002/2017', '1', '3', '4.4', '0', '0', '20', '0', '0', '0', '0', '1', '1', '0', '0', '1', '1', '0', '0', '0', '0', '0', '0', '0', '0', '0'),
('4', '13', '1', '5', '5', '2017-07-15', '2017-07-16', 'DN003/2017', '1', '4', '400', '0', '0', '20', '0', '0', '0', '0', '1', '1', '0', '0', '1', '1', '0', '0', '0', '0', '0', '0', '0', '0', '0'),
('1', '42', '0', '5', '5', '2017-07-13', '0000-00-00', 'CRV001/2017', '0', '0', '5000', '0', '0', '0', '0', '0', '0', '0', '1', '0', '0', '0', NULL, '0', '0', '0', '0', '0', '0', '0', '0', '0', '0');

### Structure of table `0_debtor_trans_details` ###

DROP TABLE IF EXISTS `0_debtor_trans_details`;

CREATE TABLE `0_debtor_trans_details` (
  `id` int(11) NOT NULL AUTO_INCREMENT,
  `debtor_trans_no` int(11) DEFAULT NULL,
  `debtor_trans_type` int(11) DEFAULT NULL,
  `stock_id` varchar(20) COLLATE utf8_unicode_ci NOT NULL DEFAULT '',
  `description` tinytext COLLATE utf8_unicode_ci,
  `unit_price` double NOT NULL DEFAULT '0',
  `unit_tax` double NOT NULL DEFAULT '0',
  `quantity` double NOT NULL DEFAULT '0',
  `discount_percent` double NOT NULL DEFAULT '0',
  `standard_cost` double NOT NULL DEFAULT '0',
  `qty_done` double NOT NULL DEFAULT '0',
  `src_id` int(11) NOT NULL,
  PRIMARY KEY (`id`),
  KEY `Transaction` (`debtor_trans_type`,`debtor_trans_no`),
  KEY `src_id` (`src_id`)
) ENGINE=InnoDB AUTO_INCREMENT=11 DEFAULT CHARSET=utf8 COLLATE=utf8_unicode_ci ;

### Data of table `0_debtor_trans_details` ###

INSERT INTO `0_debtor_trans_details` VALUES
('1', '1', '13', '002', 'PG', '78.2', '12.49', '200', '0', '70.5', '200', '1'),
('2', '1', '10', '002', 'PG', '78.2', '12.4857', '200', '0', '70.5', '100', '1'),
('3', '2', '13', '002', 'PG', '77.2', '12.33', '100', '0', '70.5', '100', '2'),
('4', '2', '10', '002', 'PG', '77.2', '12.3261', '100', '0', '70.5', '0', '3'),
('5', '1', '11', '001', 'HSD HOC', '77.72', '12.41', '1000', '0', '0', '0', '0'),
('6', '2', '11', '002', 'PG', '78.2', '12.49', '100', '0', '70.5', '0', '2'),
('7', '3', '13', '002', 'PG', '2.2', '0.35', '2', '0', '70.5', '1.5', '3'),
('8', '3', '10', '002', 'PG', '2.2', '0.353333333333', '1.5', '0', '70.5', '0', '7'),
('9', '4', '13', '002', 'PG', '10', '1.6', '40', '0', '70.5', '40', '4'),
('10', '4', '10', '002', 'PG', '10', '1.59675', '40', '0', '70.5', '0', '9');

### Structure of table `0_debtors_master` ###

DROP TABLE IF EXISTS `0_debtors_master`;

CREATE TABLE `0_debtors_master` (
  `debtor_no` int(11) NOT NULL AUTO_INCREMENT,
  `name` varchar(100) COLLATE utf8_unicode_ci NOT NULL DEFAULT '',
  `debtor_ref` varchar(30) COLLATE utf8_unicode_ci NOT NULL,
  `address` tinytext COLLATE utf8_unicode_ci,
  `tax_id` varchar(55) COLLATE utf8_unicode_ci NOT NULL DEFAULT '',
  `ntn_no` varchar(55) COLLATE utf8_unicode_ci NOT NULL,
  `curr_code` char(3) COLLATE utf8_unicode_ci NOT NULL DEFAULT '',
  `sales_type` int(11) NOT NULL DEFAULT '1',
  `dimension_id` int(11) NOT NULL DEFAULT '0',
  `dimension2_id` int(11) NOT NULL DEFAULT '0',
  `credit_status` int(11) NOT NULL DEFAULT '0',
  `payment_terms` int(11) DEFAULT NULL,
  `discount` double NOT NULL DEFAULT '0',
  `pymt_discount` double NOT NULL DEFAULT '0',
  `credit_limit` float NOT NULL DEFAULT '1000',
  `notes` tinytext COLLATE utf8_unicode_ci NOT NULL,
  `inactive` tinyint(1) NOT NULL DEFAULT '0',
  PRIMARY KEY (`debtor_no`),
  UNIQUE KEY `debtor_ref` (`debtor_ref`),
  KEY `name` (`name`)
) ENGINE=InnoDB AUTO_INCREMENT=6 DEFAULT CHARSET=utf8 COLLATE=utf8_unicode_ci ;

### Data of table `0_debtors_master` ###

INSERT INTO `0_debtors_master` VALUES
('1', 'Test Customer', 'Test Customer', 'Vehari', '', '', 'PKR', '1', '0', '0', '1', '5', '0', '0', '0', '', '0'),
('4', 'VEHARI PS', 'VPS', NULL, '', '', 'PKR', '1', '0', '0', '1', '5', '0', '0', '500000', '', '0'),
('5', 'NAWAB Petrolium Service', 'Nawab PS', 'BUREWALA (JAMLIRA)', '', '', 'PKR', '1', '0', '0', '1', '1', '0', '0', '0', '', '0');

### Structure of table `0_dimensions` ###

DROP TABLE IF EXISTS `0_dimensions`;

CREATE TABLE `0_dimensions` (
  `id` int(11) NOT NULL AUTO_INCREMENT,
  `reference` varchar(60) COLLATE utf8_unicode_ci NOT NULL DEFAULT '',
  `name` varchar(60) COLLATE utf8_unicode_ci NOT NULL DEFAULT '',
  `type_` tinyint(1) NOT NULL DEFAULT '1',
  `closed` tinyint(1) NOT NULL DEFAULT '0',
  `date_` date NOT NULL DEFAULT '0000-00-00',
  `due_date` date NOT NULL DEFAULT '0000-00-00',
  PRIMARY KEY (`id`),
  UNIQUE KEY `reference` (`reference`),
  KEY `date_` (`date_`),
  KEY `due_date` (`due_date`),
  KEY `type_` (`type_`)
) ENGINE=InnoDB DEFAULT CHARSET=utf8 COLLATE=utf8_unicode_ci ;

### Data of table `0_dimensions` ###


### Structure of table `0_exchange_rates` ###

DROP TABLE IF EXISTS `0_exchange_rates`;

CREATE TABLE `0_exchange_rates` (
  `id` int(11) NOT NULL AUTO_INCREMENT,
  `curr_code` char(3) COLLATE utf8_unicode_ci NOT NULL DEFAULT '',
  `rate_buy` double NOT NULL DEFAULT '0',
  `rate_sell` double NOT NULL DEFAULT '0',
  `date_` date NOT NULL DEFAULT '0000-00-00',
  PRIMARY KEY (`id`),
  UNIQUE KEY `curr_code` (`curr_code`,`date_`)
) ENGINE=InnoDB AUTO_INCREMENT=3 DEFAULT CHARSET=utf8 COLLATE=utf8_unicode_ci ;

### Data of table `0_exchange_rates` ###

INSERT INTO `0_exchange_rates` VALUES
('2', 'USD', '105', '105', '2017-02-17');

### Structure of table `0_fiscal_year` ###

DROP TABLE IF EXISTS `0_fiscal_year`;

CREATE TABLE `0_fiscal_year` (
  `id` int(11) NOT NULL AUTO_INCREMENT,
  `begin` date DEFAULT '0000-00-00',
  `end` date DEFAULT '0000-00-00',
  `closed` tinyint(1) NOT NULL DEFAULT '0',
  PRIMARY KEY (`id`),
  UNIQUE KEY `begin` (`begin`),
  UNIQUE KEY `end` (`end`)
) ENGINE=InnoDB AUTO_INCREMENT=4 DEFAULT CHARSET=utf8 COLLATE=utf8_unicode_ci ;

### Data of table `0_fiscal_year` ###

INSERT INTO `0_fiscal_year` VALUES
('1', '2015-07-01', '2016-06-30', '0'),
('2', '2016-07-01', '2017-06-30', '0'),
('3', '2017-07-01', '2018-06-30', '0');

### Structure of table `0_gl_trans` ###

DROP TABLE IF EXISTS `0_gl_trans`;

CREATE TABLE `0_gl_trans` (
  `counter` int(11) NOT NULL AUTO_INCREMENT,
  `type` smallint(6) NOT NULL DEFAULT '0',
  `type_no` int(11) NOT NULL DEFAULT '0',
  `tran_date` date NOT NULL DEFAULT '0000-00-00',
  `account` varchar(15) COLLATE utf8_unicode_ci NOT NULL DEFAULT '',
  `memo_` tinytext COLLATE utf8_unicode_ci NOT NULL,
  `amount` double NOT NULL DEFAULT '0',
  `dimension_id` int(11) NOT NULL DEFAULT '0',
  `dimension2_id` int(11) NOT NULL DEFAULT '0',
  `person_type_id` int(11) DEFAULT NULL,
  `person_id` tinyblob,
  PRIMARY KEY (`counter`),
  KEY `Type_and_Number` (`type`,`type_no`),
  KEY `dimension_id` (`dimension_id`),
  KEY `dimension2_id` (`dimension2_id`),
  KEY `tran_date` (`tran_date`),
  KEY `account_and_tran_date` (`account`,`tran_date`)
) ENGINE=InnoDB AUTO_INCREMENT=65 DEFAULT CHARSET=utf8 COLLATE=utf8_unicode_ci ;

### Data of table `0_gl_trans` ###

INSERT INTO `0_gl_trans` VALUES
('1', '20', '1', '2017-07-13', '2011', '', '-356500', '0', '0', '3', '2'),
('2', '20', '1', '2017-07-13', '5011', '', '0', '0', '0', NULL, NULL),
('3', '20', '1', '2017-07-13', '1021', '', '356500', '0', '0', NULL, NULL),
('4', '13', '1', '2017-07-13', '5011', '', '14100', '0', '0', NULL, NULL),
('5', '13', '1', '2017-07-13', '1021', '', '-14100', '0', '0', NULL, NULL),
('6', '10', '1', '2017-07-13', '4011', '', '-13142.86', '0', '0', NULL, NULL),
('7', '10', '1', '2017-07-13', '1013', '', '20640', '0', '0', '2', '5'),
('8', '10', '1', '2017-07-13', '4021', '', '-4201.68', '0', '0', NULL, NULL),
('9', '10', '1', '2017-07-13', '2013', '', '-3295.46', '0', '0', NULL, NULL),
('10', '12', '1', '2017-07-13', '102910', '', '5000', '0', '0', NULL, NULL),
('11', '12', '1', '2017-07-13', '1013', '', '-5000', '0', '0', '2', '5'),
('12', '42', '1', '2017-07-13', '1013', '', '-5000', '0', '0', '2', '5'),
('13', '42', '1', '2017-07-13', '101900', '', '5000', '0', '0', NULL, NULL),
('14', '2', '1', '2017-07-13', '1013', 'online', '-2500', '0', '0', '2', '5'),
('15', '2', '1', '2017-07-13', '102001', '', '2500', '0', '0', NULL, NULL),
('16', '12', '2', '2017-07-13', '102910', '', '400000', '0', '0', NULL, NULL),
('17', '12', '2', '2017-07-13', '1013', '', '-400000', '0', '0', '2', '5'),
('18', '12', '3', '2017-07-15', '102910', '', '20000', '0', '0', NULL, NULL),
('19', '12', '3', '2017-07-15', '1013', '', '-20000', '0', '0', '2', '4'),
('20', '13', '2', '2017-07-15', '5011', '', '7050', '0', '0', NULL, NULL),
('21', '13', '2', '2017-07-15', '1021', '', '-7050', '0', '0', NULL, NULL),
('22', '10', '2', '2017-07-15', '4011', '', '-6487.39', '0', '0', NULL, NULL),
('23', '10', '2', '2017-07-15', '1081', '', '7720', '0', '0', '2', '1'),
('24', '10', '2', '2017-07-15', '2013', '', '-1232.6', '0', '0', NULL, NULL),
('25', '10', '2', '2017-07-15', '4023', '', '-0.01', '0', '0', NULL, NULL),
('26', '12', '4', '2017-07-15', '102001', '', '5000', '0', '0', NULL, NULL),
('27', '12', '4', '2017-07-15', '1081', '', '-5000', '0', '0', '2', '1'),
('28', '12', '5', '2017-07-15', '102001', '', '2720', '0', '0', NULL, NULL),
('29', '12', '5', '2017-07-15', '1081', '', '-2720', '0', '0', '2', '1'),
('30', '11', '1', '2017-07-15', '5011', '', '-77645.71', '0', '0', NULL, NULL),
('31', '11', '1', '2017-07-15', '1021', '', '77645.71', '0', '0', NULL, NULL),
('32', '11', '1', '2017-07-15', '4011', '', '65310', '0', '0', NULL, NULL),
('33', '11', '1', '2017-07-15', '1013', '', '-77720', '0', '0', '2', '5'),
('34', '11', '1', '2017-07-15', '2013', '', '12409.07', '0', '0', NULL, NULL),
('35', '11', '1', '2017-07-15', '4023', '', '0.93', '0', '0', NULL, NULL),
('36', '11', '2', '2017-07-15', '5011', '', '-7050', '0', '0', NULL, NULL),
('37', '11', '2', '2017-07-15', '1021', '', '7050', '0', '0', NULL, NULL),
('38', '11', '2', '2017-07-15', '4011', '', '6571', '0', '0', NULL, NULL),
('39', '11', '2', '2017-07-15', '1013', '', '-12820', '0', '0', '2', '5'),
('40', '11', '2', '2017-07-15', '4021', '', '4201.68', '0', '0', NULL, NULL),
('41', '11', '2', '2017-07-15', '2013', '', '2046.89', '0', '0', NULL, NULL),
('42', '11', '2', '2017-07-15', '4023', '', '0.43', '0', '0', NULL, NULL),
('43', '13', '3', '2017-07-15', '5011', '', '141', '0', '0', NULL, NULL),
('44', '13', '3', '2017-07-15', '1021', '', '-141', '0', '0', NULL, NULL),
('45', '10', '3', '2017-07-15', '4011', '', '-2.77', '0', '0', NULL, NULL),
('46', '10', '3', '2017-07-15', '1013', '', '23.3', '0', '0', '2', '5'),
('47', '10', '3', '2017-07-15', '4021', '', '-16.81', '0', '0', NULL, NULL),
('48', '10', '3', '2017-07-15', '2013', '', '-3.72', '0', '0', NULL, NULL),
('49', '12', '6', '2017-07-15', '102001', '', '2340.4', '0', '0', NULL, NULL),
('50', '12', '6', '2017-07-15', '1013', '', '-2340.4', '0', '0', '2', '5'),
('51', '12', '7', '2017-07-15', '102001', '', '4', '0', '0', NULL, NULL),
('52', '12', '7', '2017-07-15', '1013', '', '-4', '0', '0', '2', '5'),
('53', '13', '4', '2017-07-15', '5011', '', '2820', '0', '0', NULL, NULL),
('54', '13', '4', '2017-07-15', '1021', '', '-2820', '0', '0', NULL, NULL),
('55', '10', '4', '2017-07-15', '4011', '', '-336.13', '0', '0', NULL, NULL),
('56', '10', '4', '2017-07-15', '1013', '', '420', '0', '0', '2', '5'),
('57', '10', '4', '2017-07-15', '4021', '', '-16.81', '0', '0', NULL, NULL),
('58', '10', '4', '2017-07-15', '2013', '', '-67.06', '0', '0', NULL, NULL),
('59', '17', '1', '2017-07-15', '5014', '', '-70500', '0', '0', NULL, NULL),
('60', '17', '1', '2017-07-15', '1021', '', '70500', '0', '0', NULL, NULL),
('61', '17', '2', '2017-07-15', '5014', '', '-38500', '0', '0', NULL, NULL),
('62', '17', '2', '2017-07-15', '1021', '', '38500', '0', '0', NULL, NULL),
('63', '17', '3', '2017-07-15', '5014', '', '-77000', '0', '0', NULL, NULL),
('64', '17', '3', '2017-07-15', '1021', '', '77000', '0', '0', NULL, NULL);

### Structure of table `0_grn_batch` ###

DROP TABLE IF EXISTS `0_grn_batch`;

CREATE TABLE `0_grn_batch` (
  `id` int(11) NOT NULL AUTO_INCREMENT,
  `supplier_id` int(11) NOT NULL DEFAULT '0',
  `purch_order_no` int(11) DEFAULT NULL,
  `reference` varchar(60) COLLATE utf8_unicode_ci NOT NULL DEFAULT '',
  `delivery_date` date NOT NULL DEFAULT '0000-00-00',
  `loc_code` varchar(5) COLLATE utf8_unicode_ci DEFAULT NULL,
  `rate` double DEFAULT '1',
  PRIMARY KEY (`id`),
  KEY `delivery_date` (`delivery_date`),
  KEY `purch_order_no` (`purch_order_no`)
) ENGINE=InnoDB AUTO_INCREMENT=8 DEFAULT CHARSET=utf8 COLLATE=utf8_unicode_ci ;

### Data of table `0_grn_batch` ###

INSERT INTO `0_grn_batch` VALUES
('1', '2', '6', 'GRN001/2017', '2017-07-13', 'DEF', '1'),
('2', '1', '1', 'GRN002/2017', '2017-07-13', 'SMKT', '1'),
('3', '1', '2', 'GRN003/2017', '2017-07-13', 'SMKT', '1'),
('4', '2', '3', 'GRN004/2017', '2017-07-13', 'SMKT', '1'),
('5', '2', '4', 'GRN005/2017', '2017-07-13', 'SMKT', '1'),
('6', '3', '5', 'GRN006/2017', '2017-07-13', 'DEF', '1'),
('7', '2', '9', 'GRN007/2017', '2017-07-15', 'L001', '1');

### Structure of table `0_grn_items` ###

DROP TABLE IF EXISTS `0_grn_items`;

CREATE TABLE `0_grn_items` (
  `id` int(11) NOT NULL AUTO_INCREMENT,
  `grn_batch_id` int(11) DEFAULT NULL,
  `po_detail_item` int(11) NOT NULL DEFAULT '0',
  `item_code` varchar(20) COLLATE utf8_unicode_ci NOT NULL DEFAULT '',
  `description` tinytext COLLATE utf8_unicode_ci,
  `qty_recd` double NOT NULL DEFAULT '0',
  `quantity_inv` double NOT NULL DEFAULT '0',
  PRIMARY KEY (`id`),
  KEY `grn_batch_id` (`grn_batch_id`)
) ENGINE=InnoDB AUTO_INCREMENT=8 DEFAULT CHARSET=utf8 COLLATE=utf8_unicode_ci ;

### Data of table `0_grn_items` ###

INSERT INTO `0_grn_items` VALUES
('1', '1', '6', '002', 'PG', '5000', '5000'),
('2', '2', '1', '001', 'HSD HOC', '5000', '0'),
('3', '3', '2', '001', 'HSD HOC', '1000', '0'),
('4', '4', '3', '001', 'HSD HOC', '1000', '0'),
('5', '5', '4', '002', 'PG', '2000', '0'),
('6', '6', '5', '001', 'HSD HOC', '0', '0'),
('7', '7', '9', '002', 'PG C1955', '50000', '0');

### Structure of table `0_groups` ###

DROP TABLE IF EXISTS `0_groups`;

CREATE TABLE `0_groups` (
  `id` smallint(6) unsigned NOT NULL AUTO_INCREMENT,
  `description` varchar(60) COLLATE utf8_unicode_ci NOT NULL DEFAULT '',
  `inactive` tinyint(1) NOT NULL DEFAULT '0',
  PRIMARY KEY (`id`),
  UNIQUE KEY `description` (`description`)
) ENGINE=InnoDB AUTO_INCREMENT=4 DEFAULT CHARSET=utf8 COLLATE=utf8_unicode_ci ;

### Data of table `0_groups` ###

INSERT INTO `0_groups` VALUES
('1', 'Small', '0'),
('2', 'Medium', '0'),
('3', 'Large', '0');

### Structure of table `0_item_codes` ###

DROP TABLE IF EXISTS `0_item_codes`;

CREATE TABLE `0_item_codes` (
  `id` int(11) unsigned NOT NULL AUTO_INCREMENT,
  `item_code` varchar(20) COLLATE utf8_unicode_ci NOT NULL,
  `stock_id` varchar(20) COLLATE utf8_unicode_ci NOT NULL,
  `description` varchar(200) COLLATE utf8_unicode_ci NOT NULL DEFAULT '',
  `category_id` smallint(6) unsigned NOT NULL,
  `quantity` double NOT NULL DEFAULT '1',
  `is_foreign` tinyint(1) NOT NULL DEFAULT '0',
  `inactive` tinyint(1) NOT NULL DEFAULT '0',
  PRIMARY KEY (`id`),
  UNIQUE KEY `stock_id` (`stock_id`,`item_code`),
  KEY `item_code` (`item_code`)
) ENGINE=InnoDB AUTO_INCREMENT=5 DEFAULT CHARSET=utf8 COLLATE=utf8_unicode_ci ;

### Data of table `0_item_codes` ###

INSERT INTO `0_item_codes` VALUES
('2', '001', '001', 'HSD HOC', '2', '1', '0', '0'),
('3', '4155', '001', 'on wheel', '2', '25000', '0', '0'),
('4', '002', '002', 'PG', '2', '1', '0', '0');

### Structure of table `0_item_tax_type_exemptions` ###

DROP TABLE IF EXISTS `0_item_tax_type_exemptions`;

CREATE TABLE `0_item_tax_type_exemptions` (
  `item_tax_type_id` int(11) NOT NULL DEFAULT '0',
  `tax_type_id` int(11) NOT NULL DEFAULT '0',
  PRIMARY KEY (`item_tax_type_id`,`tax_type_id`)
) ENGINE=InnoDB DEFAULT CHARSET=utf8 COLLATE=utf8_unicode_ci ;

### Data of table `0_item_tax_type_exemptions` ###


### Structure of table `0_item_tax_types` ###

DROP TABLE IF EXISTS `0_item_tax_types`;

CREATE TABLE `0_item_tax_types` (
  `id` int(11) NOT NULL AUTO_INCREMENT,
  `name` varchar(60) COLLATE utf8_unicode_ci NOT NULL DEFAULT '',
  `exempt` tinyint(1) NOT NULL DEFAULT '0',
  `inactive` tinyint(1) NOT NULL DEFAULT '0',
  PRIMARY KEY (`id`),
  UNIQUE KEY `name` (`name`)
) ENGINE=InnoDB AUTO_INCREMENT=3 DEFAULT CHARSET=utf8 COLLATE=utf8_unicode_ci ;

### Data of table `0_item_tax_types` ###

INSERT INTO `0_item_tax_types` VALUES
('1', 'Tax Exempt', '0', '0'),
('2', 'Taxable', '0', '0');

### Structure of table `0_item_units` ###

DROP TABLE IF EXISTS `0_item_units`;

CREATE TABLE `0_item_units` (
  `abbr` varchar(20) COLLATE utf8_unicode_ci NOT NULL,
  `name` varchar(40) COLLATE utf8_unicode_ci NOT NULL,
  `decimals` tinyint(2) NOT NULL,
  `inactive` tinyint(1) NOT NULL DEFAULT '0',
  PRIMARY KEY (`abbr`),
  UNIQUE KEY `name` (`name`)
) ENGINE=InnoDB DEFAULT CHARSET=utf8 COLLATE=utf8_unicode_ci ;

### Data of table `0_item_units` ###

INSERT INTO `0_item_units` VALUES
('LTRs', 'Liters', '-1', '0');

### Structure of table `0_journal` ###

DROP TABLE IF EXISTS `0_journal`;

CREATE TABLE `0_journal` (
  `type` smallint(6) NOT NULL DEFAULT '0',
  `trans_no` int(11) NOT NULL DEFAULT '0',
  `tran_date` date DEFAULT '0000-00-00',
  `reference` varchar(60) COLLATE utf8_unicode_ci NOT NULL DEFAULT '',
  `source_ref` varchar(60) COLLATE utf8_unicode_ci NOT NULL DEFAULT '',
  `event_date` date DEFAULT '0000-00-00',
  `doc_date` date NOT NULL DEFAULT '0000-00-00',
  `currency` char(3) COLLATE utf8_unicode_ci NOT NULL DEFAULT '',
  `amount` double NOT NULL DEFAULT '0',
  `rate` double NOT NULL DEFAULT '1',
  PRIMARY KEY (`type`,`trans_no`),
  KEY `tran_date` (`tran_date`)
) ENGINE=InnoDB DEFAULT CHARSET=utf8 COLLATE=utf8_unicode_ci ;

### Data of table `0_journal` ###

INSERT INTO `0_journal` VALUES
('0', '1', '2017-05-31', '001/2017', '', '2017-05-31', '2017-05-31', 'PKR', '10000', '1'),
('0', '2', '2017-05-31', '002/2017', '123', '2017-05-31', '2017-05-31', 'PKR', '5000', '1'),
('0', '3', '2017-05-31', '003/2017', '', '2017-05-31', '2017-05-31', 'PKR', '50000', '1'),
('0', '4', '2017-05-31', '004/2017', '112', '2017-05-31', '2017-05-31', 'PKR', '5630', '1'),
('0', '5', '2017-06-02', '005/2017', 'INV34273864', '2017-06-02', '2017-06-02', 'PKR', '100000', '1'),
('0', '6', '2017-06-06', '006/2017', '', '2017-06-06', '2017-06-06', 'PKR', '200000', '1'),
('0', '7', '2017-06-07', '007/2017', 'OB1', '2017-06-07', '2017-06-07', 'PKR', '10000', '1'),
('0', '8', '2017-06-16', '008/2017', '001', '2017-06-16', '2017-06-16', 'PKR', '100000', '1'),
('0', '9', '2017-06-16', '009/2017', '002', '2017-06-16', '2017-06-16', 'PKR', '80000', '1'),
('0', '10', '2017-06-16', '010/2017', '1003', '2017-06-16', '2017-06-16', 'PKR', '25000', '1'),
('0', '11', '2017-06-16', '011/2017', '1004', '2017-06-16', '2017-06-16', 'PKR', '30000', '1'),
('0', '12', '2017-06-16', '012/2017', '1005', '2017-06-16', '2017-06-16', 'PKR', '35000', '1'),
('0', '13', '2017-06-16', '013/2017', '1006', '2017-06-16', '2017-06-16', 'PKR', '6000', '1'),
('0', '14', '2017-06-16', '014/2017', '', '2017-06-16', '2017-06-16', 'PKR', '7000', '1'),
('0', '15', '2017-06-16', '015/2017', '1001', '2017-06-16', '2017-06-16', 'PKR', '60000', '1'),
('0', '16', '2017-06-16', '016/2017', '1002', '2017-06-16', '2017-06-16', 'PKR', '40000', '1'),
('0', '17', '2017-07-04', '017/2017', '', '2017-07-04', '2017-07-04', 'PKR', '100', '1');

### Structure of table `0_loc_stock` ###

DROP TABLE IF EXISTS `0_loc_stock`;

CREATE TABLE `0_loc_stock` (
  `loc_code` char(5) COLLATE utf8_unicode_ci NOT NULL DEFAULT '',
  `stock_id` char(20) COLLATE utf8_unicode_ci NOT NULL DEFAULT '',
  `reorder_level` double NOT NULL DEFAULT '0',
  PRIMARY KEY (`loc_code`,`stock_id`),
  KEY `stock_id` (`stock_id`)
) ENGINE=InnoDB DEFAULT CHARSET=utf8 COLLATE=utf8_unicode_ci ;

### Data of table `0_loc_stock` ###

INSERT INTO `0_loc_stock` VALUES
('DEF', '001', '0'),
('DEF', '002', '0'),
('KHI', '001', '0'),
('L001', '001', '0'),
('L001', '002', '0'),
('LHE', '001', '0'),
('SMKT', '001', '0'),
('SMKT', '002', '0');

### Structure of table `0_locations` ###

DROP TABLE IF EXISTS `0_locations`;

CREATE TABLE `0_locations` (
  `loc_code` varchar(5) COLLATE utf8_unicode_ci NOT NULL DEFAULT '',
  `location_name` varchar(60) COLLATE utf8_unicode_ci NOT NULL DEFAULT '',
  `delivery_address` tinytext COLLATE utf8_unicode_ci NOT NULL,
  `phone` varchar(30) COLLATE utf8_unicode_ci NOT NULL DEFAULT '',
  `phone2` varchar(30) COLLATE utf8_unicode_ci NOT NULL DEFAULT '',
  `fax` varchar(30) COLLATE utf8_unicode_ci NOT NULL DEFAULT '',
  `email` varchar(100) COLLATE utf8_unicode_ci NOT NULL DEFAULT '',
  `contact` varchar(30) COLLATE utf8_unicode_ci NOT NULL DEFAULT '',
  `fixed_asset` tinyint(1) NOT NULL DEFAULT '0',
  `inactive` tinyint(1) NOT NULL DEFAULT '0',
  PRIMARY KEY (`loc_code`)
) ENGINE=InnoDB DEFAULT CHARSET=utf8 COLLATE=utf8_unicode_ci ;

### Data of table `0_locations` ###

INSERT INTO `0_locations` VALUES
('DEF', 'Default', 'N/A', '', '', '', '', '', '0', '0'),
('L001', 'ON WHEEL', '', '', '', '', '', '', '0', '0'),
('SMKT', 'Shaheen Market', '', '', '', '', '', '', '0', '0');

### Structure of table `0_movement_types` ###

DROP TABLE IF EXISTS `0_movement_types`;

CREATE TABLE `0_movement_types` (
  `id` int(11) NOT NULL AUTO_INCREMENT,
  `name` varchar(60) COLLATE utf8_unicode_ci NOT NULL DEFAULT '',
  `inactive` tinyint(1) NOT NULL DEFAULT '0',
  PRIMARY KEY (`id`),
  UNIQUE KEY `name` (`name`)
) ENGINE=MyISAM AUTO_INCREMENT=3 DEFAULT CHARSET=utf8 COLLATE=utf8_unicode_ci ;

### Data of table `0_movement_types` ###

INSERT INTO `0_movement_types` VALUES
('1', 'Adjustment', '0'),
('2', 'Opening Balance', '0');

### Structure of table `0_payment_terms` ###

DROP TABLE IF EXISTS `0_payment_terms`;

CREATE TABLE `0_payment_terms` (
  `terms_indicator` int(11) NOT NULL AUTO_INCREMENT,
  `terms` char(80) COLLATE utf8_unicode_ci NOT NULL DEFAULT '',
  `days_before_due` smallint(6) NOT NULL DEFAULT '0',
  `day_in_following_month` smallint(6) NOT NULL DEFAULT '0',
  `inactive` tinyint(1) NOT NULL DEFAULT '0',
  PRIMARY KEY (`terms_indicator`),
  UNIQUE KEY `terms` (`terms`)
) ENGINE=InnoDB AUTO_INCREMENT=6 DEFAULT CHARSET=utf8 COLLATE=utf8_unicode_ci ;

### Data of table `0_payment_terms` ###

INSERT INTO `0_payment_terms` VALUES
('1', '1 Days', '1', '0', '0'),
('2', '2 days', '2', '0', '0'),
('3', 'Payment due within 10 days', '10', '0', '0'),
('4', 'Cash Only', '0', '0', '0'),
('5', '90 Days', '90', '0', '0');

### Structure of table `0_prices` ###

DROP TABLE IF EXISTS `0_prices`;

CREATE TABLE `0_prices` (
  `id` int(11) NOT NULL AUTO_INCREMENT,
  `stock_id` varchar(20) COLLATE utf8_unicode_ci NOT NULL DEFAULT '',
  `sales_type_id` int(11) NOT NULL DEFAULT '0',
  `curr_abrev` char(3) COLLATE utf8_unicode_ci NOT NULL DEFAULT '',
  `price` double NOT NULL DEFAULT '0',
  PRIMARY KEY (`id`),
  UNIQUE KEY `price` (`stock_id`,`sales_type_id`,`curr_abrev`)
) ENGINE=InnoDB AUTO_INCREMENT=6 DEFAULT CHARSET=utf8 COLLATE=utf8_unicode_ci ;

### Data of table `0_prices` ###

INSERT INTO `0_prices` VALUES
('4', '1002', '2', 'PKR', '200'),
('5', '001', '1', 'PKR', '77.72');

### Structure of table `0_print_profiles` ###

DROP TABLE IF EXISTS `0_print_profiles`;

CREATE TABLE `0_print_profiles` (
  `id` smallint(6) unsigned NOT NULL AUTO_INCREMENT,
  `profile` varchar(30) COLLATE utf8_unicode_ci NOT NULL,
  `report` varchar(5) COLLATE utf8_unicode_ci DEFAULT NULL,
  `printer` tinyint(3) unsigned DEFAULT NULL,
  PRIMARY KEY (`id`),
  UNIQUE KEY `profile` (`profile`,`report`)
) ENGINE=InnoDB AUTO_INCREMENT=10 DEFAULT CHARSET=utf8 COLLATE=utf8_unicode_ci ;

### Data of table `0_print_profiles` ###

INSERT INTO `0_print_profiles` VALUES
('1', 'Out of office', NULL, '0'),
('2', 'Sales Department', NULL, '0'),
('3', 'Central', NULL, '2'),
('4', 'Sales Department', '104', '2'),
('5', 'Sales Department', '105', '2'),
('6', 'Sales Department', '107', '2'),
('7', 'Sales Department', '109', '2'),
('8', 'Sales Department', '110', '2'),
('9', 'Sales Department', '201', '2');

### Structure of table `0_printers` ###

DROP TABLE IF EXISTS `0_printers`;

CREATE TABLE `0_printers` (
  `id` tinyint(3) unsigned NOT NULL AUTO_INCREMENT,
  `name` varchar(20) COLLATE utf8_unicode_ci NOT NULL,
  `description` varchar(60) COLLATE utf8_unicode_ci NOT NULL,
  `queue` varchar(20) COLLATE utf8_unicode_ci NOT NULL,
  `host` varchar(40) COLLATE utf8_unicode_ci NOT NULL,
  `port` smallint(11) unsigned NOT NULL,
  `timeout` tinyint(3) unsigned NOT NULL,
  PRIMARY KEY (`id`),
  UNIQUE KEY `name` (`name`)
) ENGINE=InnoDB AUTO_INCREMENT=4 DEFAULT CHARSET=utf8 COLLATE=utf8_unicode_ci ;

### Data of table `0_printers` ###

INSERT INTO `0_printers` VALUES
('1', 'QL500', 'Label printer', 'QL500', 'server', '127', '20'),
('2', 'Samsung', 'Main network printer', 'scx4521F', 'server', '515', '5'),
('3', 'Local', 'Local print server at user IP', 'lp', '', '515', '10');

### Structure of table `0_purch_data` ###

DROP TABLE IF EXISTS `0_purch_data`;

CREATE TABLE `0_purch_data` (
  `supplier_id` int(11) NOT NULL DEFAULT '0',
  `stock_id` char(20) COLLATE utf8_unicode_ci NOT NULL DEFAULT '',
  `price` double NOT NULL DEFAULT '0',
  `suppliers_uom` char(50) COLLATE utf8_unicode_ci NOT NULL DEFAULT '',
  `conversion_factor` double NOT NULL DEFAULT '1',
  `supplier_description` char(50) COLLATE utf8_unicode_ci NOT NULL DEFAULT '',
  PRIMARY KEY (`supplier_id`,`stock_id`)
) ENGINE=InnoDB DEFAULT CHARSET=utf8 COLLATE=utf8_unicode_ci ;

### Data of table `0_purch_data` ###

INSERT INTO `0_purch_data` VALUES
('1', '001', '77.72', 'ltrs', '1', 'HSD HOC'),
('2', '001', '77.2', '', '1', 'HSD HOC'),
('2', '002', '68.5', '', '1', 'PG C1955'),
('3', '001', '77.8', '', '1', 'HSD HOC');

### Structure of table `0_purch_order_details` ###

DROP TABLE IF EXISTS `0_purch_order_details`;

CREATE TABLE `0_purch_order_details` (
  `po_detail_item` int(11) NOT NULL AUTO_INCREMENT,
  `order_no` int(11) NOT NULL DEFAULT '0',
  `item_code` varchar(20) COLLATE utf8_unicode_ci NOT NULL DEFAULT '',
  `description` tinytext COLLATE utf8_unicode_ci,
  `delivery_date` date NOT NULL DEFAULT '0000-00-00',
  `qty_invoiced` double NOT NULL DEFAULT '0',
  `unit_price` double NOT NULL DEFAULT '0',
  `act_price` double NOT NULL DEFAULT '0',
  `std_cost_unit` double NOT NULL DEFAULT '0',
  `quantity_ordered` double NOT NULL DEFAULT '0',
  `quantity_received` double NOT NULL DEFAULT '0',
  PRIMARY KEY (`po_detail_item`),
  KEY `order` (`order_no`,`po_detail_item`),
  KEY `itemcode` (`item_code`)
) ENGINE=InnoDB AUTO_INCREMENT=11 DEFAULT CHARSET=utf8 COLLATE=utf8_unicode_ci ;

### Data of table `0_purch_order_details` ###

INSERT INTO `0_purch_order_details` VALUES
('1', '1', '001', 'HSD HOC', '2017-07-12', '0', '77.72', '77.72', '77.72', '5000', '5000'),
('2', '2', '001', 'HSD HOC', '2017-07-13', '0', '77.72', '77.72', '77.72', '1000', '1000'),
('3', '3', '001', 'HSD HOC', '2017-07-23', '0', '77.2', '77.2', '77.6457142857', '1000', '1000'),
('4', '4', '002', 'PG', '2017-07-13', '0', '68.5', '68.5', '70.5', '2000', '2000'),
('5', '5', '001', 'HSD HOC', '2017-07-23', '0', '77.8', '77.8', '77.7509090909', '0', '0'),
('6', '6', '002', 'PG', '2017-07-23', '5000', '71.3', '71.3', '71.3', '5000', '5000'),
('9', '9', '002', 'PG', '2017-07-25', '0', '68.5', '68.5', '68.7686381107', '50000', '50000'),
('10', '10', '002', 'PG', '2017-07-26', '0', '68.5', '0', '0', '50000', '0');

### Structure of table `0_purch_orders` ###

DROP TABLE IF EXISTS `0_purch_orders`;

CREATE TABLE `0_purch_orders` (
  `order_no` int(11) NOT NULL AUTO_INCREMENT,
  `supplier_id` int(11) NOT NULL DEFAULT '0',
  `comments` tinytext COLLATE utf8_unicode_ci,
  `ord_date` date NOT NULL DEFAULT '0000-00-00',
  `reference` tinytext COLLATE utf8_unicode_ci NOT NULL,
  `requisition_no` tinytext COLLATE utf8_unicode_ci,
  `into_stock_location` varchar(5) COLLATE utf8_unicode_ci NOT NULL DEFAULT '',
  `delivery_address` tinytext COLLATE utf8_unicode_ci NOT NULL,
  `total` double NOT NULL DEFAULT '0',
  `prep_amount` double NOT NULL DEFAULT '0',
  `alloc` double NOT NULL DEFAULT '0',
  `tax_included` tinyint(1) NOT NULL DEFAULT '0',
  `pr` varchar(60) COLLATE utf8_unicode_ci NOT NULL,
  `payments` int(11) NOT NULL,
  PRIMARY KEY (`order_no`),
  KEY `ord_date` (`ord_date`)
) ENGINE=InnoDB AUTO_INCREMENT=11 DEFAULT CHARSET=utf8 COLLATE=utf8_unicode_ci ;

### Data of table `0_purch_orders` ###

INSERT INTO `0_purch_orders` VALUES
('1', '1', NULL, '2017-07-12', 'PO001/2017', NULL, 'SMKT', 'vehari\n', '388600', '0', '0', '0', '', '1'),
('2', '1', NULL, '2017-07-13', 'PO002/2017', NULL, 'SMKT', 'burewala', '77720', '0', '0', '0', '', '2'),
('3', '2', NULL, '2017-07-13', 'PO003/2017', NULL, 'SMKT', 'VHRI', '91868', '0', '0', '0', '', '1'),
('4', '2', NULL, '2017-07-13', 'PO004/2017', NULL, 'SMKT', 'VHRI', '137000', '0', '0', '0', '', '1'),
('5', '3', NULL, '2017-07-13', 'PO005/2017', NULL, 'DEF', 'N/A', '1167000', '0', '0', '0', '', '1'),
('6', '2', NULL, '2017-07-13', 'PO006/2017', NULL, 'DEF', 'N/A', '356500', '0', '0', '0', '', '1'),
('9', '2', NULL, '2017-07-15', 'PO007/2017', 'BYCO', 'L001', 'vehari oil depot', '3425000', '0', '0', '0', '', '1'),
('10', '2', NULL, '2017-07-16', 'PO008/2017', 's', 'DEF', 'N/A', '3425000', '0', '0', '0', '', '1');

### Structure of table `0_quick_entries` ###

DROP TABLE IF EXISTS `0_quick_entries`;

CREATE TABLE `0_quick_entries` (
  `id` smallint(6) unsigned NOT NULL AUTO_INCREMENT,
  `type` tinyint(1) NOT NULL DEFAULT '0',
  `description` varchar(60) COLLATE utf8_unicode_ci NOT NULL,
  `usage` varchar(120) COLLATE utf8_unicode_ci DEFAULT NULL,
  `base_amount` double NOT NULL DEFAULT '0',
  `base_desc` varchar(60) COLLATE utf8_unicode_ci DEFAULT NULL,
  `bal_type` tinyint(1) NOT NULL DEFAULT '0',
  PRIMARY KEY (`id`),
  KEY `description` (`description`)
) ENGINE=InnoDB AUTO_INCREMENT=4 DEFAULT CHARSET=utf8 COLLATE=utf8_unicode_ci ;

### Data of table `0_quick_entries` ###

INSERT INTO `0_quick_entries` VALUES
('1', '1', 'Maintenance', NULL, '0', 'Amount', '0'),
('2', '4', 'Phone', NULL, '0', 'Amount', '0'),
('3', '2', 'Cash Sales', 'Retail sales without invoice', '0', 'Amount', '0');

### Structure of table `0_quick_entry_lines` ###

DROP TABLE IF EXISTS `0_quick_entry_lines`;

CREATE TABLE `0_quick_entry_lines` (
  `id` smallint(6) unsigned NOT NULL AUTO_INCREMENT,
  `qid` smallint(6) unsigned NOT NULL,
  `amount` double DEFAULT '0',
  `memo` tinytext COLLATE utf8_unicode_ci NOT NULL,
  `action` varchar(2) COLLATE utf8_unicode_ci NOT NULL,
  `dest_id` varchar(15) COLLATE utf8_unicode_ci NOT NULL DEFAULT '',
  `dimension_id` smallint(6) unsigned DEFAULT NULL,
  `dimension2_id` smallint(6) unsigned DEFAULT NULL,
  PRIMARY KEY (`id`),
  KEY `qid` (`qid`)
) ENGINE=InnoDB AUTO_INCREMENT=7 DEFAULT CHARSET=utf8 COLLATE=utf8_unicode_ci ;

### Data of table `0_quick_entry_lines` ###

INSERT INTO `0_quick_entry_lines` VALUES
('1', '1', '0', '', 't-', '1', '0', '0'),
('2', '2', '0', '', 't-', '1', '0', '0'),
('3', '3', '0', '', 't-', '1', '0', '0'),
('4', '3', '0', '', '=', '4010', '0', '0'),
('5', '1', '0', '', '=', '5765', '0', '0'),
('6', '2', '0', '', '=', '5780', '0', '0');

### Structure of table `0_recurrent_invoices` ###

DROP TABLE IF EXISTS `0_recurrent_invoices`;

CREATE TABLE `0_recurrent_invoices` (
  `id` smallint(6) unsigned NOT NULL AUTO_INCREMENT,
  `description` varchar(60) COLLATE utf8_unicode_ci NOT NULL DEFAULT '',
  `order_no` int(11) unsigned NOT NULL,
  `debtor_no` int(11) unsigned DEFAULT NULL,
  `group_no` smallint(6) unsigned DEFAULT NULL,
  `days` int(11) NOT NULL DEFAULT '0',
  `monthly` int(11) NOT NULL DEFAULT '0',
  `begin` date NOT NULL DEFAULT '0000-00-00',
  `end` date NOT NULL DEFAULT '0000-00-00',
  `last_sent` date NOT NULL DEFAULT '0000-00-00',
  PRIMARY KEY (`id`),
  UNIQUE KEY `description` (`description`)
) ENGINE=InnoDB AUTO_INCREMENT=2 DEFAULT CHARSET=utf8 COLLATE=utf8_unicode_ci ;

### Data of table `0_recurrent_invoices` ###

INSERT INTO `0_recurrent_invoices` VALUES
('1', 'Weekly Maintenance', '6', '1', '1', '7', '0', '2015-04-01', '2020-05-07', '2015-04-08');

### Structure of table `0_reflines` ###

DROP TABLE IF EXISTS `0_reflines`;

CREATE TABLE `0_reflines` (
  `id` int(11) NOT NULL AUTO_INCREMENT,
  `trans_type` int(11) NOT NULL,
  `prefix` char(5) COLLATE utf8_unicode_ci NOT NULL DEFAULT '',
  `pattern` varchar(35) COLLATE utf8_unicode_ci NOT NULL DEFAULT '1',
  `description` varchar(60) COLLATE utf8_unicode_ci NOT NULL DEFAULT '',
  `default` tinyint(1) NOT NULL DEFAULT '0',
  `inactive` tinyint(1) NOT NULL DEFAULT '0',
  PRIMARY KEY (`id`),
  UNIQUE KEY `prefix` (`trans_type`,`prefix`)
) ENGINE=InnoDB AUTO_INCREMENT=25 DEFAULT CHARSET=utf8 COLLATE=utf8_unicode_ci ;

### Data of table `0_reflines` ###

INSERT INTO `0_reflines` VALUES
('1', '0', 'JV', '{001}/{YYYY}', '', '1', '0'),
('2', '1', 'BPV', '{001}/{YYYY}', '', '1', '0'),
('3', '2', 'BRV', '{001}/{YYYY}', '', '1', '0'),
('4', '4', 'FT', '{001}/{YYYY}', '', '1', '0'),
('5', '10', 'SI', '{001}/{YYYY}', '', '1', '0'),
('6', '11', 'CCN', '{001}/{YYYY}', '', '1', '0'),
('7', '12', 'CP', '{001}/{YYYY}', '', '1', '0'),
('8', '13', 'DN', '{001}/{YYYY}', '', '1', '0'),
('9', '16', 'LT', '{001}/{YYYY}', '', '1', '0'),
('10', '17', 'IA', '{001}/{YYYY}', '', '1', '0'),
('11', '18', 'PO', '{001}/{YYYY}', '', '1', '0'),
('12', '20', 'PI', '{001}/{YYYY}', '', '1', '0'),
('13', '21', 'SCN', '{001}/{YYYY}', '', '1', '0'),
('14', '22', 'SP', '{001}/{YYYY}', '', '1', '0'),
('15', '25', 'GRN', '{001}/{YYYY}', '', '1', '0'),
('16', '26', 'WO', '{001}/{YYYY}', '', '1', '0'),
('17', '28', 'WOI', '{001}/{YYYY}', '', '1', '0'),
('18', '29', 'WOP', '{001}/{YYYY}', '', '1', '0'),
('19', '30', 'SO', '{001}/{YYYY}', '', '1', '0'),
('20', '32', 'SQ', '{001}/{YYYY}', '', '1', '0'),
('21', '35', 'CU', '{001}/{YYYY}', '', '1', '0'),
('22', '40', 'CC', '{001}/{YYYY}', '', '1', '0'),
('23', '41', 'CPV', '{001}/{YYYY}', '', '1', '0'),
('24', '42', 'CRV', '{001}/{YYYY}', '', '1', '0');

### Structure of table `0_refs` ###

DROP TABLE IF EXISTS `0_refs`;

CREATE TABLE `0_refs` (
  `id` int(11) NOT NULL DEFAULT '0',
  `type` int(11) NOT NULL DEFAULT '0',
  `reference` varchar(100) COLLATE utf8_unicode_ci NOT NULL DEFAULT '',
  PRIMARY KEY (`id`,`type`),
  KEY `Type_and_Reference` (`type`,`reference`)
) ENGINE=InnoDB DEFAULT CHARSET=utf8 COLLATE=utf8_unicode_ci ;

### Data of table `0_refs` ###

INSERT INTO `0_refs` VALUES
('1', '2', 'BRV001/2017'),
('1', '10', 'SI001/2017'),
('2', '10', 'SI002/2017'),
('3', '10', 'SI003/2017'),
('4', '10', 'SI004/2017'),
('1', '11', 'CCN001/2017'),
('2', '11', 'CCN002/2017'),
('1', '12', 'CP001/2017'),
('2', '12', 'CP002/2017'),
('3', '12', 'CP003/2017'),
('4', '12', 'CP004/2017'),
('5', '12', 'CP005/2017'),
('6', '12', 'CP006/2017'),
('7', '12', 'CP007/2017'),
('1', '13', 'DN001/2017'),
('3', '13', 'DN002/2017'),
('4', '13', 'DN003/2017'),
('1', '16', 'LT001/2017'),
('1', '17', 'IA001/2017'),
('2', '17', 'IA002/2017'),
('3', '17', 'IA003/2017'),
('1', '18', 'PO001/2017'),
('2', '18', 'PO002/2017'),
('3', '18', 'PO003/2017'),
('4', '18', 'PO004/2017'),
('5', '18', 'PO005/2017'),
('6', '18', 'PO006/2017'),
('7', '18', 'PO007/2017'),
('9', '18', 'PO007/2017'),
('8', '18', 'PO008/2017'),
('10', '18', 'PO008/2017'),
('1', '20', 'PI001/2017'),
('1', '25', 'GRN001/2017'),
('2', '25', 'GRN002/2017'),
('3', '25', 'GRN003/2017'),
('4', '25', 'GRN004/2017'),
('5', '25', 'GRN005/2017'),
('6', '25', 'GRN006/2017'),
('7', '25', 'GRN007/2017'),
('1', '30', 'SO001/2017'),
('3', '30', 'SO002/2017'),
('4', '30', 'SO003/2017'),
('1', '42', 'CRV001/2017');

### Structure of table `0_requisition_details` ###

DROP TABLE IF EXISTS `0_requisition_details`;

CREATE TABLE `0_requisition_details` (
  `requisition_detail_id` bigint(20) unsigned NOT NULL AUTO_INCREMENT,
  `requisition_id` int(11) DEFAULT NULL,
  `item_code` varchar(20) COLLATE utf8_unicode_ci DEFAULT NULL,
  `supplier_id` int(11) DEFAULT NULL,
  `lpo_id` int(11) DEFAULT '0',
  `order_quantity` int(11) NOT NULL DEFAULT '0',
  `estimate_price` double NOT NULL DEFAULT '0',
  `quantity` int(11) NOT NULL DEFAULT '0',
  `price` double NOT NULL DEFAULT '0',
  `purpose` varchar(320) COLLATE utf8_unicode_ci DEFAULT NULL,
  PRIMARY KEY (`requisition_detail_id`),
  UNIQUE KEY `requisition_detail_id` (`requisition_detail_id`),
  KEY `0_requisition_details_requisition_id` (`requisition_id`),
  KEY `0_requisition_details_item_code` (`item_code`),
  KEY `0_requisition_details_supplier_id` (`supplier_id`)
) ENGINE=InnoDB DEFAULT CHARSET=utf8 COLLATE=utf8_unicode_ci ;

### Data of table `0_requisition_details` ###


### Structure of table `0_requisitions` ###

DROP TABLE IF EXISTS `0_requisitions`;

CREATE TABLE `0_requisitions` (
  `requisition_id` bigint(20) unsigned NOT NULL AUTO_INCREMENT,
  `point_of_use` varchar(50) COLLATE utf8_unicode_ci DEFAULT NULL,
  `narrative` varchar(240) COLLATE utf8_unicode_ci DEFAULT NULL,
  `application_date` timestamp NULL DEFAULT CURRENT_TIMESTAMP,
  `completed` tinyint(4) NOT NULL DEFAULT '0',
  `processed` tinyint(4) NOT NULL DEFAULT '0',
  `inactive` tinyint(4) NOT NULL DEFAULT '0',
  `details` text COLLATE utf8_unicode_ci,
  PRIMARY KEY (`requisition_id`),
  UNIQUE KEY `requisition_id` (`requisition_id`)
) ENGINE=InnoDB DEFAULT CHARSET=utf8 COLLATE=utf8_unicode_ci ;

### Data of table `0_requisitions` ###


### Structure of table `0_sales_order_details` ###

DROP TABLE IF EXISTS `0_sales_order_details`;

CREATE TABLE `0_sales_order_details` (
  `id` int(11) NOT NULL AUTO_INCREMENT,
  `order_no` int(11) NOT NULL DEFAULT '0',
  `trans_type` smallint(6) NOT NULL DEFAULT '30',
  `stk_code` varchar(20) COLLATE utf8_unicode_ci NOT NULL DEFAULT '',
  `description` tinytext COLLATE utf8_unicode_ci,
  `qty_sent` double NOT NULL DEFAULT '0',
  `unit_price` double NOT NULL DEFAULT '0',
  `quantity` double NOT NULL DEFAULT '0',
  `invoiced` double NOT NULL DEFAULT '0',
  `discount_percent` double NOT NULL DEFAULT '0',
  PRIMARY KEY (`id`),
  KEY `sorder` (`trans_type`,`order_no`),
  KEY `stkcode` (`stk_code`)
) ENGINE=InnoDB AUTO_INCREMENT=5 DEFAULT CHARSET=utf8 COLLATE=utf8_unicode_ci ;

### Data of table `0_sales_order_details` ###

INSERT INTO `0_sales_order_details` VALUES
('1', '1', '30', '002', 'PG', '200', '78.2', '200', '0', '0'),
('2', '2', '30', '002', 'PG', '100', '77.2', '100', '0', '0'),
('3', '3', '30', '002', 'PG', '2', '2.2', '2', '0', '0'),
('4', '4', '30', '002', 'PG', '40', '10', '40', '0', '0');

### Structure of table `0_sales_orders` ###

DROP TABLE IF EXISTS `0_sales_orders`;

CREATE TABLE `0_sales_orders` (
  `order_no` int(11) NOT NULL,
  `trans_type` smallint(6) NOT NULL DEFAULT '30',
  `version` tinyint(1) unsigned NOT NULL DEFAULT '0',
  `type` tinyint(1) NOT NULL DEFAULT '0',
  `debtor_no` int(11) NOT NULL DEFAULT '0',
  `branch_code` int(11) NOT NULL DEFAULT '0',
  `reference` varchar(100) COLLATE utf8_unicode_ci NOT NULL DEFAULT '',
  `customer_ref` tinytext COLLATE utf8_unicode_ci NOT NULL,
  `comments` tinytext COLLATE utf8_unicode_ci,
  `ord_date` date NOT NULL DEFAULT '0000-00-00',
  `order_type` int(11) NOT NULL DEFAULT '0',
  `ship_via` int(11) NOT NULL DEFAULT '0',
  `delivery_address` tinytext COLLATE utf8_unicode_ci NOT NULL,
  `contact_phone` varchar(30) COLLATE utf8_unicode_ci DEFAULT NULL,
  `contact_email` varchar(100) COLLATE utf8_unicode_ci DEFAULT NULL,
  `deliver_to` tinytext COLLATE utf8_unicode_ci NOT NULL,
  `freight_cost` double NOT NULL DEFAULT '0',
  `from_stk_loc` varchar(5) COLLATE utf8_unicode_ci NOT NULL DEFAULT '',
  `delivery_date` date NOT NULL DEFAULT '0000-00-00',
  `payment_terms` int(11) DEFAULT NULL,
  `total` double NOT NULL DEFAULT '0',
  `prep_amount` double NOT NULL DEFAULT '0',
  `alloc` double NOT NULL DEFAULT '0',
  PRIMARY KEY (`trans_type`,`order_no`)
) ENGINE=InnoDB DEFAULT CHARSET=utf8 COLLATE=utf8_unicode_ci ;

### Data of table `0_sales_orders` ###

INSERT INTO `0_sales_orders` VALUES
('1', '30', '1', '0', '5', '5', 'SO001/2017', '', NULL, '2017-07-13', '1', '1', 'BUREWALA (JAMLIRA)', NULL, NULL, 'NAWAB Petrolium Service', '5000', 'SMKT', '2017-07-14', '1', '20640', '0', '0'),
('2', '30', '1', '0', '1', '1', 'auto', '', NULL, '2017-07-15', '1', '1', 'Vehari', NULL, NULL, 'Test Customer', '0', 'SMKT', '2017-10-13', '5', '7720', '0', '0'),
('3', '30', '1', '0', '5', '5', 'SO002/2017', '', NULL, '2017-07-15', '1', '1', 'BUREWALA (JAMLIRA)', NULL, NULL, 'NAWAB Petrolium Service', '20', 'DEF', '2017-07-16', '1', '24.4', '0', '0'),
('4', '30', '1', '0', '5', '5', 'SO003/2017', '', NULL, '2017-07-15', '1', '1', 'BUREWALA (JAMLIRA)', NULL, NULL, 'NAWAB Petrolium Service', '20', 'DEF', '2017-07-16', '1', '420', '0', '0');

### Structure of table `0_sales_pos` ###

DROP TABLE IF EXISTS `0_sales_pos`;

CREATE TABLE `0_sales_pos` (
  `id` smallint(6) unsigned NOT NULL AUTO_INCREMENT,
  `pos_name` varchar(30) COLLATE utf8_unicode_ci NOT NULL,
  `cash_sale` tinyint(1) NOT NULL,
  `credit_sale` tinyint(1) NOT NULL,
  `pos_location` varchar(5) COLLATE utf8_unicode_ci NOT NULL,
  `pos_account` smallint(6) unsigned NOT NULL,
  `inactive` tinyint(1) NOT NULL DEFAULT '0',
  PRIMARY KEY (`id`),
  UNIQUE KEY `pos_name` (`pos_name`)
) ENGINE=InnoDB AUTO_INCREMENT=2 DEFAULT CHARSET=utf8 COLLATE=utf8_unicode_ci ;

### Data of table `0_sales_pos` ###

INSERT INTO `0_sales_pos` VALUES
('1', 'Default', '1', '1', 'DEF', '2', '0');

### Structure of table `0_sales_types` ###

DROP TABLE IF EXISTS `0_sales_types`;

CREATE TABLE `0_sales_types` (
  `id` int(11) NOT NULL AUTO_INCREMENT,
  `sales_type` char(50) COLLATE utf8_unicode_ci NOT NULL DEFAULT '',
  `tax_included` int(1) NOT NULL DEFAULT '0',
  `factor` double NOT NULL DEFAULT '1',
  `inactive` tinyint(1) NOT NULL DEFAULT '0',
  PRIMARY KEY (`id`),
  UNIQUE KEY `sales_type` (`sales_type`)
) ENGINE=InnoDB AUTO_INCREMENT=3 DEFAULT CHARSET=utf8 COLLATE=utf8_unicode_ci ;

### Data of table `0_sales_types` ###

INSERT INTO `0_sales_types` VALUES
('1', 'Retail', '1', '1', '0'),
('2', 'Wholesale', '0', '0.7', '0');

### Structure of table `0_salesman` ###

DROP TABLE IF EXISTS `0_salesman`;

CREATE TABLE `0_salesman` (
  `salesman_code` int(11) NOT NULL AUTO_INCREMENT,
  `salesman_name` char(60) COLLATE utf8_unicode_ci NOT NULL DEFAULT '',
  `salesman_phone` char(30) COLLATE utf8_unicode_ci NOT NULL DEFAULT '',
  `salesman_fax` char(30) COLLATE utf8_unicode_ci NOT NULL DEFAULT '',
  `salesman_email` varchar(100) COLLATE utf8_unicode_ci NOT NULL DEFAULT '',
  `provision` double NOT NULL DEFAULT '0',
  `break_pt` double NOT NULL DEFAULT '0',
  `provision2` double NOT NULL DEFAULT '0',
  `inactive` tinyint(1) NOT NULL DEFAULT '0',
  PRIMARY KEY (`salesman_code`),
  UNIQUE KEY `salesman_name` (`salesman_name`)
) ENGINE=InnoDB AUTO_INCREMENT=2 DEFAULT CHARSET=utf8 COLLATE=utf8_unicode_ci ;

### Data of table `0_salesman` ###

INSERT INTO `0_salesman` VALUES
('1', 'Sales Person', '', '', '', '5', '1000', '4', '0');

### Structure of table `0_security_roles` ###

DROP TABLE IF EXISTS `0_security_roles`;

CREATE TABLE `0_security_roles` (
  `id` int(11) NOT NULL AUTO_INCREMENT,
  `role` varchar(30) COLLATE utf8_unicode_ci NOT NULL,
  `description` varchar(50) COLLATE utf8_unicode_ci DEFAULT NULL,
  `sections` text COLLATE utf8_unicode_ci,
  `areas` text COLLATE utf8_unicode_ci,
  `inactive` tinyint(1) NOT NULL DEFAULT '0',
  PRIMARY KEY (`id`),
  UNIQUE KEY `role` (`role`)
) ENGINE=InnoDB AUTO_INCREMENT=11 DEFAULT CHARSET=utf8 COLLATE=utf8_unicode_ci ;

### Data of table `0_security_roles` ###

INSERT INTO `0_security_roles` VALUES
('1', 'Inquiries', 'Inquiries', '768;2816;3072;3328;5632;5888;8192;8448;10752;11008;13312;15872;16128', '257;258;259;260;513;514;515;516;517;518;519;520;521;522;523;524;525;773;774;2822;3073;3075;3076;3077;3329;3330;3331;3332;3333;3334;3335;5377;5633;5640;5889;5890;5891;7937;7938;7939;7940;8193;8194;8450;8451;10497;10753;11009;11010;11012;13313;13315;15617;15618;15619;15620;15621;15622;15623;15624;15625;15626;15873;15882;16129;16130;16131;16132;775', '0'),
('2', 'System Administrator', 'System Administrator', '256;512;768;2816;3072;3328;5376;5632;5888;7936;8192;8448;9216;9472;9728;10496;10752;11008;13056;13312;15616;15872;16128;484352', '257;258;259;260;513;514;515;516;517;518;519;520;521;522;523;524;525;526;769;770;771;772;773;774;775;2817;2818;2819;2820;2821;2822;2823;3073;3074;3082;3075;3076;3077;3078;3079;3080;3081;3329;3330;3331;3332;3333;3334;3335;5377;5633;5634;5635;5636;5637;5641;5638;5639;5640;5889;5890;5891;7937;7938;7939;7940;8193;8194;8195;8196;8197;8449;8450;8451;9217;9218;9220;9473;9474;9475;9476;9729;10497;10753;10754;10755;10756;10757;11009;11010;11011;11012;13057;13313;13314;13315;15617;15618;15619;15620;15621;15622;15623;15624;15628;15625;15626;15627;15630;15873;15874;15875;15876;15877;15878;15879;15880;15883;15881;15882;15884;16129;16130;16131;16132;484452', '0'),
('3', 'Salesman', 'Salesman', '768;3072;5632;8192;15872', '773;774;3073;3075;3081;5633;8194;15873;775', '0'),
('4', 'Stock Manager', 'Stock Manager', '768;2816;3072;3328;5632;5888;8192;8448;10752;11008;13312;15872;16128', '2818;2822;3073;3076;3077;3329;3330;3330;3330;3331;3331;3332;3333;3334;3335;5633;5640;5889;5890;5891;8193;8194;8450;8451;10753;11009;11010;11012;13313;13315;15882;16129;16130;16131;16132;775', '0'),
('5', 'Production Manager', 'Production Manager', '512;768;2816;3072;3328;5632;5888;8192;8448;10752;11008;13312;15616;15872;16128', '521;523;524;2818;2819;2820;2821;2822;2823;3073;3074;3076;3077;3078;3079;3080;3081;3329;3330;3330;3330;3331;3331;3332;3333;3334;3335;5633;5640;5640;5889;5890;5891;8193;8194;8196;8197;8450;8451;10753;10755;11009;11010;11012;13313;13315;15617;15619;15620;15621;15624;15624;15876;15877;15880;15882;16129;16130;16131;16132;775', '0'),
('6', 'Purchase Officer', 'Purchase Officer', '512;768;2816;3072;3328;5376;5632;5888;8192;8448;10752;11008;13312;15616;15872;16128', '521;523;524;2818;2819;2820;2821;2822;2823;3073;3074;3076;3077;3078;3079;3080;3081;3329;3330;3330;3330;3331;3331;3332;3333;3334;3335;5377;5633;5635;5640;5640;5889;5890;5891;8193;8194;8196;8197;8449;8450;8451;10753;10755;11009;11010;11012;13313;13315;15617;15619;15620;15621;15624;15624;15876;15877;15880;15882;16129;16130;16131;16132;775', '0'),
('7', 'AR Officer', 'AR Officer', '512;768;2816;3072;3328;5632;5888;8192;8448;10752;11008;13312;15616;15872;16128', '521;523;524;771;773;774;2818;2819;2820;2821;2822;2823;3073;3073;3074;3075;3076;3077;3078;3079;3080;3081;3081;3329;3330;3330;3330;3331;3331;3332;3333;3334;3335;5633;5633;5634;5637;5638;5639;5640;5640;5889;5890;5891;8193;8194;8194;8196;8197;8450;8451;10753;10755;11009;11010;11012;13313;13315;15617;15619;15620;15621;15624;15624;15873;15876;15877;15878;15880;15882;16129;16130;16131;16132;775', '0'),
('8', 'AP Officer', 'AP Officer', '5632', '5633;5635;5636;3073;3074;3082;3076;3077;3078;3079;3080;3081;3335;13057', '0'),
('9', 'Accountant', 'New Accountant', '5632', '5635;5636;521;523;524;771;772;773;774;775;2818;2819;2820;2821;2822;2823;3073;3074;3075;3076;3077;3078;3079;3080;3081;3329;3330;3331;3332;3333;3334;3335;5377;5889;5890;5891;7937;7938;7939;7940;8193;8194;8196;8197;8449;8450;8451;10497;10753;10755;11009;11010;11012;13313;13315;15617;15618;15619;15620;15621;15624;15873;15876;15877;15878;15880;15882;16129;16130;16131;16132', '0'),
('10', 'Sub Admin', 'Sub Admin', '512;768;2816;3072;3328;5376;5632;5888;8192;8448;10752;11008;13312;15616;15872;16128', '257;258;259;260;521;523;524;771;772;773;774;2818;2819;2820;2821;2822;2823;3073;3074;3082;3075;3076;3077;3078;3079;3080;3081;3329;3330;3331;3332;3333;3334;3335;5377;5633;5634;5635;5637;5638;5639;5640;5889;5890;5891;7937;7938;7939;7940;8193;8194;8196;8197;8449;8450;8451;10497;10753;10755;11009;11010;11012;13057;13313;13315;15617;15619;15620;15621;15624;15873;15874;15876;15877;15878;15879;15880;15882;16129;16130;16131;16132;775', '0');

### Structure of table `0_shippers` ###

DROP TABLE IF EXISTS `0_shippers`;

CREATE TABLE `0_shippers` (
  `shipper_id` int(11) NOT NULL AUTO_INCREMENT,
  `shipper_name` varchar(60) COLLATE utf8_unicode_ci NOT NULL DEFAULT '',
  `phone` varchar(30) COLLATE utf8_unicode_ci NOT NULL DEFAULT '',
  `phone2` varchar(30) COLLATE utf8_unicode_ci NOT NULL DEFAULT '',
  `contact` tinytext COLLATE utf8_unicode_ci NOT NULL,
  `address` tinytext COLLATE utf8_unicode_ci NOT NULL,
  `inactive` tinyint(1) NOT NULL DEFAULT '0',
  PRIMARY KEY (`shipper_id`),
  UNIQUE KEY `name` (`shipper_name`)
) ENGINE=InnoDB AUTO_INCREMENT=2 DEFAULT CHARSET=utf8 COLLATE=utf8_unicode_ci ;

### Data of table `0_shippers` ###

INSERT INTO `0_shippers` VALUES
('1', 'Default', '', '', '', '', '0');

### Structure of table `0_sql_trail` ###

DROP TABLE IF EXISTS `0_sql_trail`;

CREATE TABLE `0_sql_trail` (
  `id` int(11) unsigned NOT NULL AUTO_INCREMENT,
  `sql` text COLLATE utf8_unicode_ci NOT NULL,
  `result` tinyint(1) NOT NULL,
  `msg` varchar(255) COLLATE utf8_unicode_ci NOT NULL,
  PRIMARY KEY (`id`)
) ENGINE=InnoDB DEFAULT CHARSET=utf8 COLLATE=utf8_unicode_ci ;

### Data of table `0_sql_trail` ###


### Structure of table `0_stock_category` ###

DROP TABLE IF EXISTS `0_stock_category`;

CREATE TABLE `0_stock_category` (
  `category_id` int(11) NOT NULL AUTO_INCREMENT,
  `description` varchar(60) COLLATE utf8_unicode_ci NOT NULL DEFAULT '',
  `dflt_tax_type` int(11) NOT NULL DEFAULT '1',
  `dflt_units` varchar(20) COLLATE utf8_unicode_ci NOT NULL DEFAULT 'each',
  `dflt_mb_flag` char(1) COLLATE utf8_unicode_ci NOT NULL DEFAULT 'B',
  `dflt_sales_act` varchar(15) COLLATE utf8_unicode_ci NOT NULL DEFAULT '',
  `dflt_cogs_act` varchar(15) COLLATE utf8_unicode_ci NOT NULL DEFAULT '',
  `dflt_inventory_act` varchar(15) COLLATE utf8_unicode_ci NOT NULL DEFAULT '',
  `dflt_adjustment_act` varchar(15) COLLATE utf8_unicode_ci NOT NULL DEFAULT '',
  `dflt_wip_act` varchar(15) COLLATE utf8_unicode_ci NOT NULL DEFAULT '',
  `dflt_dim1` int(11) DEFAULT NULL,
  `dflt_dim2` int(11) DEFAULT NULL,
  `inactive` tinyint(1) NOT NULL DEFAULT '0',
  `dflt_no_sale` tinyint(1) NOT NULL DEFAULT '0',
  `dflt_no_purchase` tinyint(1) NOT NULL DEFAULT '0',
  PRIMARY KEY (`category_id`),
  UNIQUE KEY `description` (`description`)
) ENGINE=InnoDB AUTO_INCREMENT=3 DEFAULT CHARSET=utf8 COLLATE=utf8_unicode_ci ;

### Data of table `0_stock_category` ###

INSERT INTO `0_stock_category` VALUES
('2', 'Material', '1', 'each', 'B', '4011', '5011', '1021', '5014', '1023', '0', '0', '0', '0', '0');

### Structure of table `0_stock_fa_class` ###

DROP TABLE IF EXISTS `0_stock_fa_class`;

CREATE TABLE `0_stock_fa_class` (
  `fa_class_id` varchar(20) COLLATE utf8_unicode_ci NOT NULL DEFAULT '',
  `parent_id` varchar(20) COLLATE utf8_unicode_ci NOT NULL DEFAULT '',
  `description` varchar(200) COLLATE utf8_unicode_ci NOT NULL DEFAULT '',
  `long_description` tinytext COLLATE utf8_unicode_ci NOT NULL,
  `depreciation_rate` double NOT NULL DEFAULT '0',
  `inactive` tinyint(1) NOT NULL DEFAULT '0',
  PRIMARY KEY (`fa_class_id`)
) ENGINE=InnoDB DEFAULT CHARSET=utf8 COLLATE=utf8_unicode_ci ;

### Data of table `0_stock_fa_class` ###

INSERT INTO `0_stock_fa_class` VALUES
('1', '', 'A', '', '10', '0'),
('11', '1', 'A-A', '', '10', '0'),
('2', '', 'B', '', '20', '0'),
('22', '2', 'B-B', '', '20', '0');

### Structure of table `0_stock_master` ###

DROP TABLE IF EXISTS `0_stock_master`;

CREATE TABLE `0_stock_master` (
  `stock_id` varchar(20) COLLATE utf8_unicode_ci NOT NULL DEFAULT '',
  `category_id` int(11) NOT NULL DEFAULT '0',
  `tax_type_id` int(11) NOT NULL DEFAULT '0',
  `description` varchar(200) COLLATE utf8_unicode_ci NOT NULL DEFAULT '',
  `long_description` tinytext COLLATE utf8_unicode_ci NOT NULL,
  `carton` varchar(55) COLLATE utf8_unicode_ci NOT NULL,
  `units` varchar(20) COLLATE utf8_unicode_ci NOT NULL DEFAULT 'each',
  `mb_flag` char(1) COLLATE utf8_unicode_ci NOT NULL DEFAULT 'B',
  `sales_account` varchar(15) COLLATE utf8_unicode_ci NOT NULL DEFAULT '',
  `cogs_account` varchar(15) COLLATE utf8_unicode_ci NOT NULL DEFAULT '',
  `inventory_account` varchar(15) COLLATE utf8_unicode_ci NOT NULL DEFAULT '',
  `adjustment_account` varchar(15) COLLATE utf8_unicode_ci NOT NULL DEFAULT '',
  `wip_account` varchar(15) COLLATE utf8_unicode_ci NOT NULL DEFAULT '',
  `dimension_id` int(11) DEFAULT NULL,
  `dimension2_id` int(11) DEFAULT NULL,
  `purchase_cost` double NOT NULL DEFAULT '0',
  `material_cost` double NOT NULL DEFAULT '0',
  `labour_cost` double NOT NULL DEFAULT '0',
  `overhead_cost` double NOT NULL DEFAULT '0',
  `inactive` tinyint(1) NOT NULL DEFAULT '0',
  `no_sale` tinyint(1) NOT NULL DEFAULT '0',
  `no_purchase` tinyint(1) NOT NULL DEFAULT '0',
  `editable` tinyint(1) NOT NULL DEFAULT '0',
  `depreciation_method` char(1) COLLATE utf8_unicode_ci NOT NULL DEFAULT 'S',
  `depreciation_rate` double NOT NULL DEFAULT '0',
  `depreciation_factor` double NOT NULL DEFAULT '1',
  `depreciation_start` date NOT NULL DEFAULT '0000-00-00',
  `depreciation_date` date NOT NULL DEFAULT '0000-00-00',
  `fa_class_id` varchar(20) COLLATE utf8_unicode_ci NOT NULL DEFAULT '',
  PRIMARY KEY (`stock_id`)
) ENGINE=InnoDB DEFAULT CHARSET=utf8 COLLATE=utf8_unicode_ci ;

### Data of table `0_stock_master` ###

INSERT INTO `0_stock_master` VALUES
('001', '2', '1', 'HSD HOC', 'HIGH SPEED DIESEL', '', 'LTRs', 'B', '4011', '5011', '1021', '5014', '1023', '0', '0', '0', '77.5317647059', '0', '0', '0', '0', '0', '0', '', '0', '0', '0000-00-00', '0000-00-00', ''),
('002', '2', '1', 'PG', 'PETROL', 'tank', 'LTRs', 'B', '4011', '5011', '1021', '5014', '1023', '0', '0', '71.3', '68.7686381107', '0', '0', '0', '0', '0', '0', '', '0', '0', '0000-00-00', '0000-00-00', '');

### Structure of table `0_stock_moves` ###

DROP TABLE IF EXISTS `0_stock_moves`;

CREATE TABLE `0_stock_moves` (
  `trans_id` int(11) NOT NULL AUTO_INCREMENT,
  `trans_no` int(11) NOT NULL DEFAULT '0',
  `stock_id` char(20) COLLATE utf8_unicode_ci NOT NULL DEFAULT '',
  `type` smallint(6) NOT NULL DEFAULT '0',
  `loc_code` char(5) COLLATE utf8_unicode_ci NOT NULL DEFAULT '',
  `tran_date` date NOT NULL DEFAULT '0000-00-00',
  `price` double NOT NULL DEFAULT '0',
  `reference` char(40) COLLATE utf8_unicode_ci NOT NULL DEFAULT '',
  `qty` double NOT NULL DEFAULT '1',
  `standard_cost` double NOT NULL DEFAULT '0',
  `discount_percent` double NOT NULL,
  PRIMARY KEY (`trans_id`),
  KEY `type` (`type`,`trans_no`),
  KEY `Move` (`stock_id`,`loc_code`,`tran_date`)
) ENGINE=InnoDB AUTO_INCREMENT=19 DEFAULT CHARSET=utf8 COLLATE=utf8_unicode_ci ;

### Data of table `0_stock_moves` ###

INSERT INTO `0_stock_moves` VALUES
('1', '1', '002', '25', 'DEF', '2017-07-13', '2', '', '5000', '71.3', '0'),
('2', '2', '001', '25', 'SMKT', '2017-07-13', '1', '', '5000', '77.72', '0'),
('3', '3', '001', '25', 'SMKT', '2017-07-13', '1', '', '1000', '77.72', '0'),
('4', '4', '001', '25', 'SMKT', '2017-07-13', '2', '', '1000', '77.6457142857', '0'),
('5', '5', '002', '25', 'SMKT', '2017-07-13', '2', '', '2000', '70.5', '0'),
('6', '6', '001', '25', 'DEF', '2017-07-13', '3', '', '15000', '77.7509090909', '0'),
('7', '1', '002', '16', 'DEF', '2017-07-13', '0', 'LT001/2017', '-5000', '0', '0'),
('8', '1', '002', '16', 'SMKT', '2017-07-13', '0', 'LT001/2017', '5000', '0', '0'),
('9', '1', '002', '13', 'SMKT', '2017-07-13', '78.2', 'DN001/2017', '-200', '70.5', '0'),
('10', '6', '001', '25', 'DEF', '2017-07-13', '77.8', '', '-15000', '77.7509090909', '0'),
('11', '2', '002', '13', 'SMKT', '2017-07-15', '77.2', 'auto', '-100', '70.5', '0'),
('12', '2', '002', '11', 'DEF', '2017-07-15', '78.2', 'Return Ex Inv: 1', '100', '70.5', '0'),
('13', '3', '002', '13', 'DEF', '2017-07-15', '2.2', 'DN002/2017', '-2', '70.5', '0'),
('14', '4', '002', '13', 'DEF', '2017-07-15', '10', 'DN003/2017', '-40', '70.5', '0'),
('15', '1', '002', '17', 'SMKT', '2017-07-15', '0', 'IA001/2017', '1000', '70.5', '0'),
('16', '2', '001', '17', 'SMKT', '2017-07-15', '0', 'IA002/2017', '500', '77', '0'),
('17', '3', '001', '17', 'SMKT', '2017-07-15', '0', 'IA003/2017', '1000', '77', '0'),
('18', '7', '002', '25', 'L001', '2017-07-15', '2', '', '50000', '68.7686381107', '0');

### Structure of table `0_supp_allocations` ###

DROP TABLE IF EXISTS `0_supp_allocations`;

CREATE TABLE `0_supp_allocations` (
  `id` int(11) NOT NULL AUTO_INCREMENT,
  `person_id` int(11) DEFAULT NULL,
  `amt` double unsigned DEFAULT NULL,
  `date_alloc` date NOT NULL DEFAULT '0000-00-00',
  `trans_no_from` int(11) DEFAULT NULL,
  `trans_type_from` int(11) DEFAULT NULL,
  `trans_no_to` int(11) DEFAULT NULL,
  `trans_type_to` int(11) DEFAULT NULL,
  PRIMARY KEY (`id`),
  UNIQUE KEY `trans_type_from` (`person_id`,`trans_type_from`,`trans_no_from`,`trans_type_to`,`trans_no_to`),
  KEY `From` (`trans_type_from`,`trans_no_from`),
  KEY `To` (`trans_type_to`,`trans_no_to`)
) ENGINE=InnoDB DEFAULT CHARSET=utf8 COLLATE=utf8_unicode_ci ;

### Data of table `0_supp_allocations` ###


### Structure of table `0_supp_invoice_items` ###

DROP TABLE IF EXISTS `0_supp_invoice_items`;

CREATE TABLE `0_supp_invoice_items` (
  `id` int(11) NOT NULL AUTO_INCREMENT,
  `supp_trans_no` int(11) DEFAULT NULL,
  `supp_trans_type` int(11) DEFAULT NULL,
  `gl_code` varchar(15) COLLATE utf8_unicode_ci NOT NULL DEFAULT '',
  `grn_item_id` int(11) DEFAULT NULL,
  `po_detail_item_id` int(11) DEFAULT NULL,
  `stock_id` varchar(20) COLLATE utf8_unicode_ci NOT NULL DEFAULT '',
  `description` tinytext COLLATE utf8_unicode_ci,
  `quantity` double NOT NULL DEFAULT '0',
  `unit_price` double NOT NULL DEFAULT '0',
  `unit_tax` double NOT NULL DEFAULT '0',
  `memo_` tinytext COLLATE utf8_unicode_ci,
  `dimension_id` int(11) NOT NULL DEFAULT '0',
  `dimension2_id` int(11) NOT NULL DEFAULT '0',
  PRIMARY KEY (`id`),
  KEY `Transaction` (`supp_trans_type`,`supp_trans_no`,`stock_id`)
) ENGINE=InnoDB AUTO_INCREMENT=3 DEFAULT CHARSET=utf8 COLLATE=utf8_unicode_ci ;

### Data of table `0_supp_invoice_items` ###

INSERT INTO `0_supp_invoice_items` VALUES
('1', '1', '20', '5011', '-1', '0', '', NULL, '0', '0', '0', NULL, '0', '0'),
('2', '1', '20', '0', '1', '6', '002', 'PG', '5000', '71.3', '13.547', NULL, '0', '0');

### Structure of table `0_supp_trans` ###

DROP TABLE IF EXISTS `0_supp_trans`;

CREATE TABLE `0_supp_trans` (
  `trans_no` int(11) unsigned NOT NULL DEFAULT '0',
  `type` smallint(6) unsigned NOT NULL DEFAULT '0',
  `supplier_id` int(11) unsigned DEFAULT NULL,
  `reference` tinytext COLLATE utf8_unicode_ci NOT NULL,
  `supp_reference` varchar(60) COLLATE utf8_unicode_ci NOT NULL DEFAULT '',
  `tran_date` date NOT NULL DEFAULT '0000-00-00',
  `due_date` date NOT NULL DEFAULT '0000-00-00',
  `ov_amount` double NOT NULL DEFAULT '0',
  `ov_discount` double NOT NULL DEFAULT '0',
  `ov_gst` double NOT NULL DEFAULT '0',
  `gst_wh` double NOT NULL,
  `rate` double NOT NULL DEFAULT '1',
  `alloc` double NOT NULL DEFAULT '0',
  `tax_included` tinyint(1) NOT NULL DEFAULT '0',
  `supply_disc` int(11) NOT NULL,
  `service_disc` int(11) NOT NULL,
  `fbr_disc` int(11) NOT NULL,
  `srb_disc` int(11) NOT NULL,
  `write_back` int(11) NOT NULL,
  `supply_tax_id` int(11) NOT NULL,
  `service_tax_id` int(11) NOT NULL,
  `fbr_tax_id` int(11) NOT NULL,
  `srb_tax_id` int(11) NOT NULL,
  PRIMARY KEY (`type`,`trans_no`),
  KEY `supplier_id` (`supplier_id`),
  KEY `tran_date` (`tran_date`)
) ENGINE=InnoDB DEFAULT CHARSET=utf8 COLLATE=utf8_unicode_ci ;

### Data of table `0_supp_trans` ###

INSERT INTO `0_supp_trans` VALUES
('1', '20', '2', 'PI001/2017', '5012', '2017-07-13', '2017-07-13', '356500', '0', '0', '0', '1', '0', '0', '0', '0', '0', '0', '0', '0', '0', '0', '0');

### Structure of table `0_suppliers` ###

DROP TABLE IF EXISTS `0_suppliers`;

CREATE TABLE `0_suppliers` (
  `supplier_id` int(11) NOT NULL AUTO_INCREMENT,
  `supp_name` varchar(60) COLLATE utf8_unicode_ci NOT NULL DEFAULT '',
  `supp_ref` varchar(30) COLLATE utf8_unicode_ci NOT NULL DEFAULT '',
  `address` tinytext COLLATE utf8_unicode_ci NOT NULL,
  `supp_address` tinytext COLLATE utf8_unicode_ci NOT NULL,
  `gst_no` varchar(25) COLLATE utf8_unicode_ci NOT NULL DEFAULT '',
  `contact` varchar(60) COLLATE utf8_unicode_ci NOT NULL DEFAULT '',
  `supp_account_no` varchar(40) COLLATE utf8_unicode_ci NOT NULL DEFAULT '',
  `website` varchar(100) COLLATE utf8_unicode_ci NOT NULL DEFAULT '',
  `bank_account` varchar(60) COLLATE utf8_unicode_ci NOT NULL DEFAULT '',
  `curr_code` char(3) COLLATE utf8_unicode_ci DEFAULT NULL,
  `payment_terms` int(11) DEFAULT NULL,
  `tax_included` tinyint(1) NOT NULL DEFAULT '0',
  `dimension_id` int(11) DEFAULT '0',
  `dimension2_id` int(11) DEFAULT '0',
  `tax_group_id` int(11) DEFAULT NULL,
  `credit_limit` double NOT NULL DEFAULT '0',
  `purchase_account` varchar(15) COLLATE utf8_unicode_ci NOT NULL DEFAULT '',
  `payable_account` varchar(15) COLLATE utf8_unicode_ci NOT NULL DEFAULT '',
  `payment_discount_account` varchar(15) COLLATE utf8_unicode_ci NOT NULL DEFAULT '',
  `notes` tinytext COLLATE utf8_unicode_ci NOT NULL,
  `ntn_no` int(11) NOT NULL,
  `inactive` tinyint(1) NOT NULL DEFAULT '0',
  PRIMARY KEY (`supplier_id`),
  KEY `supp_ref` (`supp_ref`)
) ENGINE=InnoDB AUTO_INCREMENT=4 DEFAULT CHARSET=utf8 COLLATE=utf8_unicode_ci ;

### Data of table `0_suppliers` ###

INSERT INTO `0_suppliers` VALUES
('1', 'SHELL PAKISTAN VEHARI', 'SPL', '', '', '', '', '', '', '', 'PKR', '3', '0', '0', '0', '2', '1000000', '', '2011', '5016', '', '0', '0'),
('2', 'BYCO PAKISTAN', 'BYCO', '', '', '', '', '', '', '', 'PKR', '2', '0', '0', '0', '2', '2000000', '', '2011', '5016', '', '0', '0'),
('3', 'PARCO', 'Parco', '', '', '', '', '', '', '', 'PKR', '3', '0', '0', '0', '2', '2000000', '', '2011', '5016', '', '0', '0');

### Structure of table `0_sys_prefs` ###

DROP TABLE IF EXISTS `0_sys_prefs`;

CREATE TABLE `0_sys_prefs` (
  `name` varchar(35) COLLATE utf8_unicode_ci NOT NULL DEFAULT '',
  `category` varchar(30) COLLATE utf8_unicode_ci DEFAULT NULL,
  `type` varchar(20) COLLATE utf8_unicode_ci NOT NULL DEFAULT '',
  `length` smallint(6) DEFAULT NULL,
  `value` text COLLATE utf8_unicode_ci NOT NULL,
  PRIMARY KEY (`name`),
  KEY `category` (`category`)
) ENGINE=InnoDB DEFAULT CHARSET=utf8 COLLATE=utf8_unicode_ci ;

### Data of table `0_sys_prefs` ###

INSERT INTO `0_sys_prefs` VALUES
('accounts_alpha', 'glsetup.general', 'tinyint', '1', '0'),
('accumulate_shipping', 'glsetup.customer', 'tinyint', '1', '0'),
('add_pct', 'setup.company', 'int', '5', '-1'),
('allow_negative_prices', 'glsetup.inventory', 'tinyint', '1', '1'),
('allow_negative_stock', 'glsetup.inventory', 'tinyint', '1', '1'),
('alternative_tax_include_on_docs', 'setup.company', 'tinyint', '1', ''),
('auto_curr_reval', 'setup.company', 'smallint', '6', ''),
('bank_charge_act', 'glsetup.general', 'varchar', '15', '5036'),
('base_sales', 'setup.company', 'int', '11', '1'),
('bcc_email', 'setup.company', 'varchar', '100', ''),
('coy_logo', 'setup.company', 'varchar', '100', ''),
('coy_name', 'setup.company', 'varchar', '60', 'HORIZON OIL COMPANY'),
('coy_no', 'setup.company', 'varchar', '25', ''),
('creditors_act', 'glsetup.purchase', 'varchar', '15', '2011'),
('curr_default', 'setup.company', 'char', '3', 'PKR'),
('debtors_act', 'glsetup.sales', 'varchar', '15', '1013'),
('default_adj_act', 'glsetup.items', 'varchar', '15', '5014'),
('default_cogs_act', 'glsetup.items', 'varchar', '15', '5011'),
('default_credit_limit', 'glsetup.customer', 'int', '11', '0'),
('default_delivery_required', 'glsetup.sales', 'smallint', '6', '1'),
('default_dim_required', 'glsetup.dims', 'int', '11', '20'),
('default_inv_sales_act', 'glsetup.items', 'varchar', '15', '4011'),
('default_inventory_act', 'glsetup.items', 'varchar', '15', '1021'),
('default_loss_on_asset_disposal_act', 'glsetup.items', 'varchar', '15', '5014'),
('default_prompt_payment_act', 'glsetup.sales', 'varchar', '15', '4025'),
('default_quote_valid_days', 'glsetup.sales', 'smallint', '6', '30'),
('default_receival_required', 'glsetup.purchase', 'smallint', '6', '10'),
('default_sales_act', 'glsetup.sales', 'varchar', '15', ''),
('default_sales_discount_act', 'glsetup.sales', 'varchar', '15', '4025'),
('default_wip_act', 'glsetup.items', 'varchar', '15', '1023'),
('default_workorder_required', 'glsetup.manuf', 'int', '11', '20'),
('deferred_income_act', 'glsetup.sales', 'varchar', '15', ''),
('depreciation_period', 'glsetup.company', 'tinyint', '1', '1'),
('domicile', 'setup.company', 'varchar', '55', ''),
('email', 'setup.company', 'varchar', '100', ''),
('exchange_diff_act', 'glsetup.general', 'varchar', '15', '4023'),
('f_year', 'setup.company', 'int', '11', '3'),
('fax', 'setup.company', 'varchar', '30', ''),
('freight_act', 'glsetup.customer', 'varchar', '15', '4021'),
('gl_closing_date', 'setup.closing_date', 'date', '8', ''),
('grn_clearing_act', 'glsetup.purchase', 'varchar', '15', ''),
('gst_no', 'setup.company', 'varchar', '25', ''),
('legal_text', 'glsetup.customer', 'tinytext', '0', ''),
('loc_notification', 'glsetup.inventory', 'tinyint', '1', ''),
('login_tout', 'setup.company', 'smallint', '6', '600'),
('no_customer_list', 'setup.company', 'tinyint', '1', '0'),
('no_item_list', 'setup.company', 'tinyint', '1', '0'),
('no_supplier_list', 'setup.company', 'tinyint', '1', '0'),
('no_zero_lines_amount', 'glsetup.sales', 'tinyint', '1', '1'),
('past_due_days', 'glsetup.general', 'int', '11', '30'),
('phone', 'setup.company', 'varchar', '30', ''),
('po_over_charge', 'glsetup.purchase', 'int', '11', '10'),
('po_over_receive', 'glsetup.purchase', 'int', '11', '10'),
('postal_address', 'setup.company', 'tinytext', '0', 'Vehari'),
('print_invoice_no', 'glsetup.sales', 'tinyint', '1', '0'),
('print_item_images_on_quote', 'glsetup.inventory', 'tinyint', '1', ''),
('profit_loss_year_act', 'glsetup.general', 'varchar', '15', '5030'),
('pyt_discount_act', 'glsetup.purchase', 'varchar', '15', '5016'),
('retained_earnings_act', 'glsetup.general', 'varchar', '15', '3021'),
('round_to', 'setup.company', 'int', '5', '1'),
('show_po_item_codes', 'glsetup.purchase', 'tinyint', '1', ''),
('suppress_tax_rates', 'setup.company', 'tinyint', '1', ''),
('tax_algorithm', 'glsetup.customer', 'tinyint', '1', '1'),
('tax_last', 'setup.company', 'int', '11', '1'),
('tax_prd', 'setup.company', 'int', '11', '1'),
('time_zone', 'setup.company', 'tinyint', '1', '0'),
('use_dimension', 'setup.company', 'tinyint', '1', '0'),
('use_fixed_assets', 'setup.company', 'tinyint', '1', ''),
('use_manufacturing', 'setup.company', 'tinyint', '1', ''),
('version_id', 'system', 'varchar', '11', '2.4.1');

### Structure of table `0_sys_types` ###

DROP TABLE IF EXISTS `0_sys_types`;

CREATE TABLE `0_sys_types` (
  `type_id` smallint(6) NOT NULL DEFAULT '0',
  `type_no` int(11) NOT NULL DEFAULT '1',
  `next_reference` varchar(100) COLLATE utf8_unicode_ci NOT NULL DEFAULT '',
  PRIMARY KEY (`type_id`)
) ENGINE=InnoDB DEFAULT CHARSET=utf8 COLLATE=utf8_unicode_ci ;

### Data of table `0_sys_types` ###

INSERT INTO `0_sys_types` VALUES
('0', '17', 'JV0001'),
('1', '7', 'BPV0001'),
('2', '4', 'BRV0001'),
('4', '3', 'FTV0001'),
('10', '16', 'SI0001'),
('11', '2', 'CCN001'),
('12', '6', 'CRV0001'),
('13', '1', 'DN001'),
('16', '2', 'LT001'),
('17', '2', 'IA01'),
('18', '1', 'PO0001'),
('20', '6', 'SI1511'),
('21', '1', 'SCN001'),
('22', '3', 'SP001'),
('25', '1', 'GRN001'),
('26', '1', 'WO001'),
('28', '1', 'WO001'),
('29', '1', 'WOP001'),
('30', '0', 'SO001'),
('32', '0', 'SQ001'),
('35', '1', 'CU001'),
('40', '1', 'D01'),
('41', '1', 'CPV001'),
('42', '1', 'CRV001');

### Structure of table `0_tag_associations` ###

DROP TABLE IF EXISTS `0_tag_associations`;

CREATE TABLE `0_tag_associations` (
  `record_id` varchar(15) COLLATE utf8_unicode_ci NOT NULL,
  `tag_id` int(11) NOT NULL,
  UNIQUE KEY `record_id` (`record_id`,`tag_id`)
) ENGINE=InnoDB DEFAULT CHARSET=utf8 COLLATE=utf8_unicode_ci ;

### Data of table `0_tag_associations` ###


### Structure of table `0_tags` ###

DROP TABLE IF EXISTS `0_tags`;

CREATE TABLE `0_tags` (
  `id` int(11) NOT NULL AUTO_INCREMENT,
  `type` smallint(6) NOT NULL,
  `name` varchar(30) COLLATE utf8_unicode_ci NOT NULL,
  `description` varchar(60) COLLATE utf8_unicode_ci DEFAULT NULL,
  `inactive` tinyint(1) NOT NULL DEFAULT '0',
  PRIMARY KEY (`id`),
  UNIQUE KEY `type` (`type`,`name`)
) ENGINE=InnoDB DEFAULT CHARSET=utf8 COLLATE=utf8_unicode_ci ;

### Data of table `0_tags` ###


### Structure of table `0_tax_group_items` ###

DROP TABLE IF EXISTS `0_tax_group_items`;

CREATE TABLE `0_tax_group_items` (
  `tax_group_id` int(11) NOT NULL DEFAULT '0',
  `tax_type_id` int(11) NOT NULL DEFAULT '0',
  `tax_shipping` tinyint(1) NOT NULL DEFAULT '0',
  PRIMARY KEY (`tax_group_id`,`tax_type_id`)
) ENGINE=InnoDB DEFAULT CHARSET=utf8 COLLATE=utf8_unicode_ci ;

### Data of table `0_tax_group_items` ###

INSERT INTO `0_tax_group_items` VALUES
('1', '1', '1');

### Structure of table `0_tax_groups` ###

DROP TABLE IF EXISTS `0_tax_groups`;

CREATE TABLE `0_tax_groups` (
  `id` int(11) NOT NULL AUTO_INCREMENT,
  `name` varchar(60) COLLATE utf8_unicode_ci NOT NULL DEFAULT '',
  `inactive` tinyint(1) NOT NULL DEFAULT '0',
  PRIMARY KEY (`id`),
  UNIQUE KEY `name` (`name`)
) ENGINE=InnoDB AUTO_INCREMENT=3 DEFAULT CHARSET=utf8 COLLATE=utf8_unicode_ci ;

### Data of table `0_tax_groups` ###

INSERT INTO `0_tax_groups` VALUES
('1', 'Tax', '0'),
('2', 'Tax Exempt', '0');

### Structure of table `0_tax_types` ###

DROP TABLE IF EXISTS `0_tax_types`;

CREATE TABLE `0_tax_types` (
  `id` int(11) NOT NULL AUTO_INCREMENT,
  `rate` double NOT NULL DEFAULT '0',
  `sales_gl_code` varchar(15) COLLATE utf8_unicode_ci NOT NULL DEFAULT '',
  `purchasing_gl_code` varchar(15) COLLATE utf8_unicode_ci NOT NULL DEFAULT '',
  `name` varchar(60) COLLATE utf8_unicode_ci NOT NULL DEFAULT '',
  `inactive` tinyint(1) NOT NULL DEFAULT '0',
  PRIMARY KEY (`id`)
) ENGINE=InnoDB AUTO_INCREMENT=2 DEFAULT CHARSET=utf8 COLLATE=utf8_unicode_ci ;

### Data of table `0_tax_types` ###

INSERT INTO `0_tax_types` VALUES
('1', '0', '2013', '2014', 'Tax', '0');

### Structure of table `0_trans_tax_details` ###

DROP TABLE IF EXISTS `0_trans_tax_details`;

CREATE TABLE `0_trans_tax_details` (
  `id` int(11) NOT NULL AUTO_INCREMENT,
  `trans_type` smallint(6) DEFAULT NULL,
  `trans_no` int(11) DEFAULT NULL,
  `tran_date` date NOT NULL,
  `tax_type_id` int(11) NOT NULL DEFAULT '0',
  `rate` double NOT NULL DEFAULT '0',
  `ex_rate` double NOT NULL DEFAULT '1',
  `included_in_price` tinyint(1) NOT NULL DEFAULT '0',
  `net_amount` double NOT NULL DEFAULT '0',
  `amount` double NOT NULL DEFAULT '0',
  `memo` tinytext COLLATE utf8_unicode_ci,
  `reg_type` tinyint(1) DEFAULT NULL,
  PRIMARY KEY (`id`),
  KEY `Type_and_Number` (`trans_type`,`trans_no`),
  KEY `tran_date` (`tran_date`)
) ENGINE=InnoDB AUTO_INCREMENT=12 DEFAULT CHARSET=utf8 COLLATE=utf8_unicode_ci ;

### Data of table `0_trans_tax_details` ###

INSERT INTO `0_trans_tax_details` VALUES
('1', '20', '1', '2017-07-13', '0', '0', '1', '0', '356500', '0', '5012', '1'),
('2', '13', '1', '2017-07-13', '1', '19', '1', '1', '17344.54', '3295.46', 'DN001/2017', NULL),
('3', '10', '1', '2017-07-13', '1', '19', '1', '1', '17344.54', '3295.46', 'SI001/2017', '0'),
('4', '13', '2', '2017-07-15', '1', '19', '1', '1', '6487.39', '1232.6', 'auto', NULL),
('5', '10', '2', '2017-07-15', '1', '19', '1', '1', '6487.39', '1232.6', 'SI002/2017', '0'),
('6', '11', '1', '2017-07-15', '1', '19', '1', '1', '65310.92', '12409.07', 'CCN001/2017', '0'),
('7', '11', '2', '2017-07-15', '1', '19', '1', '1', '10773.11', '2046.89', 'CCN002/2017', '0'),
('8', '13', '3', '2017-07-15', '1', '19', '1', '1', '20.51', '3.9', 'DN002/2017', NULL),
('9', '10', '3', '2017-07-15', '1', '19', '1', '1', '19.58', '3.72', 'SI003/2017', '0'),
('10', '13', '4', '2017-07-15', '1', '19', '1', '1', '352.94', '67.06', 'DN003/2017', NULL),
('11', '10', '4', '2017-07-15', '1', '19', '1', '1', '352.94', '67.06', 'SI004/2017', '0');

### Structure of table `0_user_locations` ###

DROP TABLE IF EXISTS `0_user_locations`;

CREATE TABLE `0_user_locations` (
  `id` smallint(6) NOT NULL AUTO_INCREMENT,
  `loc_code` varchar(60) COLLATE utf8_unicode_ci NOT NULL DEFAULT '',
  `user_id` int(11) NOT NULL DEFAULT '1',
  `inactive` tinyint(1) NOT NULL DEFAULT '0',
  PRIMARY KEY (`id`)
) ENGINE=MyISAM AUTO_INCREMENT=9 DEFAULT CHARSET=utf8 COLLATE=utf8_unicode_ci ;

### Data of table `0_user_locations` ###

INSERT INTO `0_user_locations` VALUES
('1', 'DEF', '1', '0'),
('2', 'DEF', '2', '0'),
('3', 'DEF', '3', '0'),
('7', 'SMKT', '7', '0'),
('5', 'DEF', '6', '0'),
('6', 'DEF', '7', '0'),
('8', 'L001', '8', '0');

### Structure of table `0_useronline` ###

DROP TABLE IF EXISTS `0_useronline`;

CREATE TABLE `0_useronline` (
  `id` int(11) NOT NULL AUTO_INCREMENT,
  `timestamp` int(15) NOT NULL DEFAULT '0',
  `ip` varchar(40) COLLATE utf8_unicode_ci NOT NULL DEFAULT '',
  `file` varchar(100) COLLATE utf8_unicode_ci NOT NULL DEFAULT '',
  PRIMARY KEY (`id`),
  KEY `timestamp` (`timestamp`),
  KEY `ip` (`ip`)
) ENGINE=InnoDB DEFAULT CHARSET=utf8 COLLATE=utf8_unicode_ci ;

### Data of table `0_useronline` ###


### Structure of table `0_users` ###

DROP TABLE IF EXISTS `0_users`;

CREATE TABLE `0_users` (
  `id` smallint(6) NOT NULL AUTO_INCREMENT,
  `user_id` varchar(60) COLLATE utf8_unicode_ci NOT NULL DEFAULT '',
  `password` varchar(100) COLLATE utf8_unicode_ci NOT NULL DEFAULT '',
  `real_name` varchar(100) COLLATE utf8_unicode_ci NOT NULL DEFAULT '',
  `role_id` int(11) NOT NULL DEFAULT '1',
  `phone` varchar(30) COLLATE utf8_unicode_ci NOT NULL DEFAULT '',
  `email` varchar(100) COLLATE utf8_unicode_ci DEFAULT NULL,
  `language` varchar(20) COLLATE utf8_unicode_ci DEFAULT NULL,
  `date_format` tinyint(1) NOT NULL DEFAULT '0',
  `date_sep` tinyint(1) NOT NULL DEFAULT '0',
  `tho_sep` tinyint(1) NOT NULL DEFAULT '0',
  `dec_sep` tinyint(1) NOT NULL DEFAULT '0',
  `theme` varchar(20) COLLATE utf8_unicode_ci NOT NULL DEFAULT 'default',
  `page_size` varchar(20) COLLATE utf8_unicode_ci NOT NULL DEFAULT 'A4',
  `prices_dec` smallint(6) NOT NULL DEFAULT '2',
  `qty_dec` smallint(6) NOT NULL DEFAULT '2',
  `rates_dec` smallint(6) NOT NULL DEFAULT '4',
  `percent_dec` smallint(6) NOT NULL DEFAULT '1',
  `show_gl` tinyint(1) NOT NULL DEFAULT '1',
  `show_codes` tinyint(1) NOT NULL DEFAULT '0',
  `show_hints` tinyint(1) NOT NULL DEFAULT '0',
  `last_visit_date` datetime DEFAULT NULL,
  `query_size` tinyint(1) unsigned NOT NULL DEFAULT '10',
  `graphic_links` tinyint(1) DEFAULT '1',
  `pos` smallint(6) DEFAULT '1',
  `print_profile` varchar(30) COLLATE utf8_unicode_ci NOT NULL DEFAULT '',
  `rep_popup` tinyint(1) DEFAULT '1',
  `sticky_doc_date` tinyint(1) DEFAULT '0',
  `startup_tab` varchar(20) COLLATE utf8_unicode_ci NOT NULL DEFAULT '',
  `transaction_days` smallint(6) NOT NULL DEFAULT '30',
  `save_report_selections` smallint(6) NOT NULL DEFAULT '0',
  `use_date_picker` tinyint(1) NOT NULL DEFAULT '1',
  `def_print_destination` tinyint(1) NOT NULL DEFAULT '0',
  `def_print_orientation` tinyint(1) NOT NULL DEFAULT '0',
  `inactive` tinyint(1) NOT NULL DEFAULT '0',
  PRIMARY KEY (`id`),
  UNIQUE KEY `user_id` (`user_id`)
) ENGINE=InnoDB AUTO_INCREMENT=9 DEFAULT CHARSET=utf8 COLLATE=utf8_unicode_ci ;

### Data of table `0_users` ###

INSERT INTO `0_users` VALUES
('1', 'admin', 'e6a932cc8ec3516c62a37100f2ca9beb', 'Administrator', '2', '', NULL, 'C', '1', '2', '0', '0', 'premium', 'A4', '2', '2', '4', '1', '1', '0', '0', '2017-07-18 01:14:06', '10', '1', '1', '', '1', '0', 'dashboard', '30', '0', '1', '0', '0', '0'),
('7', 'omer', '81dc9bdb52d04dc20036dbd8313ed055', 'Omer', '2', '', NULL, 'C', '1', '2', '0', '0', 'premium', 'A4', '2', '2', '4', '1', '1', '0', '0', '2017-07-16 11:03:40', '10', '1', '1', '', '1', '0', 'dashboard', '30', '0', '1', '0', '0', '0'),
('8', 'ikram', '8a1276c25f5efe85f0fc4020fbf5b4f8', 'ikram jawaid', '9', '03077700878', NULL, 'C', '1', '2', '0', '0', 'premium', 'A4', '2', '2', '4', '1', '1', '0', '0', '2017-07-15 09:27:14', '10', '1', '1', '', '1', '0', 'dashboard', '30', '0', '1', '0', '0', '0');

### Structure of table `0_voided` ###

DROP TABLE IF EXISTS `0_voided`;

CREATE TABLE `0_voided` (
  `type` int(11) NOT NULL DEFAULT '0',
  `id` int(11) NOT NULL DEFAULT '0',
  `date_` date NOT NULL DEFAULT '0000-00-00',
  `memo_` tinytext COLLATE utf8_unicode_ci NOT NULL,
  UNIQUE KEY `id` (`type`,`id`)
) ENGINE=InnoDB DEFAULT CHARSET=utf8 COLLATE=utf8_unicode_ci ;

### Data of table `0_voided` ###


### Structure of table `0_widgets` ###

DROP TABLE IF EXISTS `0_widgets`;

CREATE TABLE `0_widgets` (
  `id` int(11) NOT NULL AUTO_INCREMENT,
  `user_id` smallint(6) NOT NULL,
  `column_id` int(11) NOT NULL,
  `sort_no` int(11) NOT NULL,
  `collapsed` tinyint(4) NOT NULL,
  `url` varchar(100) COLLATE utf8_bin NOT NULL,
  `title` varchar(100) COLLATE utf8_bin NOT NULL,
  `source` varchar(50) COLLATE utf8_bin NOT NULL,
  `width` varchar(50) COLLATE utf8_bin NOT NULL,
  `height` varchar(50) COLLATE utf8_bin NOT NULL,
  `is_system` tinyint(1) NOT NULL DEFAULT '0',
  `created_by` varchar(150) COLLATE utf8_bin NOT NULL,
  `dt_created` datetime NOT NULL,
  `updated_by` varchar(150) COLLATE utf8_bin DEFAULT NULL,
  `dt_updated` datetime DEFAULT NULL,
  PRIMARY KEY (`id`)
) ENGINE=InnoDB AUTO_INCREMENT=26 DEFAULT CHARSET=utf8 COLLATE=utf8_bin ;

### Data of table `0_widgets` ###

INSERT INTO `0_widgets` VALUES
('8', '3', '1', '0', '0', 'gl-in-fiscal-year.php', 'Profit and Loss', 'glfiscalyear', '100%', '370px', '1', '3', '2012-10-12 11:07:37', NULL, NULL),
('9', '3', '2', '0', '0', 'top-10-customer-in-fiscal-year.php', 'Top 10 customers in fiscal year', 'top10customerinfiscalyear', '100%', '630px', '1', '3', '2012-10-12 11:07:44', NULL, NULL),
('10', '2', '1', '0', '0', 'gl-in-fiscal-year.php', 'Profit and Loss', 'glfiscalyear', '100%', '370px', '1', '2', '2012-10-12 11:10:47', NULL, NULL),
('11', '2', '1', '1', '0', 'top-10-customer-in-fiscal-year.php', 'Top 10 customers in fiscal year', 'top10customerinfiscalyear', '100%', '630px', '1', '2', '2012-10-12 11:10:54', NULL, NULL),
('12', '2', '1', '2', '0', 'top-10-overdue-purchase-invoices.php', 'Top 10 Overdue Purchase Invoices', 'top10overduepurchaseinvoice', '100%', '300px', '1', '2', '2012-10-12 11:11:00', NULL, NULL),
('13', '2', '1', '3', '0', 'top-10-overdue-sales-invoices.php', 'Top 10 Overdue Sales Invoices', 'top10overduesalesinvoice', '100%', '300px', '1', '2', '2012-10-12 11:11:12', NULL, NULL),
('14', '2', '2', '1', '0', 'top-10-recent-sales-invoices.php', 'Top 10 Recent Sales Invoices', 'top10recentsalesinvoice', '100%', '300px', '1', '2', '2012-10-12 11:11:17', NULL, NULL),
('15', '2', '2', '3', '0', 'top-10-recent-sales-order.php', 'Top 10 Recent Sales Order', 'top10recentsalesorder', '100%', '300px', '1', '2', '2012-10-12 11:11:31', NULL, NULL),
('17', '2', '2', '0', '0', 'top-10-stock-in-fiscal-year.php', 'Top 10 Sold Items in fiscal year', 'top10iteminfiscalyear', '100%', '630px', '1', '2', '2012-10-12 11:11:37', NULL, NULL),
('18', '2', '2', '2', '0', 'top-10-supplier-in-fiscal-year.php', 'Top 10 suppliers in fiscal year', 'top10supplierinfiscalyear', '100%', '630px', '1', '2', '2012-10-12 11:11:45', NULL, NULL),
('19', '3', '1', '1', '0', 'top-10-overdue-purchase-invoices.php', 'Top 10 Overdue Purchase Invoices', 'top10overduepurchaseinvoice', '100%', '300px', '1', '3', '2012-10-12 11:15:30', NULL, NULL),
('21', '3', '2', '1', '0', 'top-10-overdue-sales-invoices.php', 'Top 10 Overdue Sales Invoices', 'top10overduesalesinvoice', '100%', '300px', '1', '3', '2012-10-12 11:15:48', NULL, NULL),
('22', '3', '1', '2', '0', 'top-10-recent-sales-invoices.php', 'Top 10 Recent Sales Invoices', 'top10recentsalesinvoice', '100%', '300px', '1', '3', '2012-10-12 11:15:56', NULL, NULL),
('23', '3', '1', '3', '0', 'top-10-recent-sales-order.php', 'Top 10 Recent Sales Order', 'top10recentsalesorder', '100%', '300px', '1', '3', '2012-10-12 11:16:03', NULL, NULL),
('24', '3', '2', '3', '0', 'top-10-stock-in-fiscal-year.php', 'Top 10 Sold Items in fiscal year', 'top10iteminfiscalyear', '100%', '630px', '1', '3', '2012-10-12 11:16:08', NULL, NULL),
('25', '3', '2', '2', '0', 'top-10-supplier-in-fiscal-year.php', 'Top 10 suppliers in fiscal year', 'top10supplierinfiscalyear', '100%', '630px', '1', '3', '2012-10-12 11:16:17', NULL, NULL);

### Structure of table `0_widgets_template` ###

DROP TABLE IF EXISTS `0_widgets_template`;

CREATE TABLE `0_widgets_template` (
  `id` int(11) NOT NULL AUTO_INCREMENT,
  `column_id` int(11) NOT NULL,
  `sort_no` int(11) NOT NULL,
  `collapsed` tinyint(4) NOT NULL,
  `url` varchar(100) NOT NULL,
  `title` varchar(100) NOT NULL,
  `source` varchar(50) NOT NULL,
  `width` varchar(50) NOT NULL,
  `height` varchar(50) NOT NULL,
  `is_system` tinyint(1) NOT NULL DEFAULT '0',
  `created_by` varchar(150) NOT NULL,
  `dt_created` datetime NOT NULL,
  `updated_by` varchar(150) DEFAULT NULL,
  `dt_updated` datetime DEFAULT NULL,
  PRIMARY KEY (`id`)
) ENGINE=InnoDB AUTO_INCREMENT=10 DEFAULT CHARSET=utf8 ;

### Data of table `0_widgets_template` ###

INSERT INTO `0_widgets_template` VALUES
('1', '2', '0', '0', 'top-10-customer-in-fiscal-year.php', 'Top 10 customers in fiscal year', 'top10customerinfiscalyear', '100%', '630px', '1', 'system', '2012-10-12 11:06:46', 'system', '2012-10-12 11:06:46'),
('2', '2', '0', '0', 'top-10-supplier-in-fiscal-year.php', 'Top 10 suppliers in fiscal year', 'top10supplierinfiscalyear', '100%', '630px', '1', 'system', '2012-10-12 11:06:46', 'system', '2012-10-12 11:06:46'),
('3', '2', '0', '0', 'top-10-stock-in-fiscal-year.php', 'Top 10 Sold Items in fiscal year', 'top10iteminfiscalyear', '100%', '630px', '1', 'system', '2012-10-12 11:06:46', 'system', '2012-10-12 11:06:46'),
('4', '2', '0', '0', 'top-10-dimension-in-fiscal-year.php', 'Top 10 Dimensions in fiscal year', 'top10dimensionfiscalyear', '100%', '370px', '1', 'system', '2012-10-12 11:06:46', 'system', '2012-10-12 11:06:46'),
('5', '2', '0', '0', 'top-10-overdue-sales-invoices.php', 'Top 10 Overdue Sales Invoices', 'top10overduesalesinvoice', '100%', '300px', '1', 'system', '2012-10-12 11:06:46', 'system', '2012-10-12 11:06:46'),
('6', '2', '0', '0', 'top-10-overdue-purchase-invoices.php', 'Top 10 Overdue Purchase Invoices', 'top10overduepurchaseinvoice', '100%', '300px', '1', 'system', '2012-10-12 11:06:46', 'system', '2012-10-12 11:06:46'),
('7', '2', '0', '0', 'gl-in-fiscal-year.php', 'Profit and Loss', 'glfiscalyear', '100%', '370px', '1', 'system', '2012-10-12 11:06:46', 'system', '2012-10-12 11:06:46'),
('8', '2', '0', '0', 'top-10-recent-sales-order.php', 'Top 10 Recent Sales Order', 'top10recentsalesorder', '100%', '300px', '1', 'system', '2012-10-12 11:06:46', 'system', '2012-10-12 11:06:46'),
('9', '2', '0', '0', 'top-10-recent-sales-invoices.php', 'Top 10 Recent Sales Invoices', 'top10recentsalesinvoice', '100%', '300px', '1', 'system', '2012-10-12 11:06:46', 'system', '2012-10-12 11:06:46');

### Structure of table `0_wo_costing` ###

DROP TABLE IF EXISTS `0_wo_costing`;

CREATE TABLE `0_wo_costing` (
  `id` int(11) NOT NULL AUTO_INCREMENT,
  `workorder_id` int(11) NOT NULL DEFAULT '0',
  `cost_type` tinyint(1) NOT NULL DEFAULT '0',
  `trans_type` int(11) NOT NULL DEFAULT '0',
  `trans_no` int(11) NOT NULL DEFAULT '0',
  `factor` double NOT NULL DEFAULT '1',
  PRIMARY KEY (`id`)
) ENGINE=InnoDB DEFAULT CHARSET=utf8 COLLATE=utf8_unicode_ci ;

### Data of table `0_wo_costing` ###


### Structure of table `0_wo_issue_items` ###

DROP TABLE IF EXISTS `0_wo_issue_items`;

CREATE TABLE `0_wo_issue_items` (
  `id` int(11) NOT NULL AUTO_INCREMENT,
  `stock_id` varchar(40) COLLATE utf8_unicode_ci DEFAULT NULL,
  `issue_id` int(11) DEFAULT NULL,
  `qty_issued` double DEFAULT NULL,
  `unit_cost` double NOT NULL DEFAULT '0',
  PRIMARY KEY (`id`)
) ENGINE=InnoDB DEFAULT CHARSET=utf8 COLLATE=utf8_unicode_ci ;

### Data of table `0_wo_issue_items` ###


### Structure of table `0_wo_issues` ###

DROP TABLE IF EXISTS `0_wo_issues`;

CREATE TABLE `0_wo_issues` (
  `issue_no` int(11) NOT NULL AUTO_INCREMENT,
  `workorder_id` int(11) NOT NULL DEFAULT '0',
  `reference` varchar(100) COLLATE utf8_unicode_ci DEFAULT NULL,
  `issue_date` date DEFAULT NULL,
  `loc_code` varchar(5) COLLATE utf8_unicode_ci DEFAULT NULL,
  `workcentre_id` int(11) DEFAULT NULL,
  PRIMARY KEY (`issue_no`),
  KEY `workorder_id` (`workorder_id`)
) ENGINE=InnoDB DEFAULT CHARSET=utf8 COLLATE=utf8_unicode_ci ;

### Data of table `0_wo_issues` ###


### Structure of table `0_wo_manufacture` ###

DROP TABLE IF EXISTS `0_wo_manufacture`;

CREATE TABLE `0_wo_manufacture` (
  `id` int(11) NOT NULL AUTO_INCREMENT,
  `reference` varchar(100) COLLATE utf8_unicode_ci DEFAULT NULL,
  `workorder_id` int(11) NOT NULL DEFAULT '0',
  `quantity` double NOT NULL DEFAULT '0',
  `date_` date NOT NULL DEFAULT '0000-00-00',
  PRIMARY KEY (`id`),
  KEY `workorder_id` (`workorder_id`)
) ENGINE=InnoDB DEFAULT CHARSET=utf8 COLLATE=utf8_unicode_ci ;

### Data of table `0_wo_manufacture` ###


### Structure of table `0_wo_requirements` ###

DROP TABLE IF EXISTS `0_wo_requirements`;

CREATE TABLE `0_wo_requirements` (
  `id` int(11) NOT NULL AUTO_INCREMENT,
  `workorder_id` int(11) NOT NULL DEFAULT '0',
  `stock_id` char(20) COLLATE utf8_unicode_ci NOT NULL DEFAULT '',
  `workcentre` int(11) NOT NULL DEFAULT '0',
  `units_req` double NOT NULL DEFAULT '1',
  `unit_cost` double NOT NULL DEFAULT '0',
  `loc_code` char(5) COLLATE utf8_unicode_ci NOT NULL DEFAULT '',
  `units_issued` double NOT NULL DEFAULT '0',
  PRIMARY KEY (`id`),
  KEY `workorder_id` (`workorder_id`)
) ENGINE=InnoDB DEFAULT CHARSET=utf8 COLLATE=utf8_unicode_ci ;

### Data of table `0_wo_requirements` ###


### Structure of table `0_workcentres` ###

DROP TABLE IF EXISTS `0_workcentres`;

CREATE TABLE `0_workcentres` (
  `id` int(11) NOT NULL AUTO_INCREMENT,
  `name` char(40) COLLATE utf8_unicode_ci NOT NULL DEFAULT '',
  `description` char(50) COLLATE utf8_unicode_ci NOT NULL DEFAULT '',
  `inactive` tinyint(1) NOT NULL DEFAULT '0',
  PRIMARY KEY (`id`),
  UNIQUE KEY `name` (`name`)
) ENGINE=InnoDB AUTO_INCREMENT=2 DEFAULT CHARSET=utf8 COLLATE=utf8_unicode_ci ;

### Data of table `0_workcentres` ###

INSERT INTO `0_workcentres` VALUES
('1', 'Work Centre', '', '0');

### Structure of table `0_workorders` ###

DROP TABLE IF EXISTS `0_workorders`;

CREATE TABLE `0_workorders` (
  `id` int(11) NOT NULL AUTO_INCREMENT,
  `wo_ref` varchar(60) COLLATE utf8_unicode_ci NOT NULL DEFAULT '',
  `loc_code` varchar(5) COLLATE utf8_unicode_ci NOT NULL DEFAULT '',
  `units_reqd` double NOT NULL DEFAULT '1',
  `stock_id` varchar(20) COLLATE utf8_unicode_ci NOT NULL DEFAULT '',
  `date_` date NOT NULL DEFAULT '0000-00-00',
  `type` tinyint(4) NOT NULL DEFAULT '0',
  `required_by` date NOT NULL DEFAULT '0000-00-00',
  `released_date` date NOT NULL DEFAULT '0000-00-00',
  `units_issued` double NOT NULL DEFAULT '0',
  `closed` tinyint(1) NOT NULL DEFAULT '0',
  `released` tinyint(1) NOT NULL DEFAULT '0',
  `additional_costs` double NOT NULL DEFAULT '0',
  PRIMARY KEY (`id`),
  UNIQUE KEY `wo_ref` (`wo_ref`)
) ENGINE=InnoDB DEFAULT CHARSET=utf8 COLLATE=utf8_unicode_ci ;

### Data of table `0_workorders` ###


### Structure of table `0_wth_tax_types` ###

DROP TABLE IF EXISTS `0_wth_tax_types`;

CREATE TABLE `0_wth_tax_types` (
  `id` smallint(6) unsigned NOT NULL AUTO_INCREMENT,
  `description` varchar(60) COLLATE utf8_unicode_ci NOT NULL DEFAULT '',
  `tax_percent` double NOT NULL DEFAULT '0',
  `code` varchar(15) COLLATE utf8_unicode_ci NOT NULL,
  `co_account` varchar(15) COLLATE utf8_unicode_ci NOT NULL,
  `level_id` int(11) NOT NULL DEFAULT '0',
  `wth_tax_category` int(11) NOT NULL,
  PRIMARY KEY (`id`),
  UNIQUE KEY `description` (`description`,`level_id`)
) ENGINE=MyISAM AUTO_INCREMENT=18 DEFAULT CHARSET=utf8 COLLATE=utf8_unicode_ci ;

### Data of table `0_wth_tax_types` ###

INSERT INTO `0_wth_tax_types` VALUES
('1', 'WHT Service', '0', 'wht_service', '1208', '0', '0'),
('2', 'WHT Supply of goods', '0', 'wht_supply', '1210', '0', '0'),
('3', 'WHT SRB Sales Tax', '0', 'wht_srb', '1209', '0', '0'),
('4', 'WHT Sales Tax FBR', '0', 'wht_fbr', '1207', '0', '0'),
('6', 'Filer Company', '4', '', '1210', '2', '3'),
('7', 'Nonfiler Company', '6', '', '1210', '2', '1'),
('8', 'Filer Other', '4.5', '', '1210', '2', '1'),
('9', 'Nonfile Other', '6.5', '', '1210', '2', '1'),
('10', 'Filer Company', '8', '', '1208', '1', '2'),
('11', 'Nonfiler Company', '12', '', '1208', '1', '2'),
('12', 'Filer Other', '10', '', '1208', '1', '2'),
('13', 'Nonfiler Other', '15', '', '1208', '1', '2'),
('14', 'SRB 1', '14', '', '1209', '3', '4'),
('15', 'SRB 2', '20', '', '1209', '3', '4'),
('16', 'FBR 1', '1', '', '1206', '4', '3'),
('17', 'FBR 2', '20', '', '1206', '4', '3');