# MySQL dump of database 'my_hoc' on host 'localhost'
# Backup Date and Time: 2017-08-21 23:17
# Built by SmartBiz 2.4.RC1
# http://smartbiz.cloud
# Company: HOC
# User: Omer

# Compatibility: 2.4.1


SET NAMES latin1;


### Structure of table `0_amortisation` ###

DROP TABLE IF EXISTS `0_amortisation`;

CREATE TABLE `0_amortisation` (
  `amortisation_id` bigint(20) unsigned NOT NULL AUTO_INCREMENT,
  `asset_id` int(11) DEFAULT NULL,
  `amortisation_year` int(11) DEFAULT NULL,
  `asset_value` double DEFAULT NULL,
  `amount` double DEFAULT NULL,
  `posted` int(11) NOT NULL DEFAULT '0',
  `inactive` tinyint(4) NOT NULL DEFAULT '0',
  `details` text,
  PRIMARY KEY (`amortisation_id`),
  UNIQUE KEY `amortisation_id` (`amortisation_id`),
  KEY `0_amortisation_asset_id` (`asset_id`)
) ENGINE=InnoDB DEFAULT CHARSET=latin1 ;

### Data of table `0_amortisation` ###


### Structure of table `0_areas` ###

DROP TABLE IF EXISTS `0_areas`;

CREATE TABLE `0_areas` (
  `area_code` int(11) NOT NULL AUTO_INCREMENT,
  `description` varchar(60) COLLATE utf8_unicode_ci NOT NULL DEFAULT '',
  `inactive` tinyint(1) NOT NULL DEFAULT '0',
  PRIMARY KEY (`area_code`),
  UNIQUE KEY `description` (`description`)
) ENGINE=InnoDB AUTO_INCREMENT=3 DEFAULT CHARSET=utf8 COLLATE=utf8_unicode_ci ;

### Data of table `0_areas` ###

INSERT INTO `0_areas` VALUES
('1', 'Global', '0'),
('2', 'Multan', '0');

### Structure of table `0_asset_types` ###

DROP TABLE IF EXISTS `0_asset_types`;

CREATE TABLE `0_asset_types` (
  `asset_type_id` bigint(20) unsigned NOT NULL AUTO_INCREMENT,
  `asset_type_name` varchar(50) NOT NULL,
  `depreciation_type` int(11) NOT NULL DEFAULT '1',
  `depreciation_rate` double NOT NULL DEFAULT '10',
  `asset_account` varchar(15) DEFAULT NULL,
  `depreciation_account` varchar(15) DEFAULT NULL,
  `accumulated_account` varchar(15) DEFAULT NULL,
  `valuation_account` varchar(15) DEFAULT NULL,
  `disposal_account` varchar(15) DEFAULT NULL,
  `inactive` tinyint(4) NOT NULL DEFAULT '0',
  `details` text,
  PRIMARY KEY (`asset_type_id`),
  UNIQUE KEY `asset_type_id` (`asset_type_id`)
) ENGINE=InnoDB DEFAULT CHARSET=latin1 ;

### Data of table `0_asset_types` ###


### Structure of table `0_asset_valuations` ###

DROP TABLE IF EXISTS `0_asset_valuations`;

CREATE TABLE `0_asset_valuations` (
  `asset_valuation_id` bigint(20) unsigned NOT NULL AUTO_INCREMENT,
  `asset_id` int(11) DEFAULT NULL,
  `valuation_year` int(11) DEFAULT NULL,
  `asset_value` double NOT NULL DEFAULT '0',
  `value_change` double NOT NULL DEFAULT '0',
  `posted` int(11) NOT NULL DEFAULT '0',
  `inactive` tinyint(4) NOT NULL DEFAULT '0',
  `details` text,
  PRIMARY KEY (`asset_valuation_id`),
  UNIQUE KEY `asset_valuation_id` (`asset_valuation_id`),
  UNIQUE KEY `asset_id` (`asset_id`,`valuation_year`),
  KEY `0_asset_valuations_asset_id` (`asset_id`)
) ENGINE=InnoDB DEFAULT CHARSET=latin1 ;

### Data of table `0_asset_valuations` ###


### Structure of table `0_assets` ###

DROP TABLE IF EXISTS `0_assets`;

CREATE TABLE `0_assets` (
  `asset_id` bigint(20) unsigned NOT NULL AUTO_INCREMENT,
  `asset_type_id` int(11) DEFAULT NULL,
  `item_id` int(11) DEFAULT NULL,
  `asset_name` varchar(50) DEFAULT NULL,
  `asset_serial` varchar(50) DEFAULT NULL,
  `purchase_date` date NOT NULL,
  `purchase_value` double NOT NULL,
  `disposal_amount` double DEFAULT NULL,
  `disposal_date` date DEFAULT NULL,
  `disposal_posting` int(11) DEFAULT '0',
  `tag_number` varchar(50) DEFAULT NULL,
  `asset_location` varchar(50) DEFAULT NULL,
  `asset_condition` varchar(50) DEFAULT NULL,
  `asset_acquisition` varchar(50) DEFAULT NULL,
  `inactive` tinyint(4) NOT NULL DEFAULT '0',
  `details` text,
  PRIMARY KEY (`asset_id`),
  UNIQUE KEY `asset_id` (`asset_id`),
  KEY `0_assets_asset_type_id` (`asset_type_id`),
  KEY `0_assets_item_id` (`item_id`)
) ENGINE=InnoDB DEFAULT CHARSET=latin1 ;

### Data of table `0_assets` ###


### Structure of table `0_attachments` ###

DROP TABLE IF EXISTS `0_attachments`;

CREATE TABLE `0_attachments` (
  `id` int(11) unsigned NOT NULL AUTO_INCREMENT,
  `description` varchar(60) COLLATE utf8_unicode_ci NOT NULL DEFAULT '',
  `type_no` int(11) NOT NULL DEFAULT '0',
  `trans_no` int(11) NOT NULL DEFAULT '0',
  `unique_name` varchar(60) COLLATE utf8_unicode_ci NOT NULL DEFAULT '',
  `tran_date` date NOT NULL DEFAULT '0000-00-00',
  `filename` varchar(60) COLLATE utf8_unicode_ci NOT NULL DEFAULT '',
  `filesize` int(11) NOT NULL DEFAULT '0',
  `filetype` varchar(60) COLLATE utf8_unicode_ci NOT NULL DEFAULT '',
  PRIMARY KEY (`id`),
  KEY `type_no` (`type_no`,`trans_no`)
) ENGINE=InnoDB DEFAULT CHARSET=utf8 COLLATE=utf8_unicode_ci ;

### Data of table `0_attachments` ###


### Structure of table `0_audit_trail` ###

DROP TABLE IF EXISTS `0_audit_trail`;

CREATE TABLE `0_audit_trail` (
  `id` int(11) NOT NULL AUTO_INCREMENT,
  `type` smallint(6) unsigned NOT NULL DEFAULT '0',
  `trans_no` int(11) unsigned NOT NULL DEFAULT '0',
  `user` smallint(6) unsigned NOT NULL DEFAULT '0',
  `stamp` timestamp NOT NULL DEFAULT CURRENT_TIMESTAMP ON UPDATE CURRENT_TIMESTAMP,
  `description` varchar(60) COLLATE utf8_unicode_ci DEFAULT NULL,
  `fiscal_year` int(11) NOT NULL DEFAULT '0',
  `gl_date` date NOT NULL DEFAULT '0000-00-00',
  `gl_seq` int(11) unsigned DEFAULT NULL,
  PRIMARY KEY (`id`),
  KEY `Seq` (`fiscal_year`,`gl_date`,`gl_seq`),
  KEY `Type_and_Number` (`type`,`trans_no`)
) ENGINE=InnoDB AUTO_INCREMENT=571 DEFAULT CHARSET=utf8 COLLATE=utf8_unicode_ci ;

### Data of table `0_audit_trail` ###

INSERT INTO `0_audit_trail` VALUES
('1', '18', '1', '11', '2017-08-18 04:36:44', NULL, '3', '2017-08-16', '0'),
('2', '25', '1', '11', '2017-08-18 04:36:44', NULL, '3', '2017-08-16', '0'),
('3', '20', '1', '11', '2017-08-18 04:36:44', NULL, '3', '2017-08-16', '0'),
('4', '18', '2', '11', '2017-08-18 04:39:43', NULL, '3', '2017-08-16', '0'),
('5', '25', '2', '11', '2017-08-18 04:39:43', NULL, '3', '2017-08-16', '0'),
('6', '20', '2', '11', '2017-08-18 04:39:43', NULL, '3', '2017-08-16', '0'),
('7', '18', '3', '11', '2017-08-18 04:40:35', NULL, '3', '2017-08-16', '0'),
('8', '25', '3', '11', '2017-08-18 04:40:35', NULL, '3', '2017-08-16', '0'),
('9', '20', '3', '11', '2017-08-18 04:40:35', NULL, '3', '2017-08-16', '0'),
('10', '18', '4', '11', '2017-08-18 04:41:30', NULL, '3', '2017-08-16', '0'),
('11', '25', '4', '11', '2017-08-18 04:41:30', NULL, '3', '2017-08-16', '0'),
('12', '20', '4', '11', '2017-08-18 04:41:30', NULL, '3', '2017-08-16', '0'),
('13', '16', '1', '11', '2017-08-18 04:43:20', NULL, '3', '2017-08-16', '0'),
('14', '16', '2', '11', '2017-08-18 04:44:17', NULL, '3', '2017-08-16', '0'),
('15', '16', '3', '11', '2017-08-18 04:46:07', NULL, '3', '2017-08-16', '0'),
('16', '30', '1', '11', '2017-08-18 04:48:08', NULL, '3', '2017-08-16', '0'),
('17', '13', '1', '11', '2017-08-18 05:04:25', NULL, '3', '2017-08-16', NULL),
('18', '10', '1', '11', '2017-08-18 05:04:25', NULL, '3', '2017-08-16', NULL),
('19', '30', '2', '11', '2017-08-18 04:48:58', NULL, '3', '2017-08-16', '0'),
('20', '13', '2', '11', '2017-08-18 04:48:58', NULL, '3', '2017-08-16', '0'),
('21', '10', '2', '11', '2017-08-18 04:48:58', NULL, '3', '2017-08-16', '0'),
('22', '30', '3', '11', '2017-08-18 04:50:39', NULL, '3', '2017-08-16', '0'),
('23', '13', '3', '11', '2017-08-18 04:50:39', NULL, '3', '2017-08-16', '0'),
('24', '10', '3', '11', '2017-08-18 04:50:39', NULL, '3', '2017-08-16', '0'),
('25', '13', '1', '11', '2017-08-18 05:04:25', 'Voided.', '3', '2017-08-18', '0'),
('26', '10', '1', '11', '2017-08-18 05:04:25', 'Voided.\n', '3', '2017-08-18', '0'),
('27', '30', '4', '11', '2017-08-18 05:05:39', NULL, '3', '2017-08-16', '0'),
('28', '13', '4', '11', '2017-08-18 05:05:39', NULL, '3', '2017-08-16', '0'),
('29', '10', '4', '11', '2017-08-18 05:05:39', NULL, '3', '2017-08-16', '0'),
('30', '30', '5', '11', '2017-08-18 05:06:28', NULL, '3', '2017-08-16', '0'),
('31', '13', '5', '11', '2017-08-18 05:06:28', NULL, '3', '2017-08-16', '0'),
('32', '10', '5', '11', '2017-08-18 05:06:29', NULL, '3', '2017-08-16', '0'),
('33', '30', '6', '11', '2017-08-18 05:07:50', NULL, '3', '2017-08-16', '0'),
('34', '13', '6', '11', '2017-08-18 05:07:50', NULL, '3', '2017-08-16', '0'),
('35', '10', '6', '11', '2017-08-18 05:07:50', NULL, '3', '2017-08-16', '0'),
('36', '42', '1', '11', '2017-08-18 05:09:51', NULL, '3', '2017-08-16', NULL),
('37', '42', '1', '11', '2017-08-18 05:09:51', NULL, '3', '2017-08-16', '0'),
('38', '42', '2', '11', '2017-08-18 05:10:48', NULL, '3', '2017-08-16', NULL),
('39', '42', '2', '11', '2017-08-18 05:10:48', NULL, '3', '2017-08-16', '0'),
('40', '42', '3', '11', '2017-08-18 05:11:43', NULL, '3', '2017-08-16', NULL),
('41', '42', '3', '11', '2017-08-18 05:11:43', NULL, '3', '2017-08-16', '0'),
('42', '42', '4', '11', '2017-08-18 05:13:32', NULL, '3', '2017-08-16', NULL),
('43', '42', '4', '11', '2017-08-18 05:13:32', NULL, '3', '2017-08-16', '0'),
('44', '42', '5', '11', '2017-08-18 05:29:30', NULL, '3', '2017-08-16', NULL),
('45', '42', '5', '11', '2017-08-18 05:29:30', NULL, '3', '2017-08-16', '0'),
('46', '42', '6', '11', '2017-08-18 05:30:35', NULL, '3', '2017-08-16', NULL),
('47', '42', '6', '11', '2017-08-18 05:30:35', NULL, '3', '2017-08-16', '0'),
('48', '42', '7', '11', '2017-08-18 05:31:03', NULL, '3', '2017-08-16', NULL),
('49', '42', '7', '11', '2017-08-18 05:31:03', NULL, '3', '2017-08-16', '0'),
('50', '42', '8', '11', '2017-08-18 05:31:30', NULL, '3', '2017-08-16', NULL),
('51', '42', '8', '11', '2017-08-18 05:31:30', NULL, '3', '2017-08-16', '0'),
('52', '42', '9', '11', '2017-08-18 05:31:59', NULL, '3', '2017-08-16', NULL),
('53', '42', '9', '11', '2017-08-18 05:31:59', NULL, '3', '2017-08-16', '0'),
('54', '42', '10', '11', '2017-08-18 05:32:31', NULL, '3', '2017-08-16', NULL),
('55', '42', '10', '11', '2017-08-18 05:32:31', NULL, '3', '2017-08-16', '0'),
('56', '42', '11', '11', '2017-08-18 05:33:04', NULL, '3', '2017-08-16', NULL),
('57', '42', '11', '11', '2017-08-18 05:33:04', NULL, '3', '2017-08-16', '0'),
('58', '42', '12', '11', '2017-08-18 05:33:37', NULL, '3', '2017-08-16', NULL),
('59', '42', '12', '11', '2017-08-18 05:33:37', NULL, '3', '2017-08-16', '0'),
('60', '42', '13', '11', '2017-08-18 05:34:09', NULL, '3', '2017-08-16', NULL),
('61', '42', '13', '11', '2017-08-18 05:34:09', NULL, '3', '2017-08-16', '0'),
('62', '42', '14', '11', '2017-08-18 05:34:45', NULL, '3', '2017-08-16', NULL),
('63', '42', '14', '11', '2017-08-18 05:34:45', NULL, '3', '2017-08-16', '0'),
('64', '41', '1', '11', '2017-08-18 05:35:29', NULL, '3', '2017-08-16', NULL),
('65', '41', '1', '11', '2017-08-18 05:35:29', NULL, '3', '2017-08-16', '0'),
('66', '41', '2', '11', '2017-08-18 05:36:07', NULL, '3', '2017-08-16', NULL),
('67', '41', '2', '11', '2017-08-18 05:36:07', NULL, '3', '2017-08-16', '0'),
('68', '41', '3', '11', '2017-08-18 05:36:32', NULL, '3', '2017-08-16', NULL),
('69', '41', '3', '11', '2017-08-18 05:36:32', NULL, '3', '2017-08-16', '0'),
('70', '41', '4', '11', '2017-08-18 05:36:59', NULL, '3', '2017-08-16', NULL),
('71', '41', '4', '11', '2017-08-18 05:44:08', NULL, '3', '2017-08-16', NULL),
('72', '41', '5', '11', '2017-08-18 05:37:38', NULL, '3', '2017-08-16', NULL),
('73', '41', '5', '11', '2017-08-18 05:37:38', NULL, '3', '2017-08-16', '0'),
('74', '41', '6', '11', '2017-08-18 05:38:25', NULL, '3', '2017-08-16', NULL),
('75', '41', '6', '11', '2017-08-18 05:38:25', NULL, '3', '2017-08-16', '0'),
('76', '41', '7', '11', '2017-08-18 05:39:50', NULL, '3', '2017-08-16', NULL),
('77', '41', '7', '11', '2017-08-18 05:39:50', NULL, '3', '2017-08-16', '0'),
('78', '41', '8', '11', '2017-08-18 09:52:08', NULL, '3', '2017-08-16', NULL),
('79', '41', '9', '11', '2017-08-18 05:44:08', NULL, '3', '2017-08-16', NULL),
('80', '41', '9', '11', '2017-08-18 05:44:08', NULL, '3', '2017-08-16', '0'),
('81', '41', '4', '11', '2017-08-18 05:44:08', 'Voided.\nDocument reentered.', '3', '2017-08-18', '0'),
('82', '30', '7', '11', '2017-08-18 06:06:39', NULL, '3', '2017-08-15', '0'),
('83', '13', '7', '11', '2017-08-18 06:06:39', NULL, '3', '2017-08-15', '0'),
('84', '10', '7', '11', '2017-08-18 06:06:39', NULL, '3', '2017-08-15', '0'),
('85', '30', '8', '11', '2017-08-18 06:07:34', NULL, '3', '2017-08-15', '0'),
('86', '13', '8', '11', '2017-08-18 06:07:34', NULL, '3', '2017-08-15', '0'),
('87', '10', '8', '11', '2017-08-18 06:07:34', NULL, '3', '2017-08-15', '0'),
('88', '30', '9', '11', '2017-08-18 06:08:15', NULL, '3', '2017-08-15', '0'),
('89', '13', '9', '11', '2017-08-18 06:08:15', NULL, '3', '2017-08-15', '0'),
('90', '10', '9', '11', '2017-08-18 06:08:15', NULL, '3', '2017-08-15', '0'),
('91', '30', '10', '11', '2017-08-18 06:08:52', NULL, '3', '2017-08-15', '0'),
('92', '13', '10', '11', '2017-08-18 06:08:52', NULL, '3', '2017-08-15', '0'),
('93', '10', '10', '11', '2017-08-18 06:08:52', NULL, '3', '2017-08-15', '0'),
('94', '30', '11', '11', '2017-08-18 06:09:35', NULL, '3', '2017-08-15', '0'),
('95', '13', '11', '11', '2017-08-18 06:09:35', NULL, '3', '2017-08-15', '0'),
('96', '10', '11', '11', '2017-08-18 06:09:35', NULL, '3', '2017-08-15', '0'),
('97', '30', '12', '11', '2017-08-18 06:10:18', NULL, '3', '2017-08-15', '0'),
('98', '13', '12', '11', '2017-08-18 06:10:18', NULL, '3', '2017-08-15', '0'),
('99', '10', '12', '11', '2017-08-18 06:10:18', NULL, '3', '2017-08-15', '0'),
('100', '30', '13', '11', '2017-08-18 06:11:16', NULL, '3', '2017-08-15', '0'),
('101', '13', '13', '11', '2017-08-18 06:11:16', NULL, '3', '2017-08-15', '0'),
('102', '10', '13', '11', '2017-08-18 06:11:16', NULL, '3', '2017-08-15', '0'),
('103', '30', '14', '11', '2017-08-18 06:11:39', NULL, '3', '2017-08-15', '0'),
('104', '13', '14', '11', '2017-08-18 06:11:39', NULL, '3', '2017-08-15', '0'),
('105', '10', '14', '11', '2017-08-18 06:11:39', NULL, '3', '2017-08-15', '0'),
('106', '30', '15', '11', '2017-08-18 06:12:17', NULL, '3', '2017-08-15', '0'),
('107', '13', '15', '11', '2017-08-18 06:12:17', NULL, '3', '2017-08-15', '0'),
('108', '10', '15', '11', '2017-08-18 06:12:17', NULL, '3', '2017-08-15', '0'),
('109', '30', '16', '11', '2017-08-18 06:12:53', NULL, '3', '2017-08-15', '0'),
('110', '13', '16', '11', '2017-08-18 06:12:53', NULL, '3', '2017-08-15', '0'),
('111', '10', '16', '11', '2017-08-18 06:12:53', NULL, '3', '2017-08-15', '0'),
('112', '30', '17', '11', '2017-08-18 06:14:34', NULL, '3', '2017-08-15', '0'),
('113', '13', '17', '11', '2017-08-18 06:14:34', NULL, '3', '2017-08-15', '0'),
('114', '10', '17', '11', '2017-08-18 06:14:34', NULL, '3', '2017-08-15', '0'),
('115', '30', '18', '11', '2017-08-18 06:15:32', NULL, '3', '2017-08-15', '0'),
('116', '13', '18', '11', '2017-08-18 06:15:32', NULL, '3', '2017-08-15', '0'),
('117', '10', '18', '11', '2017-08-18 06:15:32', NULL, '3', '2017-08-15', '0'),
('118', '30', '19', '11', '2017-08-18 06:16:25', NULL, '3', '2017-08-15', '0'),
('119', '13', '19', '11', '2017-08-18 06:16:25', NULL, '3', '2017-08-15', '0'),
('120', '10', '19', '11', '2017-08-18 06:16:25', NULL, '3', '2017-08-15', '0'),
('121', '30', '20', '11', '2017-08-18 06:16:58', NULL, '3', '2017-08-15', '0'),
('122', '13', '20', '11', '2017-08-18 06:16:58', NULL, '3', '2017-08-15', '0'),
('123', '10', '20', '11', '2017-08-18 06:16:58', NULL, '3', '2017-08-15', '0'),
('124', '30', '21', '11', '2017-08-18 06:17:33', NULL, '3', '2017-08-15', '0'),
('125', '13', '21', '11', '2017-08-18 06:17:33', NULL, '3', '2017-08-15', '0'),
('126', '10', '21', '11', '2017-08-18 06:17:33', NULL, '3', '2017-08-15', '0'),
('127', '30', '22', '11', '2017-08-18 06:18:11', NULL, '3', '2017-08-15', '0'),
('128', '13', '22', '11', '2017-08-18 06:18:11', NULL, '3', '2017-08-15', '0'),
('129', '10', '22', '11', '2017-08-18 06:18:11', NULL, '3', '2017-08-15', '0'),
('130', '30', '23', '11', '2017-08-18 06:18:51', NULL, '3', '2017-08-15', '0'),
('131', '13', '23', '11', '2017-08-18 06:18:52', NULL, '3', '2017-08-15', '0'),
('132', '10', '23', '11', '2017-08-18 06:18:52', NULL, '3', '2017-08-15', '0'),
('133', '30', '24', '11', '2017-08-18 06:19:37', NULL, '3', '2017-08-15', '0'),
('134', '13', '24', '11', '2017-08-18 06:19:37', NULL, '3', '2017-08-15', '0'),
('135', '10', '24', '11', '2017-08-18 06:19:37', NULL, '3', '2017-08-15', '0'),
('136', '30', '25', '11', '2017-08-18 06:20:17', NULL, '3', '2017-08-15', '0'),
('137', '13', '25', '11', '2017-08-18 06:20:17', NULL, '3', '2017-08-15', '0'),
('138', '10', '25', '11', '2017-08-18 06:20:17', NULL, '3', '2017-08-15', '0'),
('139', '30', '26', '11', '2017-08-18 06:21:58', NULL, '3', '2017-08-15', '0'),
('140', '13', '26', '11', '2017-08-18 06:21:59', NULL, '3', '2017-08-15', '0'),
('141', '10', '26', '11', '2017-08-18 06:21:59', NULL, '3', '2017-08-15', '0'),
('142', '30', '27', '11', '2017-08-18 06:23:20', NULL, '3', '2017-08-15', '0'),
('143', '13', '27', '11', '2017-08-18 06:23:21', NULL, '3', '2017-08-15', '0'),
('144', '10', '27', '11', '2017-08-18 06:23:21', NULL, '3', '2017-08-15', '0'),
('145', '30', '28', '11', '2017-08-18 06:23:58', NULL, '3', '2017-08-15', '0'),
('146', '13', '28', '11', '2017-08-18 06:23:58', NULL, '3', '2017-08-15', '0'),
('147', '10', '28', '11', '2017-08-18 06:23:58', NULL, '3', '2017-08-15', '0'),
('148', '30', '29', '11', '2017-08-18 06:24:37', NULL, '3', '2017-08-15', '0'),
('149', '13', '29', '11', '2017-08-18 06:24:37', NULL, '3', '2017-08-15', '0'),
('150', '10', '29', '11', '2017-08-18 06:24:37', NULL, '3', '2017-08-15', '0'),
('151', '30', '30', '11', '2017-08-18 06:25:14', NULL, '3', '2017-08-15', '0'),
('152', '13', '30', '11', '2017-08-18 06:25:14', NULL, '3', '2017-08-15', '0'),
('153', '10', '30', '11', '2017-08-18 06:25:14', NULL, '3', '2017-08-15', '0'),
('154', '30', '31', '11', '2017-08-18 06:26:22', NULL, '3', '2017-08-15', '0'),
('155', '13', '31', '11', '2017-08-18 06:26:22', NULL, '3', '2017-08-15', '0'),
('156', '10', '31', '11', '2017-08-18 06:26:22', NULL, '3', '2017-08-15', '0'),
('157', '30', '32', '11', '2017-08-18 06:27:00', NULL, '3', '2017-08-15', '0'),
('158', '13', '32', '11', '2017-08-18 06:27:00', NULL, '3', '2017-08-15', '0'),
('159', '10', '32', '11', '2017-08-18 06:27:01', NULL, '3', '2017-08-15', '0'),
('160', '30', '33', '11', '2017-08-18 06:29:02', NULL, '3', '2017-08-15', '0'),
('161', '13', '33', '11', '2017-08-18 06:29:02', NULL, '3', '2017-08-15', '0'),
('162', '10', '33', '11', '2017-08-18 06:29:02', NULL, '3', '2017-08-15', '0'),
('163', '30', '34', '11', '2017-08-18 06:30:16', NULL, '3', '2017-08-15', '0'),
('164', '13', '34', '11', '2017-08-18 06:30:16', NULL, '3', '2017-08-15', '0'),
('165', '10', '34', '11', '2017-08-18 06:30:16', NULL, '3', '2017-08-15', '0'),
('166', '30', '35', '11', '2017-08-18 06:32:08', NULL, '3', '2017-08-15', '0'),
('167', '13', '35', '11', '2017-08-18 06:32:08', NULL, '3', '2017-08-15', '0'),
('168', '10', '35', '11', '2017-08-18 06:32:08', NULL, '3', '2017-08-15', '0'),
('169', '30', '36', '11', '2017-08-18 06:33:01', NULL, '3', '2017-08-15', '0'),
('170', '13', '36', '11', '2017-08-18 06:33:02', NULL, '3', '2017-08-15', '0'),
('171', '10', '36', '11', '2017-08-18 06:33:02', NULL, '3', '2017-08-15', '0'),
('172', '30', '37', '11', '2017-08-18 06:34:21', NULL, '3', '2017-08-15', '0'),
('173', '13', '37', '11', '2017-08-18 06:34:21', NULL, '3', '2017-08-15', '0'),
('174', '10', '37', '11', '2017-08-18 06:34:21', NULL, '3', '2017-08-15', '0'),
('175', '30', '38', '11', '2017-08-18 06:35:02', NULL, '3', '2017-08-15', '0'),
('176', '13', '38', '11', '2017-08-18 06:35:02', NULL, '3', '2017-08-15', '0'),
('177', '10', '38', '11', '2017-08-18 06:35:02', NULL, '3', '2017-08-15', '0'),
('178', '30', '39', '11', '2017-08-18 06:35:46', NULL, '3', '2017-08-15', '0'),
('179', '13', '39', '11', '2017-08-18 06:35:46', NULL, '3', '2017-08-15', '0'),
('180', '10', '39', '11', '2017-08-18 06:35:46', NULL, '3', '2017-08-15', '0'),
('181', '30', '40', '11', '2017-08-18 06:36:22', NULL, '3', '2017-08-15', '0'),
('182', '13', '40', '11', '2017-08-18 06:36:22', NULL, '3', '2017-08-15', '0'),
('183', '10', '40', '11', '2017-08-18 06:36:22', NULL, '3', '2017-08-15', '0'),
('184', '30', '41', '11', '2017-08-18 06:37:10', NULL, '3', '2017-08-15', '0'),
('185', '13', '41', '11', '2017-08-18 06:37:10', NULL, '3', '2017-08-15', '0'),
('186', '10', '41', '11', '2017-08-18 06:37:10', NULL, '3', '2017-08-15', '0'),
('187', '30', '42', '11', '2017-08-18 06:37:39', NULL, '3', '2017-08-15', '0'),
('188', '13', '42', '11', '2017-08-18 06:37:39', NULL, '3', '2017-08-15', '0'),
('189', '10', '42', '11', '2017-08-18 06:37:39', NULL, '3', '2017-08-15', '0'),
('190', '11', '1', '11', '2017-08-18 06:39:58', NULL, '3', '2017-08-15', '0'),
('191', '11', '2', '11', '2017-08-18 06:40:55', NULL, '3', '2017-08-15', '0'),
('192', '11', '3', '11', '2017-08-18 06:41:28', NULL, '3', '2017-08-15', '0'),
('193', '11', '4', '11', '2017-08-18 06:42:55', NULL, '3', '2017-08-15', '0'),
('194', '11', '5', '11', '2017-08-18 06:45:32', NULL, '3', '2017-08-15', '0'),
('195', '11', '6', '11', '2017-08-18 06:46:10', NULL, '3', '2017-08-15', '0'),
('196', '20', '5', '11', '2017-08-18 06:49:49', NULL, '3', '2017-08-15', '0'),
('197', '20', '6', '11', '2017-08-18 06:51:02', NULL, '3', '2017-08-15', '0'),
('198', '20', '7', '11', '2017-08-18 06:51:59', NULL, '3', '2017-08-15', '0'),
('199', '20', '8', '11', '2017-08-18 06:52:57', NULL, '3', '2017-08-15', '0'),
('200', '21', '1', '11', '2017-08-18 07:27:24', NULL, '3', '2017-08-15', '0'),
('201', '21', '2', '11', '2017-08-18 07:29:46', NULL, '3', '2017-08-15', '0'),
('202', '18', '5', '11', '2017-08-18 07:33:06', NULL, '3', '2017-08-15', '0'),
('203', '25', '5', '11', '2017-08-18 07:33:06', NULL, '3', '2017-08-15', '0'),
('204', '20', '9', '11', '2017-08-18 10:08:28', NULL, '3', '2017-08-15', NULL),
('205', '18', '6', '11', '2017-08-18 07:36:18', NULL, '3', '2017-08-15', '0'),
('206', '25', '6', '11', '2017-08-18 07:36:18', NULL, '3', '2017-08-15', '0'),
('207', '20', '10', '11', '2017-08-18 07:36:18', NULL, '3', '2017-08-15', '0'),
('208', '0', '1', '11', '2017-08-18 07:50:43', NULL, '3', '2017-08-15', '0'),
('209', '0', '2', '11', '2017-08-18 07:51:29', NULL, '3', '2017-08-15', '0'),
('210', '0', '3', '11', '2017-08-18 07:52:29', NULL, '3', '2017-08-15', '0'),
('211', '18', '7', '11', '2017-08-18 08:00:31', NULL, '3', '2017-08-17', '0'),
('212', '25', '7', '11', '2017-08-18 08:00:31', NULL, '3', '2017-08-17', '0'),
('213', '20', '11', '11', '2017-08-18 08:00:31', NULL, '3', '2017-08-17', '0'),
('214', '16', '4', '11', '2017-08-18 08:05:26', NULL, '3', '2017-08-17', '0'),
('215', '16', '5', '11', '2017-08-18 08:06:09', NULL, '3', '2017-08-17', '0'),
('216', '16', '6', '11', '2017-08-18 08:06:40', NULL, '3', '2017-08-17', '0'),
('217', '16', '7', '11', '2017-08-18 08:07:13', NULL, '3', '2017-08-17', '0'),
('218', '16', '8', '11', '2017-08-18 08:09:15', NULL, '3', '2017-08-17', '0'),
('219', '30', '43', '11', '2017-08-18 08:10:56', NULL, '3', '2017-08-17', '0'),
('220', '13', '43', '11', '2017-08-18 08:10:56', NULL, '3', '2017-08-17', '0'),
('221', '10', '43', '11', '2017-08-18 08:10:56', NULL, '3', '2017-08-17', '0'),
('222', '30', '44', '11', '2017-08-18 08:13:19', NULL, '3', '2017-08-17', '0'),
('223', '13', '44', '11', '2017-08-18 08:13:19', NULL, '3', '2017-08-17', '0'),
('224', '10', '44', '11', '2017-08-18 08:13:19', NULL, '3', '2017-08-17', '0'),
('225', '30', '45', '11', '2017-08-18 08:14:06', NULL, '3', '2017-08-17', '0'),
('226', '13', '45', '11', '2017-08-18 08:14:07', NULL, '3', '2017-08-17', '0'),
('227', '10', '45', '11', '2017-08-18 08:14:07', NULL, '3', '2017-08-17', '0'),
('228', '30', '46', '11', '2017-08-18 08:15:07', NULL, '3', '2017-08-17', '0'),
('229', '13', '46', '11', '2017-08-18 08:15:08', NULL, '3', '2017-08-17', '0'),
('230', '10', '46', '11', '2017-08-18 08:15:08', NULL, '3', '2017-08-17', '0'),
('231', '30', '47', '11', '2017-08-18 08:17:17', NULL, '3', '2017-08-17', '0'),
('232', '13', '47', '11', '2017-08-18 08:17:18', NULL, '3', '2017-08-17', '0'),
('233', '10', '47', '11', '2017-08-18 08:17:18', NULL, '3', '2017-08-17', '0'),
('234', '30', '48', '11', '2017-08-18 08:19:20', NULL, '3', '2017-08-17', '0'),
('235', '13', '48', '11', '2017-08-18 08:19:20', NULL, '3', '2017-08-17', '0'),
('236', '10', '48', '11', '2017-08-18 08:19:21', NULL, '3', '2017-08-17', '0'),
('237', '16', '9', '11', '2017-08-18 08:22:01', NULL, '3', '2017-08-17', '0'),
('238', '30', '49', '11', '2017-08-18 08:22:34', NULL, '3', '2017-08-17', '0'),
('239', '13', '49', '11', '2017-08-18 08:22:34', NULL, '3', '2017-08-17', '0'),
('240', '10', '49', '11', '2017-08-18 08:22:34', NULL, '3', '2017-08-17', '0'),
('241', '30', '50', '11', '2017-08-18 08:23:42', NULL, '3', '2017-08-17', '0'),
('242', '13', '50', '11', '2017-08-18 08:23:42', NULL, '3', '2017-08-17', '0'),
('243', '10', '50', '11', '2017-08-18 08:23:42', NULL, '3', '2017-08-17', '0'),
('244', '30', '51', '11', '2017-08-18 08:24:39', NULL, '3', '2017-08-17', '0'),
('245', '13', '51', '11', '2017-08-18 08:24:39', NULL, '3', '2017-08-17', '0'),
('246', '10', '51', '11', '2017-08-18 08:24:39', NULL, '3', '2017-08-17', '0'),
('247', '42', '15', '11', '2017-08-18 08:25:35', NULL, '3', '2017-08-17', NULL),
('248', '42', '15', '11', '2017-08-18 08:25:35', NULL, '3', '2017-08-17', '0'),
('249', '42', '16', '11', '2017-08-18 08:26:07', NULL, '3', '2017-08-17', NULL),
('250', '42', '16', '11', '2017-08-18 08:26:07', NULL, '3', '2017-08-17', '0'),
('251', '42', '17', '11', '2017-08-18 08:26:41', NULL, '3', '2017-08-17', NULL),
('252', '42', '17', '11', '2017-08-18 08:26:41', NULL, '3', '2017-08-17', '0'),
('253', '42', '18', '11', '2017-08-18 08:27:19', NULL, '3', '2017-08-17', NULL),
('254', '42', '18', '11', '2017-08-18 08:27:19', NULL, '3', '2017-08-17', '0'),
('255', '42', '19', '11', '2017-08-18 08:28:07', NULL, '3', '2017-08-17', NULL),
('256', '42', '19', '11', '2017-08-18 08:28:07', NULL, '3', '2017-08-17', '0'),
('257', '42', '20', '11', '2017-08-18 08:28:55', NULL, '3', '2017-08-17', NULL),
('258', '42', '20', '11', '2017-08-18 08:28:55', NULL, '3', '2017-08-17', '0'),
('259', '42', '21', '11', '2017-08-18 08:29:42', NULL, '3', '2017-08-17', NULL),
('260', '42', '21', '11', '2017-08-18 08:29:42', NULL, '3', '2017-08-17', '0'),
('261', '42', '22', '11', '2017-08-18 08:30:27', NULL, '3', '2017-08-17', NULL),
('262', '42', '22', '11', '2017-08-18 08:30:27', NULL, '3', '2017-08-17', '0'),
('263', '42', '23', '11', '2017-08-18 08:31:07', NULL, '3', '2017-08-17', NULL),
('264', '42', '23', '11', '2017-08-18 08:31:07', NULL, '3', '2017-08-17', '0'),
('265', '42', '24', '11', '2017-08-18 08:31:42', NULL, '3', '2017-08-17', NULL),
('266', '42', '24', '11', '2017-08-18 08:31:42', NULL, '3', '2017-08-17', '0'),
('267', '42', '25', '11', '2017-08-18 08:32:46', NULL, '3', '2017-08-17', NULL),
('268', '42', '25', '11', '2017-08-18 08:32:46', NULL, '3', '2017-08-17', '0'),
('269', '42', '26', '11', '2017-08-18 08:34:06', NULL, '3', '2017-08-17', NULL),
('270', '42', '26', '11', '2017-08-18 08:34:06', NULL, '3', '2017-08-17', '0'),
('271', '41', '10', '11', '2017-08-18 08:34:57', NULL, '3', '2017-08-17', NULL),
('272', '41', '10', '11', '2017-08-18 08:34:57', NULL, '3', '2017-08-17', '0'),
('273', '41', '11', '11', '2017-08-18 08:35:44', NULL, '3', '2017-08-17', NULL),
('274', '41', '11', '11', '2017-08-18 08:35:44', NULL, '3', '2017-08-17', '0'),
('275', '41', '12', '11', '2017-08-18 08:36:22', NULL, '3', '2017-08-17', NULL),
('276', '41', '12', '11', '2017-08-18 08:36:22', NULL, '3', '2017-08-17', '0'),
('277', '41', '13', '11', '2017-08-18 08:37:06', NULL, '3', '2017-08-17', NULL),
('278', '41', '13', '11', '2017-08-18 08:37:06', NULL, '3', '2017-08-17', '0'),
('279', '41', '14', '11', '2017-08-18 08:37:46', NULL, '3', '2017-08-17', NULL),
('280', '41', '14', '11', '2017-08-18 08:37:46', NULL, '3', '2017-08-17', '0'),
('281', '41', '15', '11', '2017-08-18 08:38:30', NULL, '3', '2017-08-17', NULL),
('282', '41', '15', '11', '2017-08-18 08:38:30', NULL, '3', '2017-08-17', '0'),
('283', '41', '16', '11', '2017-08-18 08:39:21', NULL, '3', '2017-08-17', NULL),
('284', '41', '16', '11', '2017-08-18 08:39:21', NULL, '3', '2017-08-17', '0'),
('285', '41', '17', '11', '2017-08-18 09:52:42', NULL, '3', '2017-08-17', NULL),
('286', '41', '18', '11', '2017-08-18 08:41:29', NULL, '3', '2017-08-17', NULL),
('287', '41', '18', '11', '2017-08-18 08:41:29', NULL, '3', '2017-08-17', '0'),
('288', '41', '8', '11', '2017-08-18 09:52:08', 'Voided.\n', '3', '2017-08-18', '0'),
('289', '41', '17', '11', '2017-08-18 09:52:42', 'Voided.\n', '3', '2017-08-18', '0'),
('290', '41', '19', '11', '2017-08-18 10:00:07', NULL, '3', '2017-08-16', '0'),
('291', '41', '20', '11', '2017-08-18 10:01:51', NULL, '3', '2017-08-17', '0'),
('292', '20', '9', '11', '2017-08-18 10:08:28', 'Voided.\nDocument reentered.', '3', '2017-08-18', '0'),
('293', '20', '12', '11', '2017-08-18 10:08:28', NULL, '3', '2017-08-17', '0'),
('294', '18', '8', '11', '2017-08-19 05:35:17', NULL, '3', '2017-08-18', '0'),
('295', '25', '8', '11', '2017-08-19 05:35:17', NULL, '3', '2017-08-18', '0'),
('296', '20', '13', '11', '2017-08-19 05:35:17', NULL, '3', '2017-08-18', '0'),
('297', '18', '9', '11', '2017-08-19 05:36:22', NULL, '3', '2017-08-18', '0'),
('298', '25', '9', '11', '2017-08-19 05:36:22', NULL, '3', '2017-08-18', '0'),
('299', '20', '14', '11', '2017-08-19 05:36:22', NULL, '3', '2017-08-18', '0'),
('300', '18', '10', '11', '2017-08-19 05:37:17', NULL, '3', '2017-08-18', '0'),
('301', '25', '10', '11', '2017-08-19 05:37:17', NULL, '3', '2017-08-18', '0'),
('302', '20', '15', '11', '2017-08-19 05:37:17', NULL, '3', '2017-08-18', '0'),
('303', '18', '11', '11', '2017-08-19 05:38:19', NULL, '3', '2017-08-18', '0'),
('304', '25', '11', '11', '2017-08-19 05:38:19', NULL, '3', '2017-08-18', '0'),
('305', '20', '16', '11', '2017-08-19 05:38:19', NULL, '3', '2017-08-18', '0'),
('306', '18', '12', '11', '2017-08-19 05:39:14', NULL, '3', '2017-08-18', '0'),
('307', '25', '12', '11', '2017-08-19 05:39:14', NULL, '3', '2017-08-18', '0'),
('308', '20', '17', '11', '2017-08-19 05:39:14', NULL, '3', '2017-08-18', '0'),
('309', '16', '10', '11', '2017-08-19 05:41:02', NULL, '3', '2017-08-18', '0'),
('310', '16', '11', '11', '2017-08-19 05:43:16', NULL, '3', '2017-08-18', '0'),
('311', '16', '12', '11', '2017-08-19 05:44:51', NULL, '3', '2017-08-18', '0'),
('312', '16', '13', '11', '2017-08-19 05:45:28', NULL, '3', '2017-08-18', '0'),
('313', '16', '14', '11', '2017-08-19 05:46:05', NULL, '3', '2017-08-18', '0'),
('314', '16', '15', '11', '2017-08-19 05:47:15', NULL, '3', '2017-08-18', '0'),
('315', '16', '16', '11', '2017-08-19 05:47:45', NULL, '3', '2017-08-18', '0'),
('316', '16', '17', '11', '2017-08-19 05:49:37', NULL, '3', '2017-08-18', '0'),
('317', '16', '18', '11', '2017-08-19 05:50:20', NULL, '3', '2017-08-18', '0'),
('318', '16', '19', '11', '2017-08-19 05:50:49', NULL, '3', '2017-08-18', '0'),
('319', '16', '20', '11', '2017-08-19 05:51:32', NULL, '3', '2017-08-18', '0'),
('320', '16', '21', '11', '2017-08-19 05:52:07', NULL, '3', '2017-08-18', '0'),
('321', '30', '52', '11', '2017-08-19 05:53:56', NULL, '3', '2017-08-18', '0'),
('322', '13', '52', '11', '2017-08-19 05:53:57', NULL, '3', '2017-08-18', '0'),
('323', '10', '52', '11', '2017-08-19 05:53:57', NULL, '3', '2017-08-18', '0'),
('324', '30', '53', '11', '2017-08-19 05:57:37', NULL, '3', '2017-08-18', '0'),
('325', '13', '53', '11', '2017-08-19 05:57:38', NULL, '3', '2017-08-18', '0'),
('326', '10', '53', '11', '2017-08-19 05:57:38', NULL, '3', '2017-08-18', '0'),
('327', '30', '54', '11', '2017-08-19 05:58:38', NULL, '3', '2017-08-18', '0'),
('328', '13', '54', '11', '2017-08-19 05:58:38', NULL, '3', '2017-08-18', '0'),
('329', '10', '54', '11', '2017-08-19 05:58:38', NULL, '3', '2017-08-18', '0'),
('330', '30', '55', '11', '2017-08-19 05:59:27', NULL, '3', '2017-08-18', '0'),
('331', '13', '55', '11', '2017-08-19 05:59:27', NULL, '3', '2017-08-18', '0'),
('332', '10', '55', '11', '2017-08-19 05:59:28', NULL, '3', '2017-08-18', '0'),
('333', '30', '56', '11', '2017-08-19 06:00:13', NULL, '3', '2017-08-18', '0'),
('334', '13', '56', '11', '2017-08-19 06:00:13', NULL, '3', '2017-08-18', '0'),
('335', '10', '56', '11', '2017-08-19 06:00:13', NULL, '3', '2017-08-18', '0'),
('336', '30', '57', '11', '2017-08-19 06:01:09', NULL, '3', '2017-08-18', '0'),
('337', '13', '57', '11', '2017-08-19 06:01:09', NULL, '3', '2017-08-18', '0'),
('338', '10', '57', '11', '2017-08-19 06:01:09', NULL, '3', '2017-08-18', '0'),
('339', '30', '58', '11', '2017-08-19 06:01:53', NULL, '3', '2017-08-18', '0'),
('340', '13', '58', '11', '2017-08-19 06:01:53', NULL, '3', '2017-08-18', '0'),
('341', '10', '58', '11', '2017-08-19 06:01:53', NULL, '3', '2017-08-18', '0'),
('342', '30', '59', '11', '2017-08-19 06:02:40', NULL, '3', '2017-08-18', '0'),
('343', '13', '59', '11', '2017-08-19 06:02:41', NULL, '3', '2017-08-18', '0'),
('344', '10', '59', '11', '2017-08-19 06:02:41', NULL, '3', '2017-08-18', '0'),
('358', '30', '60', '11', '2017-08-19 06:19:21', NULL, '3', '2017-08-18', NULL),
('372', '42', '27', '11', '2017-08-19 06:18:47', NULL, '3', '2017-08-18', NULL),
('373', '42', '27', '11', '2017-08-19 06:18:47', NULL, '3', '2017-08-18', '0'),
('374', '30', '60', '11', '2017-08-21 04:13:56', 'Deleted.', '3', '2017-08-19', NULL),
('387', '42', '28', '11', '2017-08-19 06:50:24', NULL, '3', '2017-08-18', NULL),
('388', '42', '28', '11', '2017-08-19 06:50:24', NULL, '3', '2017-08-18', '0'),
('389', '42', '29', '11', '2017-08-19 06:51:15', NULL, '3', '2017-08-18', NULL),
('390', '42', '29', '11', '2017-08-19 06:51:15', NULL, '3', '2017-08-18', '0'),
('391', '42', '30', '11', '2017-08-19 06:51:58', NULL, '3', '2017-08-18', NULL),
('392', '42', '30', '11', '2017-08-19 06:51:58', NULL, '3', '2017-08-18', '0'),
('393', '42', '31', '11', '2017-08-19 06:52:47', NULL, '3', '2017-08-18', NULL),
('394', '42', '31', '11', '2017-08-19 06:52:47', NULL, '3', '2017-08-18', '0'),
('395', '42', '32', '11', '2017-08-19 06:53:21', NULL, '3', '2017-08-18', NULL),
('396', '42', '32', '11', '2017-08-19 06:53:21', NULL, '3', '2017-08-18', '0'),
('397', '42', '33', '11', '2017-08-19 06:54:01', NULL, '3', '2017-08-18', NULL),
('398', '42', '33', '11', '2017-08-19 06:54:01', NULL, '3', '2017-08-18', '0'),
('399', '42', '34', '11', '2017-08-19 06:54:53', NULL, '3', '2017-08-18', NULL),
('400', '42', '34', '11', '2017-08-19 06:54:53', NULL, '3', '2017-08-18', '0'),
('401', '42', '35', '11', '2017-08-19 06:55:42', NULL, '3', '2017-08-18', NULL),
('402', '42', '35', '11', '2017-08-19 06:55:42', NULL, '3', '2017-08-18', '0'),
('403', '42', '36', '11', '2017-08-19 06:56:46', NULL, '3', '2017-08-18', NULL),
('404', '42', '36', '11', '2017-08-19 06:56:46', NULL, '3', '2017-08-18', '0'),
('405', '42', '37', '11', '2017-08-19 06:57:18', NULL, '3', '2017-08-18', NULL),
('406', '42', '37', '11', '2017-08-19 06:57:18', NULL, '3', '2017-08-18', '0'),
('407', '42', '38', '11', '2017-08-19 06:57:49', NULL, '3', '2017-08-18', NULL),
('408', '42', '38', '11', '2017-08-19 06:57:49', NULL, '3', '2017-08-18', '0'),
('409', '42', '39', '11', '2017-08-19 06:58:24', NULL, '3', '2017-08-18', NULL),
('410', '42', '39', '11', '2017-08-19 06:58:24', NULL, '3', '2017-08-18', '0'),
('411', '42', '40', '11', '2017-08-19 06:59:02', NULL, '3', '2017-08-18', NULL),
('412', '42', '40', '11', '2017-08-19 06:59:02', NULL, '3', '2017-08-18', '0'),
('413', '41', '21', '11', '2017-08-19 06:59:50', NULL, '3', '2017-08-18', NULL),
('414', '41', '21', '11', '2017-08-19 06:59:50', NULL, '3', '2017-08-18', '0'),
('415', '41', '22', '11', '2017-08-19 07:00:48', NULL, '3', '2017-08-18', NULL),
('416', '41', '22', '11', '2017-08-19 07:00:48', NULL, '3', '2017-08-18', '0'),
('417', '41', '23', '11', '2017-08-19 07:01:28', NULL, '3', '2017-08-18', NULL),
('418', '41', '23', '11', '2017-08-19 07:01:28', NULL, '3', '2017-08-18', '0'),
('419', '41', '24', '11', '2017-08-19 07:03:10', NULL, '3', '2017-08-18', NULL),
('420', '41', '24', '11', '2017-08-19 07:03:10', NULL, '3', '2017-08-18', '0'),
('421', '41', '25', '11', '2017-08-19 07:03:43', NULL, '3', '2017-08-18', NULL),
('422', '41', '25', '11', '2017-08-19 07:03:43', NULL, '3', '2017-08-18', '0'),
('423', '41', '26', '11', '2017-08-19 07:04:25', NULL, '3', '2017-08-18', NULL),
('424', '41', '26', '11', '2017-08-19 07:04:25', NULL, '3', '2017-08-18', '0'),
('425', '41', '27', '11', '2017-08-19 07:06:59', NULL, '3', '2017-08-18', '0'),
('426', '41', '28', '11', '2017-08-19 07:07:43', NULL, '3', '2017-08-18', NULL),
('427', '41', '28', '11', '2017-08-19 07:07:43', NULL, '3', '2017-08-18', '0'),
('428', '41', '29', '11', '2017-08-21 07:13:35', NULL, '3', '2017-08-18', NULL),
('454', '30', '60', '12', '2017-08-21 04:20:58', NULL, '3', '2017-08-21', NULL),
('459', '30', '60', '9', '2017-08-21 04:22:34', 'Deleted.', '3', '2017-08-21', NULL),
('462', '30', '60', '12', '2017-08-21 06:53:32', NULL, '3', '2017-08-21', NULL),
('463', '30', '61', '12', '2017-08-21 06:53:51', NULL, '3', '2017-08-21', NULL),
('466', '30', '62', '9', '2017-08-21 05:53:17', NULL, '3', '2017-08-18', '0'),
('467', '13', '60', '9', '2017-08-21 05:53:18', NULL, '3', '2017-08-18', '0'),
('468', '10', '60', '9', '2017-08-21 05:53:18', NULL, '3', '2017-08-18', '0'),
('469', '30', '63', '9', '2017-08-21 05:55:08', NULL, '3', '2017-08-18', '0'),
('470', '13', '61', '9', '2017-08-21 05:55:09', NULL, '3', '2017-08-18', '0'),
('471', '10', '61', '9', '2017-08-21 05:55:09', NULL, '3', '2017-08-18', '0'),
('472', '30', '64', '9', '2017-08-21 05:56:39', NULL, '3', '2017-08-18', '0'),
('473', '13', '62', '9', '2017-08-21 05:56:39', NULL, '3', '2017-08-18', '0'),
('474', '10', '62', '9', '2017-08-21 05:56:39', NULL, '3', '2017-08-18', '0'),
('475', '30', '65', '9', '2017-08-21 05:57:50', NULL, '3', '2017-08-18', '0'),
('476', '13', '63', '9', '2017-08-21 05:57:50', NULL, '3', '2017-08-18', '0'),
('477', '10', '63', '9', '2017-08-21 05:57:50', NULL, '3', '2017-08-18', '0'),
('478', '42', '41', '9', '2017-08-21 06:00:21', NULL, '3', '2017-08-19', NULL),
('479', '42', '41', '9', '2017-08-21 06:00:21', NULL, '3', '2017-08-19', '0'),
('480', '42', '42', '9', '2017-08-21 06:02:25', NULL, '3', '2017-08-19', NULL),
('481', '42', '42', '9', '2017-08-21 06:02:25', NULL, '3', '2017-08-19', '0'),
('482', '42', '43', '9', '2017-08-21 06:03:29', NULL, '3', '2017-08-19', NULL),
('483', '42', '43', '9', '2017-08-21 06:03:29', NULL, '3', '2017-08-19', '0'),
('484', '42', '44', '9', '2017-08-21 06:04:11', NULL, '3', '2017-08-19', NULL),
('485', '42', '44', '9', '2017-08-21 06:04:11', NULL, '3', '2017-08-19', '0'),
('486', '42', '45', '9', '2017-08-21 06:06:14', NULL, '3', '2017-08-19', NULL),
('487', '42', '45', '9', '2017-08-21 06:06:14', NULL, '3', '2017-08-19', '0'),
('488', '42', '46', '9', '2017-08-21 06:07:57', NULL, '3', '2017-08-19', NULL),
('489', '42', '46', '9', '2017-08-21 06:07:57', NULL, '3', '2017-08-19', '0'),
('490', '30', '60', '11', '2017-08-21 06:53:32', 'Deleted.', '3', '2017-08-21', '0'),
('491', '30', '61', '11', '2017-08-21 06:53:51', 'Deleted.', '3', '2017-08-21', '0'),
('492', '41', '29', '11', '2017-08-21 07:13:35', 'Voided.\n', '3', '2017-08-21', '0'),
('493', '41', '30', '11', '2017-08-21 07:14:56', NULL, '3', '2017-08-18', '0'),
('494', '42', '47', '11', '2017-08-21 07:34:37', NULL, '3', '2017-08-19', NULL),
('495', '42', '47', '11', '2017-08-21 07:34:37', NULL, '3', '2017-08-19', '0'),
('496', '42', '48', '11', '2017-08-21 07:35:37', NULL, '3', '2017-08-19', NULL),
('497', '42', '48', '11', '2017-08-21 07:35:37', NULL, '3', '2017-08-19', '0'),
('498', '42', '49', '11', '2017-08-21 07:36:20', NULL, '3', '2017-08-19', NULL),
('499', '42', '49', '11', '2017-08-21 07:36:20', NULL, '3', '2017-08-19', '0'),
('500', '42', '50', '11', '2017-08-21 07:38:51', NULL, '3', '2017-08-19', NULL),
('501', '42', '50', '11', '2017-08-21 07:38:51', NULL, '3', '2017-08-19', '0'),
('502', '42', '51', '11', '2017-08-21 07:40:38', NULL, '3', '2017-08-19', NULL),
('503', '42', '51', '11', '2017-08-21 07:40:38', NULL, '3', '2017-08-19', '0'),
('504', '41', '31', '11', '2017-08-21 07:41:34', NULL, '3', '2017-08-19', NULL),
('505', '41', '31', '11', '2017-08-21 07:41:34', NULL, '3', '2017-08-19', '0'),
('506', '41', '32', '11', '2017-08-21 07:42:26', NULL, '3', '2017-08-19', NULL),
('507', '41', '32', '11', '2017-08-21 07:42:26', NULL, '3', '2017-08-19', '0'),
('508', '41', '33', '11', '2017-08-21 07:44:01', NULL, '3', '2017-08-19', NULL),
('509', '41', '33', '11', '2017-08-21 07:44:01', NULL, '3', '2017-08-19', '0'),
('510', '41', '34', '11', '2017-08-21 07:47:18', NULL, '3', '2017-08-19', '0'),
('511', '41', '35', '11', '2017-08-21 07:49:26', NULL, '3', '2017-08-19', '0'),
('512', '41', '36', '11', '2017-08-21 07:50:46', NULL, '3', '2017-08-19', NULL),
('513', '41', '36', '11', '2017-08-21 07:50:46', NULL, '3', '2017-08-19', '0'),
('514', '18', '13', '11', '2017-08-21 07:53:55', NULL, '3', '2017-08-19', '0'),
('515', '25', '13', '11', '2017-08-21 07:53:55', NULL, '3', '2017-08-19', '0'),
('516', '20', '18', '11', '2017-08-21 07:53:55', NULL, '3', '2017-08-19', '0'),
('517', '18', '14', '11', '2017-08-21 07:55:16', NULL, '3', '2017-08-19', '0'),
('518', '25', '14', '11', '2017-08-21 07:55:16', NULL, '3', '2017-08-19', '0'),
('519', '20', '19', '11', '2017-08-21 07:55:16', NULL, '3', '2017-08-19', '0'),
('520', '18', '15', '11', '2017-08-21 07:56:11', NULL, '3', '2017-08-19', '0'),
('521', '25', '15', '11', '2017-08-21 07:56:11', NULL, '3', '2017-08-19', '0'),
('522', '20', '20', '11', '2017-08-21 07:56:11', NULL, '3', '2017-08-19', '0'),
('523', '18', '16', '11', '2017-08-21 07:58:40', NULL, '3', '2017-08-19', '0'),
('524', '25', '16', '11', '2017-08-21 07:58:40', NULL, '3', '2017-08-19', '0'),
('525', '20', '21', '11', '2017-08-21 07:58:40', NULL, '3', '2017-08-19', '0'),
('526', '18', '17', '11', '2017-08-21 08:00:09', NULL, '3', '2017-08-21', '0'),
('527', '25', '17', '11', '2017-08-21 08:00:09', NULL, '3', '2017-08-21', '0'),
('528', '20', '22', '11', '2017-08-21 08:17:48', NULL, '3', '2017-08-21', NULL),
('529', '16', '22', '11', '2017-08-21 08:01:42', NULL, '3', '2017-08-19', '0'),
('530', '16', '23', '11', '2017-08-21 08:03:39', NULL, '3', '2017-08-19', '0'),
('531', '16', '24', '11', '2017-08-21 08:09:57', NULL, '3', '2017-08-19', '0'),
('532', '16', '25', '11', '2017-08-21 08:13:15', NULL, '3', '2017-08-19', '0'),
('533', '16', '26', '11', '2017-08-21 08:15:34', NULL, '3', '2017-08-19', '0'),
('534', '20', '22', '11', '2017-08-21 08:17:48', 'Voided.\nDocument reentered.', '3', '2017-08-21', '0'),
('535', '20', '23', '11', '2017-08-21 08:19:27', NULL, '3', '2017-08-19', NULL),
('536', '20', '23', '11', '2017-08-21 08:19:27', 'Voided.\nDocument reentered.', '3', '2017-08-21', '0'),
('537', '20', '24', '11', '2017-08-21 08:22:10', NULL, '3', '2017-08-19', NULL),
('538', '20', '24', '11', '2017-08-21 08:22:10', 'Voided.\nDocument reentered.', '3', '2017-08-21', '0'),
('539', '20', '25', '11', '2017-08-21 08:47:22', NULL, '3', '2017-08-19', NULL),
('540', '30', '66', '11', '2017-08-21 08:29:31', NULL, '3', '2017-08-19', '0'),
('541', '13', '64', '11', '2017-08-21 08:29:31', NULL, '3', '2017-08-19', '0'),
('542', '10', '64', '11', '2017-08-21 08:29:31', NULL, '3', '2017-08-19', '0'),
('543', '30', '67', '11', '2017-08-21 08:30:56', NULL, '3', '2017-08-19', '0'),
('544', '13', '65', '11', '2017-08-21 08:30:56', NULL, '3', '2017-08-19', '0'),
('545', '10', '65', '11', '2017-08-21 08:30:56', NULL, '3', '2017-08-19', '0'),
('546', '30', '68', '11', '2017-08-21 08:33:24', NULL, '3', '2017-08-19', '0'),
('547', '13', '66', '11', '2017-08-21 08:33:24', NULL, '3', '2017-08-19', '0'),
('548', '10', '66', '11', '2017-08-21 08:33:24', NULL, '3', '2017-08-19', '0'),
('549', '30', '69', '11', '2017-08-21 08:36:37', NULL, '3', '2017-08-19', '0'),
('550', '13', '67', '11', '2017-08-21 08:39:53', NULL, '3', '2017-08-19', NULL),
('551', '10', '67', '11', '2017-08-21 08:39:53', NULL, '3', '2017-08-19', NULL),
('552', '13', '67', '11', '2017-08-21 08:39:53', 'Voided.', '3', '2017-08-21', '0'),
('553', '10', '67', '11', '2017-08-21 08:39:53', 'Voided.\n', '3', '2017-08-21', '0'),
('554', '30', '70', '11', '2017-08-21 08:41:12', NULL, '3', '2017-08-19', '0'),
('555', '13', '68', '11', '2017-08-21 08:41:12', NULL, '3', '2017-08-19', '0'),
('556', '10', '68', '11', '2017-08-21 08:41:12', NULL, '3', '2017-08-19', '0'),
('557', '30', '71', '11', '2017-08-21 08:42:39', NULL, '3', '2017-08-19', '0'),
('558', '13', '69', '11', '2017-08-21 08:42:39', NULL, '3', '2017-08-19', '0'),
('559', '10', '69', '11', '2017-08-21 08:42:39', NULL, '3', '2017-08-19', '0'),
('560', '30', '72', '11', '2017-08-21 08:44:01', NULL, '3', '2017-08-19', '0'),
('561', '13', '70', '11', '2017-08-21 08:44:01', NULL, '3', '2017-08-19', '0'),
('562', '10', '70', '11', '2017-08-21 08:44:01', NULL, '3', '2017-08-19', '0'),
('563', '30', '73', '11', '2017-08-21 08:45:16', NULL, '3', '2017-08-19', '0'),
('564', '13', '71', '11', '2017-08-21 08:45:16', NULL, '3', '2017-08-19', '0'),
('565', '10', '71', '11', '2017-08-21 08:45:16', NULL, '3', '2017-08-19', '0'),
('566', '20', '25', '11', '2017-08-21 08:47:22', 'Voided.\nDocument reentered.', '3', '2017-08-21', '0'),
('567', '20', '26', '11', '2017-08-21 08:56:52', NULL, '3', '2017-08-19', NULL),
('568', '20', '26', '11', '2017-08-21 08:56:52', 'Voided.\nDocument reentered.', '3', '2017-08-21', '0'),
('569', '20', '27', '11', '2017-08-21 09:00:54', NULL, '3', '2017-08-19', NULL),
('570', '20', '27', '11', '2017-08-21 09:00:54', 'Voided.\n', '3', '2017-08-21', '0');

### Structure of table `0_bank_accounts` ###

DROP TABLE IF EXISTS `0_bank_accounts`;

CREATE TABLE `0_bank_accounts` (
  `account_code` varchar(15) COLLATE utf8_unicode_ci NOT NULL DEFAULT '',
  `account_type` smallint(6) NOT NULL DEFAULT '0',
  `bank_account_name` varchar(60) COLLATE utf8_unicode_ci NOT NULL DEFAULT '',
  `bank_account_number` varchar(100) COLLATE utf8_unicode_ci NOT NULL DEFAULT '',
  `bank_name` varchar(60) COLLATE utf8_unicode_ci NOT NULL DEFAULT '',
  `bank_address` tinytext COLLATE utf8_unicode_ci,
  `bank_curr_code` char(3) COLLATE utf8_unicode_ci NOT NULL DEFAULT '',
  `dflt_curr_act` tinyint(1) NOT NULL DEFAULT '0',
  `id` smallint(6) NOT NULL AUTO_INCREMENT,
  `bank_charge_act` varchar(15) COLLATE utf8_unicode_ci NOT NULL DEFAULT '',
  `last_reconciled_date` timestamp NOT NULL DEFAULT '0000-00-00 00:00:00',
  `ending_reconcile_balance` double NOT NULL DEFAULT '0',
  `inactive` tinyint(1) NOT NULL DEFAULT '0',
  PRIMARY KEY (`id`),
  KEY `bank_account_name` (`bank_account_name`),
  KEY `bank_account_number` (`bank_account_number`),
  KEY `account_code` (`account_code`)
) ENGINE=InnoDB AUTO_INCREMENT=27 DEFAULT CHARSET=utf8 COLLATE=utf8_unicode_ci ;

### Data of table `0_bank_accounts` ###

INSERT INTO `0_bank_accounts` VALUES
('1013', '0', 'HBL  1905455', '7901905455 (B C 0212)', 'HBL', 'GALLA MANDI VEHARI\n', 'PKR', '0', '25', '5036', '0000-00-00 00:00:00', '0', '0'),
('10412', '3', 'PATTY CASH', '', '', 'VHR', 'PKR', '0', '26', '5036', '0000-00-00 00:00:00', '0', '0');

### Structure of table `0_bank_trans` ###

DROP TABLE IF EXISTS `0_bank_trans`;

CREATE TABLE `0_bank_trans` (
  `id` int(11) NOT NULL AUTO_INCREMENT,
  `type` smallint(6) DEFAULT NULL,
  `trans_no` int(11) DEFAULT NULL,
  `bank_act` varchar(15) COLLATE utf8_unicode_ci NOT NULL DEFAULT '',
  `ref` varchar(40) COLLATE utf8_unicode_ci DEFAULT NULL,
  `trans_date` date NOT NULL DEFAULT '0000-00-00',
  `amount` double DEFAULT NULL,
  `dimension_id` int(11) NOT NULL DEFAULT '0',
  `dimension2_id` int(11) NOT NULL DEFAULT '0',
  `person_type_id` int(11) NOT NULL DEFAULT '0',
  `person_id` tinyblob,
  `reconciled` date DEFAULT NULL,
  `cheque` int(11) NOT NULL,
  PRIMARY KEY (`id`),
  KEY `bank_act` (`bank_act`,`ref`),
  KEY `type` (`type`,`trans_no`),
  KEY `bank_act_2` (`bank_act`,`reconciled`),
  KEY `bank_act_3` (`bank_act`,`trans_date`)
) ENGINE=InnoDB AUTO_INCREMENT=88 DEFAULT CHARSET=utf8 COLLATE=utf8_unicode_ci ;

### Data of table `0_bank_trans` ###

INSERT INTO `0_bank_trans` VALUES
('1', '42', '1', '26', 'CRV001/2017', '2017-08-16', '100000', '0', '0', '2', '27', NULL, '0'),
('2', '42', '2', '26', 'CRV002/2017', '2017-08-16', '500000', '0', '0', '2', '36', NULL, '0'),
('3', '42', '3', '26', 'CRV003/2017', '2017-08-16', '110000', '0', '0', '2', '32', NULL, '0'),
('4', '42', '4', '26', 'CRV004/2017', '2017-08-16', '2940301', '0', '0', '2', '26', NULL, '0'),
('5', '42', '5', '26', 'CRV005/2017', '2017-08-16', '116000', '0', '0', '2', '33', NULL, '0'),
('6', '42', '6', '26', 'CRV006/2017', '2017-08-16', '270000', '0', '0', '2', '34', NULL, '0'),
('7', '42', '7', '26', 'CRV007/2017', '2017-08-16', '76720', '0', '0', '2', '43', NULL, '0'),
('8', '42', '8', '26', 'CRV008/2017', '2017-08-16', '350000', '0', '0', '2', '4', NULL, '0'),
('9', '42', '9', '26', 'CRV009/2017', '2017-08-16', '169000', '0', '0', '2', '44', NULL, '0'),
('10', '42', '10', '26', 'CRV010/2017', '2017-08-16', '275000', '0', '0', '2', '14', NULL, '0'),
('11', '42', '11', '26', 'CRV011/2017', '2017-08-16', '200000', '0', '0', '2', '8', NULL, '0'),
('12', '42', '12', '26', 'CRV012/2017', '2017-08-16', '33280', '0', '0', '2', '39', NULL, '0'),
('13', '42', '13', '26', 'CRV013/2017', '2017-08-16', '19445', '0', '0', '2', '39', NULL, '0'),
('14', '42', '14', '26', 'CRV014/2017', '2017-08-16', '1587', '0', '0', '2', '21', NULL, '0'),
('15', '41', '1', '26', 'CPV001/2017', '2017-08-16', '-100000', '0', '0', '2', '26', NULL, '0'),
('16', '41', '2', '26', 'CPV002/2017', '2017-08-16', '-500000', '0', '0', '2', '26', NULL, '0'),
('17', '41', '3', '26', 'CPV003/2017', '2017-08-16', '-110000', '0', '0', '2', '26', NULL, '0'),
('18', '41', '4', '26', 'CPV004/2017', '2017-08-16', '0', '0', '0', '2', '26', NULL, '0'),
('19', '41', '5', '26', 'CPV005/2017', '2017-08-16', '-2940301', '0', '0', '2', '36', NULL, '0'),
('20', '41', '6', '26', 'CPV006/2017', '2017-08-16', '-10015', '0', '0', '3', '1', NULL, '0'),
('21', '41', '7', '26', 'CPV007/2017', '2017-08-16', '-1587', '0', '0', '2', '39', NULL, '0'),
('22', '41', '8', '26', 'CPV008/2017', '2017-08-16', '0', '0', '0', '0', NULL, NULL, '0'),
('23', '41', '9', '26', 'CPV004/2017', '2017-08-16', '-1490000', '0', '0', '2', '26', NULL, '0'),
('24', '42', '15', '26', 'CRV015/2017', '2017-08-17', '520000', '0', '0', '2', '21', NULL, '0'),
('25', '42', '16', '26', 'CRV016/2017', '2017-08-17', '900000', '0', '0', '2', '11', NULL, '0'),
('26', '42', '17', '26', 'CRV017/2017', '2017-08-17', '130000', '0', '0', '2', '19', NULL, '0'),
('27', '42', '18', '26', 'CRV018/2017', '2017-08-17', '250000', '0', '0', '2', '18', NULL, '0'),
('28', '42', '19', '26', 'CRV019/2017', '2017-08-17', '180000', '0', '0', '2', '32', NULL, '0'),
('29', '42', '20', '26', 'CRV020/2017', '2017-08-17', '168017', '0', '0', '2', '39', NULL, '0'),
('30', '42', '21', '26', 'CRV021/2017', '2017-08-17', '864020', '0', '0', '2', '39', NULL, '0'),
('31', '42', '22', '26', 'CRV022/2017', '2017-08-17', '200000', '0', '0', '2', '33', NULL, '0'),
('32', '42', '23', '26', 'CRV023/2017', '2017-08-17', '500000', '0', '0', '2', '40', NULL, '0'),
('33', '42', '24', '26', 'CRV024/2017', '2017-08-17', '50000', '0', '0', '2', '33', NULL, '0'),
('34', '42', '25', '26', 'CRV025/2017', '2017-08-17', '5980', '0', '0', '2', '24', NULL, '0'),
('35', '42', '26', '26', 'CRV026/2017', '2017-08-17', '17959', '0', '0', '2', '39', NULL, '0'),
('36', '41', '10', '26', 'CPV009/2017', '2017-08-17', '-520000', '0', '0', '2', '26', NULL, '0'),
('37', '41', '11', '26', 'CPV010/2017', '2017-08-17', '-900000', '0', '0', '2', '26', NULL, '0'),
('38', '41', '12', '26', 'CPV011/2017', '2017-08-17', '-250000', '0', '0', '2', '26', NULL, '0'),
('39', '41', '13', '26', 'CPV012/2017', '2017-08-17', '-180000', '0', '0', '2', '26', NULL, '0'),
('40', '41', '14', '26', 'CPV013/2017', '2017-08-17', '-130000', '0', '0', '2', '26', NULL, '0'),
('41', '41', '15', '26', 'CPV014/2017', '2017-08-17', '-1620000', '0', '0', '2', '26', NULL, '0'),
('42', '41', '16', '26', 'CPV015/2017', '2017-08-17', '-168017', '0', '0', '2', '26', NULL, '0'),
('43', '41', '17', '26', 'CPV016/2017', '2017-08-17', '0', '0', '0', '0', NULL, NULL, '0'),
('44', '41', '18', '26', 'CPV017/2017', '2017-08-17', '-8617', '0', '0', '3', '1', NULL, '0'),
('45', '41', '19', '26', 'CPV018/2017', '2017-08-16', '-9430', '0', '0', '0', NULL, NULL, '0'),
('46', '41', '20', '26', 'CPV019/2017', '2017-08-17', '-9342', '0', '0', '0', NULL, NULL, '0'),
('47', '42', '27', '26', 'CRV027/2017', '2017-08-18', '68390', '0', '0', '2', '43', NULL, '0'),
('48', '42', '28', '26', 'CRV028/2017', '2017-08-18', '42500', '0', '0', '2', '44', NULL, '0'),
('49', '42', '29', '26', 'CRV029/2017', '2017-08-18', '180000', '0', '0', '2', '3', NULL, '0'),
('50', '42', '30', '26', 'CRV030/2017', '2017-08-18', '100000', '0', '0', '2', '8', NULL, '0'),
('51', '42', '31', '26', 'CRV031/2017', '2017-08-18', '65000', '0', '0', '2', '14', NULL, '0'),
('52', '42', '32', '26', 'CRV032/2017', '2017-08-18', '299000', '0', '0', '2', '37', NULL, '0'),
('53', '42', '33', '26', 'CRV033/2017', '2017-08-18', '430000', '0', '0', '2', '35', NULL, '0'),
('54', '42', '34', '26', 'CRV034/2017', '2017-08-18', '405110', '0', '0', '2', '39', NULL, '0'),
('55', '42', '35', '26', 'CRV035/2017', '2017-08-18', '20131', '0', '0', '2', '39', NULL, '0'),
('56', '42', '36', '26', 'CRV036/2017', '2017-08-18', '1434100', '0', '0', '2', '24', NULL, '0'),
('57', '42', '37', '26', 'CRV037/2017', '2017-08-18', '83000', '0', '0', '2', '27', NULL, '0'),
('58', '42', '38', '26', 'CRV038/2017', '2017-08-18', '300000', '0', '0', '2', '11', NULL, '0'),
('59', '42', '39', '26', 'CRV039/2017', '2017-08-18', '90000', '0', '0', '2', '19', NULL, '0'),
('60', '42', '40', '26', 'CRV040/2017', '2017-08-18', '240000', '0', '0', '2', '32', NULL, '0'),
('61', '41', '21', '26', 'CPV020/2017', '2017-08-18', '-1590000', '0', '0', '2', '26', NULL, '0'),
('62', '41', '22', '26', 'CPV021/2017', '2017-08-18', '-1434100', '0', '0', '2', '26', NULL, '0'),
('63', '41', '23', '26', 'CPV022/2017', '2017-08-18', '-83000', '0', '0', '2', '26', NULL, '0'),
('64', '41', '24', '26', 'CPV023/2017', '2017-08-18', '-300000', '0', '0', '2', '26', NULL, '0'),
('65', '41', '25', '26', 'CPV024/2017', '2017-08-18', '-90000', '0', '0', '2', '26', NULL, '0'),
('66', '41', '26', '26', 'CPV025/2017', '2017-08-18', '-240000', '0', '0', '2', '26', NULL, '0'),
('67', '41', '27', '26', 'CPV026/2017', '2017-08-18', '-7336', '0', '0', '0', 'EXPS', NULL, '0'),
('68', '41', '28', '26', 'CPV027/2017', '2017-08-18', '-11910', '0', '0', '3', '1', NULL, '0'),
('69', '41', '29', '26', 'CPV028/2017', '2017-08-18', '0', '0', '0', '0', NULL, NULL, '0'),
('70', '42', '41', '26', 'CRV041/2017', '2017-08-19', '400000', '0', '0', '2', '5', NULL, '0'),
('71', '42', '42', '26', 'CRV042/2017', '2017-08-19', '500000', '0', '0', '2', '40', NULL, '0'),
('72', '42', '43', '26', 'CRV043/2017', '2017-08-19', '340000', '0', '0', '2', '21', NULL, '0'),
('73', '42', '44', '26', 'CRV044/2017', '2017-08-19', '370000', '0', '0', '2', '39', NULL, '0'),
('74', '42', '45', '26', 'CRV045/2017', '2017-08-19', '325000', '0', '0', '2', '14', NULL, '0'),
('75', '42', '46', '26', 'CRV046/2017', '2017-08-19', '606200', '0', '0', '2', '12', NULL, '0'),
('76', '41', '30', '26', 'CPV028/2017', '2017-08-18', '-885', '0', '0', '0', NULL, NULL, '0'),
('77', '42', '47', '26', 'CRV047/2017', '2017-08-19', '100000', '0', '0', '2', '19', NULL, '0'),
('78', '42', '48', '26', 'CRV048/2017', '2017-08-19', '112000', '0', '0', '2', '32', NULL, '0'),
('79', '42', '49', '26', 'CRV049/2017', '2017-08-19', '700000', '0', '0', '2', '11', NULL, '0'),
('80', '42', '50', '26', 'CRV050/2017', '2017-08-19', '150000', '0', '0', '2', '32', NULL, '0'),
('81', '42', '51', '26', 'CRV051/2017', '2017-08-19', '31238', '0', '0', '2', '39', NULL, '0'),
('82', '41', '31', '26', 'CPV029/2017', '2017-08-19', '-1610000', '0', '0', '2', '26', NULL, '0'),
('83', '41', '32', '26', 'CPV030/2017', '2017-08-19', '-3000', '0', '0', '2', '37', NULL, '0'),
('84', '41', '33', '26', 'CPV031/2017', '2017-08-19', '-1993200', '0', '0', '2', '39', NULL, '0'),
('85', '41', '34', '26', 'CPV032/2017', '2017-08-19', '-11811', '0', '0', '0', NULL, NULL, '0'),
('86', '41', '35', '26', 'CPV033/2017', '2017-08-19', '-12427', '0', '0', '0', NULL, NULL, '0'),
('87', '41', '36', '26', 'CPV034/2017', '2017-08-19', '-4000', '0', '0', '3', '1', NULL, '0');

### Structure of table `0_bom` ###

DROP TABLE IF EXISTS `0_bom`;

CREATE TABLE `0_bom` (
  `id` int(11) NOT NULL AUTO_INCREMENT,
  `parent` char(20) COLLATE utf8_unicode_ci NOT NULL DEFAULT '',
  `component` char(20) COLLATE utf8_unicode_ci NOT NULL DEFAULT '',
  `workcentre_added` int(11) NOT NULL DEFAULT '0',
  `loc_code` char(5) COLLATE utf8_unicode_ci NOT NULL DEFAULT '',
  `quantity` double NOT NULL DEFAULT '1',
  PRIMARY KEY (`parent`,`component`,`workcentre_added`,`loc_code`),
  KEY `component` (`component`),
  KEY `id` (`id`),
  KEY `loc_code` (`loc_code`),
  KEY `parent` (`parent`,`loc_code`),
  KEY `workcentre_added` (`workcentre_added`)
) ENGINE=InnoDB DEFAULT CHARSET=utf8 COLLATE=utf8_unicode_ci ;

### Data of table `0_bom` ###


### Structure of table `0_budget_trans` ###

DROP TABLE IF EXISTS `0_budget_trans`;

CREATE TABLE `0_budget_trans` (
  `id` int(11) NOT NULL AUTO_INCREMENT,
  `tran_date` date NOT NULL DEFAULT '0000-00-00',
  `account` varchar(15) COLLATE utf8_unicode_ci NOT NULL DEFAULT '',
  `memo_` tinytext COLLATE utf8_unicode_ci NOT NULL,
  `amount` double NOT NULL DEFAULT '0',
  `dimension_id` int(11) DEFAULT '0',
  `dimension2_id` int(11) DEFAULT '0',
  PRIMARY KEY (`id`),
  KEY `Account` (`account`,`tran_date`,`dimension_id`,`dimension2_id`)
) ENGINE=InnoDB DEFAULT CHARSET=utf8 COLLATE=utf8_unicode_ci ;

### Data of table `0_budget_trans` ###


### Structure of table `0_chart_class` ###

DROP TABLE IF EXISTS `0_chart_class`;

CREATE TABLE `0_chart_class` (
  `cid` varchar(3) COLLATE utf8_unicode_ci NOT NULL,
  `class_name` varchar(60) COLLATE utf8_unicode_ci NOT NULL DEFAULT '',
  `ctype` tinyint(1) NOT NULL DEFAULT '0',
  `inactive` tinyint(1) NOT NULL DEFAULT '0',
  PRIMARY KEY (`cid`)
) ENGINE=InnoDB DEFAULT CHARSET=utf8 COLLATE=utf8_unicode_ci ;

### Data of table `0_chart_class` ###

INSERT INTO `0_chart_class` VALUES
('10', 'Assets', '1', '0'),
('20', 'Liabilities', '2', '0'),
('30', 'Capital', '3', '0'),
('40', 'Income', '4', '0'),
('50', 'Expenses', '6', '0');

### Structure of table `0_chart_master` ###

DROP TABLE IF EXISTS `0_chart_master`;

CREATE TABLE `0_chart_master` (
  `account_code` varchar(15) COLLATE utf8_unicode_ci NOT NULL DEFAULT '',
  `account_code2` varchar(15) COLLATE utf8_unicode_ci NOT NULL DEFAULT '',
  `account_name` varchar(60) COLLATE utf8_unicode_ci NOT NULL DEFAULT '',
  `account_type` varchar(10) COLLATE utf8_unicode_ci NOT NULL DEFAULT '0',
  `inactive` tinyint(1) NOT NULL DEFAULT '0',
  PRIMARY KEY (`account_code`),
  KEY `account_name` (`account_name`),
  KEY `accounts_by_type` (`account_type`,`account_code`)
) ENGINE=InnoDB DEFAULT CHARSET=utf8 COLLATE=utf8_unicode_ci ;

### Data of table `0_chart_master` ###

INSERT INTO `0_chart_master` VALUES
('10122', '10122', 'HBL 55', '1012', '0'),
('1013', '', 'HBL 55', '1012', '0'),
('1021', '', 'Inventory', '102', '0'),
('10211', '10211', 'SWA 138', '505', '0'),
('10212', '10212', 'LS 4155', '505', '0'),
('10213', '10213', 'LSA 7519', '505', '0'),
('10214', '10214', 'TTD 397', '505', '0'),
('10215', '10215', 'MNQ 5186', '505', '0'),
('10216', '10216', 'SA 2055', '505', '0'),
('10217', '10217', 'GA 1830', '505', '0'),
('10218', '10218', 'C 1955', '505', '0'),
('10219', '10219', 'TLC 1955', '505', '0'),
('10220', '10220', 'JQ 0166', '505', '0'),
('10221', '10221', 'JQ 0167', '505', '0'),
('1023', '', 'Stocks of Work In Progress', '503', '1'),
('1031', '', 'Office Furniture and Equipment', '103', '0'),
('1033', '', 'Vehicle', '103', '0'),
('1035', '1035', 'OPNING BALLANCE', '301', '0'),
('10411', '10411', 'ACCOUNT RECEIVABLE', '101', '0'),
('10412', '10412', 'PATTY CASH', '101', '0'),
('10413', '10413', 'ZULFIQAR ALI', '101', '0'),
('10414', '10414', 'IFTIKHAR AHMED', '101', '0'),
('10415', '10415', 'M ZUBAIR', '101', '0'),
('10416', '10416', 'OMER FAROOQ', '101', '0'),
('2011', '', 'Accounts Payable', '201', '0'),
('2012', '', 'INCENTIVE', '201', '0'),
('2013', '', 'GST Input', '101', '1'),
('2014', '', 'GST Output', '101', '1'),
('2021', '', 'Bank Loans', '202', '0'),
('2022', '', 'Loans from Shareholders', '202', '0'),
('3012', '3012.1', 'SHEAR CAPTAIL', '301', '0'),
('3021', '', 'Reserves and Surplus', '302', '0'),
('4011', '', 'Sales Revenue', '401', '0'),
('4021', '', 'Shipping and Handling', '402', '0'),
('4023', '', 'Foreign Exchange Gain', '101', '1'),
('4025', '', 'Discounts Given', '101', '1'),
('5011', '', 'Cost of Goods Sold - Retail', '501', '0'),
('5014', '', 'Purchase Price Variance', '101', '1'),
('5016', '', 'Discounts Received', '101', '1'),
('5017', '', 'Freight', '501', '0'),
('5030', '', 'Profit and Loss', '101', '1'),
('5036', '', 'Interest and Bank Charges', '101', '1');

### Structure of table `0_chart_types` ###

DROP TABLE IF EXISTS `0_chart_types`;

CREATE TABLE `0_chart_types` (
  `id` varchar(10) COLLATE utf8_unicode_ci NOT NULL,
  `name` varchar(60) COLLATE utf8_unicode_ci NOT NULL DEFAULT '',
  `class_id` varchar(3) COLLATE utf8_unicode_ci NOT NULL DEFAULT '',
  `parent` varchar(10) COLLATE utf8_unicode_ci NOT NULL DEFAULT '-1',
  `inactive` tinyint(1) NOT NULL DEFAULT '0',
  PRIMARY KEY (`id`),
  KEY `name` (`name`),
  KEY `class_id` (`class_id`)
) ENGINE=InnoDB DEFAULT CHARSET=utf8 COLLATE=utf8_unicode_ci ;

### Data of table `0_chart_types` ###

INSERT INTO `0_chart_types` VALUES
('101', 'Current Assets', '10', '', '0'),
('10111', 'Bank', '20', '1013', '0'),
('1012', 'Bank', '10', '101', '0'),
('10121', 'Bank', '20', '1012', '0'),
('1013', 'ACOUNT RECEABLE', '10', '101', '0'),
('102', 'Inventory Assets', '10', '', '0'),
('103', 'Fixed Assets', '10', '', '0'),
('104', 'CASH ACCOUNT', '10', '', '0'),
('201', 'Current Liabilities', '20', '', '0'),
('202', 'Long Term Liabilities', '20', '', '0'),
('301', 'Share Capital', '30', '', '0'),
('302', 'Retained Earnings', '30', '', '0'),
('401', 'Sales Revenue', '40', '', '0'),
('402', 'Other Revenue', '40', '', '0'),
('501', 'Cost of Goods Sold', '50', '', '0'),
('502', 'Payroll Expenses', '50', '', '0'),
('503', 'General &amp; Administrative Expenses', '50', '', '0'),
('505', 'VEHICLE EXP', '50', '', '0');

### Structure of table `0_comments` ###

DROP TABLE IF EXISTS `0_comments`;

CREATE TABLE `0_comments` (
  `type` int(11) NOT NULL DEFAULT '0',
  `id` int(11) NOT NULL DEFAULT '0',
  `date_` date DEFAULT '0000-00-00',
  `memo_` tinytext COLLATE utf8_unicode_ci,
  KEY `type_and_id` (`type`,`id`)
) ENGINE=InnoDB DEFAULT CHARSET=utf8 COLLATE=utf8_unicode_ci ;

### Data of table `0_comments` ###

INSERT INTO `0_comments` VALUES
('13', '6', '2017-08-16', '1830'),
('10', '6', '2017-08-16', '1830'),
('13', '7', '2017-08-15', 'OPENING BALANCE'),
('10', '7', '2017-08-15', 'OPENING BALANCE'),
('13', '8', '2017-08-15', 'OPENING BALANCE'),
('10', '8', '2017-08-15', 'OPENING BALANCE'),
('13', '9', '2017-08-15', 'OPENING BALANCE'),
('10', '9', '2017-08-15', 'OPENING BALANCE'),
('13', '11', '2017-08-15', 'OPENING BALANCE'),
('10', '11', '2017-08-15', 'OPENING BALANCE'),
('13', '12', '2017-08-15', 'OPENING BALANCE'),
('10', '12', '2017-08-15', 'OPENING BALANCE'),
('13', '13', '2017-08-15', 'OPENING BALANCE'),
('10', '13', '2017-08-15', 'OPENING BALANCE'),
('13', '15', '2017-08-15', 'OPENING BALANCE'),
('10', '15', '2017-08-15', 'OPENING BALANCE'),
('13', '16', '2017-08-15', 'OPENING BALANCE'),
('10', '16', '2017-08-15', 'OPENING BALANCE'),
('13', '17', '2017-08-15', 'OPENING BALANCE'),
('10', '17', '2017-08-15', 'OPENING BALANCE'),
('13', '18', '2017-08-15', 'OPENING BALANCE'),
('10', '18', '2017-08-15', 'OPENING BALANCE'),
('13', '19', '2017-08-15', 'OPENING BALANCE'),
('10', '19', '2017-08-15', 'OPENING BALANCE'),
('13', '21', '2017-08-15', 'OPENING BALANCE'),
('10', '21', '2017-08-15', 'OPENING BALANCE'),
('13', '22', '2017-08-15', 'OPENING BALANCE'),
('10', '22', '2017-08-15', 'OPENING BALANCE'),
('13', '23', '2017-08-15', 'OPENING BALANCE'),
('10', '23', '2017-08-15', 'OPENING BALANCE'),
('13', '25', '2017-08-15', 'OPENING BALANCE'),
('10', '25', '2017-08-15', 'OPENING BALANCE'),
('13', '26', '2017-08-15', 'OPENING BALANCE'),
('10', '26', '2017-08-15', 'OPENING BALANCE'),
('13', '27', '2017-08-15', 'OPENING BALANCE'),
('10', '27', '2017-08-15', 'OPENING BALANCE'),
('13', '28', '2017-08-15', 'OPENING BALANCE'),
('10', '28', '2017-08-15', 'OPENING BALANCE'),
('13', '29', '2017-08-15', 'OPENING BALANCE'),
('10', '29', '2017-08-15', 'OPENING BALANCE'),
('13', '30', '2017-08-15', 'OPENING BALANCE'),
('10', '30', '2017-08-15', 'OPENING BALANCE'),
('13', '32', '2017-08-15', 'OPENING BALANCE'),
('10', '32', '2017-08-15', 'OPENING BALANCE'),
('13', '33', '2017-08-15', 'OPENING BALANCE'),
('10', '33', '2017-08-15', 'OPENING BALANCE'),
('13', '35', '2017-08-15', 'OPENING BALANCE'),
('10', '35', '2017-08-15', 'OPENING BALANCE'),
('13', '36', '2017-08-15', 'OPENING BALANCE'),
('10', '36', '2017-08-15', 'OPENING BALANCE'),
('13', '37', '2017-08-15', 'OPENING BALANCE'),
('10', '37', '2017-08-15', 'OPENING BALANCE'),
('13', '38', '2017-08-15', 'OPENING BALANCE'),
('10', '38', '2017-08-15', 'OPENING BALANCE'),
('13', '39', '2017-08-15', 'OPENING BALANCE'),
('10', '39', '2017-08-15', 'OPENING BALANCE'),
('13', '40', '2017-08-15', 'OPENING BALANCE'),
('10', '40', '2017-08-15', 'OPENING BALANCE'),
('13', '41', '2017-08-15', 'OPENING BALANCE'),
('10', '41', '2017-08-15', 'OPENING BALANCE'),
('13', '42', '2017-08-15', 'OPENING BALANCE'),
('10', '42', '2017-08-15', 'OPENING BALANCE'),
('11', '5', '2017-08-15', 'OPENING BALANCE'),
('11', '6', '2017-08-15', 'OPENING BALANCE'),
('20', '5', '2017-08-15', 'OPENING BALANCE'),
('20', '6', '2017-08-15', 'OPENING BALANCE'),
('20', '7', '2017-08-15', 'OPENING BALANCE'),
('20', '8', '2017-08-15', 'OPENING BALANCE'),
('21', '1', '2017-08-15', 'ALTERNATIVE'),
('21', '2', '2017-08-15', 'ALTERNATIVE'),
('20', '9', '2017-08-15', 'ALTERNATIVE'),
('20', '10', '2017-08-15', 'STOCK DEPOT'),
('0', '1', '2017-08-15', 'SHARE CAPITAL'),
('0', '3', '2017-08-15', 'SHARE CAPITAL'),
('20', '11', '2017-08-17', 'ON WHEEL'),
('13', '43', '2017-08-17', '7519'),
('10', '43', '2017-08-17', '7519'),
('13', '44', '2017-08-17', '1830\n'),
('10', '44', '2017-08-17', '1830\n'),
('13', '45', '2017-08-17', '1830\n'),
('10', '45', '2017-08-17', '1830\n'),
('13', '46', '2017-08-17', '1830\n'),
('10', '46', '2017-08-17', '1830\n'),
('13', '47', '2017-08-17', '1830\n'),
('10', '47', '2017-08-17', '1830\n'),
('13', '48', '2017-08-17', '1830'),
('10', '48', '2017-08-17', '1830'),
('13', '49', '2017-08-17', '2055'),
('10', '49', '2017-08-17', '2055'),
('13', '50', '2017-08-17', '7519'),
('10', '50', '2017-08-17', '7519'),
('13', '51', '2017-08-17', '7519\n'),
('10', '51', '2017-08-17', '7519\n'),
('20', '12', '2017-08-17', 'ALTERNATIVE'),
('20', '13', '2017-08-18', 'C 540 HSD '),
('20', '14', '2017-08-18', 'C  540 HSD 22000'),
('20', '15', '2017-08-18', '0166 ON WHEEL HSD 1000'),
('20', '16', '2017-08-18', '4757 ON WHEEL PMG 30000'),
('20', '17', '2017-08-18', '0167 ON WHELL  PMG 15000'),
('13', '52', '2017-08-18', '0166'),
('10', '52', '2017-08-18', '0166'),
('13', '53', '2017-08-18', '0167'),
('10', '53', '2017-08-18', '0167'),
('13', '55', '2017-08-18', '0138'),
('10', '55', '2017-08-18', '0138'),
('13', '56', '2017-08-18', '138'),
('10', '56', '2017-08-18', '138'),
('13', '57', '2017-08-18', '0167'),
('10', '57', '2017-08-18', '0167'),
('13', '58', '2017-08-18', '0167'),
('10', '58', '2017-08-18', '0167'),
('13', '59', '2017-08-18', '0167D'),
('10', '59', '2017-08-18', '0167D'),
('13', '60', '2017-08-18', '0167  PMG 3000'),
('10', '60', '2017-08-18', '0167  PMG 3000'),
('13', '61', '2017-08-18', 'HSD 5000    5186'),
('10', '61', '2017-08-18', 'HSD 5000    5186'),
('13', '62', '2017-08-18', '5186    PMG 5000'),
('10', '62', '2017-08-18', '5186    PMG 5000'),
('13', '63', '2017-08-18', 'PMG 10000      1830 '),
('10', '63', '2017-08-18', 'PMG 10000      1830 '),
('42', '41', '2017-08-19', 'NET TO VEHARI SHELL'),
('42', '42', '2017-08-19', 'NET TO VEHARI SHELL'),
('42', '43', '2017-08-19', 'NET TO VEHARI SHELL'),
('42', '44', '2017-08-19', 'NET TO VEHARI SHELL'),
('42', '45', '2017-08-19', 'NET TO VEHARI SHELL'),
('42', '46', '2017-08-19', 'NET TO VEHARI SHELL'),
('42', '50', '2017-08-19', 'NET 2055'),
('42', '51', '2017-08-19', 'NET + HSD'),
('41', '31', '2017-08-19', 'HBL NET'),
('41', '33', '2017-08-19', 'NET'),
('41', '34', '2017-08-19', 'TOLL PLAZA + HSD'),
('20', '18', '2017-08-19', 'ON WHEEL'),
('20', '19', '2017-08-19', '0166'),
('20', '20', '2017-08-19', '0167'),
('20', '21', '2017-08-19', '4155 ON WHEEL 25000 PG'),
('20', '22', '2017-08-21', 'ON WHEEL 25000 HSD'),
('20', '23', '2017-08-19', 'ON WHEEL 25000 HSD'),
('20', '24', '2017-08-19', 'ON WHEEL 25000 HSD'),
('20', '25', '2017-08-19', 'ON WHEEL 25000 HSD'),
('13', '64', '2017-08-19', '2055  PMG 3000'),
('10', '64', '2017-08-19', '2055  PMG 3000'),
('13', '65', '2017-08-19', '5186 HSD 3000'),
('10', '65', '2017-08-19', '5186 HSD 3000'),
('13', '66', '2017-08-19', '4155 PMG 15000'),
('10', '66', '2017-08-19', '4155 PMG 15000'),
('13', '67', '2017-08-19', '5186 PMG 2000'),
('10', '67', '2017-08-19', '5186 PMG 2000'),
('13', '68', '2017-08-19', '5186 PM 2000'),
('10', '68', '2017-08-19', '5186 PM 2000'),
('13', '69', '2017-08-19', '4155 PMG 5000'),
('10', '69', '2017-08-19', '4155 PMG 5000'),
('13', '70', '2017-08-19', '397 PMG 2000'),
('10', '70', '2017-08-19', '397 PMG 2000'),
('13', '71', '2017-08-19', '0167 PMG 1000'),
('10', '71', '2017-08-19', '0167 PMG 1000'),
('20', '26', '2017-08-19', 'ON WHEEL 25000 HSD'),
('20', '27', '2017-08-19', 'ON WHEEL 25000 HSD');

### Structure of table `0_credit_status` ###

DROP TABLE IF EXISTS `0_credit_status`;

CREATE TABLE `0_credit_status` (
  `id` int(11) NOT NULL AUTO_INCREMENT,
  `reason_description` char(100) COLLATE utf8_unicode_ci NOT NULL DEFAULT '',
  `dissallow_invoices` tinyint(1) NOT NULL DEFAULT '0',
  `inactive` tinyint(1) NOT NULL DEFAULT '0',
  PRIMARY KEY (`id`),
  UNIQUE KEY `reason_description` (`reason_description`)
) ENGINE=InnoDB AUTO_INCREMENT=5 DEFAULT CHARSET=utf8 COLLATE=utf8_unicode_ci ;

### Data of table `0_credit_status` ###

INSERT INTO `0_credit_status` VALUES
('1', 'Good History', '0', '0'),
('3', 'No more work until payment received', '1', '0'),
('4', 'In liquidation', '1', '0');

### Structure of table `0_crm_categories` ###

DROP TABLE IF EXISTS `0_crm_categories`;

CREATE TABLE `0_crm_categories` (
  `id` int(11) NOT NULL AUTO_INCREMENT COMMENT 'pure technical key',
  `type` varchar(20) COLLATE utf8_unicode_ci NOT NULL COMMENT 'contact type e.g. customer',
  `action` varchar(20) COLLATE utf8_unicode_ci NOT NULL COMMENT 'detailed usage e.g. department',
  `name` varchar(30) COLLATE utf8_unicode_ci NOT NULL COMMENT 'for category selector',
  `description` tinytext COLLATE utf8_unicode_ci NOT NULL COMMENT 'usage description',
  `system` tinyint(1) NOT NULL DEFAULT '0' COMMENT 'nonzero for core system usage',
  `inactive` tinyint(1) NOT NULL DEFAULT '0',
  PRIMARY KEY (`id`),
  UNIQUE KEY `type` (`type`,`action`),
  UNIQUE KEY `type_2` (`type`,`name`)
) ENGINE=InnoDB AUTO_INCREMENT=13 DEFAULT CHARSET=utf8 COLLATE=utf8_unicode_ci ;

### Data of table `0_crm_categories` ###

INSERT INTO `0_crm_categories` VALUES
('1', 'cust_branch', 'general', 'General', 'General contact data for customer branch (overrides company setting)', '1', '0'),
('2', 'cust_branch', 'invoice', 'Invoices', 'Invoice posting (overrides company setting)', '1', '0'),
('3', 'cust_branch', 'order', 'Orders', 'Order confirmation (overrides company setting)', '1', '0'),
('4', 'cust_branch', 'delivery', 'Deliveries', 'Delivery coordination (overrides company setting)', '1', '0'),
('5', 'customer', 'general', 'General', 'General contact data for customer', '1', '0'),
('6', 'customer', 'order', 'Orders', 'Order confirmation', '1', '0'),
('7', 'customer', 'delivery', 'Deliveries', 'Delivery coordination', '1', '0'),
('8', 'customer', 'invoice', 'Invoices', 'Invoice posting', '1', '0'),
('9', 'supplier', 'general', 'General', 'General contact data for supplier', '1', '0'),
('10', 'supplier', 'order', 'Orders', 'Order confirmation', '1', '0'),
('11', 'supplier', 'delivery', 'Deliveries', 'Delivery coordination', '1', '0'),
('12', 'supplier', 'invoice', 'Invoices', 'Invoice posting', '1', '0');

### Structure of table `0_crm_contacts` ###

DROP TABLE IF EXISTS `0_crm_contacts`;

CREATE TABLE `0_crm_contacts` (
  `id` int(11) NOT NULL AUTO_INCREMENT,
  `person_id` int(11) NOT NULL DEFAULT '0' COMMENT 'foreign key to crm_contacts',
  `type` varchar(20) COLLATE utf8_unicode_ci NOT NULL COMMENT 'foreign key to crm_categories',
  `action` varchar(20) COLLATE utf8_unicode_ci NOT NULL COMMENT 'foreign key to crm_categories',
  `entity_id` varchar(11) COLLATE utf8_unicode_ci DEFAULT NULL COMMENT 'entity id in related class table',
  PRIMARY KEY (`id`),
  KEY `type` (`type`,`action`)
) ENGINE=InnoDB AUTO_INCREMENT=161 DEFAULT CHARSET=utf8 COLLATE=utf8_unicode_ci ;

### Data of table `0_crm_contacts` ###

INSERT INTO `0_crm_contacts` VALUES
('2', '1', 'customer', 'general', '1'),
('4', '2', 'customer', 'general', '2'),
('6', '3', 'customer', 'general', '3'),
('8', '4', 'customer', 'general', '4'),
('10', '5', 'customer', 'general', '5'),
('12', '6', 'customer', 'general', '6'),
('14', '7', 'customer', 'general', '7'),
('16', '8', 'customer', 'general', '8'),
('18', '9', 'customer', 'general', '9'),
('20', '10', 'customer', 'general', '10'),
('22', '11', 'customer', 'general', '11'),
('24', '12', 'customer', 'general', '12'),
('26', '13', 'customer', 'general', '13'),
('28', '14', 'customer', 'general', '14'),
('30', '15', 'customer', 'general', '15'),
('34', '17', 'customer', 'general', '17'),
('36', '18', 'customer', 'general', '18'),
('38', '19', 'customer', 'general', '19'),
('40', '20', 'customer', 'general', '20'),
('42', '21', 'customer', 'general', '21'),
('44', '22', 'customer', 'general', '22'),
('46', '23', 'customer', 'general', '23'),
('48', '24', 'customer', 'general', '24'),
('50', '25', 'customer', 'general', '25'),
('52', '26', 'customer', 'general', '26'),
('54', '27', 'customer', 'general', '27'),
('56', '28', 'customer', 'general', '28'),
('58', '29', 'customer', 'general', '29'),
('60', '30', 'customer', 'general', '30'),
('62', '31', 'customer', 'general', '31'),
('64', '32', 'customer', 'general', '32'),
('66', '33', 'customer', 'general', '33'),
('68', '34', 'customer', 'general', '34'),
('69', '35', 'supplier', 'general', '1'),
('70', '36', 'supplier', 'general', '2'),
('71', '37', 'supplier', 'general', '3'),
('72', '38', 'supplier', 'general', '4'),
('73', '39', 'supplier', 'general', '5'),
('74', '40', 'supplier', 'general', '6'),
('76', '41', 'customer', 'general', '35'),
('78', '42', 'customer', 'general', '36'),
('80', '43', 'customer', 'general', '37'),
('91', '52', 'customer', 'general', '39'),
('93', '53', 'customer', 'general', '40'),
('96', '55', 'supplier', 'general', '7'),
('98', '56', 'customer', 'general', '42'),
('100', '57', 'customer', 'general', '43'),
('102', '58', 'customer', 'general', '44'),
('104', '59', 'customer', 'general', '45'),
('106', '60', 'customer', 'general', '46'),
('108', '61', 'customer', 'general', '47'),
('110', '62', 'customer', 'general', '48'),
('111', '63', 'supplier', 'general', '8'),
('113', '64', 'customer', 'general', '49'),
('114', '65', 'cust_branch', 'general', '57'),
('115', '66', 'cust_branch', 'general', '58'),
('116', '67', 'cust_branch', 'general', '59'),
('117', '68', 'cust_branch', 'general', '60'),
('118', '69', 'cust_branch', 'general', '61'),
('119', '70', 'cust_branch', 'general', '62'),
('120', '71', 'cust_branch', 'general', '63'),
('121', '72', 'cust_branch', 'general', '64'),
('122', '73', 'cust_branch', 'general', '65'),
('123', '74', 'cust_branch', 'general', '66'),
('124', '75', 'cust_branch', 'general', '67'),
('125', '76', 'cust_branch', 'general', '68'),
('126', '77', 'cust_branch', 'general', '69'),
('127', '78', 'cust_branch', 'general', '70'),
('128', '79', 'cust_branch', 'general', '71'),
('129', '80', 'cust_branch', 'general', '72'),
('130', '81', 'cust_branch', 'general', '73'),
('131', '82', 'cust_branch', 'general', '74'),
('132', '83', 'cust_branch', 'general', '75'),
('133', '84', 'cust_branch', 'general', '76'),
('134', '85', 'cust_branch', 'general', '77'),
('135', '86', 'cust_branch', 'general', '78'),
('136', '87', 'cust_branch', 'general', '79'),
('137', '88', 'cust_branch', 'general', '80'),
('138', '89', 'cust_branch', 'general', '81'),
('139', '90', 'cust_branch', 'general', '82'),
('140', '91', 'cust_branch', 'general', '83'),
('141', '92', 'cust_branch', 'general', '84'),
('142', '93', 'cust_branch', 'general', '85'),
('143', '94', 'cust_branch', 'general', '86'),
('144', '95', 'cust_branch', 'general', '87'),
('145', '96', 'cust_branch', 'general', '88'),
('146', '97', 'cust_branch', 'general', '89'),
('148', '99', 'cust_branch', 'general', '91'),
('149', '100', 'cust_branch', 'general', '92'),
('150', '101', 'cust_branch', 'general', '93'),
('151', '102', 'cust_branch', 'general', '94'),
('152', '103', 'cust_branch', 'general', '95'),
('153', '104', 'cust_branch', 'general', '96'),
('154', '105', 'cust_branch', 'general', '97'),
('155', '106', 'cust_branch', 'general', '98'),
('156', '107', 'cust_branch', 'general', '99'),
('157', '108', 'cust_branch', 'general', '100'),
('158', '109', 'cust_branch', 'general', '101'),
('159', '110', 'cust_branch', 'general', '102'),
('160', '98', 'cust_branch', 'general', '90');

### Structure of table `0_crm_persons` ###

DROP TABLE IF EXISTS `0_crm_persons`;

CREATE TABLE `0_crm_persons` (
  `id` int(11) NOT NULL AUTO_INCREMENT,
  `ref` varchar(30) COLLATE utf8_unicode_ci NOT NULL,
  `name` varchar(60) COLLATE utf8_unicode_ci NOT NULL,
  `name2` varchar(60) COLLATE utf8_unicode_ci DEFAULT NULL,
  `address` tinytext COLLATE utf8_unicode_ci,
  `phone` varchar(30) COLLATE utf8_unicode_ci DEFAULT NULL,
  `phone2` varchar(30) COLLATE utf8_unicode_ci DEFAULT NULL,
  `fax` varchar(30) COLLATE utf8_unicode_ci DEFAULT NULL,
  `email` varchar(100) COLLATE utf8_unicode_ci DEFAULT NULL,
  `lang` char(5) COLLATE utf8_unicode_ci DEFAULT NULL,
  `notes` tinytext COLLATE utf8_unicode_ci NOT NULL,
  `inactive` tinyint(1) NOT NULL DEFAULT '0',
  PRIMARY KEY (`id`),
  KEY `ref` (`ref`)
) ENGINE=InnoDB AUTO_INCREMENT=111 DEFAULT CHARSET=utf8 COLLATE=utf8_unicode_ci ;

### Data of table `0_crm_persons` ###

INSERT INTO `0_crm_persons` VALUES
('1', 'ALTAF  HUSSAIN AGNCY', 'ALTAF  HUSSAIN AGNCY', NULL, 'POLL GARDAR', '03017936427', NULL, NULL, NULL, NULL, '', '0'),
('2', 'RANA AMJAD', 'RANA AMJAD', NULL, 'CHAK 567/EB ', '03026575867', NULL, NULL, NULL, NULL, '', '0'),
('3', 'AL MADINA  HOC', 'AL MADINA  HOC', NULL, 'KABIRWALA', NULL, NULL, NULL, NULL, NULL, '', '0'),
('4', 'Al BARKAT HOC', 'Al BARKAT HOC', NULL, 'GAIZA ABAD', NULL, NULL, NULL, NULL, NULL, '', '0'),
('5', 'Al HAJJ PS(HOC)', 'Al HAJJ PS(HOC)', NULL, 'DOKOTA', NULL, NULL, NULL, NULL, NULL, '', '0'),
('6', 'BAGHA HASILPUR', 'BAGHA HASILPUR', NULL, 'HASILPUR', NULL, NULL, NULL, NULL, NULL, '', '0'),
('7', 'HASSAIN SOHAIL', 'HASSAIN SOHAIL', NULL, 'PULL BAGAR', NULL, NULL, NULL, NULL, NULL, '', '0'),
('8', 'DEOL BROTHERS (HOC)', 'DEOL BROTHERS (HOC)', NULL, '9 DOHIYAN', NULL, NULL, NULL, NULL, NULL, '', '0'),
('9', 'RAFIQ PAKHIMOR  ', 'RAFIQ PAKHIMOR  ', NULL, 'PAKHIMOR', NULL, NULL, NULL, NULL, NULL, '', '0'),
('10', 'SALEEM P/S (HOC)', 'SALEEM P/S (HOC)', NULL, 'SAHOKA', NULL, NULL, NULL, NULL, NULL, '', '0'),
('11', 'SATLUJJ P/S', 'SATLUJJ P/S', NULL, 'LUDDEN', NULL, NULL, NULL, NULL, NULL, '', '0'),
('12', 'SARWAR P/S', 'SARWAR P/S', NULL, 'CHAK NO 50', NULL, NULL, NULL, NULL, NULL, '', '0'),
('13', 'SHOKAT SEHAR (PSO)', 'SHOKAT SEHAR (PSO)', NULL, 'SEHRAYA WALA ', NULL, NULL, NULL, NULL, NULL, '', '0'),
('14', 'SHRAFAT BAHTTI', 'SHRAFAT BAHTTI', NULL, '48 POLL', NULL, NULL, NULL, NULL, NULL, '', '0'),
('15', 'TAHIR IQBAL', 'TAHIR IQBAL', NULL, 'CHAK 159', NULL, NULL, NULL, NULL, NULL, '', '0'),
('16', 'ARBAN F/S', 'ARBAN F/S', NULL, 'BAHAWALPUR', NULL, NULL, NULL, NULL, NULL, '', '0'),
('17', 'ARBAN F/S', 'ARBAN F/S', NULL, 'BAHAWALPUR', NULL, NULL, NULL, NULL, NULL, '', '0'),
('18', 'ABAD UL REHAMAN', 'ABAD UL REHAMAN', NULL, 'MANA MOR', NULL, NULL, NULL, NULL, NULL, '', '0'),
('19', 'ABDUL JABBAR', 'ABDUL JABBAR', NULL, 'SHALLI GARBI', NULL, NULL, NULL, NULL, NULL, '', '0'),
('20', 'ABDUL LATIF KLASRA', 'ABDUL LATIF KLASRA', NULL, NULL, NULL, NULL, NULL, NULL, NULL, '', '0'),
('21', 'IRFAN BHAWALNAGER', 'IRFAN BHAWALNAGER', NULL, 'BHAWALNAGER', NULL, NULL, NULL, NULL, NULL, '', '0'),
('22', 'GULLAM YASEEN', 'GULLAM YASEEN', NULL, 'BAGH ARIYAN', NULL, NULL, NULL, NULL, NULL, '', '0'),
('23', 'FAZAL KHAN', 'FAZAL KHAN', NULL, 'SAIDIQA ABAD', NULL, NULL, NULL, NULL, NULL, '', '0'),
('24', 'QARI P/S', 'QARI P/S', NULL, 'JALAL PUR', NULL, NULL, NULL, NULL, NULL, '', '0'),
('25', 'FOJI OIL', 'FOJI OIL', NULL, 'KHAN PUR', NULL, NULL, NULL, NULL, NULL, '', '0'),
('26', 'ZAMINDARA  CO', 'ZAMINDARA  CO', NULL, 'VEHARI', NULL, NULL, NULL, NULL, NULL, '', '0'),
('27', 'KAZIM SHAH', 'KAZIM SHAH', NULL, NULL, NULL, NULL, NULL, NULL, NULL, '', '0'),
('28', 'LALAN WALA', 'LALAN WALA', NULL, 'BUREWALA', NULL, NULL, NULL, NULL, NULL, '', '0'),
('29', 'MAKHAN P/S', 'MAKHAN P/S', NULL, 'GAGOO', NULL, NULL, NULL, NULL, NULL, '', '0'),
('30', 'NAWAB KHAN', 'NAWAB KHAN', NULL, 'PULL GARDER', NULL, NULL, NULL, NULL, NULL, '', '0'),
('31', 'NABEEL AKBER', 'NABEEL AKBER', NULL, '37 PHATAK BUREWLA', NULL, NULL, NULL, NULL, NULL, '', '0'),
('32', 'NAWAB P/S JAMLAIRA', 'NAWAB P/S JAMLAIRA', NULL, 'JAMLAIRA', NULL, NULL, NULL, NULL, NULL, '', '0'),
('33', 'NAWAB SONS ', 'NAWAB SONS ', NULL, '35 MOR', NULL, NULL, NULL, NULL, NULL, '', '0'),
('34', 'WATOO P/S ', 'WATOO P/S ', NULL, NULL, NULL, NULL, NULL, NULL, NULL, '', '0'),
('35', 'SHELL PAKISTAN LIMITED', '', NULL, NULL, NULL, NULL, NULL, NULL, NULL, '', '0'),
('36', 'HORIZON OIL COMPANY', '', NULL, NULL, NULL, NULL, NULL, NULL, NULL, '', '0'),
('37', 'HAROONABAD', '', NULL, NULL, NULL, NULL, NULL, NULL, NULL, '', '0'),
('38', 'MUNIER CARRIAGE CO', '', NULL, NULL, NULL, NULL, NULL, NULL, NULL, '', '0'),
('39', 'HASCOL (SAIFULLAH)', '', NULL, NULL, NULL, NULL, NULL, NULL, NULL, '', '0'),
('40', 'BAKRI', '', NULL, NULL, NULL, NULL, NULL, NULL, NULL, '', '0'),
('41', 'HAFIZ PS', 'HAFIZ PS', NULL, '48 PULL', NULL, NULL, NULL, NULL, NULL, '', '0'),
('42', 'FRIENDS P/S', 'FRIENDS P/S', NULL, 'KHANEWAL', NULL, NULL, NULL, NULL, NULL, '', '0'),
('43', 'NADIR  P/S', 'NADIR  P/S', NULL, '35 CHAK', NULL, NULL, NULL, NULL, NULL, '', '0'),
('44', 'OPENING BALANCE', 'OPENING BALANCE', NULL, NULL, NULL, NULL, NULL, NULL, NULL, '', '0'),
('45', '', '', NULL, NULL, NULL, NULL, NULL, NULL, NULL, '', '0'),
('46', 'Main Branch', 'Main Branch', NULL, 'MANA MOR', NULL, NULL, NULL, NULL, NULL, '', '0'),
('47', '', '', NULL, NULL, NULL, NULL, NULL, NULL, NULL, '', '0'),
('48', '', '', NULL, NULL, NULL, NULL, NULL, NULL, NULL, '', '0'),
('49', '', '', NULL, NULL, NULL, NULL, NULL, NULL, NULL, '', '0'),
('50', '', '', NULL, NULL, NULL, NULL, NULL, NULL, NULL, '', '0'),
('51', '', '', NULL, NULL, NULL, NULL, NULL, NULL, NULL, '', '0'),
('52', 'VEHARI P/S', 'VEHARI P/S', NULL, 'V CHOCK VEHARI', NULL, NULL, NULL, NULL, NULL, '', '0'),
('53', 'Noman P/S', 'Noman P/S', NULL, 'Garrah Mor', '03000738016', NULL, NULL, NULL, NULL, '', '0'),
('54', 'ON WHEEL', 'ON WHEEL', NULL, 'VEHARI', NULL, NULL, NULL, NULL, NULL, '', '0'),
('55', 'ON WHEEL', '', NULL, NULL, NULL, NULL, NULL, NULL, NULL, '', '0'),
('56', 'DUBAI P/S', 'DUBAI P/S', NULL, 'DARANAWALA ', NULL, NULL, NULL, NULL, NULL, '', '0'),
('57', 'ABDUL GHAFFAR', 'ABDUL GHAFFAR', NULL, 'CHAK NO 553 ', NULL, NULL, NULL, NULL, NULL, '', '0'),
('58', 'Fiaz and Abid', 'Fiaz and Abid', NULL, 'chak no 228', NULL, NULL, NULL, NULL, NULL, '', '0'),
('59', 'Mailsi P/S', 'Mailsi P/S', NULL, 'Mailsi', NULL, NULL, NULL, NULL, NULL, '', '0'),
('60', 'AL_HAMMD  F/S', 'AL_HAMMD  F/S', NULL, 'BUREWALA', NULL, NULL, NULL, NULL, NULL, '', '0'),
('61', 'ALLAH BAHKSH', 'ALLAH BAHKSH', NULL, 'SUJJAH ABAD', NULL, NULL, NULL, NULL, NULL, '', '0'),
('62', 'AHMAD F/S', 'AHMAD F/S', NULL, 'LIAQUT PUR', NULL, NULL, NULL, NULL, NULL, '', '0'),
('63', 'Z SUSPENSE ACCOUNT', '', NULL, NULL, NULL, NULL, NULL, NULL, NULL, '', '0'),
('64', 'JAVAID FSD ', 'JAVAID  FAISLABAD', NULL, 'FAISLABAD', NULL, NULL, NULL, NULL, NULL, '', '0'),
('65', 'Main Branch', 'Main Branch', NULL, 'MANA MOR', NULL, NULL, NULL, NULL, NULL, '', '0'),
('66', 'Main Branch', 'Main Branch', NULL, 'CHAK NO 553 ', NULL, NULL, NULL, NULL, NULL, '', '0'),
('67', 'Main Branch', 'Main Branch', NULL, 'SHALLI GARBI', NULL, NULL, NULL, NULL, NULL, '', '0'),
('68', 'Main Branch', 'Main Branch', NULL, NULL, NULL, NULL, NULL, NULL, NULL, '', '0'),
('69', 'Main Branch', 'Main Branch', NULL, 'LIAQUT PUR', NULL, NULL, NULL, NULL, NULL, '', '0'),
('70', 'Main Branch', 'Main Branch', NULL, 'GAIZA ABAD', NULL, NULL, NULL, NULL, NULL, '', '0'),
('71', 'Main Branch', 'Main Branch', NULL, 'DOKOTA', NULL, NULL, NULL, NULL, NULL, '', '0'),
('72', 'Main Branch', 'Main Branch', NULL, 'KABIRWALA', NULL, NULL, NULL, NULL, NULL, '', '0'),
('73', 'Main Branch', 'Main Branch', NULL, 'BUREWALA', NULL, NULL, NULL, NULL, NULL, '', '0'),
('74', 'Main Branch', 'Main Branch', NULL, 'SUJJAH ABAD', NULL, NULL, NULL, NULL, NULL, '', '0'),
('75', 'Main Branch', 'Main Branch', NULL, 'POLL GARDAR', NULL, NULL, NULL, NULL, NULL, '', '0'),
('76', 'Main Branch', 'Main Branch', NULL, 'BAHAWALPUR', NULL, NULL, NULL, NULL, NULL, '', '0'),
('77', 'Main Branch', 'Main Branch', NULL, 'HASILPUR', NULL, NULL, NULL, NULL, NULL, '', '0'),
('78', 'Main Branch', 'Main Branch', NULL, '9 DOHIYAN', NULL, NULL, NULL, NULL, NULL, '', '0'),
('79', 'Main Branch', 'Main Branch', NULL, 'DARANAWALA ', NULL, NULL, NULL, NULL, NULL, '', '0'),
('80', 'Main Branch', 'Main Branch', NULL, 'SAIDIQA ABAD', NULL, NULL, NULL, NULL, NULL, '', '0'),
('81', 'Main Branch', 'Main Branch', NULL, 'chak no 228', NULL, NULL, NULL, NULL, NULL, '', '0'),
('82', 'Main Branch', 'Main Branch', NULL, 'KHAN PUR', NULL, NULL, NULL, NULL, NULL, '', '0'),
('83', 'Main Branch', 'Main Branch', NULL, 'KHANEWAL', NULL, NULL, NULL, NULL, NULL, '', '0'),
('84', 'Main Branch', 'Main Branch', NULL, 'BAGH ARIYAN', NULL, NULL, NULL, NULL, NULL, '', '0'),
('85', 'Main Branch', 'Main Branch', NULL, '48 PULL', NULL, NULL, NULL, NULL, NULL, '', '0'),
('86', 'Main Branch', 'Main Branch', NULL, 'PULL BAGAR', NULL, NULL, NULL, NULL, NULL, '', '0'),
('87', 'Main Branch', 'Main Branch', NULL, 'BHAWALNAGER', NULL, NULL, NULL, NULL, NULL, '', '0'),
('88', 'Main Branch', 'Main Branch', NULL, 'FAISLABAD', NULL, NULL, NULL, NULL, NULL, '', '0'),
('89', 'Main Branch', 'Main Branch', NULL, NULL, NULL, NULL, NULL, NULL, NULL, '', '0'),
('90', 'Main Branch', 'Main Branch', NULL, 'BUREWALA', NULL, NULL, NULL, NULL, NULL, '', '0'),
('91', 'Main Branch', 'Main Branch', NULL, 'Mailsi', NULL, NULL, NULL, NULL, NULL, '', '0'),
('92', 'Main Branch', 'Main Branch', NULL, 'GAGOO', NULL, NULL, NULL, NULL, NULL, '', '0'),
('93', 'Main Branch', 'Main Branch', NULL, '37 PHATAK BUREWLA', NULL, NULL, NULL, NULL, NULL, '', '0'),
('94', 'Main Branch', 'Main Branch', NULL, '35 CHAK', NULL, NULL, NULL, NULL, NULL, '', '0'),
('95', 'Main Branch', 'Main Branch', NULL, 'PULL GARDER', NULL, NULL, NULL, NULL, NULL, '', '0'),
('96', 'Main Branch', 'Main Branch', NULL, 'JAMLAIRA', NULL, NULL, NULL, NULL, NULL, '', '0'),
('97', 'Main Branch', 'Main Branch', NULL, '35 MOR', NULL, NULL, NULL, NULL, NULL, '', '0'),
('98', 'Main Branch', 'Main Branch', NULL, 'Garrah Mor', '0', '0', '0', '0', NULL, '0', '0'),
('99', 'Main Branch', 'Main Branch', NULL, 'JALAL PUR', NULL, NULL, NULL, NULL, NULL, '', '0'),
('100', 'Main Branch', 'Main Branch', NULL, 'PAKHIMOR', NULL, NULL, NULL, NULL, NULL, '', '0'),
('101', 'Main Branch', 'Main Branch', NULL, 'CHAK 567/EB ', NULL, NULL, NULL, NULL, NULL, '', '0'),
('102', 'Main Branch', 'Main Branch', NULL, 'SAHOKA', NULL, NULL, NULL, NULL, NULL, '', '0'),
('103', 'Main Branch', 'Main Branch', NULL, 'CHAK NO 50', NULL, NULL, NULL, NULL, NULL, '', '0'),
('104', 'Main Branch', 'Main Branch', NULL, 'LUDDEN', NULL, NULL, NULL, NULL, NULL, '', '0'),
('105', 'Main Branch', 'Main Branch', NULL, 'SEHRAYA WALA ', NULL, NULL, NULL, NULL, NULL, '', '0'),
('106', 'Main Branch', 'Main Branch', NULL, '48 POLL', NULL, NULL, NULL, NULL, NULL, '', '0'),
('107', 'Main Branch', 'Main Branch', NULL, 'CHAK 159', NULL, NULL, NULL, NULL, NULL, '', '0'),
('108', 'Main Branch', 'Main Branch', NULL, NULL, NULL, NULL, NULL, NULL, NULL, '', '0'),
('109', 'Main Branch', 'Main Branch', NULL, 'VEHARI', NULL, NULL, NULL, NULL, NULL, '', '0'),
('110', 'Main Branch', 'Main Branch', NULL, 'V CHOCK VEHARI', NULL, NULL, NULL, NULL, NULL, '', '0');

### Structure of table `0_currencies` ###

DROP TABLE IF EXISTS `0_currencies`;

CREATE TABLE `0_currencies` (
  `currency` varchar(60) COLLATE utf8_unicode_ci NOT NULL DEFAULT '',
  `curr_abrev` char(3) COLLATE utf8_unicode_ci NOT NULL DEFAULT '',
  `curr_symbol` varchar(10) COLLATE utf8_unicode_ci NOT NULL DEFAULT '',
  `country` varchar(100) COLLATE utf8_unicode_ci NOT NULL DEFAULT '',
  `hundreds_name` varchar(15) COLLATE utf8_unicode_ci NOT NULL DEFAULT '',
  `auto_update` tinyint(1) NOT NULL DEFAULT '1',
  `inactive` tinyint(1) NOT NULL DEFAULT '0',
  PRIMARY KEY (`curr_abrev`)
) ENGINE=InnoDB DEFAULT CHARSET=utf8 COLLATE=utf8_unicode_ci ;

### Data of table `0_currencies` ###

INSERT INTO `0_currencies` VALUES
('Pakistani Rupee', 'PKR', 'Rs.', 'Pakistan', 'Paisa', '0', '0'),
('US Dollars', 'USD', '$', 'United States', 'Cents', '0', '0');

### Structure of table `0_cust_allocations` ###

DROP TABLE IF EXISTS `0_cust_allocations`;

CREATE TABLE `0_cust_allocations` (
  `id` int(11) NOT NULL AUTO_INCREMENT,
  `person_id` int(11) DEFAULT NULL,
  `amt` double unsigned DEFAULT NULL,
  `date_alloc` date NOT NULL DEFAULT '0000-00-00',
  `trans_no_from` int(11) DEFAULT NULL,
  `trans_type_from` int(11) DEFAULT NULL,
  `trans_no_to` int(11) DEFAULT NULL,
  `trans_type_to` int(11) DEFAULT NULL,
  PRIMARY KEY (`id`),
  UNIQUE KEY `trans_type_from` (`person_id`,`trans_type_from`,`trans_no_from`,`trans_type_to`,`trans_no_to`),
  KEY `From` (`trans_type_from`,`trans_no_from`),
  KEY `To` (`trans_type_to`,`trans_no_to`)
) ENGINE=InnoDB DEFAULT CHARSET=utf8 COLLATE=utf8_unicode_ci ;

### Data of table `0_cust_allocations` ###


### Structure of table `0_cust_branch` ###

DROP TABLE IF EXISTS `0_cust_branch`;

CREATE TABLE `0_cust_branch` (
  `branch_code` int(11) NOT NULL AUTO_INCREMENT,
  `debtor_no` int(11) NOT NULL DEFAULT '0',
  `br_name` varchar(60) COLLATE utf8_unicode_ci NOT NULL DEFAULT '',
  `branch_ref` varchar(30) COLLATE utf8_unicode_ci NOT NULL DEFAULT '',
  `br_address` tinytext COLLATE utf8_unicode_ci NOT NULL,
  `area` int(11) DEFAULT NULL,
  `salesman` int(11) NOT NULL DEFAULT '0',
  `default_location` varchar(5) COLLATE utf8_unicode_ci NOT NULL DEFAULT '',
  `tax_group_id` int(11) DEFAULT NULL,
  `sales_account` varchar(15) COLLATE utf8_unicode_ci NOT NULL DEFAULT '',
  `sales_discount_account` varchar(15) COLLATE utf8_unicode_ci NOT NULL DEFAULT '',
  `receivables_account` varchar(15) COLLATE utf8_unicode_ci NOT NULL DEFAULT '',
  `payment_discount_account` varchar(15) COLLATE utf8_unicode_ci NOT NULL DEFAULT '',
  `default_ship_via` int(11) NOT NULL DEFAULT '1',
  `br_post_address` tinytext COLLATE utf8_unicode_ci NOT NULL,
  `group_no` int(11) NOT NULL DEFAULT '0',
  `notes` tinytext COLLATE utf8_unicode_ci NOT NULL,
  `bank_account` varchar(60) COLLATE utf8_unicode_ci DEFAULT NULL,
  `inactive` tinyint(1) NOT NULL DEFAULT '0',
  PRIMARY KEY (`branch_code`,`debtor_no`),
  KEY `branch_ref` (`branch_ref`),
  KEY `group_no` (`group_no`)
) ENGINE=InnoDB AUTO_INCREMENT=103 DEFAULT CHARSET=utf8 COLLATE=utf8_unicode_ci ;

### Data of table `0_cust_branch` ###

INSERT INTO `0_cust_branch` VALUES
('57', '18', 'ABAD UL REHAMAN', 'ABAD UL REHAMAN', 'MANA MOR', '1', '1', '20001', '1', '', '4025', '1013', '4025', '1', 'MANA MOR', '0', '', NULL, '0'),
('58', '43', 'ABDUL GHAFFAR', 'ABDUL GHAFFAR', 'CHAK NO 553 ', '1', '1', '20001', '1', '', '4025', '1013', '4025', '1', 'CHAK NO 553 ', '0', '', NULL, '0'),
('59', '19', 'ABDUL JABBAR', 'ABDUL JABBAR', 'SHALLI GARBI', '1', '1', '20001', '1', '', '4025', '1013', '4025', '1', 'SHALLI GARBI', '0', '', NULL, '0'),
('60', '20', 'ABDUL LATIF KLASRA', 'ABDUL LATIF KLASRA', '', '1', '1', '20001', '1', '', '4025', '1013', '4025', '1', '', '0', '', NULL, '0'),
('61', '48', 'AHMAD F/S', 'AHMAD F/S', 'LIAQUT PUR', '1', '1', '20001', '1', '', '4025', '1013', '4025', '1', 'LIAQUT PUR', '0', '', NULL, '0'),
('62', '4', 'Al BARKAT HOC', 'Al BARKAT HOC', 'GAIZA ABAD', '1', '1', '20001', '1', '', '4025', '1013', '4025', '1', 'GAIZA ABAD', '0', '', NULL, '0'),
('63', '5', 'Al HAJJ PS(HOC)', 'Al HAJJ PS(HOC)', 'DOKOTA', '1', '1', '20001', '1', '', '4025', '1013', '4025', '1', 'DOKOTA', '0', '', NULL, '0'),
('64', '3', 'AL MADINA  HOC', 'AL MADINA  HOC', 'KABIRWALA', '1', '1', '20001', '1', '', '4025', '1013', '4025', '1', 'KABIRWALA', '0', '', NULL, '0'),
('65', '46', 'AL_HAMMD  F/S', 'AL_HAMMD  F/S', 'BUREWALA', '1', '1', '20001', '1', '', '4025', '1013', '4025', '1', 'BUREWALA', '0', '', NULL, '0'),
('66', '47', 'ALLAH BAHKSH', 'ALLAH BAHKSH', 'SUJJAH ABAD', '1', '1', '20001', '1', '', '4025', '1013', '4025', '1', 'SUJJAH ABAD', '0', '', NULL, '0'),
('67', '1', 'ALTAF  HUSSAIN AGNCY', 'ALTAF  HUSSAIN AGNCY', 'POLL GARDAR', '1', '1', '20001', '1', '', '4025', '1013', '4025', '1', 'POLL GARDAR', '0', '', NULL, '0'),
('68', '17', 'ARBAN F/S', 'ARBAN F/S', 'BAHAWALPUR', '1', '1', '20001', '1', '', '4025', '1013', '4025', '1', 'BAHAWALPUR', '0', '', NULL, '0'),
('69', '6', 'BAGHA HASILPUR', 'BAGHA HASILPUR', 'HASILPUR', '1', '1', '20001', '1', '', '4025', '1013', '4025', '1', 'HASILPUR', '0', '', NULL, '0'),
('70', '8', 'DEOL BROTHERS (HOC)', 'DEOL BROTHERS (HOC)', '9 DOHIYAN', '1', '1', '20001', '1', '', '4025', '1013', '4025', '1', '9 DOHIYAN', '0', '', NULL, '0'),
('71', '42', 'DUBAI P/S', 'DUBAI P/S', 'DARANAWALA ', '1', '1', '20001', '1', '', '4025', '1013', '4025', '1', 'DARANAWALA ', '0', '', NULL, '0'),
('72', '23', 'FAZAL KHAN', 'FAZAL KHAN', 'SAIDIQA ABAD', '1', '1', '20001', '1', '', '4025', '1013', '4025', '1', 'SAIDIQA ABAD', '0', '', NULL, '0'),
('73', '44', 'FIAZ AND ABID', 'FIAZ AND ABID', 'chak no 228', '1', '1', '20001', '1', '', '4025', '1013', '4025', '1', 'chak no 228', '0', '', NULL, '0'),
('74', '25', 'FOJI OIL', 'FOJI OIL', 'KHAN PUR', '1', '1', '20001', '1', '', '4025', '1013', '4025', '1', 'KHAN PUR', '0', '', NULL, '0'),
('75', '36', 'FRIENDS P/S', 'FRIENDS P/S', 'KHANEWAL', '1', '1', '20001', '1', '', '4025', '1013', '4025', '1', 'KHANEWAL', '0', '', NULL, '0'),
('76', '22', 'GULLAM YASEEN', 'GULLAM YASEEN', 'BAGH ARIYAN', '1', '1', '20001', '1', '', '4025', '1013', '4025', '1', 'BAGH ARIYAN', '0', '', NULL, '0'),
('77', '35', 'HAFIZ PS', 'HAFIZ PS', '48 PULL', '1', '1', '20001', '1', '', '4025', '1013', '4025', '1', '48 PULL', '0', '', NULL, '0'),
('78', '7', 'HASSAIN SOHAIL', 'HASSAIN SOHAIL', 'PULL BAGAR', '1', '1', '20001', '1', '', '4025', '1013', '4025', '1', 'PULL BAGAR', '0', '', NULL, '0'),
('79', '21', 'IRFAN BHAWALNAGER', 'IRFAN BHAWALNAGER', 'BHAWALNAGER', '1', '1', '20001', '1', '', '4025', '1013', '4025', '1', 'BHAWALNAGER', '0', '', NULL, '0'),
('80', '49', 'JAVAID  FAISLABAD', 'JAVAID FSD ', 'FAISLABAD', '1', '1', '20001', '1', '', '4025', '1013', '4025', '1', 'FAISLABAD', '0', '', NULL, '0'),
('81', '27', 'KAZIM SHAH', 'KAZIM SHAH', '', '1', '1', '20001', '1', '', '4025', '1013', '4025', '1', '', '0', '', NULL, '0'),
('82', '28', 'LALAN WALA', 'LALAN WALA', 'BUREWALA', '1', '1', '20001', '1', '', '4025', '1013', '4025', '1', 'BUREWALA', '0', '', NULL, '0'),
('83', '45', 'MAILSI  P/S', 'MAILSI  P/S', 'Mailsi', '1', '1', '20001', '1', '', '4025', '1013', '4025', '1', 'Mailsi', '0', '', NULL, '0'),
('84', '29', 'MAKHAN P/S', 'MAKHAN P/S', 'GAGOO', '1', '1', '20001', '1', '', '4025', '1013', '4025', '1', 'GAGOO', '0', '', NULL, '0'),
('85', '31', 'NABEEL AKBER', 'NABEEL AKBER', '37 PHATAK BUREWLA', '1', '1', '20001', '2', '', '4025', '10411', '4025', '1', '37 PHATAK BUREWLA', '0', '', NULL, '0'),
('86', '37', 'NADIR  P/S', 'NADIR  P/S', '35 CHAK', '1', '1', '20001', '1', '', '4025', '1013', '4025', '1', '35 CHAK', '0', '', NULL, '0'),
('87', '30', 'NAWAB KHAN', 'NAWAB KHAN', 'PULL GARDER', '1', '1', '20001', '1', '', '4025', '1013', '4025', '1', 'PULL GARDER', '0', '', NULL, '0'),
('88', '32', 'NAWAB P/S JAMLAIRA', 'NAWAB P/S JAMLAIRA', 'JAMLAIRA', '1', '1', '20001', '1', '', '4025', '1013', '4025', '1', 'JAMLAIRA', '0', '', NULL, '0'),
('89', '33', 'NAWAB SONS ', 'NAWAB SONS ', '35 MOR', '1', '1', '20001', '1', '', '4025', '1013', '4025', '1', '35 MOR', '0', '', NULL, '0'),
('90', '40', 'NOMAN P/S', 'NOMAN P/S', 'Garrah Mor', '1', '1', '20001', '1', '', '4025', '1013', '4025', '1', 'Garrah Mor', '0', '', NULL, '0'),
('91', '24', 'QARI P/S', 'QARI P/S', 'JALAL PUR', '1', '1', '20001', '1', '', '4025', '1013', '4025', '1', 'JALAL PUR', '0', '', NULL, '0'),
('92', '9', 'RAFIQ PAKHIMOR  ', 'RAFIQ PAKHIMOR  ', 'PAKHIMOR', '1', '1', '20001', '1', '', '4025', '1013', '4025', '1', 'PAKHIMOR', '0', '', NULL, '0'),
('93', '2', 'RANA AMJAD', 'RANA AMJAD', 'CHAK 567/EB ', '1', '1', '20001', '1', '', '4025', '1013', '4025', '1', 'CHAK 567/EB ', '0', '', NULL, '0'),
('94', '10', 'SALEEM P/S (HOC)', 'SALEEM P/S (HOC)', 'SAHOKA', '1', '1', '20001', '1', '', '4025', '1013', '4025', '1', 'SAHOKA', '0', '', NULL, '0'),
('95', '12', 'SARWAR P/S', 'SARWAR P/S', 'CHAK NO 50', '1', '1', '20001', '1', '', '4025', '1013', '4025', '1', 'CHAK NO 50', '0', '', NULL, '0'),
('96', '11', 'SATLUJJ P/S', 'SATLUJJ P/S', 'LUDDEN', '1', '1', '20001', '1', '', '4025', '1013', '4025', '1', 'LUDDEN', '0', '', NULL, '0'),
('97', '13', 'SHOKAT SEHAR (PSO)', 'SHOKAT SEHAR (PSO)', 'SEHRAYA WALA ', '1', '1', '20001', '1', '', '4025', '1013', '4025', '1', 'SEHRAYA WALA ', '0', '', NULL, '0'),
('98', '14', 'SHRAFAT BAHTTI', 'SHRAFAT BAHTTI', '48 POLL', '1', '1', '20001', '1', '', '4025', '1013', '4025', '1', '48 POLL', '0', '', NULL, '0'),
('99', '15', 'TAHIR IQBAL', 'TAHIR IQBAL', 'CHAK 159', '1', '1', '20001', '1', '', '4025', '1013', '4025', '1', 'CHAK 159', '0', '', NULL, '0'),
('100', '34', 'WATOO P/S ', 'WATOO P/S ', '', '1', '1', '20001', '1', '', '4025', '1013', '4025', '1', '', '0', '', NULL, '0'),
('101', '26', 'ZAMINDARA  CO', 'ZAMINDARA  CO', 'VEHARI', '1', '1', '20001', '1', '', '4025', '1013', '4025', '1', 'VEHARI', '0', '', NULL, '0'),
('102', '39', 'VEHARI P/S', 'VEHARI P/S', 'V CHOCK VEHARI', '1', '1', '20002', '1', '', '4025', '10411', '4025', '1', 'V CHOCK VEHARI', '0', '', NULL, '0');

### Structure of table `0_dashboard_reminders` ###

DROP TABLE IF EXISTS `0_dashboard_reminders`;

CREATE TABLE `0_dashboard_reminders` (
  `id` int(11) NOT NULL AUTO_INCREMENT,
  `role_id` int(11) NOT NULL,
  `next_date` date NOT NULL,
  `description` text,
  `frequency` varchar(20) NOT NULL,
  `param` text,
  PRIMARY KEY (`id`)
) ENGINE=InnoDB DEFAULT CHARSET=utf8 ;

### Data of table `0_dashboard_reminders` ###


### Structure of table `0_dashboard_widgets` ###

DROP TABLE IF EXISTS `0_dashboard_widgets`;

CREATE TABLE `0_dashboard_widgets` (
  `id` int(11) NOT NULL AUTO_INCREMENT,
  `user_id` int(11) NOT NULL,
  `app` varchar(50) NOT NULL,
  `column_id` int(11) NOT NULL,
  `sort_no` int(11) NOT NULL,
  `collapsed` tinyint(1) NOT NULL,
  `widget` varchar(100) NOT NULL,
  `description` varchar(100) NOT NULL,
  `param` text,
  PRIMARY KEY (`id`)
) ENGINE=InnoDB AUTO_INCREMENT=40 DEFAULT CHARSET=utf8 ;

### Data of table `0_dashboard_widgets` ###

INSERT INTO `0_dashboard_widgets` VALUES
('1', '1', 'AP', '1', '1', '0', 'weeklysales', 'Top 10 Sales Weeks', '{&quot;top&quot;:&quot;10&quot;,&quot;orderby&quot;:&quot;Gross Sales&quot;,&quot;orderby_seq&quot;:&quot;desc&quot;,&quot;graph_type&quot;:&quot;Table&quot;,&quot;data_filter&quot;:&quot;dm.payment_terms = -1&quot;}'),
('2', '1', 'AP', '1', '0', '0', 'weeklysales', 'Weekly Sales', '{&quot;top&quot;:&quot;&quot;,&quot;orderby&quot;:&quot;Week End&quot;,&quot;orderby_seq&quot;:&quot;asc&quot;,&quot;graph_type&quot;:&quot;LineChart&quot;,&quot;data_filter&quot;:&quot;&quot;}'),
('3', '1', 'AP', '2', '1', '0', 'weeklysales', 'Lowest weeks sales', '{&quot;top&quot;:&quot;10&quot;,&quot;orderby&quot;:&quot;Gross Sales&quot;,&quot;orderby_seq&quot;:&quot;asc&quot;,&quot;graph_type&quot;:&quot;Table&quot;,&quot;data_filter&quot;:&quot;&quot;}'),
('6', '1', 'AP', '2', '0', '0', 'dailysales', 'Daily Sales', '{&quot;top&quot;:&quot;10&quot;,&quot;data_filter&quot;:&quot;dm.payment_terms = -1&quot;,&quot;graph_type&quot;:&quot;LineChart&quot;}'),
('7', '1', 'orders', '1', '0', '0', 'customers', 'Top 10 Customers', '{&quot;top&quot;:&quot;10&quot;,&quot;data_filter&quot;:&quot;&quot;,&quot;graph_type&quot;:&quot;Table&quot;}'),
('9', '1', 'orders', '1', '1', '0', 'salesinvoices', 'Overdue invoices', '{&quot;data_filter&quot;:&quot;&quot;}'),
('10', '1', 'AP', '1', '0', '0', 'suppliers', 'Top 10 Suppliers', '{&quot;top&quot;:&quot;&quot;,&quot;data_filter&quot;:&quot;&quot;,&quot;graph_type&quot;:&quot;Table&quot;}'),
('11', '1', 'AP', '2', '0', '0', 'suppliers', 'Top 10 Suppliers', '{&quot;top&quot;:&quot;&quot;,&quot;data_filter&quot;:&quot;&quot;,&quot;graph_type&quot;:&quot;ColumnChart&quot;}'),
('12', '1', 'GL', '2', '1', '0', 'glreturn', 'Return', '{&quot;graph_type&quot;:&quot;Table&quot;,&quot;data_filter&quot;:&quot;&quot;}'),
('13', '1', 'GL', '2', '0', '0', 'glreturn', 'Return', '{&quot;graph_type&quot;:&quot;PieChart&quot;,&quot;data_filter&quot;:&quot;&quot;}'),
('14', '1', 'stock', '1', '0', '0', 'items', 'Top 10 Items', '{&quot;top&quot;:&quot;&quot;,&quot;item_type&quot;:&quot;stock&quot;,&quot;graph_type&quot;:&quot;Table&quot;,&quot;data_filter&quot;:&quot;&quot;}'),
('15', '1', 'stock', '2', '0', '0', 'items', 'Top 10 Items', '{&quot;top&quot;:&quot;&quot;,&quot;item_type&quot;:&quot;stock&quot;,&quot;graph_type&quot;:&quot;PieChart&quot;,&quot;data_filter&quot;:&quot;&quot;}'),
('16', '1', 'manuf', '1', '0', '0', 'items', 'Top 10 items', '{&quot;top&quot;:&quot;&quot;,&quot;item_type&quot;:&quot;manuf&quot;,&quot;graph_type&quot;:&quot;Table&quot;,&quot;data_filter&quot;:&quot;&quot;}'),
('17', '1', 'manuf', '2', '0', '0', 'items', 'Top 10 Items', '{&quot;top&quot;:&quot;&quot;,&quot;item_type&quot;:&quot;manuf&quot;,&quot;graph_type&quot;:&quot;PieChart&quot;,&quot;data_filter&quot;:&quot;&quot;}'),
('18', '1', 'orders', '2', '0', '0', 'customers', 'Top 10 Customers', '{&quot;top&quot;:&quot;&quot;,&quot;data_filter&quot;:&quot;&quot;,&quot;graph_type&quot;:&quot;ColumnChart&quot;}'),
('19', '1', 'GL', '2', '2', '0', 'bankbalances', 'Bank Balances', '{&quot;data_filter&quot;:&quot;&quot;}'),
('20', '1', 'GL', '1', '1', '0', 'dailybankbalances', 'Daily Current Account Balance', '{&quot;days_past&quot;:&quot;&quot;,&quot;days_future&quot;:&quot;&quot;,&quot;bank_act&quot;:&quot;0&quot;,&quot;graph_type&quot;:&quot;ColumnChart&quot;}'),
('21', '1', 'GL', '1', '0', '0', 'banktransactions', 'Current Account Transactions', '{&quot;days_past&quot;:&quot;15&quot;,&quot;days_future&quot;:&quot;15&quot;,&quot;bank_act&quot;:&quot;0&quot;,&quot;data_filter&quot;:&quot;&quot;}'),
('22', '2', 'AP', '1', '1', '0', 'weeklysales', 'Top 10 Sales Weeks', '{&quot;top&quot;:&quot;10&quot;,&quot;orderby&quot;:&quot;Gross Sales&quot;,&quot;orderby_seq&quot;:&quot;desc&quot;,&quot;graph_type&quot;:&quot;Table&quot;,&quot;data_filter&quot;:&quot;dm.payment_terms = -1&quot;}'),
('23', '2', 'AP', '1', '0', '0', 'weeklysales', 'Weekly Sales', '{&quot;top&quot;:&quot;&quot;,&quot;orderby&quot;:&quot;Week End&quot;,&quot;orderby_seq&quot;:&quot;asc&quot;,&quot;graph_type&quot;:&quot;LineChart&quot;,&quot;data_filter&quot;:&quot;&quot;}'),
('24', '2', 'AP', '2', '1', '0', 'weeklysales', 'Lowest weeks sales', '{&quot;top&quot;:&quot;10&quot;,&quot;orderby&quot;:&quot;Gross Sales&quot;,&quot;orderby_seq&quot;:&quot;asc&quot;,&quot;graph_type&quot;:&quot;Table&quot;,&quot;data_filter&quot;:&quot;&quot;}'),
('25', '2', 'AP', '2', '0', '0', 'dailysales', 'Daily Sales', '{&quot;top&quot;:&quot;10&quot;,&quot;data_filter&quot;:&quot;dm.payment_terms = -1&quot;,&quot;graph_type&quot;:&quot;LineChart&quot;}'),
('26', '2', 'orders', '1', '0', '0', 'customers', 'Top 10 Customers', '{&quot;top&quot;:&quot;10&quot;,&quot;data_filter&quot;:&quot;&quot;,&quot;graph_type&quot;:&quot;Table&quot;}'),
('27', '2', 'orders', '1', '1', '0', 'salesinvoices', 'Overdue invoices', '{&quot;data_filter&quot;:&quot;&quot;}'),
('28', '2', 'AP', '1', '0', '0', 'suppliers', 'Top 10 Suppliers', '{&quot;top&quot;:&quot;&quot;,&quot;data_filter&quot;:&quot;&quot;,&quot;graph_type&quot;:&quot;Table&quot;}'),
('29', '2', 'AP', '2', '0', '0', 'suppliers', 'Top 10 Suppliers', '{&quot;top&quot;:&quot;&quot;,&quot;data_filter&quot;:&quot;&quot;,&quot;graph_type&quot;:&quot;ColumnChart&quot;}'),
('30', '2', 'GL', '2', '1', '0', 'glreturn', 'Return', '{&quot;graph_type&quot;:&quot;Table&quot;,&quot;data_filter&quot;:&quot;&quot;}'),
('31', '2', 'GL', '2', '0', '0', 'glreturn', 'Return', '{&quot;graph_type&quot;:&quot;PieChart&quot;,&quot;data_filter&quot;:&quot;&quot;}'),
('32', '2', 'stock', '1', '0', '0', 'items', 'Top 10 Items', '{&quot;top&quot;:&quot;&quot;,&quot;item_type&quot;:&quot;stock&quot;,&quot;graph_type&quot;:&quot;Table&quot;,&quot;data_filter&quot;:&quot;&quot;}'),
('33', '2', 'stock', '2', '0', '0', 'items', 'Top 10 Items', '{&quot;top&quot;:&quot;&quot;,&quot;item_type&quot;:&quot;stock&quot;,&quot;graph_type&quot;:&quot;PieChart&quot;,&quot;data_filter&quot;:&quot;&quot;}'),
('34', '2', 'manuf', '1', '0', '0', 'items', 'Top 10 items', '{&quot;top&quot;:&quot;&quot;,&quot;item_type&quot;:&quot;manuf&quot;,&quot;graph_type&quot;:&quot;Table&quot;,&quot;data_filter&quot;:&quot;&quot;}'),
('35', '2', 'manuf', '2', '0', '0', 'items', 'Top 10 Items', '{&quot;top&quot;:&quot;&quot;,&quot;item_type&quot;:&quot;manuf&quot;,&quot;graph_type&quot;:&quot;PieChart&quot;,&quot;data_filter&quot;:&quot;&quot;}'),
('36', '2', 'orders', '2', '0', '0', 'customers', 'Top 10 Customers', '{&quot;top&quot;:&quot;&quot;,&quot;data_filter&quot;:&quot;&quot;,&quot;graph_type&quot;:&quot;ColumnChart&quot;}'),
('37', '2', 'GL', '2', '2', '0', 'bankbalances', 'Bank Balances', '{&quot;data_filter&quot;:&quot;&quot;}'),
('38', '2', 'GL', '1', '1', '0', 'dailybankbalances', 'Daily Current Account Balance', '{&quot;days_past&quot;:&quot;&quot;,&quot;days_future&quot;:&quot;&quot;,&quot;bank_act&quot;:&quot;0&quot;,&quot;graph_type&quot;:&quot;ColumnChart&quot;}'),
('39', '2', 'GL', '1', '0', '0', 'banktransactions', 'Current Account Transactions', '{&quot;days_past&quot;:&quot;15&quot;,&quot;days_future&quot;:&quot;15&quot;,&quot;bank_act&quot;:&quot;0&quot;,&quot;data_filter&quot;:&quot;&quot;}');

### Structure of table `0_debtor_trans` ###

DROP TABLE IF EXISTS `0_debtor_trans`;

CREATE TABLE `0_debtor_trans` (
  `trans_no` int(11) unsigned NOT NULL DEFAULT '0',
  `type` smallint(6) unsigned NOT NULL DEFAULT '0',
  `version` tinyint(1) unsigned NOT NULL DEFAULT '0',
  `debtor_no` int(11) unsigned DEFAULT NULL,
  `branch_code` int(11) NOT NULL DEFAULT '-1',
  `tran_date` date NOT NULL DEFAULT '0000-00-00',
  `due_date` date NOT NULL DEFAULT '0000-00-00',
  `reference` varchar(60) COLLATE utf8_unicode_ci NOT NULL DEFAULT '',
  `tpe` int(11) NOT NULL DEFAULT '0',
  `order_` int(11) NOT NULL DEFAULT '0',
  `ov_amount` double NOT NULL DEFAULT '0',
  `ov_gst` double NOT NULL DEFAULT '0',
  `gst_wh` double NOT NULL,
  `ov_freight` double NOT NULL DEFAULT '0',
  `ov_freight_tax` double NOT NULL DEFAULT '0',
  `ov_discount` double NOT NULL DEFAULT '0',
  `alloc` double NOT NULL DEFAULT '0',
  `prep_amount` double NOT NULL DEFAULT '0',
  `rate` double NOT NULL DEFAULT '1',
  `ship_via` int(11) DEFAULT NULL,
  `dimension_id` int(11) NOT NULL DEFAULT '0',
  `dimension2_id` int(11) NOT NULL DEFAULT '0',
  `payment_terms` int(11) DEFAULT NULL,
  `tax_included` tinyint(1) unsigned NOT NULL DEFAULT '0',
  `supply_disc` int(11) NOT NULL,
  `service_disc` int(11) NOT NULL,
  `fbr_disc` int(11) NOT NULL,
  `srb_disc` int(11) NOT NULL,
  `write_back` int(11) NOT NULL,
  `supply_tax_id` int(11) NOT NULL,
  `service_tax_id` int(11) NOT NULL,
  `fbr_tax_id` int(11) NOT NULL,
  `srb_tax_id` int(11) NOT NULL,
  PRIMARY KEY (`type`,`trans_no`),
  KEY `debtor_no` (`debtor_no`,`branch_code`),
  KEY `tran_date` (`tran_date`),
  KEY `order_` (`order_`)
) ENGINE=InnoDB DEFAULT CHARSET=utf8 COLLATE=utf8_unicode_ci ;

### Data of table `0_debtor_trans` ###

INSERT INTO `0_debtor_trans` VALUES
('1', '10', '2', '39', '102', '2017-08-16', '2017-08-17', 'SI001/2017', '1', '1', '0', '0', '0', '0', '0', '0', '0', '0', '1', '1', '0', '0', '1', '1', '0', '0', '0', '0', '0', '0', '0', '0', '0'),
('2', '10', '0', '39', '102', '2017-08-16', '2017-08-17', 'SI002/2017', '1', '2', '535120', '0', '0', '0', '0', '0', '0', '0', '1', '1', '0', '0', '1', '1', '0', '0', '0', '0', '0', '0', '0', '0', '0'),
('3', '10', '0', '33', '89', '2017-08-16', '2017-08-17', 'SI003/2017', '1', '3', '135280', '0', '0', '0', '0', '0', '0', '0', '1', '1', '0', '0', '1', '1', '0', '0', '0', '0', '0', '0', '0', '0', '0'),
('4', '10', '0', '39', '102', '2017-08-16', '2017-08-17', 'SI004/2017', '1', '4', '124639.54', '0', '0', '0', '0', '0', '0', '0', '1', '1', '0', '0', '1', '1', '0', '0', '0', '0', '0', '0', '0', '0', '0'),
('5', '10', '0', '33', '89', '2017-08-16', '2017-08-17', 'SI005/2017', '1', '5', '227160', '0', '0', '0', '0', '0', '0', '0', '1', '1', '0', '0', '1', '1', '0', '0', '0', '0', '0', '0', '0', '0', '0'),
('6', '10', '0', '40', '90', '2017-08-16', '2017-08-17', 'SI006/2017', '1', '6', '337450', '0', '0', '0', '0', '0', '0', '0', '1', '1', '0', '0', '1', '1', '0', '0', '0', '0', '0', '0', '0', '0', '0'),
('7', '10', '0', '1', '67', '2017-08-15', '2017-08-19', 'SI007/2017', '1', '7', '222123', '0', '0', '0', '0', '0', '0', '0', '1', '1', '0', '0', '1', '1', '0', '0', '0', '0', '0', '0', '0', '0', '0'),
('8', '10', '0', '2', '93', '2017-08-15', '2017-08-16', 'SI008/2017', '1', '8', '158801', '0', '0', '0', '0', '0', '0', '0', '1', '1', '0', '0', '1', '1', '0', '0', '0', '0', '0', '0', '0', '0', '0'),
('9', '10', '0', '6', '69', '2017-08-15', '2017-08-16', 'SI009/2017', '1', '9', '50000', '0', '0', '0', '0', '0', '0', '0', '1', '1', '0', '0', '1', '1', '0', '0', '0', '0', '0', '0', '0', '0', '0'),
('10', '10', '0', '3', '64', '2017-08-15', '2017-08-16', 'SI010/2017', '1', '10', '450', '0', '0', '0', '0', '0', '0', '0', '1', '1', '0', '0', '1', '1', '0', '0', '0', '0', '0', '0', '0', '0', '0'),
('11', '10', '0', '4', '62', '2017-08-15', '2017-08-16', 'SI011/2017', '1', '11', '520920', '0', '0', '0', '0', '0', '0', '0', '1', '1', '0', '0', '1', '1', '0', '0', '0', '0', '0', '0', '0', '0', '0'),
('12', '10', '0', '5', '63', '2017-08-15', '2017-08-16', 'SI012/2017', '1', '12', '248120', '0', '0', '0', '0', '0', '0', '0', '1', '1', '0', '0', '1', '1', '0', '0', '0', '0', '0', '0', '0', '0', '0'),
('13', '10', '0', '35', '77', '2017-08-15', '2017-08-16', 'SI013/2017', '1', '13', '206156', '0', '0', '0', '0', '0', '0', '0', '1', '1', '0', '0', '1', '1', '0', '0', '0', '0', '0', '0', '0', '0', '0'),
('14', '10', '0', '7', '78', '2017-08-15', '2017-08-16', 'SI014/2017', '1', '14', '100', '0', '0', '0', '0', '0', '0', '0', '1', '1', '0', '0', '1', '1', '0', '0', '0', '0', '0', '0', '0', '0', '0'),
('15', '10', '0', '8', '70', '2017-08-15', '2017-08-16', 'SI015/2017', '1', '15', '828664', '0', '0', '0', '0', '0', '0', '0', '1', '1', '0', '0', '1', '1', '0', '0', '0', '0', '0', '0', '0', '0', '0'),
('16', '10', '0', '9', '92', '2017-08-15', '2017-08-16', 'SI016/2017', '1', '16', '7330', '0', '0', '0', '0', '0', '0', '0', '1', '1', '0', '0', '1', '1', '0', '0', '0', '0', '0', '0', '0', '0', '0'),
('17', '10', '0', '10', '94', '2017-08-15', '2017-08-16', 'SI017/2017', '1', '17', '132974', '0', '0', '0', '0', '0', '0', '0', '1', '1', '0', '0', '1', '1', '0', '0', '0', '0', '0', '0', '0', '0', '0'),
('18', '10', '0', '11', '96', '2017-08-15', '2017-08-16', 'SI018/2017', '1', '18', '2378808', '0', '0', '0', '0', '0', '0', '0', '1', '1', '0', '0', '1', '1', '0', '0', '0', '0', '0', '0', '0', '0', '0'),
('19', '10', '0', '48', '61', '2017-08-15', '2017-08-16', 'SI019/2017', '1', '19', '1450', '0', '0', '0', '0', '0', '0', '0', '1', '1', '0', '0', '1', '1', '0', '0', '0', '0', '0', '0', '0', '0', '0'),
('20', '10', '0', '13', '97', '2017-08-15', '2017-08-16', 'SI020/2017', '1', '20', '147080', '0', '0', '0', '0', '0', '0', '0', '1', '1', '0', '0', '1', '1', '0', '0', '0', '0', '0', '0', '0', '0', '0'),
('21', '10', '0', '14', '98', '2017-08-15', '2017-08-16', 'SI021/2017', '1', '21', '164610', '0', '0', '0', '0', '0', '0', '0', '1', '1', '0', '0', '1', '1', '0', '0', '0', '0', '0', '0', '0', '0', '0'),
('22', '10', '0', '15', '99', '2017-08-15', '2017-08-16', 'SI022/2017', '1', '22', '17860', '0', '0', '0', '0', '0', '0', '0', '1', '1', '0', '0', '1', '1', '0', '0', '0', '0', '0', '0', '0', '0', '0'),
('23', '10', '0', '17', '68', '2017-08-15', '2017-08-16', 'SI023/2017', '1', '23', '7555', '0', '0', '0', '0', '0', '0', '0', '1', '1', '0', '0', '1', '1', '0', '0', '0', '0', '0', '0', '0', '0', '0'),
('24', '10', '0', '18', '57', '2017-08-15', '2017-08-16', 'SI024/2017', '1', '24', '715030', '0', '0', '0', '0', '0', '0', '0', '1', '1', '0', '0', '1', '1', '0', '0', '0', '0', '0', '0', '0', '0', '0'),
('25', '10', '0', '19', '59', '2017-08-15', '2017-08-16', 'SI025/2017', '1', '25', '260668', '0', '0', '0', '0', '0', '0', '0', '1', '1', '0', '0', '1', '1', '0', '0', '0', '0', '0', '0', '0', '0', '0'),
('26', '10', '0', '20', '60', '2017-08-15', '2017-08-16', 'SI026/2017', '1', '26', '1028400', '0', '0', '0', '0', '0', '0', '0', '1', '1', '0', '0', '1', '1', '0', '0', '0', '0', '0', '0', '0', '0', '0'),
('27', '10', '0', '21', '79', '2017-08-15', '2017-08-19', 'SI027/2017', '1', '27', '1051980', '0', '0', '0', '0', '0', '0', '0', '1', '1', '0', '0', '1', '1', '0', '0', '0', '0', '0', '0', '0', '0', '0'),
('28', '10', '0', '43', '58', '2017-08-15', '2017-08-16', 'SI028/2017', '1', '28', '76720', '0', '0', '0', '0', '0', '0', '0', '1', '1', '0', '0', '1', '1', '0', '0', '0', '0', '0', '0', '0', '0', '0'),
('29', '10', '0', '22', '76', '2017-08-15', '2017-08-16', 'SI029/2017', '1', '29', '230299', '0', '0', '0', '0', '0', '0', '0', '1', '1', '0', '0', '1', '1', '0', '0', '0', '0', '0', '0', '0', '0', '0'),
('30', '10', '0', '25', '74', '2017-08-15', '2017-08-16', 'SI030/2017', '1', '30', '75000', '0', '0', '0', '0', '0', '0', '0', '1', '1', '0', '0', '1', '1', '0', '0', '0', '0', '0', '0', '0', '0', '0'),
('31', '10', '0', '26', '101', '2017-08-15', '2017-08-16', 'SI031/2017', '1', '31', '72183618', '0', '0', '0', '0', '0', '0', '0', '1', '1', '0', '0', '1', '1', '0', '0', '0', '0', '0', '0', '0', '0', '0'),
('32', '10', '0', '28', '82', '2017-08-15', '2017-08-16', 'SI032/2017', '1', '32', '18978', '0', '0', '0', '0', '0', '0', '0', '1', '1', '0', '0', '1', '1', '0', '0', '0', '0', '0', '0', '0', '0', '0'),
('33', '10', '0', '27', '81', '2017-08-15', '2017-08-16', 'SI033/2017', '1', '33', '391426', '0', '0', '0', '0', '0', '0', '0', '1', '1', '0', '0', '1', '1', '0', '0', '0', '0', '0', '0', '0', '0', '0'),
('34', '10', '0', '45', '83', '2017-08-15', '2017-08-16', 'SI034/2017', '1', '34', '150', '0', '0', '0', '0', '0', '0', '0', '1', '1', '0', '0', '1', '1', '0', '0', '0', '0', '0', '0', '0', '0', '0'),
('35', '10', '0', '29', '84', '2017-08-15', '2017-08-16', 'SI035/2017', '1', '35', '60440', '0', '0', '0', '0', '0', '0', '0', '1', '1', '0', '0', '1', '1', '0', '0', '0', '0', '0', '0', '0', '0', '0'),
('36', '10', '0', '32', '88', '2017-08-15', '2017-08-16', 'SI036/2017', '1', '36', '365120', '0', '0', '0', '0', '0', '0', '0', '1', '1', '0', '0', '1', '1', '0', '0', '0', '0', '0', '0', '0', '0', '0'),
('37', '10', '0', '30', '87', '2017-08-15', '2017-08-16', 'SI037/2017', '1', '37', '7081', '0', '0', '0', '0', '0', '0', '0', '1', '1', '0', '0', '1', '1', '0', '0', '0', '0', '0', '0', '0', '0', '0'),
('38', '10', '0', '31', '85', '2017-08-15', '2017-08-16', 'SI038/2017', '1', '38', '18130', '0', '0', '0', '0', '0', '0', '0', '1', '1', '0', '0', '1', '1', '0', '0', '0', '0', '0', '0', '0', '0', '0'),
('39', '10', '0', '40', '90', '2017-08-15', '2017-08-16', 'SI039/2017', '1', '39', '379858', '0', '0', '0', '0', '0', '0', '0', '1', '1', '0', '0', '1', '1', '0', '0', '0', '0', '0', '0', '0', '0', '0'),
('40', '10', '0', '33', '89', '2017-08-15', '2017-08-16', 'SI040/2017', '1', '40', '321420', '0', '0', '0', '0', '0', '0', '0', '1', '1', '0', '0', '1', '1', '0', '0', '0', '0', '0', '0', '0', '0', '0'),
('41', '10', '0', '34', '100', '2017-08-15', '2017-08-16', 'SI041/2017', '1', '41', '509150', '0', '0', '0', '0', '0', '0', '0', '1', '1', '0', '0', '1', '1', '0', '0', '0', '0', '0', '0', '0', '0', '0'),
('42', '10', '0', '39', '102', '2017-08-15', '2017-08-16', 'SI042/2017', '1', '42', '174901', '0', '0', '0', '0', '0', '0', '0', '1', '1', '0', '0', '1', '1', '0', '0', '0', '0', '0', '0', '0', '0', '0'),
('43', '10', '0', '14', '98', '2017-08-17', '2017-08-18', 'SI043/2017', '1', '43', '378100', '0', '0', '0', '0', '0', '0', '0', '1', '1', '0', '0', '1', '1', '0', '0', '0', '0', '0', '0', '0', '0', '0'),
('44', '10', '0', '39', '102', '2017-08-17', '2017-08-18', 'SI044/2017', '1', '44', '133780', '0', '0', '0', '0', '0', '0', '0', '1', '1', '0', '0', '1', '1', '0', '0', '0', '0', '0', '0', '0', '0', '0'),
('45', '10', '0', '39', '102', '2017-08-17', '2017-08-18', 'SI045/2017', '1', '45', '300880', '0', '0', '0', '0', '0', '0', '0', '1', '1', '0', '0', '1', '1', '0', '0', '0', '0', '0', '0', '0', '0', '0'),
('46', '10', '0', '43', '58', '2017-08-17', '2017-08-18', 'SI046/2017', '1', '46', '68390', '0', '0', '0', '0', '0', '0', '0', '1', '1', '0', '0', '1', '1', '0', '0', '0', '0', '0', '0', '0', '0', '0'),
('47', '10', '0', '44', '73', '2017-08-17', '2017-08-18', 'SI047/2017', '1', '47', '135020', '0', '0', '10', '0', '0', '0', '0', '1', '1', '0', '0', '1', '1', '0', '0', '0', '0', '0', '0', '0', '0', '0'),
('48', '10', '0', '44', '73', '2017-08-17', '2017-08-18', 'SI048/2017', '1', '48', '76470', '0', '0', '0', '0', '0', '0', '0', '1', '1', '0', '0', '1', '1', '0', '0', '0', '0', '0', '0', '0', '0', '0'),
('49', '10', '0', '3', '64', '2017-08-17', '2017-08-18', 'SI049/2017', '1', '49', '341450', '0', '0', '0', '0', '0', '0', '0', '1', '1', '0', '0', '1', '1', '0', '0', '0', '0', '0', '0', '0', '0', '0'),
('50', '10', '0', '37', '86', '2017-08-17', '2017-08-18', 'SI050/2017', '1', '50', '202650', '0', '0', '20', '0', '0', '0', '0', '1', '1', '0', '0', '1', '1', '0', '0', '0', '0', '0', '0', '0', '0', '0'),
('51', '10', '0', '37', '86', '2017-08-17', '2017-08-18', 'SI051/2017', '1', '51', '378100', '0', '0', '0', '0', '0', '0', '0', '1', '1', '0', '0', '1', '1', '0', '0', '0', '0', '0', '0', '0', '0', '0'),
('52', '10', '0', '39', '102', '2017-08-18', '2017-08-19', 'SI052/2017', '1', '52', '75220', '0', '0', '0', '0', '0', '0', '0', '1', '1', '0', '0', '1', '1', '0', '0', '0', '0', '0', '0', '0', '0', '0'),
('53', '10', '0', '39', '102', '2017-08-18', '2017-08-19', 'SI053/2017', '1', '53', '668900', '0', '0', '0', '0', '0', '0', '0', '1', '1', '0', '0', '1', '1', '0', '0', '0', '0', '0', '0', '0', '0', '0'),
('54', '10', '0', '39', '102', '2017-08-18', '2017-08-19', 'SI054/2017', '1', '54', '376100', '0', '0', '0', '0', '0', '0', '0', '1', '1', '0', '0', '1', '1', '0', '0', '0', '0', '0', '0', '0', '0', '0'),
('55', '10', '0', '24', '91', '2017-08-18', '2017-08-19', 'SI055/2017', '1', '55', '758700', '0', '0', '0', '0', '0', '0', '0', '1', '1', '0', '0', '1', '1', '0', '0', '0', '0', '0', '0', '0', '0', '0'),
('56', '10', '0', '24', '91', '2017-08-18', '2017-08-19', 'SI056/2017', '1', '56', '1013100', '0', '0', '0', '0', '0', '0', '0', '1', '1', '0', '0', '1', '1', '0', '0', '0', '0', '0', '0', '0', '0', '0'),
('57', '10', '0', '35', '77', '2017-08-18', '2017-08-19', 'SI057/2017', '1', '57', '377600', '0', '0', '0', '0', '0', '0', '0', '1', '1', '0', '0', '1', '1', '0', '0', '0', '0', '0', '0', '0', '0', '0'),
('58', '10', '0', '35', '77', '2017-08-18', '2017-08-19', 'SI058/2017', '1', '58', '135280', '0', '0', '0', '0', '0', '0', '0', '1', '1', '0', '0', '1', '1', '0', '0', '0', '0', '0', '0', '0', '0', '0'),
('59', '10', '0', '40', '90', '2017-08-18', '2017-08-19', 'SI059/2017', '1', '59', '378100', '0', '0', '0', '0', '0', '0', '0', '1', '1', '0', '0', '1', '1', '0', '0', '0', '0', '0', '0', '0', '0', '0'),
('60', '10', '0', '40', '90', '2017-08-18', '2017-08-19', 'SI060/2017', '1', '62', '202670.1', '0', '0', '0', '0', '0', '0', '0', '1', '1', '0', '0', '1', '1', '0', '0', '0', '0', '0', '0', '0', '0', '0'),
('61', '10', '0', '5', '63', '2017-08-18', '2017-08-19', 'SI061/2017', '1', '63', '378600', '0', '0', '0', '0', '0', '0', '0', '1', '1', '0', '0', '1', '1', '0', '0', '0', '0', '0', '0', '0', '0', '0'),
('62', '10', '0', '5', '63', '2017-08-18', '2017-08-19', 'SI062/2017', '1', '64', '336950', '0', '0', '0', '0', '0', '0', '0', '1', '1', '0', '0', '1', '1', '0', '0', '0', '0', '0', '0', '0', '0', '0'),
('63', '10', '0', '21', '79', '2017-08-18', '2017-08-19', 'SI063/2017', '1', '65', '675400', '0', '0', '0', '0', '0', '0', '0', '1', '1', '0', '0', '1', '1', '0', '0', '0', '0', '0', '0', '0', '0', '0'),
('64', '10', '0', '32', '88', '2017-08-19', '2017-08-20', 'SI064/2017', '1', '66', '203670', '0', '0', '0', '0', '0', '0', '0', '1', '1', '0', '0', '1', '1', '0', '0', '0', '0', '0', '0', '0', '0', '0'),
('65', '10', '0', '19', '59', '2017-08-19', '2017-08-20', 'SI065/2017', '1', '67', '228660', '0', '0', '0', '0', '0', '0', '0', '1', '1', '0', '0', '1', '1', '0', '0', '0', '0', '0', '0', '0', '0', '0'),
('66', '10', '0', '11', '96', '2017-08-19', '2017-08-20', 'SI066/2017', '1', '68', '1013100', '0', '0', '0', '0', '0', '0', '0', '1', '1', '0', '0', '1', '1', '0', '0', '0', '0', '0', '0', '0', '0', '0'),
('67', '10', '2', '39', '102', '2017-08-19', '2017-08-20', 'SI067/2017', '1', '69', '0', '0', '0', '0', '0', '0', '0', '0', '1', '1', '0', '0', '1', '1', '0', '0', '0', '0', '0', '0', '0', '0', '0'),
('68', '10', '0', '19', '59', '2017-08-19', '2017-08-20', 'SI067/2017', '1', '70', '135780', '0', '0', '0', '0', '0', '0', '0', '1', '1', '0', '0', '1', '1', '0', '0', '0', '0', '0', '0', '0', '0', '0'),
('69', '10', '0', '39', '102', '2017-08-19', '2017-08-20', 'SI068/2017', '1', '71', '334450', '0', '0', '0', '0', '0', '0', '0', '1', '1', '0', '0', '1', '1', '0', '0', '0', '0', '0', '0', '0', '0', '0'),
('70', '10', '0', '8', '70', '2017-08-19', '2017-08-20', 'SI069/2017', '1', '72', '135280', '0', '0', '0', '0', '0', '0', '0', '1', '1', '0', '0', '1', '1', '0', '0', '0', '0', '0', '0', '0', '0', '0'),
('71', '10', '0', '39', '102', '2017-08-19', '2017-08-20', 'SI070/2017', '1', '73', '66890', '0', '0', '0', '0', '0', '0', '0', '1', '1', '0', '0', '1', '1', '0', '0', '0', '0', '0', '0', '0', '0', '0'),
('1', '11', '0', '12', '95', '2017-08-15', '0000-00-00', 'CCN001/2017', '1', '0', '10', '0', '0', '0', '0', '0', '10', '0', '1', '1', '0', '0', '1', '1', '0', '0', '0', '0', '0', '0', '0', '0', '0'),
('2', '11', '0', '47', '66', '2017-08-15', '0000-00-00', 'CCN002/2017', '1', '0', '43000', '0', '0', '0', '0', '0', '43000', '0', '1', '1', '0', '0', '1', '1', '0', '0', '0', '0', '0', '0', '0', '0', '0'),
('3', '11', '0', '23', '72', '2017-08-15', '0000-00-00', 'CCN003/2017', '1', '0', '729', '0', '0', '0', '0', '0', '729', '0', '1', '1', '0', '0', '1', '1', '0', '0', '0', '0', '0', '0', '0', '0', '0'),
('4', '11', '0', '36', '75', '2017-08-15', '0000-00-00', 'CCN004/2017', '1', '0', '2527274', '0', '0', '0', '0', '0', '2527274', '0', '1', '1', '0', '0', '1', '1', '0', '0', '0', '0', '0', '0', '0', '0', '0'),
('5', '11', '0', '24', '91', '2017-08-15', '0000-00-00', 'CCN005/2017', '1', '0', '337590', '0', '0', '0', '0', '0', '337590', '0', '1', '1', '0', '0', '1', '1', '0', '0', '0', '0', '0', '0', '0', '0', '0'),
('6', '11', '0', '37', '86', '2017-08-15', '0000-00-00', 'CCN006/2017', '1', '0', '194400', '0', '0', '0', '0', '0', '194400', '0', '1', '1', '0', '0', '1', '1', '0', '0', '0', '0', '0', '0', '0', '0', '0'),
('1', '13', '2', '39', '102', '2017-08-16', '2017-08-17', 'auto', '1', '1', '0', '0', '0', '0', '0', '0', '0', '0', '1', '1', '0', '0', '1', '1', '0', '0', '0', '0', '0', '0', '0', '0', '0'),
('2', '13', '1', '39', '102', '2017-08-16', '2017-08-17', 'auto', '1', '2', '535120', '0', '0', '0', '0', '0', '0', '0', '1', '1', '0', '0', '1', '1', '0', '0', '0', '0', '0', '0', '0', '0', '0'),
('3', '13', '1', '33', '89', '2017-08-16', '2017-08-17', 'auto', '1', '3', '135280', '0', '0', '0', '0', '0', '0', '0', '1', '1', '0', '0', '1', '1', '0', '0', '0', '0', '0', '0', '0', '0', '0'),
('4', '13', '1', '39', '102', '2017-08-16', '2017-08-17', 'auto', '1', '4', '124639.54', '0', '0', '0', '0', '0', '0', '0', '1', '1', '0', '0', '1', '1', '0', '0', '0', '0', '0', '0', '0', '0', '0'),
('5', '13', '1', '33', '89', '2017-08-16', '2017-08-17', 'auto', '1', '5', '227160', '0', '0', '0', '0', '0', '0', '0', '1', '1', '0', '0', '1', '1', '0', '0', '0', '0', '0', '0', '0', '0', '0'),
('6', '13', '1', '40', '90', '2017-08-16', '2017-08-17', 'auto', '1', '6', '337450', '0', '0', '0', '0', '0', '0', '0', '1', '1', '0', '0', '1', '1', '0', '0', '0', '0', '0', '0', '0', '0', '0'),
('7', '13', '1', '1', '67', '2017-08-15', '2017-08-19', 'auto', '1', '7', '222123', '0', '0', '0', '0', '0', '0', '0', '1', '1', '0', '0', '1', '1', '0', '0', '0', '0', '0', '0', '0', '0', '0'),
('8', '13', '1', '2', '93', '2017-08-15', '2017-08-16', 'auto', '1', '8', '158801', '0', '0', '0', '0', '0', '0', '0', '1', '1', '0', '0', '1', '1', '0', '0', '0', '0', '0', '0', '0', '0', '0'),
('9', '13', '1', '6', '69', '2017-08-15', '2017-08-16', 'auto', '1', '9', '50000', '0', '0', '0', '0', '0', '0', '0', '1', '1', '0', '0', '1', '1', '0', '0', '0', '0', '0', '0', '0', '0', '0'),
('10', '13', '1', '3', '64', '2017-08-15', '2017-08-16', 'auto', '1', '10', '450', '0', '0', '0', '0', '0', '0', '0', '1', '1', '0', '0', '1', '1', '0', '0', '0', '0', '0', '0', '0', '0', '0'),
('11', '13', '1', '4', '62', '2017-08-15', '2017-08-16', 'auto', '1', '11', '520920', '0', '0', '0', '0', '0', '0', '0', '1', '1', '0', '0', '1', '1', '0', '0', '0', '0', '0', '0', '0', '0', '0'),
('12', '13', '1', '5', '63', '2017-08-15', '2017-08-16', 'auto', '1', '12', '248120', '0', '0', '0', '0', '0', '0', '0', '1', '1', '0', '0', '1', '1', '0', '0', '0', '0', '0', '0', '0', '0', '0'),
('13', '13', '1', '35', '77', '2017-08-15', '2017-08-16', 'auto', '1', '13', '206156', '0', '0', '0', '0', '0', '0', '0', '1', '1', '0', '0', '1', '1', '0', '0', '0', '0', '0', '0', '0', '0', '0'),
('14', '13', '1', '7', '78', '2017-08-15', '2017-08-16', 'auto', '1', '14', '100', '0', '0', '0', '0', '0', '0', '0', '1', '1', '0', '0', '1', '1', '0', '0', '0', '0', '0', '0', '0', '0', '0'),
('15', '13', '1', '8', '70', '2017-08-15', '2017-08-16', 'auto', '1', '15', '828664', '0', '0', '0', '0', '0', '0', '0', '1', '1', '0', '0', '1', '1', '0', '0', '0', '0', '0', '0', '0', '0', '0'),
('16', '13', '1', '9', '92', '2017-08-15', '2017-08-16', 'auto', '1', '16', '7330', '0', '0', '0', '0', '0', '0', '0', '1', '1', '0', '0', '1', '1', '0', '0', '0', '0', '0', '0', '0', '0', '0'),
('17', '13', '1', '10', '94', '2017-08-15', '2017-08-16', 'auto', '1', '17', '132974', '0', '0', '0', '0', '0', '0', '0', '1', '1', '0', '0', '1', '1', '0', '0', '0', '0', '0', '0', '0', '0', '0'),
('18', '13', '1', '11', '96', '2017-08-15', '2017-08-16', 'auto', '1', '18', '2378808', '0', '0', '0', '0', '0', '0', '0', '1', '1', '0', '0', '1', '1', '0', '0', '0', '0', '0', '0', '0', '0', '0'),
('19', '13', '1', '48', '61', '2017-08-15', '2017-08-16', 'auto', '1', '19', '1450', '0', '0', '0', '0', '0', '0', '0', '1', '1', '0', '0', '1', '1', '0', '0', '0', '0', '0', '0', '0', '0', '0'),
('20', '13', '1', '13', '97', '2017-08-15', '2017-08-16', 'auto', '1', '20', '147080', '0', '0', '0', '0', '0', '0', '0', '1', '1', '0', '0', '1', '1', '0', '0', '0', '0', '0', '0', '0', '0', '0'),
('21', '13', '1', '14', '98', '2017-08-15', '2017-08-16', 'auto', '1', '21', '164610', '0', '0', '0', '0', '0', '0', '0', '1', '1', '0', '0', '1', '1', '0', '0', '0', '0', '0', '0', '0', '0', '0'),
('22', '13', '1', '15', '99', '2017-08-15', '2017-08-16', 'auto', '1', '22', '17860', '0', '0', '0', '0', '0', '0', '0', '1', '1', '0', '0', '1', '1', '0', '0', '0', '0', '0', '0', '0', '0', '0'),
('23', '13', '1', '17', '68', '2017-08-15', '2017-08-16', 'auto', '1', '23', '7555', '0', '0', '0', '0', '0', '0', '0', '1', '1', '0', '0', '1', '1', '0', '0', '0', '0', '0', '0', '0', '0', '0'),
('24', '13', '1', '18', '57', '2017-08-15', '2017-08-16', 'auto', '1', '24', '715030', '0', '0', '0', '0', '0', '0', '0', '1', '1', '0', '0', '1', '1', '0', '0', '0', '0', '0', '0', '0', '0', '0'),
('25', '13', '1', '19', '59', '2017-08-15', '2017-08-16', 'auto', '1', '25', '260668', '0', '0', '0', '0', '0', '0', '0', '1', '1', '0', '0', '1', '1', '0', '0', '0', '0', '0', '0', '0', '0', '0'),
('26', '13', '1', '20', '60', '2017-08-15', '2017-08-16', 'auto', '1', '26', '1028400', '0', '0', '0', '0', '0', '0', '0', '1', '1', '0', '0', '1', '1', '0', '0', '0', '0', '0', '0', '0', '0', '0'),
('27', '13', '1', '21', '79', '2017-08-15', '2017-08-19', 'auto', '1', '27', '1051980', '0', '0', '0', '0', '0', '0', '0', '1', '1', '0', '0', '1', '1', '0', '0', '0', '0', '0', '0', '0', '0', '0'),
('28', '13', '1', '43', '58', '2017-08-15', '2017-08-16', 'auto', '1', '28', '76720', '0', '0', '0', '0', '0', '0', '0', '1', '1', '0', '0', '1', '1', '0', '0', '0', '0', '0', '0', '0', '0', '0'),
('29', '13', '1', '22', '76', '2017-08-15', '2017-08-16', 'auto', '1', '29', '230299', '0', '0', '0', '0', '0', '0', '0', '1', '1', '0', '0', '1', '1', '0', '0', '0', '0', '0', '0', '0', '0', '0'),
('30', '13', '1', '25', '74', '2017-08-15', '2017-08-16', 'auto', '1', '30', '75000', '0', '0', '0', '0', '0', '0', '0', '1', '1', '0', '0', '1', '1', '0', '0', '0', '0', '0', '0', '0', '0', '0'),
('31', '13', '1', '26', '101', '2017-08-15', '2017-08-16', 'auto', '1', '31', '72183618', '0', '0', '0', '0', '0', '0', '0', '1', '1', '0', '0', '1', '1', '0', '0', '0', '0', '0', '0', '0', '0', '0'),
('32', '13', '1', '28', '82', '2017-08-15', '2017-08-16', 'auto', '1', '32', '18978', '0', '0', '0', '0', '0', '0', '0', '1', '1', '0', '0', '1', '1', '0', '0', '0', '0', '0', '0', '0', '0', '0'),
('33', '13', '1', '27', '81', '2017-08-15', '2017-08-16', 'auto', '1', '33', '391426', '0', '0', '0', '0', '0', '0', '0', '1', '1', '0', '0', '1', '1', '0', '0', '0', '0', '0', '0', '0', '0', '0'),
('34', '13', '1', '45', '83', '2017-08-15', '2017-08-16', 'auto', '1', '34', '150', '0', '0', '0', '0', '0', '0', '0', '1', '1', '0', '0', '1', '1', '0', '0', '0', '0', '0', '0', '0', '0', '0'),
('35', '13', '1', '29', '84', '2017-08-15', '2017-08-16', 'auto', '1', '35', '60440', '0', '0', '0', '0', '0', '0', '0', '1', '1', '0', '0', '1', '1', '0', '0', '0', '0', '0', '0', '0', '0', '0'),
('36', '13', '1', '32', '88', '2017-08-15', '2017-08-16', 'auto', '1', '36', '365120', '0', '0', '0', '0', '0', '0', '0', '1', '1', '0', '0', '1', '1', '0', '0', '0', '0', '0', '0', '0', '0', '0'),
('37', '13', '1', '30', '87', '2017-08-15', '2017-08-16', 'auto', '1', '37', '7081', '0', '0', '0', '0', '0', '0', '0', '1', '1', '0', '0', '1', '1', '0', '0', '0', '0', '0', '0', '0', '0', '0'),
('38', '13', '1', '31', '85', '2017-08-15', '2017-08-16', 'auto', '1', '38', '18130', '0', '0', '0', '0', '0', '0', '0', '1', '1', '0', '0', '1', '1', '0', '0', '0', '0', '0', '0', '0', '0', '0'),
('39', '13', '1', '40', '90', '2017-08-15', '2017-08-16', 'auto', '1', '39', '379858', '0', '0', '0', '0', '0', '0', '0', '1', '1', '0', '0', '1', '1', '0', '0', '0', '0', '0', '0', '0', '0', '0'),
('40', '13', '1', '33', '89', '2017-08-15', '2017-08-16', 'auto', '1', '40', '321420', '0', '0', '0', '0', '0', '0', '0', '1', '1', '0', '0', '1', '1', '0', '0', '0', '0', '0', '0', '0', '0', '0'),
('41', '13', '1', '34', '100', '2017-08-15', '2017-08-16', 'auto', '1', '41', '509150', '0', '0', '0', '0', '0', '0', '0', '1', '1', '0', '0', '1', '1', '0', '0', '0', '0', '0', '0', '0', '0', '0'),
('42', '13', '1', '39', '102', '2017-08-15', '2017-08-16', 'auto', '1', '42', '174901', '0', '0', '0', '0', '0', '0', '0', '1', '1', '0', '0', '1', '1', '0', '0', '0', '0', '0', '0', '0', '0', '0'),
('43', '13', '1', '14', '98', '2017-08-17', '2017-08-18', 'auto', '1', '43', '378100', '0', '0', '0', '0', '0', '0', '0', '1', '1', '0', '0', '1', '1', '0', '0', '0', '0', '0', '0', '0', '0', '0'),
('44', '13', '1', '39', '102', '2017-08-17', '2017-08-18', 'auto', '1', '44', '133780', '0', '0', '0', '0', '0', '0', '0', '1', '1', '0', '0', '1', '1', '0', '0', '0', '0', '0', '0', '0', '0', '0'),
('45', '13', '1', '39', '102', '2017-08-17', '2017-08-18', 'auto', '1', '45', '300880', '0', '0', '0', '0', '0', '0', '0', '1', '1', '0', '0', '1', '1', '0', '0', '0', '0', '0', '0', '0', '0', '0'),
('46', '13', '1', '43', '58', '2017-08-17', '2017-08-18', 'auto', '1', '46', '68390', '0', '0', '0', '0', '0', '0', '0', '1', '1', '0', '0', '1', '1', '0', '0', '0', '0', '0', '0', '0', '0', '0'),
('47', '13', '1', '44', '73', '2017-08-17', '2017-08-18', 'auto', '1', '47', '135020', '0', '0', '10', '0', '0', '0', '0', '1', '1', '0', '0', '1', '1', '0', '0', '0', '0', '0', '0', '0', '0', '0'),
('48', '13', '1', '44', '73', '2017-08-17', '2017-08-18', 'auto', '1', '48', '76470', '0', '0', '0', '0', '0', '0', '0', '1', '1', '0', '0', '1', '1', '0', '0', '0', '0', '0', '0', '0', '0', '0'),
('49', '13', '1', '3', '64', '2017-08-17', '2017-08-18', 'auto', '1', '49', '341450', '0', '0', '0', '0', '0', '0', '0', '1', '1', '0', '0', '1', '1', '0', '0', '0', '0', '0', '0', '0', '0', '0'),
('50', '13', '1', '37', '86', '2017-08-17', '2017-08-18', 'auto', '1', '50', '202650', '0', '0', '20', '0', '0', '0', '0', '1', '1', '0', '0', '1', '1', '0', '0', '0', '0', '0', '0', '0', '0', '0'),
('51', '13', '1', '37', '86', '2017-08-17', '2017-08-18', 'auto', '1', '51', '378100', '0', '0', '0', '0', '0', '0', '0', '1', '1', '0', '0', '1', '1', '0', '0', '0', '0', '0', '0', '0', '0', '0'),
('52', '13', '1', '39', '102', '2017-08-18', '2017-08-19', 'auto', '1', '52', '75220', '0', '0', '0', '0', '0', '0', '0', '1', '1', '0', '0', '1', '1', '0', '0', '0', '0', '0', '0', '0', '0', '0'),
('53', '13', '1', '39', '102', '2017-08-18', '2017-08-19', 'auto', '1', '53', '668900', '0', '0', '0', '0', '0', '0', '0', '1', '1', '0', '0', '1', '1', '0', '0', '0', '0', '0', '0', '0', '0', '0'),
('54', '13', '1', '39', '102', '2017-08-18', '2017-08-19', 'auto', '1', '54', '376100', '0', '0', '0', '0', '0', '0', '0', '1', '1', '0', '0', '1', '1', '0', '0', '0', '0', '0', '0', '0', '0', '0'),
('55', '13', '1', '24', '91', '2017-08-18', '2017-08-19', 'auto', '1', '55', '758700', '0', '0', '0', '0', '0', '0', '0', '1', '1', '0', '0', '1', '1', '0', '0', '0', '0', '0', '0', '0', '0', '0'),
('56', '13', '1', '24', '91', '2017-08-18', '2017-08-19', 'auto', '1', '56', '1013100', '0', '0', '0', '0', '0', '0', '0', '1', '1', '0', '0', '1', '1', '0', '0', '0', '0', '0', '0', '0', '0', '0'),
('57', '13', '1', '35', '77', '2017-08-18', '2017-08-19', 'auto', '1', '57', '377600', '0', '0', '0', '0', '0', '0', '0', '1', '1', '0', '0', '1', '1', '0', '0', '0', '0', '0', '0', '0', '0', '0'),
('58', '13', '1', '35', '77', '2017-08-18', '2017-08-19', 'auto', '1', '58', '135280', '0', '0', '0', '0', '0', '0', '0', '1', '1', '0', '0', '1', '1', '0', '0', '0', '0', '0', '0', '0', '0', '0'),
('59', '13', '1', '40', '90', '2017-08-18', '2017-08-19', 'auto', '1', '59', '378100', '0', '0', '0', '0', '0', '0', '0', '1', '1', '0', '0', '1', '1', '0', '0', '0', '0', '0', '0', '0', '0', '0'),
('60', '13', '1', '40', '90', '2017-08-18', '2017-08-19', 'auto', '1', '62', '202670.1', '0', '0', '0', '0', '0', '0', '0', '1', '1', '0', '0', '1', '1', '0', '0', '0', '0', '0', '0', '0', '0', '0'),
('61', '13', '1', '5', '63', '2017-08-18', '2017-08-19', 'auto', '1', '63', '378600', '0', '0', '0', '0', '0', '0', '0', '1', '1', '0', '0', '1', '1', '0', '0', '0', '0', '0', '0', '0', '0', '0'),
('62', '13', '1', '5', '63', '2017-08-18', '2017-08-19', 'auto', '1', '64', '336950', '0', '0', '0', '0', '0', '0', '0', '1', '1', '0', '0', '1', '1', '0', '0', '0', '0', '0', '0', '0', '0', '0'),
('63', '13', '1', '21', '79', '2017-08-18', '2017-08-19', 'auto', '1', '65', '675400', '0', '0', '0', '0', '0', '0', '0', '1', '1', '0', '0', '1', '1', '0', '0', '0', '0', '0', '0', '0', '0', '0'),
('64', '13', '1', '32', '88', '2017-08-19', '2017-08-20', 'auto', '1', '66', '203670', '0', '0', '0', '0', '0', '0', '0', '1', '1', '0', '0', '1', '1', '0', '0', '0', '0', '0', '0', '0', '0', '0'),
('65', '13', '1', '19', '59', '2017-08-19', '2017-08-20', 'auto', '1', '67', '228660', '0', '0', '0', '0', '0', '0', '0', '1', '1', '0', '0', '1', '1', '0', '0', '0', '0', '0', '0', '0', '0', '0'),
('66', '13', '1', '11', '96', '2017-08-19', '2017-08-20', 'auto', '1', '68', '1013100', '0', '0', '0', '0', '0', '0', '0', '1', '1', '0', '0', '1', '1', '0', '0', '0', '0', '0', '0', '0', '0', '0'),
('67', '13', '2', '39', '102', '2017-08-19', '2017-08-20', 'auto', '1', '69', '0', '0', '0', '0', '0', '0', '0', '0', '1', '1', '0', '0', '1', '1', '0', '0', '0', '0', '0', '0', '0', '0', '0'),
('68', '13', '1', '19', '59', '2017-08-19', '2017-08-20', 'auto', '1', '70', '135780', '0', '0', '0', '0', '0', '0', '0', '1', '1', '0', '0', '1', '1', '0', '0', '0', '0', '0', '0', '0', '0', '0'),
('69', '13', '1', '39', '102', '2017-08-19', '2017-08-20', 'auto', '1', '71', '334450', '0', '0', '0', '0', '0', '0', '0', '1', '1', '0', '0', '1', '1', '0', '0', '0', '0', '0', '0', '0', '0', '0'),
('70', '13', '1', '8', '70', '2017-08-19', '2017-08-20', 'auto', '1', '72', '135280', '0', '0', '0', '0', '0', '0', '0', '1', '1', '0', '0', '1', '1', '0', '0', '0', '0', '0', '0', '0', '0', '0'),
('71', '13', '1', '39', '102', '2017-08-19', '2017-08-20', 'auto', '1', '73', '66890', '0', '0', '0', '0', '0', '0', '0', '1', '1', '0', '0', '1', '1', '0', '0', '0', '0', '0', '0', '0', '0', '0'),
('1', '41', '0', '26', '101', '2017-08-16', '0000-00-00', 'CPV001/2017', '0', '0', '100000', '0', '0', '0', '0', '0', '0', '0', '1', '0', '0', '0', NULL, '0', '0', '0', '0', '0', '0', '0', '0', '0', '0'),
('2', '41', '0', '26', '101', '2017-08-16', '0000-00-00', 'CPV002/2017', '0', '0', '500000', '0', '0', '0', '0', '0', '0', '0', '1', '0', '0', '0', NULL, '0', '0', '0', '0', '0', '0', '0', '0', '0', '0'),
('3', '41', '0', '26', '101', '2017-08-16', '0000-00-00', 'CPV003/2017', '0', '0', '110000', '0', '0', '0', '0', '0', '0', '0', '1', '0', '0', '0', NULL, '0', '0', '0', '0', '0', '0', '0', '0', '0', '0'),
('4', '41', '1', '26', '101', '2017-08-16', '0000-00-00', 'CPV004/2017', '0', '0', '0', '0', '0', '0', '0', '0', '0', '0', '1', '0', '0', '0', NULL, '0', '0', '0', '0', '0', '0', '0', '0', '0', '0'),
('5', '41', '0', '36', '75', '2017-08-16', '0000-00-00', 'CPV005/2017', '0', '0', '2940301', '0', '0', '0', '0', '0', '0', '0', '1', '0', '0', '0', NULL, '0', '0', '0', '0', '0', '0', '0', '0', '0', '0'),
('7', '41', '0', '39', '102', '2017-08-16', '0000-00-00', 'CPV007/2017', '0', '0', '1587', '0', '0', '0', '0', '0', '0', '0', '1', '0', '0', '0', NULL, '0', '0', '0', '0', '0', '0', '0', '0', '0', '0'),
('9', '41', '0', '26', '101', '2017-08-16', '0000-00-00', 'CPV004/2017', '0', '0', '1490000', '0', '0', '0', '0', '0', '0', '0', '1', '0', '0', '0', NULL, '0', '0', '0', '0', '0', '0', '0', '0', '0', '0'),
('10', '41', '0', '26', '101', '2017-08-17', '0000-00-00', 'CPV009/2017', '0', '0', '520000', '0', '0', '0', '0', '0', '0', '0', '1', '0', '0', '0', NULL, '0', '0', '0', '0', '0', '0', '0', '0', '0', '0'),
('11', '41', '0', '26', '101', '2017-08-17', '0000-00-00', 'CPV010/2017', '0', '0', '900000', '0', '0', '0', '0', '0', '0', '0', '1', '0', '0', '0', NULL, '0', '0', '0', '0', '0', '0', '0', '0', '0', '0'),
('12', '41', '0', '26', '101', '2017-08-17', '0000-00-00', 'CPV011/2017', '0', '0', '250000', '0', '0', '0', '0', '0', '0', '0', '1', '0', '0', '0', NULL, '0', '0', '0', '0', '0', '0', '0', '0', '0', '0'),
('13', '41', '0', '26', '101', '2017-08-17', '0000-00-00', 'CPV012/2017', '0', '0', '180000', '0', '0', '0', '0', '0', '0', '0', '1', '0', '0', '0', NULL, '0', '0', '0', '0', '0', '0', '0', '0', '0', '0'),
('14', '41', '0', '26', '101', '2017-08-17', '0000-00-00', 'CPV013/2017', '0', '0', '130000', '0', '0', '0', '0', '0', '0', '0', '1', '0', '0', '0', NULL, '0', '0', '0', '0', '0', '0', '0', '0', '0', '0'),
('15', '41', '0', '26', '101', '2017-08-17', '0000-00-00', 'CPV014/2017', '0', '0', '1620000', '0', '0', '0', '0', '0', '0', '0', '1', '0', '0', '0', NULL, '0', '0', '0', '0', '0', '0', '0', '0', '0', '0'),
('16', '41', '0', '26', '101', '2017-08-17', '0000-00-00', 'CPV015/2017', '0', '0', '168017', '0', '0', '0', '0', '0', '0', '0', '1', '0', '0', '0', NULL, '0', '0', '0', '0', '0', '0', '0', '0', '0', '0'),
('21', '41', '0', '26', '101', '2017-08-18', '0000-00-00', 'CPV020/2017', '0', '0', '1590000', '0', '0', '0', '0', '0', '0', '0', '1', '0', '0', '0', NULL, '0', '0', '0', '0', '0', '0', '0', '0', '0', '0'),
('22', '41', '0', '26', '101', '2017-08-18', '0000-00-00', 'CPV021/2017', '0', '0', '1434100', '0', '0', '0', '0', '0', '0', '0', '1', '0', '0', '0', NULL, '0', '0', '0', '0', '0', '0', '0', '0', '0', '0'),
('23', '41', '0', '26', '101', '2017-08-18', '0000-00-00', 'CPV022/2017', '0', '0', '83000', '0', '0', '0', '0', '0', '0', '0', '1', '0', '0', '0', NULL, '0', '0', '0', '0', '0', '0', '0', '0', '0', '0'),
('24', '41', '0', '26', '101', '2017-08-18', '0000-00-00', 'CPV023/2017', '0', '0', '300000', '0', '0', '0', '0', '0', '0', '0', '1', '0', '0', '0', NULL, '0', '0', '0', '0', '0', '0', '0', '0', '0', '0'),
('25', '41', '0', '26', '101', '2017-08-18', '0000-00-00', 'CPV024/2017', '0', '0', '90000', '0', '0', '0', '0', '0', '0', '0', '1', '0', '0', '0', NULL, '0', '0', '0', '0', '0', '0', '0', '0', '0', '0'),
('26', '41', '0', '26', '101', '2017-08-18', '0000-00-00', 'CPV025/2017', '0', '0', '240000', '0', '0', '0', '0', '0', '0', '0', '1', '0', '0', '0', NULL, '0', '0', '0', '0', '0', '0', '0', '0', '0', '0'),
('31', '41', '0', '26', '101', '2017-08-19', '0000-00-00', 'CPV029/2017', '0', '0', '1610000', '0', '0', '0', '0', '0', '0', '0', '1', '0', '0', '0', NULL, '0', '0', '0', '0', '0', '0', '0', '0', '0', '0'),
('32', '41', '0', '37', '86', '2017-08-19', '0000-00-00', 'CPV030/2017', '0', '0', '3000', '0', '0', '0', '0', '0', '0', '0', '1', '0', '0', '0', NULL, '0', '0', '0', '0', '0', '0', '0', '0', '0', '0'),
('33', '41', '0', '39', '102', '2017-08-19', '0000-00-00', 'CPV031/2017', '0', '0', '1993200', '0', '0', '0', '0', '0', '0', '0', '1', '0', '0', '0', NULL, '0', '0', '0', '0', '0', '0', '0', '0', '0', '0'),
('1', '42', '0', '27', '81', '2017-08-16', '0000-00-00', 'CRV001/2017', '0', '0', '100000', '0', '0', '0', '0', '0', '0', '0', '1', '0', '0', '0', NULL, '0', '0', '0', '0', '0', '0', '0', '0', '0', '0'),
('2', '42', '0', '36', '75', '2017-08-16', '0000-00-00', 'CRV002/2017', '0', '0', '500000', '0', '0', '0', '0', '0', '0', '0', '1', '0', '0', '0', NULL, '0', '0', '0', '0', '0', '0', '0', '0', '0', '0'),
('3', '42', '0', '32', '88', '2017-08-16', '0000-00-00', 'CRV003/2017', '0', '0', '110000', '0', '0', '0', '0', '0', '0', '0', '1', '0', '0', '0', NULL, '0', '0', '0', '0', '0', '0', '0', '0', '0', '0'),
('4', '42', '0', '26', '101', '2017-08-16', '0000-00-00', 'CRV004/2017', '0', '0', '2940301', '0', '0', '0', '0', '0', '0', '0', '1', '0', '0', '0', NULL, '0', '0', '0', '0', '0', '0', '0', '0', '0', '0'),
('5', '42', '0', '33', '89', '2017-08-16', '0000-00-00', 'CRV005/2017', '0', '0', '116000', '0', '0', '0', '0', '0', '0', '0', '1', '0', '0', '0', NULL, '0', '0', '0', '0', '0', '0', '0', '0', '0', '0'),
('6', '42', '0', '34', '100', '2017-08-16', '0000-00-00', 'CRV006/2017', '0', '0', '270000', '0', '0', '0', '0', '0', '0', '0', '1', '0', '0', '0', NULL, '0', '0', '0', '0', '0', '0', '0', '0', '0', '0'),
('7', '42', '0', '43', '58', '2017-08-16', '0000-00-00', 'CRV007/2017', '0', '0', '76720', '0', '0', '0', '0', '0', '0', '0', '1', '0', '0', '0', NULL, '0', '0', '0', '0', '0', '0', '0', '0', '0', '0'),
('8', '42', '0', '4', '62', '2017-08-16', '0000-00-00', 'CRV008/2017', '0', '0', '350000', '0', '0', '0', '0', '0', '0', '0', '1', '0', '0', '0', NULL, '0', '0', '0', '0', '0', '0', '0', '0', '0', '0'),
('9', '42', '0', '44', '73', '2017-08-16', '0000-00-00', 'CRV009/2017', '0', '0', '169000', '0', '0', '0', '0', '0', '0', '0', '1', '0', '0', '0', NULL, '0', '0', '0', '0', '0', '0', '0', '0', '0', '0'),
('10', '42', '0', '14', '98', '2017-08-16', '0000-00-00', 'CRV010/2017', '0', '0', '275000', '0', '0', '0', '0', '0', '0', '0', '1', '0', '0', '0', NULL, '0', '0', '0', '0', '0', '0', '0', '0', '0', '0'),
('11', '42', '0', '8', '70', '2017-08-16', '0000-00-00', 'CRV011/2017', '0', '0', '200000', '0', '0', '0', '0', '0', '0', '0', '1', '0', '0', '0', NULL, '0', '0', '0', '0', '0', '0', '0', '0', '0', '0'),
('12', '42', '0', '39', '102', '2017-08-16', '0000-00-00', 'CRV012/2017', '0', '0', '33280', '0', '0', '0', '0', '0', '0', '0', '1', '0', '0', '0', NULL, '0', '0', '0', '0', '0', '0', '0', '0', '0', '0'),
('13', '42', '0', '39', '102', '2017-08-16', '0000-00-00', 'CRV013/2017', '0', '0', '19445', '0', '0', '0', '0', '0', '0', '0', '1', '0', '0', '0', NULL, '0', '0', '0', '0', '0', '0', '0', '0', '0', '0'),
('14', '42', '0', '21', '79', '2017-08-16', '0000-00-00', 'CRV014/2017', '0', '0', '1587', '0', '0', '0', '0', '0', '0', '0', '1', '0', '0', '0', NULL, '0', '0', '0', '0', '0', '0', '0', '0', '0', '0'),
('15', '42', '0', '21', '79', '2017-08-17', '0000-00-00', 'CRV015/2017', '0', '0', '520000', '0', '0', '0', '0', '0', '0', '0', '1', '0', '0', '0', NULL, '0', '0', '0', '0', '0', '0', '0', '0', '0', '0'),
('16', '42', '0', '11', '96', '2017-08-17', '0000-00-00', 'CRV016/2017', '0', '0', '900000', '0', '0', '0', '0', '0', '0', '0', '1', '0', '0', '0', NULL, '0', '0', '0', '0', '0', '0', '0', '0', '0', '0'),
('17', '42', '0', '19', '59', '2017-08-17', '0000-00-00', 'CRV017/2017', '0', '0', '130000', '0', '0', '0', '0', '0', '0', '0', '1', '0', '0', '0', NULL, '0', '0', '0', '0', '0', '0', '0', '0', '0', '0'),
('18', '42', '0', '18', '57', '2017-08-17', '0000-00-00', 'CRV018/2017', '0', '0', '250000', '0', '0', '0', '0', '0', '0', '0', '1', '0', '0', '0', NULL, '0', '0', '0', '0', '0', '0', '0', '0', '0', '0'),
('19', '42', '0', '32', '88', '2017-08-17', '0000-00-00', 'CRV019/2017', '0', '0', '180000', '0', '0', '0', '0', '0', '0', '0', '1', '0', '0', '0', NULL, '0', '0', '0', '0', '0', '0', '0', '0', '0', '0'),
('20', '42', '0', '39', '102', '2017-08-17', '0000-00-00', 'CRV020/2017', '0', '0', '168017', '0', '0', '0', '0', '0', '0', '0', '1', '0', '0', '0', NULL, '0', '0', '0', '0', '0', '0', '0', '0', '0', '0'),
('21', '42', '0', '39', '102', '2017-08-17', '0000-00-00', 'CRV021/2017', '0', '0', '864020', '0', '0', '0', '0', '0', '0', '0', '1', '0', '0', '0', NULL, '0', '0', '0', '0', '0', '0', '0', '0', '0', '0'),
('22', '42', '0', '33', '89', '2017-08-17', '0000-00-00', 'CRV022/2017', '0', '0', '200000', '0', '0', '0', '0', '0', '0', '0', '1', '0', '0', '0', NULL, '0', '0', '0', '0', '0', '0', '0', '0', '0', '0'),
('23', '42', '0', '40', '90', '2017-08-17', '0000-00-00', 'CRV023/2017', '0', '0', '500000', '0', '0', '0', '0', '0', '0', '0', '1', '0', '0', '0', NULL, '0', '0', '0', '0', '0', '0', '0', '0', '0', '0'),
('24', '42', '0', '33', '89', '2017-08-17', '0000-00-00', 'CRV024/2017', '0', '0', '50000', '0', '0', '0', '0', '0', '0', '0', '1', '0', '0', '0', NULL, '0', '0', '0', '0', '0', '0', '0', '0', '0', '0'),
('25', '42', '0', '24', '91', '2017-08-17', '0000-00-00', 'CRV025/2017', '0', '0', '5980', '0', '0', '0', '0', '0', '0', '0', '1', '0', '0', '0', NULL, '0', '0', '0', '0', '0', '0', '0', '0', '0', '0'),
('26', '42', '0', '39', '102', '2017-08-17', '0000-00-00', 'CRV026/2017', '0', '0', '17959', '0', '0', '0', '0', '0', '0', '0', '1', '0', '0', '0', NULL, '0', '0', '0', '0', '0', '0', '0', '0', '0', '0'),
('27', '42', '0', '43', '58', '2017-08-18', '0000-00-00', 'CRV027/2017', '0', '0', '68390', '0', '0', '0', '0', '0', '0', '0', '1', '0', '0', '0', NULL, '0', '0', '0', '0', '0', '0', '0', '0', '0', '0'),
('28', '42', '0', '44', '73', '2017-08-18', '0000-00-00', 'CRV028/2017', '0', '0', '42500', '0', '0', '0', '0', '0', '0', '0', '1', '0', '0', '0', NULL, '0', '0', '0', '0', '0', '0', '0', '0', '0', '0'),
('29', '42', '0', '3', '64', '2017-08-18', '0000-00-00', 'CRV029/2017', '0', '0', '180000', '0', '0', '0', '0', '0', '0', '0', '1', '0', '0', '0', NULL, '0', '0', '0', '0', '0', '0', '0', '0', '0', '0'),
('30', '42', '0', '8', '70', '2017-08-18', '0000-00-00', 'CRV030/2017', '0', '0', '100000', '0', '0', '0', '0', '0', '0', '0', '1', '0', '0', '0', NULL, '0', '0', '0', '0', '0', '0', '0', '0', '0', '0'),
('31', '42', '0', '14', '98', '2017-08-18', '0000-00-00', 'CRV031/2017', '0', '0', '65000', '0', '0', '0', '0', '0', '0', '0', '1', '0', '0', '0', NULL, '0', '0', '0', '0', '0', '0', '0', '0', '0', '0'),
('32', '42', '0', '37', '86', '2017-08-18', '0000-00-00', 'CRV032/2017', '0', '0', '299000', '0', '0', '0', '0', '0', '0', '0', '1', '0', '0', '0', NULL, '0', '0', '0', '0', '0', '0', '0', '0', '0', '0'),
('33', '42', '0', '35', '77', '2017-08-18', '0000-00-00', 'CRV033/2017', '0', '0', '430000', '0', '0', '0', '0', '0', '0', '0', '1', '0', '0', '0', NULL, '0', '0', '0', '0', '0', '0', '0', '0', '0', '0'),
('34', '42', '0', '39', '102', '2017-08-18', '0000-00-00', 'CRV034/2017', '0', '0', '405110', '0', '0', '0', '0', '0', '0', '0', '1', '0', '0', '0', NULL, '0', '0', '0', '0', '0', '0', '0', '0', '0', '0'),
('35', '42', '0', '39', '102', '2017-08-18', '0000-00-00', 'CRV035/2017', '0', '0', '20131', '0', '0', '0', '0', '0', '0', '0', '1', '0', '0', '0', NULL, '0', '0', '0', '0', '0', '0', '0', '0', '0', '0'),
('36', '42', '0', '24', '91', '2017-08-18', '0000-00-00', 'CRV036/2017', '0', '0', '1434100', '0', '0', '0', '0', '0', '0', '0', '1', '0', '0', '0', NULL, '0', '0', '0', '0', '0', '0', '0', '0', '0', '0'),
('37', '42', '0', '27', '81', '2017-08-18', '0000-00-00', 'CRV037/2017', '0', '0', '83000', '0', '0', '0', '0', '0', '0', '0', '1', '0', '0', '0', NULL, '0', '0', '0', '0', '0', '0', '0', '0', '0', '0'),
('38', '42', '0', '11', '96', '2017-08-18', '0000-00-00', 'CRV038/2017', '0', '0', '300000', '0', '0', '0', '0', '0', '0', '0', '1', '0', '0', '0', NULL, '0', '0', '0', '0', '0', '0', '0', '0', '0', '0'),
('39', '42', '0', '19', '59', '2017-08-18', '0000-00-00', 'CRV039/2017', '0', '0', '90000', '0', '0', '0', '0', '0', '0', '0', '1', '0', '0', '0', NULL, '0', '0', '0', '0', '0', '0', '0', '0', '0', '0'),
('40', '42', '0', '32', '88', '2017-08-18', '0000-00-00', 'CRV040/2017', '0', '0', '240000', '0', '0', '0', '0', '0', '0', '0', '1', '0', '0', '0', NULL, '0', '0', '0', '0', '0', '0', '0', '0', '0', '0'),
('41', '42', '0', '5', '63', '2017-08-19', '0000-00-00', 'CRV041/2017', '0', '0', '400000', '0', '0', '0', '0', '0', '0', '0', '1', '0', '0', '0', NULL, '0', '0', '0', '0', '0', '0', '0', '0', '0', '0'),
('42', '42', '0', '40', '90', '2017-08-19', '0000-00-00', 'CRV042/2017', '0', '0', '500000', '0', '0', '0', '0', '0', '0', '0', '1', '0', '0', '0', NULL, '0', '0', '0', '0', '0', '0', '0', '0', '0', '0'),
('43', '42', '0', '21', '79', '2017-08-19', '0000-00-00', 'CRV043/2017', '0', '0', '340000', '0', '0', '0', '0', '0', '0', '0', '1', '0', '0', '0', NULL, '0', '0', '0', '0', '0', '0', '0', '0', '0', '0'),
('44', '42', '0', '39', '102', '2017-08-19', '0000-00-00', 'CRV044/2017', '0', '0', '370000', '0', '0', '0', '0', '0', '0', '0', '1', '0', '0', '0', NULL, '0', '0', '0', '0', '0', '0', '0', '0', '0', '0'),
('45', '42', '0', '14', '98', '2017-08-19', '0000-00-00', 'CRV045/2017', '0', '0', '325000', '0', '0', '0', '0', '0', '0', '0', '1', '0', '0', '0', NULL, '0', '0', '0', '0', '0', '0', '0', '0', '0', '0'),
('46', '42', '0', '12', '95', '2017-08-19', '0000-00-00', 'CRV046/2017', '0', '0', '606200', '0', '0', '0', '0', '0', '0', '0', '1', '0', '0', '0', NULL, '0', '0', '0', '0', '0', '0', '0', '0', '0', '0'),
('47', '42', '0', '19', '59', '2017-08-19', '0000-00-00', 'CRV047/2017', '0', '0', '100000', '0', '0', '0', '0', '0', '0', '0', '1', '0', '0', '0', NULL, '0', '0', '0', '0', '0', '0', '0', '0', '0', '0'),
('48', '42', '0', '32', '88', '2017-08-19', '0000-00-00', 'CRV048/2017', '0', '0', '112000', '0', '0', '0', '0', '0', '0', '0', '1', '0', '0', '0', NULL, '0', '0', '0', '0', '0', '0', '0', '0', '0', '0'),
('49', '42', '0', '11', '96', '2017-08-19', '0000-00-00', 'CRV049/2017', '0', '0', '700000', '0', '0', '0', '0', '0', '0', '0', '1', '0', '0', '0', NULL, '0', '0', '0', '0', '0', '0', '0', '0', '0', '0'),
('50', '42', '0', '32', '88', '2017-08-19', '0000-00-00', 'CRV050/2017', '0', '0', '150000', '0', '0', '0', '0', '0', '0', '0', '1', '0', '0', '0', NULL, '0', '0', '0', '0', '0', '0', '0', '0', '0', '0'),
('51', '42', '0', '39', '102', '2017-08-19', '0000-00-00', 'CRV051/2017', '0', '0', '31238', '0', '0', '0', '0', '0', '0', '0', '1', '0', '0', '0', NULL, '0', '0', '0', '0', '0', '0', '0', '0', '0', '0');

### Structure of table `0_debtor_trans_details` ###

DROP TABLE IF EXISTS `0_debtor_trans_details`;

CREATE TABLE `0_debtor_trans_details` (
  `id` int(11) NOT NULL AUTO_INCREMENT,
  `debtor_trans_no` int(11) DEFAULT NULL,
  `debtor_trans_type` int(11) DEFAULT NULL,
  `stock_id` varchar(20) COLLATE utf8_unicode_ci NOT NULL DEFAULT '',
  `description` tinytext COLLATE utf8_unicode_ci,
  `unit_price` double NOT NULL DEFAULT '0',
  `unit_tax` double NOT NULL DEFAULT '0',
  `quantity` double NOT NULL DEFAULT '0',
  `discount_percent` double NOT NULL DEFAULT '0',
  `standard_cost` double NOT NULL DEFAULT '0',
  `qty_done` double NOT NULL DEFAULT '0',
  `src_id` int(11) NOT NULL,
  PRIMARY KEY (`id`),
  KEY `Transaction` (`debtor_trans_type`,`debtor_trans_no`),
  KEY `src_id` (`src_id`)
) ENGINE=InnoDB AUTO_INCREMENT=173 DEFAULT CHARSET=utf8 COLLATE=utf8_unicode_ci ;

### Data of table `0_debtor_trans_details` ###

INSERT INTO `0_debtor_trans_details` VALUES
('1', '1', '13', '10002', 'HSD', '0', '0', '0', '0', '0', '1657', '0'),
('2', '1', '10', '10002', 'HSD', '0', '0', '0', '0', '0', '0', '0'),
('3', '2', '13', '10001', 'PMG', '66.89', '0', '8000', '0', '66.89', '8000', '2'),
('4', '2', '10', '10001', 'PMG', '66.89', '0', '8000', '0', '66.89', '0', '3'),
('5', '3', '13', '10001', 'PMG', '67.64', '0', '2000', '0', '66.89', '2000', '3'),
('6', '3', '10', '10001', 'PMG', '67.64', '0', '2000', '0', '66.89', '0', '5'),
('7', '4', '13', '10002', 'HSD', '75.22', '0', '1657', '0', '75.22', '1657', '4'),
('8', '4', '10', '10002', 'HSD', '75.22', '0', '1657', '0', '75.22', '0', '7'),
('9', '5', '13', '10002', 'HSD', '75.72', '0', '3000', '0', '75.22', '3000', '5'),
('10', '5', '10', '10002', 'HSD', '75.72', '0', '3000', '0', '75.22', '0', '9'),
('11', '6', '13', '10001', 'PMG', '67.49', '0', '5000', '0', '66.89', '5000', '6'),
('12', '6', '10', '10001', 'PMG', '67.49', '0', '5000', '0', '66.89', '0', '11'),
('13', '7', '13', '26', 'OPENING BALANCE', '222123', '0', '1', '0', '0', '1', '7'),
('14', '7', '10', '26', 'OPENING BALANCE', '222123', '0', '1', '0', '0', '0', '13'),
('15', '8', '13', '26', 'OPENING BALANCE', '158801', '0', '1', '0', '0', '1', '8'),
('16', '8', '10', '26', 'OPENING BALANCE', '158801', '0', '1', '0', '0', '0', '15'),
('17', '9', '13', '26', 'OPENING BALANCE', '50000', '0', '1', '0', '0', '1', '9'),
('18', '9', '10', '26', 'OPENING BALANCE', '50000', '0', '1', '0', '0', '0', '17'),
('19', '10', '13', '26', 'OPENING BALANCE', '450', '0', '1', '0', '0', '1', '10'),
('20', '10', '10', '26', 'OPENING BALANCE', '450', '0', '1', '0', '0', '0', '19'),
('21', '11', '13', '26', 'OPENING BALANCE', '520920', '0', '1', '0', '0', '1', '11'),
('22', '11', '10', '26', 'OPENING BALANCE', '520920', '0', '1', '0', '0', '0', '21'),
('23', '12', '13', '26', 'OPENING BALANCE', '248120', '0', '1', '0', '0', '1', '12'),
('24', '12', '10', '26', 'OPENING BALANCE', '248120', '0', '1', '0', '0', '0', '23'),
('25', '13', '13', '26', 'OPENING BALANCE', '206156', '0', '1', '0', '0', '1', '13'),
('26', '13', '10', '26', 'OPENING BALANCE', '206156', '0', '1', '0', '0', '0', '25'),
('27', '14', '13', '26', 'OPENING BALANCE', '100', '0', '1', '0', '0', '1', '14'),
('28', '14', '10', '26', 'OPENING BALANCE', '100', '0', '1', '0', '0', '0', '27'),
('29', '15', '13', '26', 'OPENING BALANCE', '828664', '0', '1', '0', '0', '1', '15'),
('30', '15', '10', '26', 'OPENING BALANCE', '828664', '0', '1', '0', '0', '0', '29'),
('31', '16', '13', '26', 'OPENING BALANCE', '7330', '0', '1', '0', '0', '1', '16'),
('32', '16', '10', '26', 'OPENING BALANCE', '7330', '0', '1', '0', '0', '0', '31'),
('33', '17', '13', '26', 'OPENING BALANCE', '132974', '0', '1', '0', '0', '1', '17'),
('34', '17', '10', '26', 'OPENING BALANCE', '132974', '0', '1', '0', '0', '0', '33'),
('35', '18', '13', '26', 'OPENING BALANCE', '2378808', '0', '1', '0', '0', '1', '18'),
('36', '18', '10', '26', 'OPENING BALANCE', '2378808', '0', '1', '0', '0', '0', '35'),
('37', '19', '13', '26', 'OPENING BALANCE', '1450', '0', '1', '0', '0', '1', '19'),
('38', '19', '10', '26', 'OPENING BALANCE', '1450', '0', '1', '0', '0', '0', '37'),
('39', '20', '13', '26', 'OPENING BALANCE', '147080', '0', '1', '0', '0', '1', '20'),
('40', '20', '10', '26', 'OPENING BALANCE', '147080', '0', '1', '0', '0', '0', '39'),
('41', '21', '13', '26', 'OPENING BALANCE', '164610', '0', '1', '0', '0', '1', '21'),
('42', '21', '10', '26', 'OPENING BALANCE', '164610', '0', '1', '0', '0', '0', '41'),
('43', '22', '13', '26', 'OPENING BALANCE', '17860', '0', '1', '0', '0', '1', '22'),
('44', '22', '10', '26', 'OPENING BALANCE', '17860', '0', '1', '0', '0', '0', '43'),
('45', '23', '13', '26', 'OPENING BALANCE', '7555', '0', '1', '0', '0', '1', '23'),
('46', '23', '10', '26', 'OPENING BALANCE', '7555', '0', '1', '0', '0', '0', '45'),
('47', '24', '13', '26', 'OPENING BALANCE', '715030', '0', '1', '0', '0', '1', '24'),
('48', '24', '10', '26', 'OPENING BALANCE', '715030', '0', '1', '0', '0', '0', '47'),
('49', '25', '13', '26', 'OPENING BALANCE', '260668', '0', '1', '0', '0', '1', '25'),
('50', '25', '10', '26', 'OPENING BALANCE', '260668', '0', '1', '0', '0', '0', '49'),
('51', '26', '13', '26', 'OPENING BALANCE', '1028400', '0', '1', '0', '0', '1', '26'),
('52', '26', '10', '26', 'OPENING BALANCE', '1028400', '0', '1', '0', '0', '0', '51'),
('53', '27', '13', '26', 'OPENING BALANCE', '1051980', '0', '1', '0', '0', '1', '27'),
('54', '27', '10', '26', 'OPENING BALANCE', '1051980', '0', '1', '0', '0', '0', '53'),
('55', '28', '13', '26', 'OPENING BALANCE', '76720', '0', '1', '0', '0', '1', '28'),
('56', '28', '10', '26', 'OPENING BALANCE', '76720', '0', '1', '0', '0', '0', '55'),
('57', '29', '13', '26', 'OPENING BALANCE', '230299', '0', '1', '0', '0', '1', '29'),
('58', '29', '10', '26', 'OPENING BALANCE', '230299', '0', '1', '0', '0', '0', '57'),
('59', '30', '13', '26', 'OPENING BALANCE', '75000', '0', '1', '0', '0', '1', '30'),
('60', '30', '10', '26', 'OPENING BALANCE', '75000', '0', '1', '0', '0', '0', '59'),
('61', '31', '13', '26', 'OPENING BALANCE', '72183618', '0', '1', '0', '0', '1', '31'),
('62', '31', '10', '26', 'OPENING BALANCE', '72183618', '0', '1', '0', '0', '0', '61'),
('63', '32', '13', '26', 'OPENING BALANCE', '18978', '0', '1', '0', '0', '1', '32'),
('64', '32', '10', '26', 'OPENING BALANCE', '18978', '0', '1', '0', '0', '0', '63'),
('65', '33', '13', '26', 'OPENING BALANCE', '391426', '0', '1', '0', '0', '1', '33'),
('66', '33', '10', '26', 'OPENING BALANCE', '391426', '0', '1', '0', '0', '0', '65'),
('67', '34', '13', '26', 'OPENING BALANCE', '150', '0', '1', '0', '0', '1', '34'),
('68', '34', '10', '26', 'OPENING BALANCE', '150', '0', '1', '0', '0', '0', '67'),
('69', '35', '13', '26', 'OPENING BALANCE', '60440', '0', '1', '0', '0', '1', '35'),
('70', '35', '10', '26', 'OPENING BALANCE', '60440', '0', '1', '0', '0', '0', '69'),
('71', '36', '13', '26', 'OPENING BALANCE', '365120', '0', '1', '0', '0', '1', '36'),
('72', '36', '10', '26', 'OPENING BALANCE', '365120', '0', '1', '0', '0', '0', '71'),
('73', '37', '13', '26', 'OPENING BALANCE', '7081', '0', '1', '0', '0', '1', '37'),
('74', '37', '10', '26', 'OPENING BALANCE', '7081', '0', '1', '0', '0', '0', '73'),
('75', '38', '13', '26', 'OPENING BALANCE', '18130', '0', '1', '0', '0', '1', '38'),
('76', '38', '10', '26', 'OPENING BALANCE', '18130', '0', '1', '0', '0', '0', '75'),
('77', '39', '13', '26', 'OPENING BALANCE', '379858', '0', '1', '0', '0', '1', '39'),
('78', '39', '10', '26', 'OPENING BALANCE', '379858', '0', '1', '0', '0', '0', '77'),
('79', '40', '13', '26', 'OPENING BALANCE', '321420', '0', '1', '0', '0', '1', '40'),
('80', '40', '10', '26', 'OPENING BALANCE', '321420', '0', '1', '0', '0', '0', '79'),
('81', '41', '13', '26', 'OPENING BALANCE', '509150', '0', '1', '0', '0', '1', '41'),
('82', '41', '10', '26', 'OPENING BALANCE', '509150', '0', '1', '0', '0', '0', '81'),
('83', '42', '13', '26', 'OPENING BALANCE', '174901', '0', '1', '0', '0', '1', '42'),
('84', '42', '10', '26', 'OPENING BALANCE', '174901', '0', '1', '0', '0', '0', '83'),
('85', '1', '11', '26', 'OPENING BALANCE', '10', '0', '1', '0', '0', '0', '0'),
('86', '2', '11', '26', 'OPENING BALANCE', '43000', '0', '1', '0', '0', '0', '0'),
('87', '3', '11', '26', 'OPENING BALANCE', '729', '0', '1', '0', '0', '0', '0'),
('88', '4', '11', '26', 'OPENING BALANCE', '2527274', '0', '1', '0', '0', '0', '0'),
('89', '5', '11', '26', 'OPENING BALANCE', '337590', '0', '1', '0', '0', '0', '0'),
('90', '6', '11', '26', 'OPENING BALANCE', '194400', '0', '1', '0', '0', '0', '0'),
('91', '43', '13', '10002', 'HSD', '75.62', '0', '5000', '0', '75.22', '5000', '43'),
('92', '43', '10', '10002', 'HSD', '75.62', '0', '5000', '0', '75.22', '0', '91'),
('93', '44', '13', '10001', 'PMG', '66.89', '0', '2000', '0', '67.13', '2000', '44'),
('94', '44', '10', '10001', 'PMG', '66.89', '0', '2000', '0', '67.13', '0', '93'),
('95', '45', '13', '10002', 'HSD', '75.22', '0', '4000', '0', '75.22', '4000', '45'),
('96', '45', '10', '10002', 'HSD', '75.22', '0', '4000', '0', '75.22', '0', '95'),
('97', '46', '13', '10001', 'PMG', '68.39', '0', '1000', '0', '67.13', '1000', '46'),
('98', '46', '10', '10001', 'PMG', '68.39', '0', '1000', '0', '67.13', '0', '97'),
('99', '47', '13', '10001', 'PMG', '67.51', '0', '2000', '0', '67.13', '2000', '47'),
('100', '47', '10', '10001', 'PMG', '67.51', '0', '2000', '0', '67.13', '0', '99'),
('101', '48', '13', '10002', 'HSD', '76.47', '0', '1000', '0', '75.22', '1000', '48'),
('102', '48', '10', '10002', 'HSD', '76.47', '0', '1000', '0', '75.22', '0', '101'),
('103', '49', '13', '10001', 'PMG', '68.29', '0', '5000', '0', '67.13', '5000', '49'),
('104', '49', '10', '10001', 'PMG', '68.29', '0', '5000', '0', '67.13', '0', '103'),
('105', '50', '13', '10001', 'PMG', '67.55', '0', '3000', '0', '67.13', '3000', '50'),
('106', '50', '10', '10001', 'PMG', '67.55', '0', '3000', '0', '67.13', '0', '105'),
('107', '51', '13', '10002', 'HSD', '75.62', '0', '5000', '0', '75.22', '5000', '51'),
('108', '51', '10', '10002', 'HSD', '75.62', '0', '5000', '0', '75.22', '0', '107'),
('109', '52', '13', '10002', 'HSD', '75.22', '0', '1000', '0', '75.22', '1000', '52'),
('110', '52', '10', '10002', 'HSD', '75.22', '0', '1000', '0', '75.22', '0', '109'),
('111', '53', '13', '10001', 'PMG', '66.89', '0', '10000', '0', '66.900212766', '10000', '53'),
('112', '53', '10', '10001', 'PMG', '66.89', '0', '10000', '0', '66.900212766', '0', '111'),
('113', '54', '13', '10002', 'HSD', '75.22', '0', '5000', '0', '75.22', '5000', '54'),
('114', '54', '10', '10002', 'HSD', '75.22', '0', '5000', '0', '75.22', '0', '113'),
('115', '55', '13', '10002', 'HSD', '75.87', '0', '10000', '0', '75.22', '10000', '55'),
('116', '55', '10', '10002', 'HSD', '75.87', '0', '10000', '0', '75.22', '0', '115'),
('117', '56', '13', '10001', 'PMG', '67.54', '0', '15000', '0', '66.900212766', '15000', '56'),
('118', '56', '10', '10001', 'PMG', '67.54', '0', '15000', '0', '66.900212766', '0', '117'),
('119', '57', '13', '10002', 'HSD', '75.52', '0', '5000', '0', '75.22', '5000', '57'),
('120', '57', '10', '10002', 'HSD', '75.52', '0', '5000', '0', '75.22', '0', '119'),
('121', '58', '13', '10001', 'PMG', '67.64', '0', '2000', '0', '66.900212766', '2000', '58'),
('122', '58', '10', '10001', 'PMG', '67.64', '0', '2000', '0', '66.900212766', '0', '121'),
('123', '59', '13', '10002', 'HSD', '75.62', '0', '5000', '0', '75.22', '5000', '59'),
('124', '59', '10', '10002', 'HSD', '75.62', '0', '5000', '0', '75.22', '0', '123'),
('149', '60', '13', '10001', 'PMG', '67.5567', '0', '3000', '0', '66.900212766', '3000', '85'),
('150', '60', '10', '10001', 'PMG', '67.5567', '0', '3000', '0', '66.900212766', '0', '149'),
('151', '61', '13', '10002', 'HSD', '75.72', '0', '5000', '0', '75.22', '5000', '86'),
('152', '61', '10', '10002', 'HSD', '75.72', '0', '5000', '0', '75.22', '0', '151'),
('153', '62', '13', '10001', 'PMG', '67.39', '0', '5000', '0', '66.900212766', '5000', '87'),
('154', '62', '10', '10001', 'PMG', '67.39', '0', '5000', '0', '66.900212766', '0', '153'),
('155', '63', '13', '10001', 'PMG', '67.54', '0', '10000', '0', '66.900212766', '10000', '88'),
('156', '63', '10', '10001', 'PMG', '67.54', '0', '10000', '0', '66.900212766', '0', '155'),
('157', '64', '13', '10001', 'PMG', '67.89', '0', '3000', '0', '66.8906808511', '3000', '89'),
('158', '64', '10', '10001', 'PMG', '67.89', '0', '3000', '0', '66.8906808511', '0', '157'),
('159', '65', '13', '10002', 'HSD', '76.22', '0', '3000', '0', '75.22', '3000', '90'),
('160', '65', '10', '10002', 'HSD', '76.22', '0', '3000', '0', '75.22', '0', '159'),
('161', '66', '13', '10001', 'PMG', '67.54', '0', '15000', '0', '66.8906808511', '15000', '91'),
('162', '66', '10', '10001', 'PMG', '67.54', '0', '15000', '0', '66.8906808511', '0', '161'),
('163', '67', '13', '10001', 'PMG', '0', '0', '0', '0', '0', '2000', '0'),
('164', '67', '10', '10001', 'PMG', '0', '0', '0', '0', '0', '0', '0'),
('165', '68', '13', '10001', 'PMG', '67.89', '0', '2000', '0', '66.8906808511', '2000', '93'),
('166', '68', '10', '10001', 'PMG', '67.89', '0', '2000', '0', '66.8906808511', '0', '165'),
('167', '69', '13', '10001', 'PMG', '66.89', '0', '5000', '0', '66.8906808511', '5000', '94'),
('168', '69', '10', '10001', 'PMG', '66.89', '0', '5000', '0', '66.8906808511', '0', '167'),
('169', '70', '13', '10001', 'PMG', '67.64', '0', '2000', '0', '66.8906808511', '2000', '95'),
('170', '70', '10', '10001', 'PMG', '67.64', '0', '2000', '0', '66.8906808511', '0', '169'),
('171', '71', '13', '10001', 'PMG', '66.89', '0', '1000', '0', '66.8906808511', '1000', '96'),
('172', '71', '10', '10001', 'PMG', '66.89', '0', '1000', '0', '66.8906808511', '0', '171');

### Structure of table `0_debtors_master` ###

DROP TABLE IF EXISTS `0_debtors_master`;

CREATE TABLE `0_debtors_master` (
  `debtor_no` int(11) NOT NULL AUTO_INCREMENT,
  `name` varchar(100) COLLATE utf8_unicode_ci NOT NULL DEFAULT '',
  `debtor_ref` varchar(30) COLLATE utf8_unicode_ci NOT NULL,
  `address` tinytext COLLATE utf8_unicode_ci,
  `tax_id` varchar(55) COLLATE utf8_unicode_ci NOT NULL DEFAULT '',
  `ntn_no` varchar(55) COLLATE utf8_unicode_ci NOT NULL,
  `curr_code` char(3) COLLATE utf8_unicode_ci NOT NULL DEFAULT '',
  `sales_type` int(11) NOT NULL DEFAULT '1',
  `dimension_id` int(11) NOT NULL DEFAULT '0',
  `dimension2_id` int(11) NOT NULL DEFAULT '0',
  `credit_status` int(11) NOT NULL DEFAULT '0',
  `payment_terms` int(11) DEFAULT NULL,
  `discount` double NOT NULL DEFAULT '0',
  `pymt_discount` double NOT NULL DEFAULT '0',
  `credit_limit` float NOT NULL DEFAULT '1000',
  `notes` tinytext COLLATE utf8_unicode_ci NOT NULL,
  `inactive` tinyint(1) NOT NULL DEFAULT '0',
  PRIMARY KEY (`debtor_no`),
  UNIQUE KEY `debtor_ref` (`debtor_ref`),
  KEY `name` (`name`)
) ENGINE=InnoDB AUTO_INCREMENT=50 DEFAULT CHARSET=utf8 COLLATE=utf8_unicode_ci ;

### Data of table `0_debtors_master` ###

INSERT INTO `0_debtors_master` VALUES
('1', 'ALTAF  HUSSAIN AGNCY', 'ALTAF  HUSSAIN AGNCY', 'POLL GARDAR', '', '', 'PKR', '1', '0', '0', '1', '1', '0', '0', '0', '', '0'),
('2', 'RANA AMJAD', 'RANA AMJAD', 'CHAK 567/EB ', '', '', 'PKR', '1', '0', '0', '1', '1', '0', '0', '0', '', '0'),
('3', 'AL MADINA  HOC', 'AL MADINA  HOC', 'KABIRWALA', '', '', 'PKR', '1', '0', '0', '1', '1', '0', '0', '0', '', '0'),
('4', 'Al BARKAT HOC', 'Al BARKAT HOC', 'GAIZA ABAD', '', '', 'PKR', '1', '0', '0', '1', '1', '0', '0', '0', '', '0'),
('5', 'Al HAJJ PS(HOC)', 'Al HAJJ PS(HOC)', 'DOKOTA', '', '', 'PKR', '1', '0', '0', '1', '1', '0', '0', '0', '', '0'),
('6', 'BAGHA HASILPUR', 'BAGHA HASILPUR', 'HASILPUR', '', '', 'PKR', '1', '0', '0', '1', '1', '0', '0', '0', '', '0'),
('7', 'HASSAIN SOHAIL', 'HASSAIN SOHAIL', 'PULL BAGAR', '', '', 'PKR', '1', '0', '0', '1', '1', '0', '0', '0', '', '0'),
('8', 'DEOL BROTHERS (HOC)', 'DEOL BROTHERS (HOC)', '9 DOHIYAN', '', '', 'PKR', '1', '0', '0', '1', '1', '0', '0', '0', '', '0'),
('9', 'RAFIQ PAKHIMOR  ', 'RAFIQ PAKHIMOR  ', 'PAKHIMOR', '', '', 'PKR', '1', '0', '0', '1', '1', '0', '0', '0', '', '0'),
('10', 'SALEEM P/S (HOC)', 'SALEEM P/S (HOC)', 'SAHOKA', '', '', 'PKR', '1', '0', '0', '1', '1', '0', '0', '0', '', '0'),
('11', 'SATLUJJ P/S', 'SATLUJJ P/S', 'LUDDEN', '', '', 'PKR', '1', '0', '0', '1', '1', '0', '0', '0', '', '0'),
('12', 'SARWAR P/S', 'SARWAR P/S', 'CHAK NO 50', '', '', 'PKR', '1', '0', '0', '1', '1', '0', '0', '0', '', '0'),
('13', 'SHOKAT SEHAR (PSO)', 'SHOKAT SEHAR (PSO)', 'SEHRAYA WALA ', '', '', 'PKR', '1', '0', '0', '1', '1', '0', '0', '0', '', '0'),
('14', 'SHRAFAT BAHTTI', 'SHRAFAT BAHTTI', '48 POLL', '', '', 'PKR', '1', '0', '0', '1', '1', '0', '0', '0', '', '0'),
('15', 'TAHIR IQBAL', 'TAHIR IQBAL', 'CHAK 159', '', '', 'PKR', '1', '0', '0', '1', '1', '0', '0', '0', '', '0'),
('17', 'ARBAN F/S', 'ARBAN F/S', 'BAHAWALPUR', '', '', 'PKR', '1', '0', '0', '1', '1', '0', '0', '0', '', '0'),
('18', 'ABAD UL REHAMAN', 'ABAD UL REHAMAN', 'MANA MOR', '', '', 'PKR', '1', '0', '0', '1', '1', '0', '0', '0', '', '0'),
('19', 'ABDUL JABBAR', 'ABDUL JABBAR', 'SHALLI GARBI', '', '', 'PKR', '1', '0', '0', '1', '1', '0', '0', '0', '', '0'),
('20', 'ABDUL LATIF KLASRA', 'ABDUL LATIF KLASRA', NULL, '', '', 'PKR', '1', '0', '0', '1', '1', '0', '0', '0', '', '0'),
('21', 'IRFAN BHAWALNAGER', 'IRFAN BHAWALNAGER', 'BHAWALNAGER', '', '', 'PKR', '1', '0', '0', '1', '1', '0', '0', '0', '', '0'),
('22', 'GULLAM YASEEN', 'GULLAM YASEEN', 'BAGH ARIYAN', '', '', 'PKR', '1', '0', '0', '1', '1', '0', '0', '0', '', '0'),
('23', 'FAZAL KHAN', 'FAZAL KHAN', 'SAIDIQA ABAD', '', '', 'PKR', '1', '0', '0', '1', '1', '0', '0', '0', '', '0'),
('24', 'QARI P/S', 'QARI P/S', 'JALAL PUR', '', '', 'PKR', '1', '0', '0', '1', '1', '0', '0', '0', '', '0'),
('25', 'FOJI OIL', 'FOJI OIL', 'KHAN PUR', '', '', 'PKR', '1', '0', '0', '1', '1', '0', '0', '0', '', '0'),
('26', 'ZAMINDARA  CO', 'ZAMINDARA  CO', 'VEHARI', '', '', 'PKR', '1', '0', '0', '1', '1', '0', '0', '0', '', '0'),
('27', 'KAZIM SHAH', 'KAZIM SHAH', NULL, '', '', 'PKR', '1', '0', '0', '1', '1', '0', '0', '0', '', '0'),
('28', 'LALAN WALA', 'LALAN WALA', 'BUREWALA', '', '', 'PKR', '1', '0', '0', '1', '1', '0', '0', '0', '', '0'),
('29', 'MAKHAN P/S', 'MAKHAN P/S', 'GAGOO', '', '', 'PKR', '1', '0', '0', '1', '1', '0', '0', '0', '', '0'),
('30', 'NAWAB KHAN', 'NAWAB KHAN', 'PULL GARDER', '', '', 'PKR', '1', '0', '0', '1', '1', '0', '0', '0', '', '0'),
('31', 'NABEEL AKBER', 'NABEEL AKBER', '37 PHATAK BUREWLA', '', '', 'PKR', '1', '0', '0', '1', '1', '0', '0', '0', '', '0'),
('32', 'NAWAB P/S JAMLAIRA', 'NAWAB P/S JAMLAIRA', 'JAMLAIRA', '', '', 'PKR', '1', '0', '0', '1', '1', '0', '0', '0', '', '0'),
('33', 'NAWAB SONS ', 'NAWAB SONS ', '35 MOR', '', '', 'PKR', '1', '0', '0', '1', '1', '0', '0', '0', '', '0'),
('34', 'WATOO P/S ', 'WATOO P/S ', NULL, '', '', 'PKR', '1', '0', '0', '1', '1', '0', '0', '0', '', '0'),
('35', 'HAFIZ PS', 'HAFIZ PS', '48 PULL', '', '', 'PKR', '1', '0', '0', '1', '1', '0', '0', '0', '', '0'),
('36', 'FRIENDS P/S', 'FRIENDS P/S', 'KHANEWAL', '', '', 'PKR', '1', '0', '0', '1', '1', '0', '0', '0', '', '0'),
('37', 'NADIR  P/S', 'NADIR  P/S', '35 CHAK', '', '', 'PKR', '1', '0', '0', '1', '1', '0', '0', '0', '', '0'),
('39', 'VEHARI P/S', 'VEHARI P/S', 'V CHOCK VEHARI', '', '', 'PKR', '1', '0', '0', '1', '1', '0', '0', '0', '', '0'),
('40', 'NOMAN P/S', 'NOMAN P/S', 'Garrah Mor', '', '', 'PKR', '1', '0', '0', '1', '1', '0', '0', '0', '', '0'),
('42', 'DUBAI P/S', 'DUBAI P/S', 'DARANAWALA ', '', '', 'PKR', '1', '0', '0', '1', '1', '0', '0', '0', '', '0'),
('43', 'ABDUL GHAFFAR', 'ABDUL GHAFFAR', 'CHAK NO 553 ', '', '', 'PKR', '1', '0', '0', '1', '1', '0', '0', '0', '', '0'),
('44', 'FIAZ AND ABID', 'FIAZ AND ABID', 'chak no 228', '', '', 'PKR', '1', '0', '0', '1', '1', '0', '0', '0', '', '0'),
('45', 'MAILSI  P/S', 'MAILSI  P/S', 'Mailsi', '', '', 'PKR', '1', '0', '0', '1', '1', '0', '0', '0', '', '0'),
('46', 'AL_HAMMD  F/S', 'AL_HAMMD  F/S', 'BUREWALA', '', '', 'PKR', '1', '0', '0', '1', '1', '0', '0', '0', '', '0'),
('47', 'ALLAH BAHKSH', 'ALLAH BAHKSH', 'SUJJAH ABAD', '', '', 'PKR', '1', '0', '0', '1', '1', '0', '0', '0', '', '0'),
('48', 'AHMAD F/S', 'AHMAD F/S', 'LIAQUT PUR', '', '', 'PKR', '1', '0', '0', '1', '1', '0', '0', '0', '', '0'),
('49', 'JAVAID  FAISLABAD', 'JAVAID FSD ', 'FAISLABAD', '', '', 'PKR', '1', '0', '0', '1', '1', '0', '0', '0', '', '0');

### Structure of table `0_dimensions` ###

DROP TABLE IF EXISTS `0_dimensions`;

CREATE TABLE `0_dimensions` (
  `id` int(11) NOT NULL AUTO_INCREMENT,
  `reference` varchar(60) COLLATE utf8_unicode_ci NOT NULL DEFAULT '',
  `name` varchar(60) COLLATE utf8_unicode_ci NOT NULL DEFAULT '',
  `type_` tinyint(1) NOT NULL DEFAULT '1',
  `closed` tinyint(1) NOT NULL DEFAULT '0',
  `date_` date NOT NULL DEFAULT '0000-00-00',
  `due_date` date NOT NULL DEFAULT '0000-00-00',
  PRIMARY KEY (`id`),
  UNIQUE KEY `reference` (`reference`),
  KEY `date_` (`date_`),
  KEY `due_date` (`due_date`),
  KEY `type_` (`type_`)
) ENGINE=InnoDB DEFAULT CHARSET=utf8 COLLATE=utf8_unicode_ci ;

### Data of table `0_dimensions` ###


### Structure of table `0_exchange_rates` ###

DROP TABLE IF EXISTS `0_exchange_rates`;

CREATE TABLE `0_exchange_rates` (
  `id` int(11) NOT NULL AUTO_INCREMENT,
  `curr_code` char(3) COLLATE utf8_unicode_ci NOT NULL DEFAULT '',
  `rate_buy` double NOT NULL DEFAULT '0',
  `rate_sell` double NOT NULL DEFAULT '0',
  `date_` date NOT NULL DEFAULT '0000-00-00',
  PRIMARY KEY (`id`),
  UNIQUE KEY `curr_code` (`curr_code`,`date_`)
) ENGINE=InnoDB AUTO_INCREMENT=3 DEFAULT CHARSET=utf8 COLLATE=utf8_unicode_ci ;

### Data of table `0_exchange_rates` ###

INSERT INTO `0_exchange_rates` VALUES
('2', 'USD', '105', '105', '2017-02-17');

### Structure of table `0_fiscal_year` ###

DROP TABLE IF EXISTS `0_fiscal_year`;

CREATE TABLE `0_fiscal_year` (
  `id` int(11) NOT NULL AUTO_INCREMENT,
  `begin` date DEFAULT '0000-00-00',
  `end` date DEFAULT '0000-00-00',
  `closed` tinyint(1) NOT NULL DEFAULT '0',
  PRIMARY KEY (`id`),
  UNIQUE KEY `begin` (`begin`),
  UNIQUE KEY `end` (`end`)
) ENGINE=InnoDB AUTO_INCREMENT=4 DEFAULT CHARSET=utf8 COLLATE=utf8_unicode_ci ;

### Data of table `0_fiscal_year` ###

INSERT INTO `0_fiscal_year` VALUES
('1', '2015-07-01', '2016-06-30', '0'),
('2', '2016-07-01', '2017-06-30', '0'),
('3', '2017-07-01', '2018-06-30', '0');

### Structure of table `0_gl_trans` ###

DROP TABLE IF EXISTS `0_gl_trans`;

CREATE TABLE `0_gl_trans` (
  `counter` int(11) NOT NULL AUTO_INCREMENT,
  `type` smallint(6) NOT NULL DEFAULT '0',
  `type_no` int(11) NOT NULL DEFAULT '0',
  `tran_date` date NOT NULL DEFAULT '0000-00-00',
  `account` varchar(15) COLLATE utf8_unicode_ci NOT NULL DEFAULT '',
  `memo_` tinytext COLLATE utf8_unicode_ci NOT NULL,
  `amount` double NOT NULL DEFAULT '0',
  `dimension_id` int(11) NOT NULL DEFAULT '0',
  `dimension2_id` int(11) NOT NULL DEFAULT '0',
  `person_type_id` int(11) DEFAULT NULL,
  `person_id` tinyblob,
  `cheque` int(11) NOT NULL,
  PRIMARY KEY (`counter`),
  KEY `Type_and_Number` (`type`,`type_no`),
  KEY `dimension_id` (`dimension_id`),
  KEY `dimension2_id` (`dimension2_id`),
  KEY `tran_date` (`tran_date`),
  KEY `account_and_tran_date` (`account`,`tran_date`)
) ENGINE=InnoDB AUTO_INCREMENT=558 DEFAULT CHARSET=utf8 COLLATE=utf8_unicode_ci ;

### Data of table `0_gl_trans` ###

INSERT INTO `0_gl_trans` VALUES
('1', '20', '1', '2017-08-16', '2011', '', '-124639.54', '0', '0', '3', '4', '0'),
('2', '20', '1', '2017-08-16', '1021', '', '124639.54', '0', '0', NULL, NULL, '0'),
('3', '20', '2', '2017-08-16', '2011', '', '-1003350', '0', '0', '3', '4', '0'),
('4', '20', '2', '2017-08-16', '1021', '', '1003350', '0', '0', NULL, NULL, '0'),
('5', '20', '3', '2017-08-16', '2011', '', '-225660', '0', '0', '3', '4', '0'),
('6', '20', '3', '2017-08-16', '1021', '', '225660', '0', '0', NULL, NULL, '0'),
('7', '20', '4', '2017-08-16', '2011', '', '-668900', '0', '0', '3', '4', '0'),
('8', '20', '4', '2017-08-16', '1021', '', '668900', '0', '0', NULL, NULL, '0'),
('9', '13', '1', '2017-08-16', '5011', '', '0', '0', '0', NULL, NULL, '0'),
('10', '13', '1', '2017-08-16', '1021', '', '0', '0', '0', NULL, NULL, '0'),
('11', '10', '1', '2017-08-16', '4011', '', '0', '0', '0', NULL, NULL, '0'),
('12', '10', '1', '2017-08-16', '10411', '', '0', '0', '0', '2', '39', '0'),
('13', '10', '1', '2017-08-16', '2013', '', '0', '0', '0', NULL, NULL, '0'),
('14', '13', '2', '2017-08-16', '5011', '', '535120', '0', '0', NULL, NULL, '0'),
('15', '13', '2', '2017-08-16', '1021', '', '-535120', '0', '0', NULL, NULL, '0'),
('16', '10', '2', '2017-08-16', '4011', '', '-535120', '0', '0', NULL, NULL, '0'),
('17', '10', '2', '2017-08-16', '10411', '', '535120', '0', '0', '2', '39', '0'),
('18', '10', '2', '2017-08-16', '2013', '', '0', '0', '0', NULL, NULL, '0'),
('19', '13', '3', '2017-08-16', '5011', '', '133780', '0', '0', NULL, NULL, '0'),
('20', '13', '3', '2017-08-16', '1021', '', '-133780', '0', '0', NULL, NULL, '0'),
('21', '10', '3', '2017-08-16', '4011', '', '-135280', '0', '0', NULL, NULL, '0'),
('22', '10', '3', '2017-08-16', '1013', '', '135280', '0', '0', '2', '33', '0'),
('23', '10', '3', '2017-08-16', '2013', '', '0', '0', '0', NULL, NULL, '0'),
('24', '13', '4', '2017-08-16', '5011', '', '124639.54', '0', '0', NULL, NULL, '0'),
('25', '13', '4', '2017-08-16', '1021', '', '-124639.54', '0', '0', NULL, NULL, '0'),
('26', '10', '4', '2017-08-16', '4011', '', '-124639.54', '0', '0', NULL, NULL, '0'),
('27', '10', '4', '2017-08-16', '10411', '', '124639.54', '0', '0', '2', '39', '0'),
('28', '10', '4', '2017-08-16', '2013', '', '0', '0', '0', NULL, NULL, '0'),
('29', '13', '5', '2017-08-16', '5011', '', '225660', '0', '0', NULL, NULL, '0'),
('30', '13', '5', '2017-08-16', '1021', '', '-225660', '0', '0', NULL, NULL, '0'),
('31', '10', '5', '2017-08-16', '4011', '', '-227160', '0', '0', NULL, NULL, '0'),
('32', '10', '5', '2017-08-16', '1013', '', '227160', '0', '0', '2', '33', '0'),
('33', '10', '5', '2017-08-16', '2013', '', '0', '0', '0', NULL, NULL, '0'),
('34', '13', '6', '2017-08-16', '5011', '', '334450', '0', '0', NULL, NULL, '0'),
('35', '13', '6', '2017-08-16', '1021', '', '-334450', '0', '0', NULL, NULL, '0'),
('36', '10', '6', '2017-08-16', '4011', '', '-337450', '0', '0', NULL, NULL, '0'),
('37', '10', '6', '2017-08-16', '1013', '', '337450', '0', '0', '2', '40', '0'),
('38', '10', '6', '2017-08-16', '2013', '', '0', '0', '0', NULL, NULL, '0'),
('39', '42', '1', '2017-08-16', '10411', 'HBL ONLINE', '-100000', '0', '0', '2', '27', '0'),
('40', '42', '1', '2017-08-16', '10412', '', '100000', '0', '0', NULL, NULL, '0'),
('41', '42', '2', '2017-08-16', '10411', 'UBL ONLINE', '-500000', '0', '0', '2', '36', '0'),
('42', '42', '2', '2017-08-16', '10412', '', '500000', '0', '0', NULL, NULL, '0'),
('43', '42', '3', '2017-08-16', '10411', 'UBL ONLINE', '-110000', '0', '0', '2', '32', '0'),
('44', '42', '3', '2017-08-16', '10412', '', '110000', '0', '0', NULL, NULL, '0'),
('45', '42', '4', '2017-08-16', '10411', 'PSO COPAN', '-2940301', '0', '0', '2', '26', '0'),
('46', '42', '4', '2017-08-16', '10412', '', '2940301', '0', '0', NULL, NULL, '0'),
('47', '42', '5', '2017-08-16', '10411', 'NET', '-116000', '0', '0', '2', '33', '0'),
('48', '42', '5', '2017-08-16', '10412', '', '116000', '0', '0', NULL, NULL, '0'),
('49', '42', '6', '2017-08-16', '10411', 'NET', '-270000', '0', '0', '2', '34', '0'),
('50', '42', '6', '2017-08-16', '10412', '', '270000', '0', '0', NULL, NULL, '0'),
('51', '42', '7', '2017-08-16', '10411', 'NET', '-76720', '0', '0', '2', '43', '0'),
('52', '42', '7', '2017-08-16', '10412', '', '76720', '0', '0', NULL, NULL, '0'),
('53', '42', '8', '2017-08-16', '10411', 'NET', '-350000', '0', '0', '2', '4', '0'),
('54', '42', '8', '2017-08-16', '10412', '', '350000', '0', '0', NULL, NULL, '0'),
('55', '42', '9', '2017-08-16', '10411', 'NET', '-169000', '0', '0', '2', '44', '0'),
('56', '42', '9', '2017-08-16', '10412', '', '169000', '0', '0', NULL, NULL, '0'),
('57', '42', '10', '2017-08-16', '10411', 'NET', '-275000', '0', '0', '2', '14', '0'),
('58', '42', '10', '2017-08-16', '10412', '', '275000', '0', '0', NULL, NULL, '0'),
('59', '42', '11', '2017-08-16', '10411', 'NET', '-200000', '0', '0', '2', '8', '0'),
('60', '42', '11', '2017-08-16', '10412', '', '200000', '0', '0', NULL, NULL, '0'),
('61', '42', '12', '2017-08-16', '10411', 'NET', '-33280', '0', '0', '2', '39', '0'),
('62', '42', '12', '2017-08-16', '10412', '', '33280', '0', '0', NULL, NULL, '0'),
('63', '42', '13', '2017-08-16', '10411', 'NET', '-19445', '0', '0', '2', '39', '0'),
('64', '42', '13', '2017-08-16', '10412', '', '19445', '0', '0', NULL, NULL, '0'),
('65', '42', '14', '2017-08-16', '10411', 'DIP SHORT', '-1587', '0', '0', '2', '21', '0'),
('66', '42', '14', '2017-08-16', '10412', '', '1587', '0', '0', NULL, NULL, '0'),
('67', '41', '1', '2017-08-16', '10411', 'HBL ONLINE', '100000', '0', '0', '2', '26', '0'),
('68', '41', '1', '2017-08-16', '10412', '', '-100000', '0', '0', NULL, NULL, '0'),
('69', '41', '2', '2017-08-16', '10411', 'UBL ', '500000', '0', '0', '2', '26', '0'),
('70', '41', '2', '2017-08-16', '10412', '', '-500000', '0', '0', NULL, NULL, '0'),
('71', '41', '3', '2017-08-16', '10411', 'UBL', '110000', '0', '0', '2', '26', '0'),
('72', '41', '3', '2017-08-16', '10412', '', '-110000', '0', '0', NULL, NULL, '0'),
('73', '41', '4', '2017-08-16', '10411', 'UBL', '0', '0', '0', '2', '26', '0'),
('74', '41', '4', '2017-08-16', '10412', '', '0', '0', '0', NULL, NULL, '0'),
('75', '41', '5', '2017-08-16', '10411', 'PSO COPAN', '2940301', '0', '0', '2', '36', '0'),
('76', '41', '5', '2017-08-16', '10412', '', '-2940301', '0', '0', NULL, NULL, '0'),
('77', '41', '6', '2017-08-16', '2011', 'SHELL CARD', '10015', '0', '0', '3', '1', '0'),
('78', '41', '6', '2017-08-16', '10412', '', '-10015', '0', '0', NULL, NULL, '0'),
('79', '41', '7', '2017-08-16', '10411', 'DIP SHORT', '1587', '0', '0', '2', '39', '0'),
('80', '41', '7', '2017-08-16', '10412', '', '-1587', '0', '0', NULL, NULL, '0'),
('81', '41', '8', '2017-08-16', '10213', 'HSD 53 ', '0', '0', '0', NULL, NULL, '0'),
('82', '41', '8', '2017-08-16', '10215', 'HSD 25', '0', '0', '0', NULL, NULL, '0'),
('83', '41', '8', '2017-08-16', '10213', 'HSD + SERVICES', '0', '0', '0', NULL, NULL, '0'),
('84', '41', '8', '2017-08-16', '10216', 'HSD 31', '0', '0', '0', NULL, NULL, '0'),
('85', '41', '8', '2017-08-16', '10412', '', '0', '0', '0', NULL, NULL, '0'),
('86', '41', '9', '2017-08-16', '10411', 'UBL', '1490000', '0', '0', '2', '26', '0'),
('87', '41', '9', '2017-08-16', '10412', '', '-1490000', '0', '0', NULL, NULL, '0'),
('88', '10', '7', '2017-08-15', '1035', '', '-222123', '0', '0', NULL, NULL, '0'),
('89', '10', '7', '2017-08-15', '1013', '', '222123', '0', '0', '2', '1', '0'),
('90', '10', '7', '2017-08-15', '2013', '', '0', '0', '0', NULL, NULL, '0'),
('91', '10', '8', '2017-08-15', '1035', '', '-158801', '0', '0', NULL, NULL, '0'),
('92', '10', '8', '2017-08-15', '1013', '', '158801', '0', '0', '2', '2', '0'),
('93', '10', '8', '2017-08-15', '2013', '', '0', '0', '0', NULL, NULL, '0'),
('94', '10', '9', '2017-08-15', '1035', '', '-50000', '0', '0', NULL, NULL, '0'),
('95', '10', '9', '2017-08-15', '1013', '', '50000', '0', '0', '2', '6', '0'),
('96', '10', '9', '2017-08-15', '2013', '', '0', '0', '0', NULL, NULL, '0'),
('97', '10', '10', '2017-08-15', '1035', '', '-450', '0', '0', NULL, NULL, '0'),
('98', '10', '10', '2017-08-15', '1013', '', '450', '0', '0', '2', '3', '0'),
('99', '10', '10', '2017-08-15', '2013', '', '0', '0', '0', NULL, NULL, '0'),
('100', '10', '11', '2017-08-15', '1035', '', '-520920', '0', '0', NULL, NULL, '0'),
('101', '10', '11', '2017-08-15', '1013', '', '520920', '0', '0', '2', '4', '0'),
('102', '10', '11', '2017-08-15', '2013', '', '0', '0', '0', NULL, NULL, '0'),
('103', '10', '12', '2017-08-15', '1035', '', '-248120', '0', '0', NULL, NULL, '0'),
('104', '10', '12', '2017-08-15', '1013', '', '248120', '0', '0', '2', '5', '0'),
('105', '10', '12', '2017-08-15', '2013', '', '0', '0', '0', NULL, NULL, '0'),
('106', '10', '13', '2017-08-15', '1035', '', '-206156', '0', '0', NULL, NULL, '0'),
('107', '10', '13', '2017-08-15', '1013', '', '206156', '0', '0', '2', '35', '0'),
('108', '10', '13', '2017-08-15', '2013', '', '0', '0', '0', NULL, NULL, '0'),
('109', '10', '14', '2017-08-15', '1035', '', '-100', '0', '0', NULL, NULL, '0'),
('110', '10', '14', '2017-08-15', '1013', '', '100', '0', '0', '2', '7', '0'),
('111', '10', '14', '2017-08-15', '2013', '', '0', '0', '0', NULL, NULL, '0'),
('112', '10', '15', '2017-08-15', '1035', '', '-828664', '0', '0', NULL, NULL, '0'),
('113', '10', '15', '2017-08-15', '1013', '', '828664', '0', '0', '2', '8', '0'),
('114', '10', '15', '2017-08-15', '2013', '', '0', '0', '0', NULL, NULL, '0'),
('115', '10', '16', '2017-08-15', '1035', '', '-7330', '0', '0', NULL, NULL, '0'),
('116', '10', '16', '2017-08-15', '1013', '', '7330', '0', '0', '2', '9', '0'),
('117', '10', '16', '2017-08-15', '2013', '', '0', '0', '0', NULL, NULL, '0'),
('118', '10', '17', '2017-08-15', '1035', '', '-132974', '0', '0', NULL, NULL, '0'),
('119', '10', '17', '2017-08-15', '1013', '', '132974', '0', '0', '2', '10', '0'),
('120', '10', '17', '2017-08-15', '2013', '', '0', '0', '0', NULL, NULL, '0'),
('121', '10', '18', '2017-08-15', '1035', '', '-2378808', '0', '0', NULL, NULL, '0'),
('122', '10', '18', '2017-08-15', '1013', '', '2378808', '0', '0', '2', '11', '0'),
('123', '10', '18', '2017-08-15', '2013', '', '0', '0', '0', NULL, NULL, '0'),
('124', '10', '19', '2017-08-15', '1035', '', '-1450', '0', '0', NULL, NULL, '0'),
('125', '10', '19', '2017-08-15', '1013', '', '1450', '0', '0', '2', '48', '0'),
('126', '10', '19', '2017-08-15', '2013', '', '0', '0', '0', NULL, NULL, '0'),
('127', '10', '20', '2017-08-15', '1035', '', '-147080', '0', '0', NULL, NULL, '0'),
('128', '10', '20', '2017-08-15', '1013', '', '147080', '0', '0', '2', '13', '0'),
('129', '10', '20', '2017-08-15', '2013', '', '0', '0', '0', NULL, NULL, '0'),
('130', '10', '21', '2017-08-15', '1035', '', '-164610', '0', '0', NULL, NULL, '0'),
('131', '10', '21', '2017-08-15', '1013', '', '164610', '0', '0', '2', '14', '0'),
('132', '10', '21', '2017-08-15', '2013', '', '0', '0', '0', NULL, NULL, '0'),
('133', '10', '22', '2017-08-15', '1035', '', '-17860', '0', '0', NULL, NULL, '0'),
('134', '10', '22', '2017-08-15', '1013', '', '17860', '0', '0', '2', '15', '0'),
('135', '10', '22', '2017-08-15', '2013', '', '0', '0', '0', NULL, NULL, '0'),
('136', '10', '23', '2017-08-15', '1035', '', '-7555', '0', '0', NULL, NULL, '0'),
('137', '10', '23', '2017-08-15', '1013', '', '7555', '0', '0', '2', '17', '0'),
('138', '10', '23', '2017-08-15', '2013', '', '0', '0', '0', NULL, NULL, '0'),
('139', '10', '24', '2017-08-15', '1035', '', '-715030', '0', '0', NULL, NULL, '0'),
('140', '10', '24', '2017-08-15', '1013', '', '715030', '0', '0', '2', '18', '0'),
('141', '10', '24', '2017-08-15', '2013', '', '0', '0', '0', NULL, NULL, '0'),
('142', '10', '25', '2017-08-15', '1035', '', '-260668', '0', '0', NULL, NULL, '0'),
('143', '10', '25', '2017-08-15', '1013', '', '260668', '0', '0', '2', '19', '0'),
('144', '10', '25', '2017-08-15', '2013', '', '0', '0', '0', NULL, NULL, '0'),
('145', '10', '26', '2017-08-15', '1035', '', '-1028400', '0', '0', NULL, NULL, '0'),
('146', '10', '26', '2017-08-15', '1013', '', '1028400', '0', '0', '2', '20', '0'),
('147', '10', '26', '2017-08-15', '2013', '', '0', '0', '0', NULL, NULL, '0'),
('148', '10', '27', '2017-08-15', '1035', '', '-1051980', '0', '0', NULL, NULL, '0'),
('149', '10', '27', '2017-08-15', '1013', '', '1051980', '0', '0', '2', '21', '0'),
('150', '10', '27', '2017-08-15', '2013', '', '0', '0', '0', NULL, NULL, '0'),
('151', '10', '28', '2017-08-15', '1035', '', '-76720', '0', '0', NULL, NULL, '0'),
('152', '10', '28', '2017-08-15', '1013', '', '76720', '0', '0', '2', '43', '0'),
('153', '10', '28', '2017-08-15', '2013', '', '0', '0', '0', NULL, NULL, '0'),
('154', '10', '29', '2017-08-15', '1035', '', '-230299', '0', '0', NULL, NULL, '0'),
('155', '10', '29', '2017-08-15', '1013', '', '230299', '0', '0', '2', '22', '0'),
('156', '10', '29', '2017-08-15', '2013', '', '0', '0', '0', NULL, NULL, '0'),
('157', '10', '30', '2017-08-15', '1035', '', '-75000', '0', '0', NULL, NULL, '0'),
('158', '10', '30', '2017-08-15', '1013', '', '75000', '0', '0', '2', '25', '0'),
('159', '10', '30', '2017-08-15', '2013', '', '0', '0', '0', NULL, NULL, '0'),
('160', '10', '31', '2017-08-15', '1035', '', '-72183618', '0', '0', NULL, NULL, '0'),
('161', '10', '31', '2017-08-15', '1013', '', '72183618', '0', '0', '2', '26', '0'),
('162', '10', '31', '2017-08-15', '2013', '', '0', '0', '0', NULL, NULL, '0'),
('163', '10', '32', '2017-08-15', '1035', '', '-18978', '0', '0', NULL, NULL, '0'),
('164', '10', '32', '2017-08-15', '1013', '', '18978', '0', '0', '2', '28', '0'),
('165', '10', '32', '2017-08-15', '2013', '', '0', '0', '0', NULL, NULL, '0'),
('166', '10', '33', '2017-08-15', '1035', '', '-391426', '0', '0', NULL, NULL, '0'),
('167', '10', '33', '2017-08-15', '1013', '', '391426', '0', '0', '2', '27', '0'),
('168', '10', '33', '2017-08-15', '2013', '', '0', '0', '0', NULL, NULL, '0'),
('169', '10', '34', '2017-08-15', '1035', '', '-150', '0', '0', NULL, NULL, '0'),
('170', '10', '34', '2017-08-15', '1013', '', '150', '0', '0', '2', '45', '0'),
('171', '10', '34', '2017-08-15', '2013', '', '0', '0', '0', NULL, NULL, '0'),
('172', '10', '35', '2017-08-15', '1035', '', '-60440', '0', '0', NULL, NULL, '0'),
('173', '10', '35', '2017-08-15', '1013', '', '60440', '0', '0', '2', '29', '0'),
('174', '10', '35', '2017-08-15', '2013', '', '0', '0', '0', NULL, NULL, '0'),
('175', '10', '36', '2017-08-15', '1035', '', '-365120', '0', '0', NULL, NULL, '0'),
('176', '10', '36', '2017-08-15', '1013', '', '365120', '0', '0', '2', '32', '0'),
('177', '10', '36', '2017-08-15', '2013', '', '0', '0', '0', NULL, NULL, '0'),
('178', '10', '37', '2017-08-15', '1035', '', '-7081', '0', '0', NULL, NULL, '0'),
('179', '10', '37', '2017-08-15', '1013', '', '7081', '0', '0', '2', '30', '0'),
('180', '10', '37', '2017-08-15', '2013', '', '0', '0', '0', NULL, NULL, '0'),
('181', '10', '38', '2017-08-15', '1035', '', '-18130', '0', '0', NULL, NULL, '0'),
('182', '10', '38', '2017-08-15', '1013', '', '18130', '0', '0', '2', '31', '0'),
('183', '10', '38', '2017-08-15', '2013', '', '0', '0', '0', NULL, NULL, '0'),
('184', '10', '39', '2017-08-15', '1035', '', '-379858', '0', '0', NULL, NULL, '0'),
('185', '10', '39', '2017-08-15', '1013', '', '379858', '0', '0', '2', '40', '0'),
('186', '10', '39', '2017-08-15', '2013', '', '0', '0', '0', NULL, NULL, '0'),
('187', '10', '40', '2017-08-15', '1035', '', '-321420', '0', '0', NULL, NULL, '0'),
('188', '10', '40', '2017-08-15', '1013', '', '321420', '0', '0', '2', '33', '0'),
('189', '10', '40', '2017-08-15', '2013', '', '0', '0', '0', NULL, NULL, '0'),
('190', '10', '41', '2017-08-15', '1035', '', '-509150', '0', '0', NULL, NULL, '0'),
('191', '10', '41', '2017-08-15', '1013', '', '509150', '0', '0', '2', '34', '0'),
('192', '10', '41', '2017-08-15', '2013', '', '0', '0', '0', NULL, NULL, '0'),
('193', '10', '42', '2017-08-15', '1035', '', '-174901', '0', '0', NULL, NULL, '0'),
('194', '10', '42', '2017-08-15', '10411', '', '174901', '0', '0', '2', '39', '0'),
('195', '10', '42', '2017-08-15', '2013', '', '0', '0', '0', NULL, NULL, '0'),
('196', '11', '1', '2017-08-15', '1035', '', '10', '0', '0', NULL, NULL, '0'),
('197', '11', '1', '2017-08-15', '1013', '', '-10', '0', '0', '2', '12', '0'),
('198', '11', '1', '2017-08-15', '2013', '', '0', '0', '0', NULL, NULL, '0'),
('199', '11', '2', '2017-08-15', '1035', '', '43000', '0', '0', NULL, NULL, '0'),
('200', '11', '2', '2017-08-15', '1013', '', '-43000', '0', '0', '2', '47', '0'),
('201', '11', '2', '2017-08-15', '2013', '', '0', '0', '0', NULL, NULL, '0'),
('202', '11', '3', '2017-08-15', '1035', '', '729', '0', '0', NULL, NULL, '0'),
('203', '11', '3', '2017-08-15', '1013', '', '-729', '0', '0', '2', '23', '0'),
('204', '11', '3', '2017-08-15', '2013', '', '0', '0', '0', NULL, NULL, '0'),
('205', '11', '4', '2017-08-15', '1035', '', '2527274', '0', '0', NULL, NULL, '0'),
('206', '11', '4', '2017-08-15', '1013', '', '-2527274', '0', '0', '2', '36', '0'),
('207', '11', '4', '2017-08-15', '2013', '', '0', '0', '0', NULL, NULL, '0'),
('208', '11', '5', '2017-08-15', '1035', '', '337590', '0', '0', NULL, NULL, '0'),
('209', '11', '5', '2017-08-15', '1013', '', '-337590', '0', '0', '2', '24', '0'),
('210', '11', '5', '2017-08-15', '2013', '', '0', '0', '0', NULL, NULL, '0'),
('211', '11', '6', '2017-08-15', '1035', '', '194400', '0', '0', NULL, NULL, '0'),
('212', '11', '6', '2017-08-15', '1013', '', '-194400', '0', '0', '2', '37', '0'),
('213', '11', '6', '2017-08-15', '2013', '', '0', '0', '0', NULL, NULL, '0'),
('214', '20', '5', '2017-08-15', '2011', '', '-660326', '0', '0', '3', '1', '0'),
('215', '20', '5', '2017-08-15', '1035', 'OPENING BALANCE', '660326', '0', '0', NULL, NULL, '0'),
('216', '20', '6', '2017-08-15', '2011', '', '-39220', '0', '0', '3', '3', '0'),
('217', '20', '6', '2017-08-15', '1035', 'OPENING BALANCE', '39220', '0', '0', NULL, NULL, '0'),
('218', '20', '7', '2017-08-15', '2011', '', '-18351969', '0', '0', '3', '2', '0'),
('219', '20', '7', '2017-08-15', '1035', 'OPENING BALANCE', '18351969', '0', '0', NULL, NULL, '0'),
('220', '20', '8', '2017-08-15', '2011', '', '-54269610', '0', '0', '3', '4', '0'),
('221', '20', '8', '2017-08-15', '1035', 'OPENING BALANCE', '54269610', '0', '0', NULL, NULL, '0'),
('222', '21', '1', '2017-08-15', '2011', '', '200670', '0', '0', '3', '5', '0'),
('223', '21', '1', '2017-08-15', '1035', 'ALTERNATIVE', '-200670', '0', '0', NULL, NULL, '0'),
('224', '21', '2', '2017-08-15', '2011', '', '137380', '0', '0', '3', '5', '0'),
('225', '21', '2', '2017-08-15', '1035', 'ALTERNATIVE', '-137380', '0', '0', NULL, NULL, '0'),
('226', '20', '9', '2017-08-15', '2011', '', '0', '0', '0', '3', '5', '0'),
('227', '20', '9', '2017-08-15', '1021', '', '0', '0', '0', NULL, NULL, '0'),
('228', '20', '10', '2017-08-15', '2011', '', '-137380', '0', '0', '3', '5', '0'),
('229', '20', '10', '2017-08-15', '1021', '', '137380', '0', '0', NULL, NULL, '0'),
('230', '0', '1', '2017-08-15', '10413', '', '2500000', '0', '0', NULL, NULL, '0'),
('231', '0', '1', '2017-08-15', '3012', '', '-2500000', '0', '0', NULL, NULL, '0'),
('232', '0', '2', '2017-08-15', '10414', '', '2500000', '0', '0', NULL, NULL, '0'),
('233', '0', '2', '2017-08-15', '3012', '', '-2500000', '0', '0', NULL, NULL, '0'),
('234', '0', '3', '2017-08-15', '10415', '', '1900293', '0', '0', NULL, NULL, '0'),
('235', '0', '3', '2017-08-15', '3012', '', '-1900293', '0', '0', NULL, NULL, '0'),
('236', '20', '11', '2017-08-17', '2011', '', '-1128300', '0', '0', '3', '4', '0'),
('237', '20', '11', '2017-08-17', '1021', '', '1128300', '0', '0', NULL, NULL, '0'),
('238', '13', '43', '2017-08-17', '5011', '', '376100', '0', '0', NULL, NULL, '0'),
('239', '13', '43', '2017-08-17', '1021', '', '-376100', '0', '0', NULL, NULL, '0'),
('240', '10', '43', '2017-08-17', '4011', '', '-378100', '0', '0', NULL, NULL, '0'),
('241', '10', '43', '2017-08-17', '1013', '', '378100', '0', '0', '2', '14', '0'),
('242', '10', '43', '2017-08-17', '2013', '', '0', '0', '0', NULL, NULL, '0'),
('243', '13', '44', '2017-08-17', '5011', '', '134260', '0', '0', NULL, NULL, '0'),
('244', '13', '44', '2017-08-17', '1021', '', '-134260', '0', '0', NULL, NULL, '0'),
('245', '10', '44', '2017-08-17', '4011', '', '-133780', '0', '0', NULL, NULL, '0'),
('246', '10', '44', '2017-08-17', '10411', '', '133780', '0', '0', '2', '39', '0'),
('247', '10', '44', '2017-08-17', '2013', '', '0', '0', '0', NULL, NULL, '0'),
('248', '13', '45', '2017-08-17', '5011', '', '300880', '0', '0', NULL, NULL, '0'),
('249', '13', '45', '2017-08-17', '1021', '', '-300880', '0', '0', NULL, NULL, '0'),
('250', '10', '45', '2017-08-17', '4011', '', '-300880', '0', '0', NULL, NULL, '0'),
('251', '10', '45', '2017-08-17', '10411', '', '300880', '0', '0', '2', '39', '0'),
('252', '10', '45', '2017-08-17', '2013', '', '0', '0', '0', NULL, NULL, '0'),
('253', '13', '46', '2017-08-17', '5011', '', '67130', '0', '0', NULL, NULL, '0'),
('254', '13', '46', '2017-08-17', '1021', '', '-67130', '0', '0', NULL, NULL, '0'),
('255', '10', '46', '2017-08-17', '4011', '', '-68390', '0', '0', NULL, NULL, '0'),
('256', '10', '46', '2017-08-17', '1013', '', '68390', '0', '0', '2', '43', '0'),
('257', '10', '46', '2017-08-17', '2013', '', '0', '0', '0', NULL, NULL, '0'),
('258', '13', '47', '2017-08-17', '5011', '', '134260', '0', '0', NULL, NULL, '0'),
('259', '13', '47', '2017-08-17', '1021', '', '-134260', '0', '0', NULL, NULL, '0'),
('260', '10', '47', '2017-08-17', '4011', '', '-135020', '0', '0', NULL, NULL, '0'),
('261', '10', '47', '2017-08-17', '1013', '', '135030', '0', '0', '2', '44', '0'),
('262', '10', '47', '2017-08-17', '4021', '', '-10', '0', '0', NULL, NULL, '0'),
('263', '10', '47', '2017-08-17', '2013', '', '0', '0', '0', NULL, NULL, '0'),
('264', '13', '48', '2017-08-17', '5011', '', '75220', '0', '0', NULL, NULL, '0'),
('265', '13', '48', '2017-08-17', '1021', '', '-75220', '0', '0', NULL, NULL, '0'),
('266', '10', '48', '2017-08-17', '4011', '', '-76470', '0', '0', NULL, NULL, '0'),
('267', '10', '48', '2017-08-17', '1013', '', '76470', '0', '0', '2', '44', '0'),
('268', '10', '48', '2017-08-17', '2013', '', '0', '0', '0', NULL, NULL, '0'),
('269', '13', '49', '2017-08-17', '5011', '', '335650', '0', '0', NULL, NULL, '0'),
('270', '13', '49', '2017-08-17', '1021', '', '-335650', '0', '0', NULL, NULL, '0'),
('271', '10', '49', '2017-08-17', '4011', '', '-341450', '0', '0', NULL, NULL, '0'),
('272', '10', '49', '2017-08-17', '1013', '', '341450', '0', '0', '2', '3', '0'),
('273', '10', '49', '2017-08-17', '2013', '', '0', '0', '0', NULL, NULL, '0'),
('274', '13', '50', '2017-08-17', '5011', '', '201390', '0', '0', NULL, NULL, '0'),
('275', '13', '50', '2017-08-17', '1021', '', '-201390', '0', '0', NULL, NULL, '0'),
('276', '10', '50', '2017-08-17', '4011', '', '-202650', '0', '0', NULL, NULL, '0'),
('277', '10', '50', '2017-08-17', '1013', '', '202670', '0', '0', '2', '37', '0'),
('278', '10', '50', '2017-08-17', '4021', '', '-20', '0', '0', NULL, NULL, '0'),
('279', '10', '50', '2017-08-17', '2013', '', '0', '0', '0', NULL, NULL, '0'),
('280', '13', '51', '2017-08-17', '5011', '', '376100', '0', '0', NULL, NULL, '0'),
('281', '13', '51', '2017-08-17', '1021', '', '-376100', '0', '0', NULL, NULL, '0'),
('282', '10', '51', '2017-08-17', '4011', '', '-378100', '0', '0', NULL, NULL, '0'),
('283', '10', '51', '2017-08-17', '1013', '', '378100', '0', '0', '2', '37', '0'),
('284', '10', '51', '2017-08-17', '2013', '', '0', '0', '0', NULL, NULL, '0'),
('285', '42', '15', '2017-08-17', '10411', 'HBL', '-520000', '0', '0', '2', '21', '0'),
('286', '42', '15', '2017-08-17', '10412', '', '520000', '0', '0', NULL, NULL, '0'),
('287', '42', '16', '2017-08-17', '10411', 'HBL', '-900000', '0', '0', '2', '11', '0'),
('288', '42', '16', '2017-08-17', '10412', '', '900000', '0', '0', NULL, NULL, '0'),
('289', '42', '17', '2017-08-17', '10411', 'HBL', '-130000', '0', '0', '2', '19', '0'),
('290', '42', '17', '2017-08-17', '10412', '', '130000', '0', '0', NULL, NULL, '0'),
('291', '42', '18', '2017-08-17', '10411', 'UBL', '-250000', '0', '0', '2', '18', '0'),
('292', '42', '18', '2017-08-17', '10412', '', '250000', '0', '0', NULL, NULL, '0'),
('293', '42', '19', '2017-08-17', '10411', 'UBL', '-180000', '0', '0', '2', '32', '0'),
('294', '42', '19', '2017-08-17', '10412', '', '180000', '0', '0', NULL, NULL, '0'),
('295', '42', '20', '2017-08-17', '10411', 'PHONIX CHQ', '-168017', '0', '0', '2', '39', '0'),
('296', '42', '20', '2017-08-17', '10412', '', '168017', '0', '0', NULL, NULL, '0'),
('297', '42', '21', '2017-08-17', '10411', 'NET', '-864020', '0', '0', '2', '39', '0'),
('298', '42', '21', '2017-08-17', '10412', '', '864020', '0', '0', NULL, NULL, '0'),
('299', '42', '22', '2017-08-17', '10411', 'NET 166', '-200000', '0', '0', '2', '33', '0'),
('300', '42', '22', '2017-08-17', '10412', '', '200000', '0', '0', NULL, NULL, '0'),
('301', '42', '23', '2017-08-17', '10411', 'NET', '-500000', '0', '0', '2', '40', '0'),
('302', '42', '23', '2017-08-17', '10412', '', '500000', '0', '0', NULL, NULL, '0'),
('303', '42', '24', '2017-08-17', '10411', 'NET', '-50000', '0', '0', '2', '33', '0'),
('304', '42', '24', '2017-08-17', '10412', '', '50000', '0', '0', NULL, NULL, '0'),
('305', '42', '25', '2017-08-17', '10411', 'DIP SHORT', '-5980', '0', '0', '2', '24', '0'),
('306', '42', '25', '2017-08-17', '10412', '', '5980', '0', '0', NULL, NULL, '0'),
('307', '42', '26', '2017-08-17', '10411', 'HSD 1830 TOLL PLAZA DIP ETC', '-17959', '0', '0', '2', '39', '0'),
('308', '42', '26', '2017-08-17', '10412', '', '17959', '0', '0', NULL, NULL, '0'),
('309', '41', '10', '2017-08-17', '10411', 'HBL', '520000', '0', '0', '2', '26', '0'),
('310', '41', '10', '2017-08-17', '10412', '', '-520000', '0', '0', NULL, NULL, '0'),
('311', '41', '11', '2017-08-17', '10411', 'HBL', '900000', '0', '0', '2', '26', '0'),
('312', '41', '11', '2017-08-17', '10412', '', '-900000', '0', '0', NULL, NULL, '0'),
('313', '41', '12', '2017-08-17', '10411', 'ONLINE', '250000', '0', '0', '2', '26', '0'),
('314', '41', '12', '2017-08-17', '10412', '', '-250000', '0', '0', NULL, NULL, '0'),
('315', '41', '13', '2017-08-17', '10411', 'UBL', '180000', '0', '0', '2', '26', '0'),
('316', '41', '13', '2017-08-17', '10412', '', '-180000', '0', '0', NULL, NULL, '0'),
('317', '41', '14', '2017-08-17', '10411', 'HBL', '130000', '0', '0', '2', '26', '0'),
('318', '41', '14', '2017-08-17', '10412', '', '-130000', '0', '0', NULL, NULL, '0'),
('319', '41', '15', '2017-08-17', '10411', 'NET CASH ', '1620000', '0', '0', '2', '26', '0'),
('320', '41', '15', '2017-08-17', '10412', '', '-1620000', '0', '0', NULL, NULL, '0'),
('321', '41', '16', '2017-08-17', '10411', 'CHQ', '168017', '0', '0', '2', '26', '0'),
('322', '41', '16', '2017-08-17', '10412', '', '-168017', '0', '0', NULL, NULL, '0'),
('323', '41', '17', '2017-08-17', '10217', 'HSD 32', '0', '0', '0', NULL, NULL, '0'),
('324', '41', '17', '2017-08-17', '10217', 'PIPE + DIP', '0', '0', '0', NULL, NULL, '0'),
('325', '41', '17', '2017-08-17', '10213', 'TOLL PLAZA + FOOD', '0', '0', '0', NULL, NULL, '0'),
('326', '41', '17', '2017-08-17', '10412', '', '0', '0', '0', NULL, NULL, '0'),
('327', '41', '18', '2017-08-17', '2011', 'SHELL CARD', '8617', '0', '0', '3', '1', '0'),
('328', '41', '18', '2017-08-17', '10412', '', '-8617', '0', '0', NULL, NULL, '0'),
('329', '41', '19', '2017-08-16', '10213', 'HAD 53', '4145', '0', '0', NULL, NULL, '0'),
('330', '41', '19', '2017-08-16', '10215', 'HAD 25', '1955', '0', '0', NULL, NULL, '0'),
('331', '41', '19', '2017-08-16', '10213', 'SEVICES', '906', '0', '0', NULL, NULL, '0'),
('332', '41', '19', '2017-08-16', '10216', 'HAD 31', '2424', '0', '0', NULL, NULL, '0'),
('333', '41', '19', '2017-08-16', '10412', '', '-9430', '0', '0', NULL, NULL, '0'),
('334', '41', '20', '2017-08-17', '10217', 'HSD 32', '2502', '0', '0', NULL, NULL, '0'),
('335', '41', '20', '2017-08-17', '10213', 'TOLL + FOOD', '600', '0', '0', NULL, NULL, '0'),
('336', '41', '20', '2017-08-17', '10217', 'DIP RAD + PIPE', '6240', '0', '0', NULL, NULL, '0'),
('337', '41', '20', '2017-08-17', '10412', '', '-9342', '0', '0', NULL, NULL, '0'),
('338', '20', '12', '2017-08-17', '2011', '', '-200670', '0', '0', '3', '5', '0'),
('339', '20', '12', '2017-08-17', '1021', '', '200670', '0', '0', NULL, NULL, '0'),
('340', '20', '13', '2017-08-18', '2011', '', '-601760', '0', '0', '3', '4', '0'),
('341', '20', '13', '2017-08-18', '1021', '', '601760', '0', '0', NULL, NULL, '0'),
('342', '20', '14', '2017-08-18', '2011', '', '-1654840', '0', '0', '3', '4', '0'),
('343', '20', '14', '2017-08-18', '1021', '', '1654840', '0', '0', NULL, NULL, '0'),
('344', '20', '15', '2017-08-18', '2011', '', '-75220', '0', '0', '3', '4', '0'),
('345', '20', '15', '2017-08-18', '1021', '', '75220', '0', '0', NULL, NULL, '0'),
('346', '20', '16', '2017-08-18', '2011', '', '-2006700', '0', '0', '3', '4', '0'),
('347', '20', '16', '2017-08-18', '1021', '', '2006700', '0', '0', NULL, NULL, '0'),
('348', '20', '17', '2017-08-18', '2011', '', '-1003350', '0', '0', '3', '4', '0'),
('349', '20', '17', '2017-08-18', '1021', '', '1003350', '0', '0', NULL, NULL, '0'),
('350', '13', '52', '2017-08-18', '5011', '', '75220', '0', '0', NULL, NULL, '0'),
('351', '13', '52', '2017-08-18', '1021', '', '-75220', '0', '0', NULL, NULL, '0'),
('352', '10', '52', '2017-08-18', '4011', '', '-75220', '0', '0', NULL, NULL, '0'),
('353', '10', '52', '2017-08-18', '10411', '', '75220', '0', '0', '2', '39', '0'),
('354', '10', '52', '2017-08-18', '2013', '', '0', '0', '0', NULL, NULL, '0'),
('355', '13', '53', '2017-08-18', '5011', '', '669002.13', '0', '0', NULL, NULL, '0'),
('356', '13', '53', '2017-08-18', '1021', '', '-669002.13', '0', '0', NULL, NULL, '0'),
('357', '10', '53', '2017-08-18', '4011', '', '-668900', '0', '0', NULL, NULL, '0'),
('358', '10', '53', '2017-08-18', '10411', '', '668900', '0', '0', '2', '39', '0'),
('359', '10', '53', '2017-08-18', '2013', '', '0', '0', '0', NULL, NULL, '0'),
('360', '13', '54', '2017-08-18', '5011', '', '376100', '0', '0', NULL, NULL, '0'),
('361', '13', '54', '2017-08-18', '1021', '', '-376100', '0', '0', NULL, NULL, '0'),
('362', '10', '54', '2017-08-18', '4011', '', '-376100', '0', '0', NULL, NULL, '0'),
('363', '10', '54', '2017-08-18', '10411', '', '376100', '0', '0', '2', '39', '0'),
('364', '10', '54', '2017-08-18', '2013', '', '0', '0', '0', NULL, NULL, '0'),
('365', '13', '55', '2017-08-18', '5011', '', '752200', '0', '0', NULL, NULL, '0'),
('366', '13', '55', '2017-08-18', '1021', '', '-752200', '0', '0', NULL, NULL, '0'),
('367', '10', '55', '2017-08-18', '4011', '', '-758700', '0', '0', NULL, NULL, '0'),
('368', '10', '55', '2017-08-18', '1013', '', '758700', '0', '0', '2', '24', '0'),
('369', '10', '55', '2017-08-18', '2013', '', '0', '0', '0', NULL, NULL, '0'),
('370', '13', '56', '2017-08-18', '5011', '', '1003503.19', '0', '0', NULL, NULL, '0'),
('371', '13', '56', '2017-08-18', '1021', '', '-1003503.19', '0', '0', NULL, NULL, '0'),
('372', '10', '56', '2017-08-18', '4011', '', '-1013100', '0', '0', NULL, NULL, '0'),
('373', '10', '56', '2017-08-18', '1013', '', '1013100', '0', '0', '2', '24', '0'),
('374', '10', '56', '2017-08-18', '2013', '', '0', '0', '0', NULL, NULL, '0'),
('375', '13', '57', '2017-08-18', '5011', '', '376100', '0', '0', NULL, NULL, '0'),
('376', '13', '57', '2017-08-18', '1021', '', '-376100', '0', '0', NULL, NULL, '0'),
('377', '10', '57', '2017-08-18', '4011', '', '-377600', '0', '0', NULL, NULL, '0'),
('378', '10', '57', '2017-08-18', '1013', '', '377600', '0', '0', '2', '35', '0'),
('379', '10', '57', '2017-08-18', '2013', '', '0', '0', '0', NULL, NULL, '0'),
('380', '13', '58', '2017-08-18', '5011', '', '133800.43', '0', '0', NULL, NULL, '0'),
('381', '13', '58', '2017-08-18', '1021', '', '-133800.43', '0', '0', NULL, NULL, '0'),
('382', '10', '58', '2017-08-18', '4011', '', '-135280', '0', '0', NULL, NULL, '0'),
('383', '10', '58', '2017-08-18', '1013', '', '135280', '0', '0', '2', '35', '0'),
('384', '10', '58', '2017-08-18', '2013', '', '0', '0', '0', NULL, NULL, '0'),
('385', '13', '59', '2017-08-18', '5011', '', '376100', '0', '0', NULL, NULL, '0'),
('386', '13', '59', '2017-08-18', '1021', '', '-376100', '0', '0', NULL, NULL, '0'),
('387', '10', '59', '2017-08-18', '4011', '', '-378100', '0', '0', NULL, NULL, '0'),
('388', '10', '59', '2017-08-18', '1013', '', '378100', '0', '0', '2', '40', '0'),
('389', '10', '59', '2017-08-18', '2013', '', '0', '0', '0', NULL, NULL, '0'),
('390', '42', '27', '2017-08-18', '10411', 'NET CASH 1830', '-68390', '0', '0', '2', '43', '0'),
('391', '42', '27', '2017-08-18', '10412', '', '68390', '0', '0', NULL, NULL, '0'),
('392', '42', '28', '2017-08-18', '10411', 'net', '-42500', '0', '0', '2', '44', '0'),
('393', '42', '28', '2017-08-18', '10412', '', '42500', '0', '0', NULL, NULL, '0'),
('394', '42', '29', '2017-08-18', '10411', 'NET CASH 2055', '-180000', '0', '0', '2', '3', '0'),
('395', '42', '29', '2017-08-18', '10412', '', '180000', '0', '0', NULL, NULL, '0'),
('396', '42', '30', '2017-08-18', '10411', 'NET', '-100000', '0', '0', '2', '8', '0'),
('397', '42', '30', '2017-08-18', '10412', '', '100000', '0', '0', NULL, NULL, '0'),
('398', '42', '31', '2017-08-18', '10411', 'NET', '-65000', '0', '0', '2', '14', '0'),
('399', '42', '31', '2017-08-18', '10412', '', '65000', '0', '0', NULL, NULL, '0'),
('400', '42', '32', '2017-08-18', '10411', 'NET', '-299000', '0', '0', '2', '37', '0'),
('401', '42', '32', '2017-08-18', '10412', '', '299000', '0', '0', NULL, NULL, '0'),
('402', '42', '33', '2017-08-18', '10411', 'NET', '-430000', '0', '0', '2', '35', '0'),
('403', '42', '33', '2017-08-18', '10412', '', '430000', '0', '0', NULL, NULL, '0'),
('404', '42', '34', '2017-08-18', '10411', 'NET', '-405110', '0', '0', '2', '39', '0'),
('405', '42', '34', '2017-08-18', '10412', '', '405110', '0', '0', NULL, NULL, '0'),
('406', '42', '35', '2017-08-18', '10411', 'NET', '-20131', '0', '0', '2', '39', '0'),
('407', '42', '35', '2017-08-18', '10412', '', '20131', '0', '0', NULL, NULL, '0'),
('408', '42', '36', '2017-08-18', '10411', 'MCB ', '-1434100', '0', '0', '2', '24', '0'),
('409', '42', '36', '2017-08-18', '10412', '', '1434100', '0', '0', NULL, NULL, '0'),
('410', '42', '37', '2017-08-18', '10411', 'HBL', '-83000', '0', '0', '2', '27', '0'),
('411', '42', '37', '2017-08-18', '10412', '', '83000', '0', '0', NULL, NULL, '0'),
('412', '42', '38', '2017-08-18', '10411', 'HBL', '-300000', '0', '0', '2', '11', '0'),
('413', '42', '38', '2017-08-18', '10412', '', '300000', '0', '0', NULL, NULL, '0'),
('414', '42', '39', '2017-08-18', '10411', 'HBL', '-90000', '0', '0', '2', '19', '0'),
('415', '42', '39', '2017-08-18', '10412', '', '90000', '0', '0', NULL, NULL, '0'),
('416', '42', '40', '2017-08-18', '10411', 'UBL', '-240000', '0', '0', '2', '32', '0'),
('417', '42', '40', '2017-08-18', '10412', '', '240000', '0', '0', NULL, NULL, '0'),
('418', '41', '21', '2017-08-18', '10411', 'UBL', '1590000', '0', '0', '2', '26', '0'),
('419', '41', '21', '2017-08-18', '10412', '', '-1590000', '0', '0', NULL, NULL, '0'),
('420', '41', '22', '2017-08-18', '10411', 'MCB', '1434100', '0', '0', '2', '26', '0'),
('421', '41', '22', '2017-08-18', '10412', '', '-1434100', '0', '0', NULL, NULL, '0'),
('422', '41', '23', '2017-08-18', '10411', 'HBL', '83000', '0', '0', '2', '26', '0'),
('423', '41', '23', '2017-08-18', '10412', '', '-83000', '0', '0', NULL, NULL, '0'),
('424', '41', '24', '2017-08-18', '10411', 'HBL', '300000', '0', '0', '2', '26', '0'),
('425', '41', '24', '2017-08-18', '10412', '', '-300000', '0', '0', NULL, NULL, '0'),
('426', '41', '25', '2017-08-18', '10411', 'HBL', '90000', '0', '0', '2', '26', '0'),
('427', '41', '25', '2017-08-18', '10412', '', '-90000', '0', '0', NULL, NULL, '0'),
('428', '41', '26', '2017-08-18', '10411', 'UBL', '240000', '0', '0', '2', '26', '0'),
('429', '41', '26', '2017-08-18', '10412', '', '-240000', '0', '0', NULL, NULL, '0'),
('430', '41', '27', '2017-08-18', '10215', 'BILL', '1550', '0', '0', NULL, NULL, '0'),
('431', '41', '27', '2017-08-18', '10213', 'HSD  32', '1720', '0', '0', NULL, NULL, '0'),
('432', '41', '27', '2017-08-18', '10217', 'HSD  32', '1564', '0', '0', NULL, NULL, '0'),
('433', '41', '27', '2017-08-18', '10216', 'HSD  32', '2502', '0', '0', NULL, NULL, '0'),
('434', '41', '27', '2017-08-18', '10412', '', '-7336', '0', '0', NULL, NULL, '0'),
('435', '41', '28', '2017-08-18', '2011', 'SHELL CARD', '11910', '0', '0', '3', '1', '0'),
('436', '41', '28', '2017-08-18', '10412', '', '-11910', '0', '0', NULL, NULL, '0'),
('437', '41', '29', '2017-08-18', '5017', 'STATINORUY BILL', '0', '0', '0', NULL, NULL, '0'),
('438', '41', '29', '2017-08-18', '10412', '', '0', '0', '0', NULL, NULL, '0'),
('439', '13', '60', '2017-08-18', '5011', '', '200700.6383', '0', '0', NULL, NULL, '0'),
('440', '13', '60', '2017-08-18', '1021', '', '-200700.6383', '0', '0', NULL, NULL, '0'),
('441', '10', '60', '2017-08-18', '4011', '', '-202670.1', '0', '0', NULL, NULL, '0'),
('442', '10', '60', '2017-08-18', '1013', '', '202670.1', '0', '0', '2', '40', '0'),
('443', '10', '60', '2017-08-18', '2013', '', '0', '0', '0', NULL, NULL, '0'),
('444', '13', '61', '2017-08-18', '5011', '', '376100', '0', '0', NULL, NULL, '0'),
('445', '13', '61', '2017-08-18', '1021', '', '-376100', '0', '0', NULL, NULL, '0'),
('446', '10', '61', '2017-08-18', '4011', '', '-378600', '0', '0', NULL, NULL, '0'),
('447', '10', '61', '2017-08-18', '1013', '', '378600', '0', '0', '2', '5', '0'),
('448', '10', '61', '2017-08-18', '2013', '', '0', '0', '0', NULL, NULL, '0'),
('449', '13', '62', '2017-08-18', '5011', '', '334501.0638', '0', '0', NULL, NULL, '0'),
('450', '13', '62', '2017-08-18', '1021', '', '-334501.0638', '0', '0', NULL, NULL, '0'),
('451', '10', '62', '2017-08-18', '4011', '', '-336950', '0', '0', NULL, NULL, '0'),
('452', '10', '62', '2017-08-18', '1013', '', '336950', '0', '0', '2', '5', '0'),
('453', '10', '62', '2017-08-18', '2013', '', '0', '0', '0', NULL, NULL, '0'),
('454', '13', '63', '2017-08-18', '5011', '', '669002.1277', '0', '0', NULL, NULL, '0'),
('455', '13', '63', '2017-08-18', '1021', '', '-669002.1277', '0', '0', NULL, NULL, '0'),
('456', '10', '63', '2017-08-18', '4011', '', '-675400', '0', '0', NULL, NULL, '0'),
('457', '10', '63', '2017-08-18', '1013', '', '675400', '0', '0', '2', '21', '0'),
('458', '10', '63', '2017-08-18', '2013', '', '0', '0', '0', NULL, NULL, '0'),
('459', '42', '41', '2017-08-19', '10411', 'NET TO VEHARI SHELL', '-400000', '0', '0', '2', '5', '0'),
('460', '42', '41', '2017-08-19', '10412', 'NET TO VEHARI SHELL', '400000', '0', '0', NULL, NULL, '0'),
('461', '42', '42', '2017-08-19', '10411', 'NET TO VEHARI SHELL', '-500000', '0', '0', '2', '40', '0'),
('462', '42', '42', '2017-08-19', '10412', 'NET TO VEHARI SHELL', '500000', '0', '0', NULL, NULL, '0'),
('463', '42', '43', '2017-08-19', '10411', 'NET TO VEHARI SHELL', '-340000', '0', '0', '2', '21', '0'),
('464', '42', '43', '2017-08-19', '10412', 'NET TO VEHARI SHELL', '340000', '0', '0', NULL, NULL, '0'),
('465', '42', '44', '2017-08-19', '10411', 'NET TO VEHARI SHELL', '-370000', '0', '0', '2', '39', '0'),
('466', '42', '44', '2017-08-19', '10412', 'NET TO VEHARI SHELL', '370000', '0', '0', NULL, NULL, '0'),
('467', '42', '45', '2017-08-19', '10411', 'NET TO VEHARI SHELL', '-325000', '0', '0', '2', '14', '0'),
('468', '42', '45', '2017-08-19', '10412', 'NET TO VEHARI SHELL', '325000', '0', '0', NULL, NULL, '0'),
('469', '42', '46', '2017-08-19', '10411', 'NET TO VEHARI SHELL', '-606200', '0', '0', '2', '12', '0'),
('470', '42', '46', '2017-08-19', '10412', 'NET TO VEHARI SHELL', '606200', '0', '0', NULL, NULL, '0'),
('471', '41', '30', '2017-08-18', '10211', 'BILL SATATIONARY', '885', '0', '0', NULL, NULL, '0'),
('472', '41', '30', '2017-08-18', '10412', '', '-885', '0', '0', NULL, NULL, '0'),
('473', '42', '47', '2017-08-19', '10411', ' NET 5186', '-100000', '0', '0', '2', '19', '0'),
('474', '42', '47', '2017-08-19', '10412', '', '100000', '0', '0', NULL, NULL, '0'),
('475', '42', '48', '2017-08-19', '10411', 'NET 2055', '-112000', '0', '0', '2', '32', '0'),
('476', '42', '48', '2017-08-19', '10412', '', '112000', '0', '0', NULL, NULL, '0'),
('477', '42', '49', '2017-08-19', '10411', 'NET 4155', '-700000', '0', '0', '2', '11', '0'),
('478', '42', '49', '2017-08-19', '10412', '', '700000', '0', '0', NULL, NULL, '0'),
('479', '42', '50', '2017-08-19', '10411', '', '-150000', '0', '0', '2', '32', '0'),
('480', '42', '50', '2017-08-19', '10412', 'NET 2055', '150000', '0', '0', NULL, NULL, '0'),
('481', '42', '51', '2017-08-19', '10411', '', '-31238', '0', '0', '2', '39', '0'),
('482', '42', '51', '2017-08-19', '10412', 'NET + HSD', '31238', '0', '0', NULL, NULL, '0'),
('483', '41', '31', '2017-08-19', '10411', 'HBL NET', '1610000', '0', '0', '2', '26', '0'),
('484', '41', '31', '2017-08-19', '10412', 'HBL NET', '-1610000', '0', '0', NULL, NULL, '0'),
('485', '41', '32', '2017-08-19', '10411', 'NET', '3000', '0', '0', '2', '37', '0'),
('486', '41', '32', '2017-08-19', '10412', '', '-3000', '0', '0', NULL, NULL, '0'),
('487', '41', '33', '2017-08-19', '10411', 'NET ', '1993200', '0', '0', '2', '39', '0'),
('488', '41', '33', '2017-08-19', '10412', 'NET', '-1993200', '0', '0', NULL, NULL, '0'),
('489', '41', '34', '2017-08-19', '10217', 'TOLL PLAZA + HSD', '11811', '0', '0', NULL, NULL, '0'),
('490', '41', '34', '2017-08-19', '10412', 'TOLL PLAZA + HSD', '-11811', '0', '0', NULL, NULL, '0'),
('491', '41', '35', '2017-08-19', '10215', 'HSD 23', '1799', '0', '0', NULL, NULL, '0'),
('492', '41', '35', '2017-08-19', '10215', 'HSD 23', '1329', '0', '0', NULL, NULL, '0'),
('493', '41', '35', '2017-08-19', '10212', 'HSD', '9149', '0', '0', NULL, NULL, '0'),
('494', '41', '35', '2017-08-19', '10214', 'TOLL', '150', '0', '0', NULL, NULL, '0'),
('495', '41', '35', '2017-08-19', '10412', '', '-12427', '0', '0', NULL, NULL, '0'),
('496', '41', '36', '2017-08-19', '2011', 'SHELL CARD', '4000', '0', '0', '3', '1', '0'),
('497', '41', '36', '2017-08-19', '10412', '', '-4000', '0', '0', NULL, NULL, '0'),
('498', '20', '18', '2017-08-19', '2011', '', '-225660', '0', '0', '3', '4', '0'),
('499', '20', '18', '2017-08-19', '1021', '', '225660', '0', '0', NULL, NULL, '0'),
('500', '20', '19', '2017-08-19', '2011', '', '-133780', '0', '0', '3', '4', '0'),
('501', '20', '19', '2017-08-19', '1021', '', '133780', '0', '0', NULL, NULL, '0'),
('502', '20', '20', '2017-08-19', '2011', '', '-66890', '0', '0', '3', '4', '0'),
('503', '20', '20', '2017-08-19', '1021', '', '66890', '0', '0', NULL, NULL, '0'),
('504', '20', '21', '2017-08-19', '2011', '', '-1672250', '0', '0', '3', '2', '0'),
('505', '20', '21', '2017-08-19', '1021', '', '1672250', '0', '0', NULL, NULL, '0'),
('506', '20', '22', '2017-08-21', '2011', '', '0', '0', '0', '3', '2', '0'),
('507', '20', '22', '2017-08-21', '1021', '', '0', '0', '0', NULL, NULL, '0'),
('508', '20', '23', '2017-08-19', '2011', '', '0', '0', '0', '3', '2', '0'),
('509', '20', '23', '2017-08-19', '1021', '', '0', '0', '0', NULL, NULL, '0'),
('510', '20', '24', '2017-08-19', '2011', '', '0', '0', '0', '3', '2', '0'),
('511', '20', '24', '2017-08-19', '1021', '', '0', '0', '0', NULL, NULL, '0'),
('512', '20', '25', '2017-08-19', '2011', '', '0', '0', '0', '3', '2', '0'),
('513', '20', '25', '2017-08-19', '1021', '', '0', '0', '0', NULL, NULL, '0'),
('514', '13', '64', '2017-08-19', '5011', '', '200672.0426', '0', '0', NULL, NULL, '0'),
('515', '13', '64', '2017-08-19', '1021', '', '-200672.0426', '0', '0', NULL, NULL, '0'),
('516', '10', '64', '2017-08-19', '4011', '', '-203670', '0', '0', NULL, NULL, '0'),
('517', '10', '64', '2017-08-19', '1013', '', '203670', '0', '0', '2', '32', '0'),
('518', '10', '64', '2017-08-19', '2013', '', '0', '0', '0', NULL, NULL, '0'),
('519', '13', '65', '2017-08-19', '5011', '', '225660', '0', '0', NULL, NULL, '0'),
('520', '13', '65', '2017-08-19', '1021', '', '-225660', '0', '0', NULL, NULL, '0'),
('521', '10', '65', '2017-08-19', '4011', '', '-228660', '0', '0', NULL, NULL, '0'),
('522', '10', '65', '2017-08-19', '1013', '', '228660', '0', '0', '2', '19', '0'),
('523', '10', '65', '2017-08-19', '2013', '', '0', '0', '0', NULL, NULL, '0'),
('524', '13', '66', '2017-08-19', '5011', '', '1003360.2128', '0', '0', NULL, NULL, '0'),
('525', '13', '66', '2017-08-19', '1021', '', '-1003360.2128', '0', '0', NULL, NULL, '0'),
('526', '10', '66', '2017-08-19', '4011', '', '-1013100', '0', '0', NULL, NULL, '0'),
('527', '10', '66', '2017-08-19', '1013', '', '1013100', '0', '0', '2', '11', '0'),
('528', '10', '66', '2017-08-19', '2013', '', '0', '0', '0', NULL, NULL, '0'),
('529', '13', '67', '2017-08-19', '5011', '', '0', '0', '0', NULL, NULL, '0'),
('530', '13', '67', '2017-08-19', '1021', '', '0', '0', '0', NULL, NULL, '0'),
('531', '10', '67', '2017-08-19', '4011', '', '0', '0', '0', NULL, NULL, '0'),
('532', '10', '67', '2017-08-19', '10411', '', '0', '0', '0', '2', '39', '0'),
('533', '10', '67', '2017-08-19', '2013', '', '0', '0', '0', NULL, NULL, '0'),
('534', '13', '68', '2017-08-19', '5011', '', '133781.3617', '0', '0', NULL, NULL, '0'),
('535', '13', '68', '2017-08-19', '1021', '', '-133781.3617', '0', '0', NULL, NULL, '0'),
('536', '10', '68', '2017-08-19', '4011', '', '-135780', '0', '0', NULL, NULL, '0'),
('537', '10', '68', '2017-08-19', '1013', '', '135780', '0', '0', '2', '19', '0'),
('538', '10', '68', '2017-08-19', '2013', '', '0', '0', '0', NULL, NULL, '0'),
('539', '13', '69', '2017-08-19', '5011', '', '334453.4043', '0', '0', NULL, NULL, '0'),
('540', '13', '69', '2017-08-19', '1021', '', '-334453.4043', '0', '0', NULL, NULL, '0'),
('541', '10', '69', '2017-08-19', '4011', '', '-334450', '0', '0', NULL, NULL, '0'),
('542', '10', '69', '2017-08-19', '10411', '', '334450', '0', '0', '2', '39', '0'),
('543', '10', '69', '2017-08-19', '2013', '', '0', '0', '0', NULL, NULL, '0'),
('544', '13', '70', '2017-08-19', '5011', '', '133781.3617', '0', '0', NULL, NULL, '0'),
('545', '13', '70', '2017-08-19', '1021', '', '-133781.3617', '0', '0', NULL, NULL, '0'),
('546', '10', '70', '2017-08-19', '4011', '', '-135280', '0', '0', NULL, NULL, '0'),
('547', '10', '70', '2017-08-19', '1013', '', '135280', '0', '0', '2', '8', '0'),
('548', '10', '70', '2017-08-19', '2013', '', '0', '0', '0', NULL, NULL, '0'),
('549', '13', '71', '2017-08-19', '5011', '', '66890.6809', '0', '0', NULL, NULL, '0'),
('550', '13', '71', '2017-08-19', '1021', '', '-66890.6809', '0', '0', NULL, NULL, '0'),
('551', '10', '71', '2017-08-19', '4011', '', '-66890', '0', '0', NULL, NULL, '0'),
('552', '10', '71', '2017-08-19', '10411', '', '66890', '0', '0', '2', '39', '0'),
('553', '10', '71', '2017-08-19', '2013', '', '0', '0', '0', NULL, NULL, '0'),
('554', '20', '26', '2017-08-19', '2011', '', '0', '0', '0', '3', '2', '0'),
('555', '20', '26', '2017-08-19', '1021', '', '0', '0', '0', NULL, NULL, '0'),
('556', '20', '27', '2017-08-19', '2011', '', '0', '0', '0', '3', '2', '0'),
('557', '20', '27', '2017-08-19', '1021', '', '0', '0', '0', NULL, NULL, '0');

### Structure of table `0_grn_batch` ###

DROP TABLE IF EXISTS `0_grn_batch`;

CREATE TABLE `0_grn_batch` (
  `id` int(11) NOT NULL AUTO_INCREMENT,
  `supplier_id` int(11) NOT NULL DEFAULT '0',
  `purch_order_no` int(11) DEFAULT NULL,
  `reference` varchar(60) COLLATE utf8_unicode_ci NOT NULL DEFAULT '',
  `delivery_date` date NOT NULL DEFAULT '0000-00-00',
  `loc_code` varchar(5) COLLATE utf8_unicode_ci DEFAULT NULL,
  `rate` double DEFAULT '1',
  `requisition_no` int(11) NOT NULL,
  PRIMARY KEY (`id`),
  KEY `delivery_date` (`delivery_date`),
  KEY `purch_order_no` (`purch_order_no`)
) ENGINE=InnoDB AUTO_INCREMENT=18 DEFAULT CHARSET=utf8 COLLATE=utf8_unicode_ci ;

### Data of table `0_grn_batch` ###

INSERT INTO `0_grn_batch` VALUES
('1', '4', '1', 'auto', '2017-08-16', '20014', '1', '1'),
('2', '4', '2', 'auto', '2017-08-16', '20013', '1', '2'),
('3', '4', '3', 'auto', '2017-08-16', '20009', '1', '3'),
('4', '4', '4', 'auto', '2017-08-16', '20014', '1', '4'),
('5', '5', '5', 'auto', '2017-08-15', '20005', '1', '9'),
('6', '5', '6', 'auto', '2017-08-15', '20015', '1', '10'),
('7', '4', '7', 'auto', '2017-08-17', '20001', '1', '11'),
('8', '4', '8', 'auto', '0020-00-01', '20001', '18', '13'),
('9', '4', '9', 'auto', '0020-00-01', '20001', '18', '14'),
('10', '4', '10', 'auto', '0020-00-01', '20013', '18', '15'),
('11', '4', '11', 'auto', '0020-00-01', '20009', '18', '16'),
('12', '4', '12', 'auto', '0020-00-01', '20014', '18', '17'),
('13', '4', '13', 'auto', '0020-00-01', '20001', '19', '18'),
('14', '4', '14', 'auto', '0020-00-01', '20013', '19', '19'),
('15', '4', '15', 'auto', '0020-00-01', '20014', '19', '20'),
('16', '2', '16', 'auto', '0020-00-01', '20011', '19', '21'),
('17', '2', '17', 'auto', '0020-00-01', '20001', '21', '22');

### Structure of table `0_grn_items` ###

DROP TABLE IF EXISTS `0_grn_items`;

CREATE TABLE `0_grn_items` (
  `id` int(11) NOT NULL AUTO_INCREMENT,
  `grn_batch_id` int(11) DEFAULT NULL,
  `po_detail_item` int(11) NOT NULL DEFAULT '0',
  `item_code` varchar(20) COLLATE utf8_unicode_ci NOT NULL DEFAULT '',
  `description` tinytext COLLATE utf8_unicode_ci,
  `qty_recd` double NOT NULL DEFAULT '0',
  `quantity_inv` double NOT NULL DEFAULT '0',
  PRIMARY KEY (`id`),
  KEY `grn_batch_id` (`grn_batch_id`)
) ENGINE=InnoDB AUTO_INCREMENT=18 DEFAULT CHARSET=utf8 COLLATE=utf8_unicode_ci ;

### Data of table `0_grn_items` ###

INSERT INTO `0_grn_items` VALUES
('1', '1', '1', '10002', 'HSD', '1657', '1657'),
('2', '2', '2', '10001', 'PMG', '15000', '15000'),
('3', '3', '3', '10002', 'HSD', '3000', '3000'),
('4', '4', '4', '10001', 'PMG', '10000', '10000'),
('5', '5', '5', '10001', 'PMG', '3000', '3000'),
('6', '6', '6', '10001', 'PMG', '2000', '2000'),
('7', '7', '7', '10002', 'HSD', '15000', '15000'),
('8', '8', '8', '10002', 'HSD', '8000', '8000'),
('9', '9', '9', '10002', 'HSD', '22000', '22000'),
('10', '10', '10', '10002', 'HSD', '1000', '1000'),
('11', '11', '11', '10001', 'PMG', '30000', '30000'),
('12', '12', '12', '10001', 'PMG', '15000', '15000'),
('13', '13', '13', '10002', 'HSD', '3000', '3000'),
('14', '14', '14', '10001', 'PMG', '2000', '2000'),
('15', '15', '15', '10001', 'PMG', '1000', '1000'),
('16', '16', '16', '10001', 'PMG', '25000', '25000'),
('17', '17', '17', '10002', 'HSD', '25000', '0');

### Structure of table `0_groups` ###

DROP TABLE IF EXISTS `0_groups`;

CREATE TABLE `0_groups` (
  `id` smallint(6) unsigned NOT NULL AUTO_INCREMENT,
  `description` varchar(60) COLLATE utf8_unicode_ci NOT NULL DEFAULT '',
  `inactive` tinyint(1) NOT NULL DEFAULT '0',
  PRIMARY KEY (`id`),
  UNIQUE KEY `description` (`description`)
) ENGINE=InnoDB AUTO_INCREMENT=4 DEFAULT CHARSET=utf8 COLLATE=utf8_unicode_ci ;

### Data of table `0_groups` ###

INSERT INTO `0_groups` VALUES
('1', 'Small', '0'),
('2', 'Medium', '0'),
('3', 'Large', '0');

### Structure of table `0_item_codes` ###

DROP TABLE IF EXISTS `0_item_codes`;

CREATE TABLE `0_item_codes` (
  `id` int(11) unsigned NOT NULL AUTO_INCREMENT,
  `item_code` varchar(20) COLLATE utf8_unicode_ci NOT NULL,
  `stock_id` varchar(20) COLLATE utf8_unicode_ci NOT NULL,
  `description` varchar(200) COLLATE utf8_unicode_ci NOT NULL DEFAULT '',
  `category_id` smallint(6) unsigned NOT NULL,
  `quantity` double NOT NULL DEFAULT '1',
  `is_foreign` tinyint(1) NOT NULL DEFAULT '0',
  `inactive` tinyint(1) NOT NULL DEFAULT '0',
  PRIMARY KEY (`id`),
  UNIQUE KEY `stock_id` (`stock_id`,`item_code`),
  KEY `item_code` (`item_code`)
) ENGINE=InnoDB AUTO_INCREMENT=6 DEFAULT CHARSET=utf8 COLLATE=utf8_unicode_ci ;

### Data of table `0_item_codes` ###

INSERT INTO `0_item_codes` VALUES
('1', '10001', '10001', 'PMG', '2', '1', '0', '0'),
('2', '10002', '10002', 'HSD', '2', '1', '0', '0'),
('3', '10003', '10003', 'LUBRICANTS ', '2', '1', '0', '0'),
('4', '26', '26', 'OPENING BALANCE', '2', '1', '0', '0');

### Structure of table `0_item_tax_type_exemptions` ###

DROP TABLE IF EXISTS `0_item_tax_type_exemptions`;

CREATE TABLE `0_item_tax_type_exemptions` (
  `item_tax_type_id` int(11) NOT NULL DEFAULT '0',
  `tax_type_id` int(11) NOT NULL DEFAULT '0',
  PRIMARY KEY (`item_tax_type_id`,`tax_type_id`)
) ENGINE=InnoDB DEFAULT CHARSET=utf8 COLLATE=utf8_unicode_ci ;

### Data of table `0_item_tax_type_exemptions` ###


### Structure of table `0_item_tax_types` ###

DROP TABLE IF EXISTS `0_item_tax_types`;

CREATE TABLE `0_item_tax_types` (
  `id` int(11) NOT NULL AUTO_INCREMENT,
  `name` varchar(60) COLLATE utf8_unicode_ci NOT NULL DEFAULT '',
  `exempt` tinyint(1) NOT NULL DEFAULT '0',
  `inactive` tinyint(1) NOT NULL DEFAULT '0',
  PRIMARY KEY (`id`),
  UNIQUE KEY `name` (`name`)
) ENGINE=InnoDB AUTO_INCREMENT=3 DEFAULT CHARSET=utf8 COLLATE=utf8_unicode_ci ;

### Data of table `0_item_tax_types` ###

INSERT INTO `0_item_tax_types` VALUES
('1', 'Tax Exempt', '0', '0'),
('2', 'Taxable', '0', '0');

### Structure of table `0_item_units` ###

DROP TABLE IF EXISTS `0_item_units`;

CREATE TABLE `0_item_units` (
  `abbr` varchar(20) COLLATE utf8_unicode_ci NOT NULL,
  `name` varchar(40) COLLATE utf8_unicode_ci NOT NULL,
  `decimals` tinyint(2) NOT NULL,
  `inactive` tinyint(1) NOT NULL DEFAULT '0',
  PRIMARY KEY (`abbr`),
  UNIQUE KEY `name` (`name`)
) ENGINE=InnoDB DEFAULT CHARSET=utf8 COLLATE=utf8_unicode_ci ;

### Data of table `0_item_units` ###

INSERT INTO `0_item_units` VALUES
('LTRs', 'Liters', '-1', '0');

### Structure of table `0_journal` ###

DROP TABLE IF EXISTS `0_journal`;

CREATE TABLE `0_journal` (
  `type` smallint(6) NOT NULL DEFAULT '0',
  `trans_no` int(11) NOT NULL DEFAULT '0',
  `tran_date` date DEFAULT '0000-00-00',
  `reference` varchar(60) COLLATE utf8_unicode_ci NOT NULL DEFAULT '',
  `source_ref` varchar(60) COLLATE utf8_unicode_ci NOT NULL DEFAULT '',
  `event_date` date DEFAULT '0000-00-00',
  `doc_date` date NOT NULL DEFAULT '0000-00-00',
  `currency` char(3) COLLATE utf8_unicode_ci NOT NULL DEFAULT '',
  `amount` double NOT NULL DEFAULT '0',
  `rate` double NOT NULL DEFAULT '1',
  PRIMARY KEY (`type`,`trans_no`),
  KEY `tran_date` (`tran_date`)
) ENGINE=InnoDB DEFAULT CHARSET=utf8 COLLATE=utf8_unicode_ci ;

### Data of table `0_journal` ###

INSERT INTO `0_journal` VALUES
('0', '1', '2017-08-15', 'JV001/2017', '', '2017-08-18', '2017-08-18', 'PKR', '2500000', '1'),
('0', '2', '2017-08-15', 'JV002/2017', '', '2017-08-18', '2017-08-18', 'PKR', '2500000', '1'),
('0', '3', '2017-08-15', 'JV003/2017', '', '2017-08-18', '2017-08-18', 'PKR', '1900293', '1');

### Structure of table `0_loc_stock` ###

DROP TABLE IF EXISTS `0_loc_stock`;

CREATE TABLE `0_loc_stock` (
  `loc_code` char(5) COLLATE utf8_unicode_ci NOT NULL DEFAULT '',
  `stock_id` char(20) COLLATE utf8_unicode_ci NOT NULL DEFAULT '',
  `reorder_level` double NOT NULL DEFAULT '0',
  PRIMARY KEY (`loc_code`,`stock_id`),
  KEY `stock_id` (`stock_id`)
) ENGINE=InnoDB DEFAULT CHARSET=utf8 COLLATE=utf8_unicode_ci ;

### Data of table `0_loc_stock` ###

INSERT INTO `0_loc_stock` VALUES
('20001', '10001', '0'),
('20001', '10002', '0'),
('20001', '10003', '0'),
('20001', '26', '0'),
('20002', '10001', '0'),
('20002', '10002', '0'),
('20002', '10003', '0'),
('20002', '26', '0'),
('20003', '10001', '0'),
('20003', '10002', '0'),
('20003', '10003', '0'),
('20003', '26', '0'),
('20004', '10001', '0'),
('20004', '10002', '0'),
('20004', '10003', '0'),
('20004', '26', '0'),
('20005', '10001', '0'),
('20005', '10002', '0'),
('20005', '10003', '0'),
('20005', '26', '0'),
('20006', '10001', '0'),
('20006', '10002', '0'),
('20006', '10003', '0'),
('20006', '26', '0'),
('20007', '10001', '0'),
('20007', '10002', '0'),
('20007', '10003', '0'),
('20007', '26', '0'),
('20008', '10001', '0'),
('20008', '10002', '0'),
('20008', '10003', '0'),
('20008', '26', '0'),
('20009', '10001', '0'),
('20009', '10002', '0'),
('20009', '10003', '0'),
('20009', '26', '0'),
('20011', '10001', '0'),
('20011', '10002', '0'),
('20011', '10003', '0'),
('20011', '26', '0'),
('20012', '10001', '0'),
('20012', '10002', '0'),
('20012', '10003', '0'),
('20012', '26', '0'),
('20013', '10001', '0'),
('20013', '10002', '0'),
('20013', '10003', '0'),
('20013', '26', '0'),
('20014', '10001', '0'),
('20014', '10002', '0'),
('20014', '10003', '0'),
('20014', '26', '0'),
('20015', '10001', '0'),
('20015', '10002', '0'),
('20015', '10003', '0'),
('20015', '26', '0'),
('DEF', '10001', '0'),
('DEF', '10002', '0'),
('DEF', '10003', '0'),
('DEF', '26', '0');

### Structure of table `0_locations` ###

DROP TABLE IF EXISTS `0_locations`;

CREATE TABLE `0_locations` (
  `loc_code` varchar(5) COLLATE utf8_unicode_ci NOT NULL DEFAULT '',
  `location_name` varchar(60) COLLATE utf8_unicode_ci NOT NULL DEFAULT '',
  `delivery_address` tinytext COLLATE utf8_unicode_ci NOT NULL,
  `phone` varchar(30) COLLATE utf8_unicode_ci NOT NULL DEFAULT '',
  `phone2` varchar(30) COLLATE utf8_unicode_ci NOT NULL DEFAULT '',
  `fax` varchar(30) COLLATE utf8_unicode_ci NOT NULL DEFAULT '',
  `email` varchar(100) COLLATE utf8_unicode_ci NOT NULL DEFAULT '',
  `contact` varchar(30) COLLATE utf8_unicode_ci NOT NULL DEFAULT '',
  `fixed_asset` tinyint(1) NOT NULL DEFAULT '0',
  `inactive` tinyint(1) NOT NULL DEFAULT '0',
  PRIMARY KEY (`loc_code`)
) ENGINE=InnoDB DEFAULT CHARSET=utf8 COLLATE=utf8_unicode_ci ;

### Data of table `0_locations` ###

INSERT INTO `0_locations` VALUES
('20001', 'ON WHEEL ', '', '', '', '', '', '', '0', '0'),
('20002', '5186  MNQ ON WHEEL', '', '', '', '', '', '', '0', '0'),
('20003', '2055 SA ON WHEEL', '', '', '', '', '', '', '0', '0'),
('20004', '1830 GA ON WHEEL', '', '', '', '', '', '', '0', '0'),
('20005', '7519 LSA  ON WHEEL', '', '', '', '', '', '', '0', '0'),
('20006', '138 SWA ON WHEEL ', '', '', '', '', '', '', '0', '0'),
('20007', '397 TTD ON WHEEL', '', '', '', '', '', '', '0', '0'),
('20008', '1955 C ON WHEEL', '', '', '', '', '', '', '0', '0'),
('20009', '4757  MNP ON WHEEL', '', '', '', '', '', '', '0', '0'),
('20011', '4155 LS ON WHEEL', '', '', '', '', '', '', '0', '0'),
('20012', '114 TLC ON WHEEL', '', '', '', '', '', '', '0', '0'),
('20013', '0166 ON WHEEL', '', '', '', '', '', '', '0', '0'),
('20014', '0167 ON WHEEL', '', '', '', '', '', '', '0', '0'),
('20015', 'STOCK DEPOT', '', '', '', '', '', '', '0', '0'),
('DEF', 'Default', 'N/A', '', '', '', '', '', '0', '0');

### Structure of table `0_movement_types` ###

DROP TABLE IF EXISTS `0_movement_types`;

CREATE TABLE `0_movement_types` (
  `id` int(11) NOT NULL AUTO_INCREMENT,
  `name` varchar(60) COLLATE utf8_unicode_ci NOT NULL DEFAULT '',
  `inactive` tinyint(1) NOT NULL DEFAULT '0',
  PRIMARY KEY (`id`),
  UNIQUE KEY `name` (`name`)
) ENGINE=MyISAM AUTO_INCREMENT=3 DEFAULT CHARSET=utf8 COLLATE=utf8_unicode_ci ;

### Data of table `0_movement_types` ###

INSERT INTO `0_movement_types` VALUES
('1', 'Adjustment', '0'),
('2', 'Opening Balance', '0');

### Structure of table `0_payment_terms` ###

DROP TABLE IF EXISTS `0_payment_terms`;

CREATE TABLE `0_payment_terms` (
  `terms_indicator` int(11) NOT NULL AUTO_INCREMENT,
  `terms` char(80) COLLATE utf8_unicode_ci NOT NULL DEFAULT '',
  `days_before_due` smallint(6) NOT NULL DEFAULT '0',
  `day_in_following_month` smallint(6) NOT NULL DEFAULT '0',
  `inactive` tinyint(1) NOT NULL DEFAULT '0',
  PRIMARY KEY (`terms_indicator`),
  UNIQUE KEY `terms` (`terms`)
) ENGINE=InnoDB AUTO_INCREMENT=6 DEFAULT CHARSET=utf8 COLLATE=utf8_unicode_ci ;

### Data of table `0_payment_terms` ###

INSERT INTO `0_payment_terms` VALUES
('1', '1 Days', '1', '0', '0'),
('2', '2 days', '2', '0', '0'),
('3', 'Payment due within 10 days', '10', '0', '0'),
('4', 'Cash Only', '0', '0', '0'),
('5', '90 Days', '90', '0', '0');

### Structure of table `0_prices` ###

DROP TABLE IF EXISTS `0_prices`;

CREATE TABLE `0_prices` (
  `id` int(11) NOT NULL AUTO_INCREMENT,
  `stock_id` varchar(20) COLLATE utf8_unicode_ci NOT NULL DEFAULT '',
  `sales_type_id` int(11) NOT NULL DEFAULT '0',
  `curr_abrev` char(3) COLLATE utf8_unicode_ci NOT NULL DEFAULT '',
  `price` double NOT NULL DEFAULT '0',
  PRIMARY KEY (`id`),
  UNIQUE KEY `price` (`stock_id`,`sales_type_id`,`curr_abrev`)
) ENGINE=InnoDB AUTO_INCREMENT=6 DEFAULT CHARSET=utf8 COLLATE=utf8_unicode_ci ;

### Data of table `0_prices` ###

INSERT INTO `0_prices` VALUES
('4', '1002', '2', 'PKR', '200'),
('5', '001', '1', 'PKR', '77.72');

### Structure of table `0_print_profiles` ###

DROP TABLE IF EXISTS `0_print_profiles`;

CREATE TABLE `0_print_profiles` (
  `id` smallint(6) unsigned NOT NULL AUTO_INCREMENT,
  `profile` varchar(30) COLLATE utf8_unicode_ci NOT NULL,
  `report` varchar(5) COLLATE utf8_unicode_ci DEFAULT NULL,
  `printer` tinyint(3) unsigned DEFAULT NULL,
  PRIMARY KEY (`id`),
  UNIQUE KEY `profile` (`profile`,`report`)
) ENGINE=InnoDB AUTO_INCREMENT=10 DEFAULT CHARSET=utf8 COLLATE=utf8_unicode_ci ;

### Data of table `0_print_profiles` ###

INSERT INTO `0_print_profiles` VALUES
('1', 'Out of office', NULL, '0'),
('2', 'Sales Department', NULL, '0'),
('3', 'Central', NULL, '2'),
('4', 'Sales Department', '104', '2'),
('5', 'Sales Department', '105', '2'),
('6', 'Sales Department', '107', '2'),
('7', 'Sales Department', '109', '2'),
('8', 'Sales Department', '110', '2'),
('9', 'Sales Department', '201', '2');

### Structure of table `0_printers` ###

DROP TABLE IF EXISTS `0_printers`;

CREATE TABLE `0_printers` (
  `id` tinyint(3) unsigned NOT NULL AUTO_INCREMENT,
  `name` varchar(20) COLLATE utf8_unicode_ci NOT NULL,
  `description` varchar(60) COLLATE utf8_unicode_ci NOT NULL,
  `queue` varchar(20) COLLATE utf8_unicode_ci NOT NULL,
  `host` varchar(40) COLLATE utf8_unicode_ci NOT NULL,
  `port` smallint(11) unsigned NOT NULL,
  `timeout` tinyint(3) unsigned NOT NULL,
  PRIMARY KEY (`id`),
  UNIQUE KEY `name` (`name`)
) ENGINE=InnoDB AUTO_INCREMENT=4 DEFAULT CHARSET=utf8 COLLATE=utf8_unicode_ci ;

### Data of table `0_printers` ###

INSERT INTO `0_printers` VALUES
('1', 'QL500', 'Label printer', 'QL500', 'server', '127', '20'),
('2', 'Samsung', 'Main network printer', 'scx4521F', 'server', '515', '5'),
('3', 'Local', 'Local print server at user IP', 'lp', '', '515', '10');

### Structure of table `0_purch_data` ###

DROP TABLE IF EXISTS `0_purch_data`;

CREATE TABLE `0_purch_data` (
  `supplier_id` int(11) NOT NULL DEFAULT '0',
  `stock_id` char(20) COLLATE utf8_unicode_ci NOT NULL DEFAULT '',
  `price` double NOT NULL DEFAULT '0',
  `suppliers_uom` char(50) COLLATE utf8_unicode_ci NOT NULL DEFAULT '',
  `conversion_factor` double NOT NULL DEFAULT '1',
  `supplier_description` char(50) COLLATE utf8_unicode_ci NOT NULL DEFAULT '',
  PRIMARY KEY (`supplier_id`,`stock_id`)
) ENGINE=InnoDB DEFAULT CHARSET=utf8 COLLATE=utf8_unicode_ci ;

### Data of table `0_purch_data` ###

INSERT INTO `0_purch_data` VALUES
('2', '10001', '66.89', '', '1', 'PMG'),
('2', '10002', '75.22', '', '1', 'HSD'),
('4', '10001', '66.89', '', '1', 'PMG'),
('4', '10002', '75.22', '', '1', 'HSD'),
('5', '10001', '66.89', '', '1', 'PMG');

### Structure of table `0_purch_order_details` ###

DROP TABLE IF EXISTS `0_purch_order_details`;

CREATE TABLE `0_purch_order_details` (
  `po_detail_item` int(11) NOT NULL AUTO_INCREMENT,
  `order_no` int(11) NOT NULL DEFAULT '0',
  `item_code` varchar(20) COLLATE utf8_unicode_ci NOT NULL DEFAULT '',
  `description` tinytext COLLATE utf8_unicode_ci,
  `delivery_date` date NOT NULL DEFAULT '0000-00-00',
  `qty_invoiced` double NOT NULL DEFAULT '0',
  `unit_price` double NOT NULL DEFAULT '0',
  `act_price` double NOT NULL DEFAULT '0',
  `std_cost_unit` double NOT NULL DEFAULT '0',
  `quantity_ordered` double NOT NULL DEFAULT '0',
  `quantity_received` double NOT NULL DEFAULT '0',
  PRIMARY KEY (`po_detail_item`),
  KEY `order` (`order_no`,`po_detail_item`),
  KEY `itemcode` (`item_code`)
) ENGINE=InnoDB AUTO_INCREMENT=18 DEFAULT CHARSET=utf8 COLLATE=utf8_unicode_ci ;

### Data of table `0_purch_order_details` ###

INSERT INTO `0_purch_order_details` VALUES
('1', '1', '10002', 'HSD', '2017-08-16', '1657', '75.22', '75.22', '75.22', '1657', '1657'),
('2', '2', '10001', 'PMG', '2017-08-16', '15000', '66.89', '66.89', '66.89', '15000', '15000'),
('3', '3', '10002', 'HSD', '2017-08-16', '3000', '75.22', '75.22', '75.22', '3000', '3000'),
('4', '4', '10001', 'PMG', '2017-08-16', '10000', '66.89', '66.89', '66.89', '10000', '10000'),
('5', '5', '10001', 'PMG', '2017-08-15', '3000', '66.89', '66.89', '66.89', '3000', '3000'),
('6', '6', '10001', 'PMG', '2017-08-15', '2000', '68.69', '68.69', '67.13', '2000', '2000'),
('7', '7', '10002', 'HSD', '2017-08-17', '15000', '75.22', '75.22', '75.22', '15000', '15000'),
('8', '8', '10002', 'HSD', '2017-08-18', '8000', '75.22', '75.22', '75.22', '8000', '8000'),
('9', '9', '10002', 'HSD', '2017-08-18', '22000', '75.22', '75.22', '75.22', '22000', '22000'),
('10', '10', '10002', 'HSD', '2017-08-18', '1000', '75.22', '75.22', '75.22', '1000', '1000'),
('11', '11', '10001', 'PMG', '2017-08-18', '30000', '66.89', '66.89', '66.905', '30000', '30000'),
('12', '12', '10001', 'PMG', '2017-08-18', '15000', '66.89', '66.89', '66.900212766', '15000', '15000'),
('13', '13', '10002', 'HSD', '2017-08-19', '3000', '75.22', '75.22', '75.22', '3000', '3000'),
('14', '14', '10001', 'PMG', '2017-08-19', '2000', '66.89', '66.89', '66.895106383', '2000', '2000'),
('15', '15', '10001', 'PMG', '2017-08-19', '1000', '66.89', '66.89', '66.8940851064', '1000', '1000'),
('16', '16', '10001', 'PMG', '2017-08-19', '25000', '66.89', '66.89', '66.8906808511', '25000', '25000'),
('17', '17', '10002', 'HSD', '2017-08-21', '0', '75.22', '75.22', '75.22', '25000', '25000');

### Structure of table `0_purch_orders` ###

DROP TABLE IF EXISTS `0_purch_orders`;

CREATE TABLE `0_purch_orders` (
  `order_no` int(11) NOT NULL AUTO_INCREMENT,
  `supplier_id` int(11) NOT NULL DEFAULT '0',
  `comments` tinytext COLLATE utf8_unicode_ci,
  `ord_date` date NOT NULL DEFAULT '0000-00-00',
  `reference` tinytext COLLATE utf8_unicode_ci NOT NULL,
  `requisition_no` tinytext COLLATE utf8_unicode_ci,
  `into_stock_location` varchar(5) COLLATE utf8_unicode_ci NOT NULL DEFAULT '',
  `delivery_address` tinytext COLLATE utf8_unicode_ci NOT NULL,
  `total` double NOT NULL DEFAULT '0',
  `prep_amount` double NOT NULL DEFAULT '0',
  `alloc` double NOT NULL DEFAULT '0',
  `tax_included` tinyint(1) NOT NULL DEFAULT '0',
  `pr` varchar(60) COLLATE utf8_unicode_ci NOT NULL,
  `payments` int(11) NOT NULL,
  PRIMARY KEY (`order_no`),
  KEY `ord_date` (`ord_date`)
) ENGINE=InnoDB AUTO_INCREMENT=18 DEFAULT CHARSET=utf8 COLLATE=utf8_unicode_ci ;

### Data of table `0_purch_orders` ###

INSERT INTO `0_purch_orders` VALUES
('1', '4', NULL, '2017-08-16', 'auto', '1', '20014', '', '124639.54', '0', '0', '0', '', '1'),
('2', '4', NULL, '2017-08-16', 'auto', '2', '20013', '', '1003350', '0', '0', '0', '', '1'),
('3', '4', NULL, '2017-08-16', 'auto', '3', '20009', '', '225660', '0', '0', '0', '', '1'),
('4', '4', NULL, '2017-08-16', 'auto', '4', '20014', '', '668900', '0', '0', '0', '', '1'),
('5', '5', 'ALTERNATIVE', '2017-08-15', 'auto', '09', '20005', '', '200670', '0', '0', '0', '', '1'),
('6', '5', 'STOCK DEPOT', '2017-08-15', 'auto', '010', '20015', '', '137380', '0', '0', '0', '', '1'),
('7', '4', 'ON WHEEL', '2017-08-17', 'auto', '011', '20001', '', '1128300', '0', '0', '0', '', '1'),
('8', '4', 'C 540 HSD ', '2017-08-18', 'auto', '13', '20001', '', '601760', '0', '0', '0', '', '1'),
('9', '4', 'C  540 HSD 22000', '2017-08-18', 'auto', '14', '20001', '', '1654840', '0', '0', '0', '', '1'),
('10', '4', '0166 ON WHEEL HSD 1000', '2017-08-18', 'auto', '15', '20013', '', '75220', '0', '0', '0', '', '1'),
('11', '4', '4757 ON WHEEL PMG 30000', '2017-08-18', 'auto', '16', '20009', '', '2006700', '0', '0', '0', '', '1'),
('12', '4', '0167 ON WHELL  PMG 15000', '2017-08-18', 'auto', '17', '20014', '', '1003350', '0', '0', '0', '', '1'),
('13', '4', 'ON WHEEL', '2017-08-19', 'auto', '18', '20001', '', '225660', '0', '0', '0', '', '1'),
('14', '4', '0166', '2017-08-19', 'auto', '19', '20013', '', '133780', '0', '0', '0', '', '1'),
('15', '4', '0167', '2017-08-19', 'auto', '20', '20014', '', '66890', '0', '0', '0', '', '1'),
('16', '2', '4155 ON WHEEL 25000 PG', '2017-08-19', 'auto', '21', '20011', '', '1672250', '0', '0', '0', '', '1'),
('17', '2', 'ON WHEEL 25000 HSD', '2017-08-21', 'auto', '22', '20001', '', '1880500', '0', '0', '0', '', '1');

### Structure of table `0_quick_entries` ###

DROP TABLE IF EXISTS `0_quick_entries`;

CREATE TABLE `0_quick_entries` (
  `id` smallint(6) unsigned NOT NULL AUTO_INCREMENT,
  `type` tinyint(1) NOT NULL DEFAULT '0',
  `description` varchar(60) COLLATE utf8_unicode_ci NOT NULL,
  `usage` varchar(120) COLLATE utf8_unicode_ci DEFAULT NULL,
  `base_amount` double NOT NULL DEFAULT '0',
  `base_desc` varchar(60) COLLATE utf8_unicode_ci DEFAULT NULL,
  `bal_type` tinyint(1) NOT NULL DEFAULT '0',
  PRIMARY KEY (`id`),
  KEY `description` (`description`)
) ENGINE=InnoDB AUTO_INCREMENT=4 DEFAULT CHARSET=utf8 COLLATE=utf8_unicode_ci ;

### Data of table `0_quick_entries` ###

INSERT INTO `0_quick_entries` VALUES
('1', '1', 'Maintenance', NULL, '0', 'Amount', '0'),
('2', '4', 'Phone', NULL, '0', 'Amount', '0'),
('3', '2', 'Cash Sales', 'Retail sales without invoice', '0', 'Amount', '0');

### Structure of table `0_quick_entry_lines` ###

DROP TABLE IF EXISTS `0_quick_entry_lines`;

CREATE TABLE `0_quick_entry_lines` (
  `id` smallint(6) unsigned NOT NULL AUTO_INCREMENT,
  `qid` smallint(6) unsigned NOT NULL,
  `amount` double DEFAULT '0',
  `memo` tinytext COLLATE utf8_unicode_ci NOT NULL,
  `action` varchar(2) COLLATE utf8_unicode_ci NOT NULL,
  `dest_id` varchar(15) COLLATE utf8_unicode_ci NOT NULL DEFAULT '',
  `dimension_id` smallint(6) unsigned DEFAULT NULL,
  `dimension2_id` smallint(6) unsigned DEFAULT NULL,
  PRIMARY KEY (`id`),
  KEY `qid` (`qid`)
) ENGINE=InnoDB AUTO_INCREMENT=7 DEFAULT CHARSET=utf8 COLLATE=utf8_unicode_ci ;

### Data of table `0_quick_entry_lines` ###

INSERT INTO `0_quick_entry_lines` VALUES
('1', '1', '0', '', 't-', '1', '0', '0'),
('2', '2', '0', '', 't-', '1', '0', '0'),
('3', '3', '0', '', 't-', '1', '0', '0'),
('4', '3', '0', '', '=', '4010', '0', '0'),
('5', '1', '0', '', '=', '5765', '0', '0'),
('6', '2', '0', '', '=', '5780', '0', '0');

### Structure of table `0_recurrent_invoices` ###

DROP TABLE IF EXISTS `0_recurrent_invoices`;

CREATE TABLE `0_recurrent_invoices` (
  `id` smallint(6) unsigned NOT NULL AUTO_INCREMENT,
  `description` varchar(60) COLLATE utf8_unicode_ci NOT NULL DEFAULT '',
  `order_no` int(11) unsigned NOT NULL,
  `debtor_no` int(11) unsigned DEFAULT NULL,
  `group_no` smallint(6) unsigned DEFAULT NULL,
  `days` int(11) NOT NULL DEFAULT '0',
  `monthly` int(11) NOT NULL DEFAULT '0',
  `begin` date NOT NULL DEFAULT '0000-00-00',
  `end` date NOT NULL DEFAULT '0000-00-00',
  `last_sent` date NOT NULL DEFAULT '0000-00-00',
  PRIMARY KEY (`id`),
  UNIQUE KEY `description` (`description`)
) ENGINE=InnoDB AUTO_INCREMENT=2 DEFAULT CHARSET=utf8 COLLATE=utf8_unicode_ci ;

### Data of table `0_recurrent_invoices` ###

INSERT INTO `0_recurrent_invoices` VALUES
('1', 'Weekly Maintenance', '6', '1', '1', '7', '0', '2015-04-01', '2020-05-07', '2015-04-08');

### Structure of table `0_reflines` ###

DROP TABLE IF EXISTS `0_reflines`;

CREATE TABLE `0_reflines` (
  `id` int(11) NOT NULL AUTO_INCREMENT,
  `trans_type` int(11) NOT NULL,
  `prefix` char(5) COLLATE utf8_unicode_ci NOT NULL DEFAULT '',
  `pattern` varchar(35) COLLATE utf8_unicode_ci NOT NULL DEFAULT '1',
  `description` varchar(60) COLLATE utf8_unicode_ci NOT NULL DEFAULT '',
  `default` tinyint(1) NOT NULL DEFAULT '0',
  `inactive` tinyint(1) NOT NULL DEFAULT '0',
  PRIMARY KEY (`id`),
  UNIQUE KEY `prefix` (`trans_type`,`prefix`)
) ENGINE=InnoDB AUTO_INCREMENT=25 DEFAULT CHARSET=utf8 COLLATE=utf8_unicode_ci ;

### Data of table `0_reflines` ###

INSERT INTO `0_reflines` VALUES
('1', '0', 'JV', '{001}/{YYYY}', '', '1', '0'),
('2', '1', 'BPV', '{001}/{YYYY}', '', '1', '0'),
('3', '2', 'BRV', '{001}/{YYYY}', '', '1', '0'),
('4', '4', 'FT', '{001}/{YYYY}', '', '1', '0'),
('5', '10', 'SI', '{001}/{YYYY}', '107', '1', '0'),
('6', '11', 'CCN', '{001}/{YYYY}', '113', '1', '0'),
('7', '12', 'CP', '{001}/{YYYY}', '', '1', '0'),
('8', '13', 'DN', '{001}/{YYYY}', '110', '1', '0'),
('9', '16', 'LT', '{001}/{YYYY}', '', '1', '0'),
('10', '17', 'IA', '{001}/{YYYY}', '', '1', '0'),
('11', '18', 'PO', '{001}/{YYYY}', '209', '1', '0'),
('12', '20', 'PI', '{001}/{YYYY}', '', '1', '0'),
('13', '21', 'SCN', '{001}/{YYYY}', '', '1', '0'),
('14', '22', 'SP', '{001}/{YYYY}', '210', '1', '0'),
('15', '25', 'GRN', '{001}/{YYYY}', '', '1', '0'),
('16', '26', 'WO', '{001}/{YYYY}', '409', '1', '0'),
('17', '28', 'WOI', '{001}/{YYYY}', '', '1', '0'),
('18', '29', 'WOP', '{001}/{YYYY}', '', '1', '0'),
('19', '30', 'SO', '{001}/{YYYY}', '109', '1', '0'),
('20', '32', 'SQ', '{001}/{YYYY}', '110', '1', '0'),
('21', '35', 'CU', '{001}/{YYYY}', '', '1', '0'),
('22', '40', 'CC', '{001}/{YYYY}', '', '1', '0'),
('23', '41', 'CPV', '{001}/{YYYY}', '', '1', '0'),
('24', '42', 'CRV', '{001}/{YYYY}', '', '1', '0');

### Structure of table `0_refs` ###

DROP TABLE IF EXISTS `0_refs`;

CREATE TABLE `0_refs` (
  `id` int(11) NOT NULL DEFAULT '0',
  `type` int(11) NOT NULL DEFAULT '0',
  `reference` varchar(100) COLLATE utf8_unicode_ci NOT NULL DEFAULT '',
  PRIMARY KEY (`id`,`type`),
  KEY `Type_and_Reference` (`type`,`reference`)
) ENGINE=InnoDB DEFAULT CHARSET=utf8 COLLATE=utf8_unicode_ci ;

### Data of table `0_refs` ###

INSERT INTO `0_refs` VALUES
('1', '0', 'JV001/2017'),
('2', '0', 'JV002/2017'),
('3', '0', 'JV003/2017'),
('1', '10', 'SI001/2017'),
('2', '10', 'SI002/2017'),
('3', '10', 'SI003/2017'),
('4', '10', 'SI004/2017'),
('5', '10', 'SI005/2017'),
('6', '10', 'SI006/2017'),
('7', '10', 'SI007/2017'),
('8', '10', 'SI008/2017'),
('9', '10', 'SI009/2017'),
('10', '10', 'SI010/2017'),
('11', '10', 'SI011/2017'),
('12', '10', 'SI012/2017'),
('13', '10', 'SI013/2017'),
('14', '10', 'SI014/2017'),
('15', '10', 'SI015/2017'),
('16', '10', 'SI016/2017'),
('17', '10', 'SI017/2017'),
('18', '10', 'SI018/2017'),
('19', '10', 'SI019/2017'),
('20', '10', 'SI020/2017'),
('21', '10', 'SI021/2017'),
('22', '10', 'SI022/2017'),
('23', '10', 'SI023/2017'),
('24', '10', 'SI024/2017'),
('25', '10', 'SI025/2017'),
('26', '10', 'SI026/2017'),
('27', '10', 'SI027/2017'),
('28', '10', 'SI028/2017'),
('29', '10', 'SI029/2017'),
('30', '10', 'SI030/2017'),
('31', '10', 'SI031/2017'),
('32', '10', 'SI032/2017'),
('33', '10', 'SI033/2017'),
('34', '10', 'SI034/2017'),
('35', '10', 'SI035/2017'),
('36', '10', 'SI036/2017'),
('37', '10', 'SI037/2017'),
('38', '10', 'SI038/2017'),
('39', '10', 'SI039/2017'),
('40', '10', 'SI040/2017'),
('41', '10', 'SI041/2017'),
('42', '10', 'SI042/2017'),
('43', '10', 'SI043/2017'),
('44', '10', 'SI044/2017'),
('45', '10', 'SI045/2017'),
('46', '10', 'SI046/2017'),
('47', '10', 'SI047/2017'),
('48', '10', 'SI048/2017'),
('49', '10', 'SI049/2017'),
('50', '10', 'SI050/2017'),
('51', '10', 'SI051/2017'),
('52', '10', 'SI052/2017'),
('53', '10', 'SI053/2017'),
('54', '10', 'SI054/2017'),
('55', '10', 'SI055/2017'),
('56', '10', 'SI056/2017'),
('57', '10', 'SI057/2017'),
('58', '10', 'SI058/2017'),
('59', '10', 'SI059/2017'),
('60', '10', 'SI060/2017'),
('61', '10', 'SI061/2017'),
('62', '10', 'SI062/2017'),
('63', '10', 'SI063/2017'),
('64', '10', 'SI064/2017'),
('65', '10', 'SI065/2017'),
('66', '10', 'SI066/2017'),
('67', '10', 'SI067/2017'),
('68', '10', 'SI067/2017'),
('69', '10', 'SI068/2017'),
('70', '10', 'SI069/2017'),
('71', '10', 'SI070/2017'),
('1', '11', 'CCN001/2017'),
('2', '11', 'CCN002/2017'),
('3', '11', 'CCN003/2017'),
('4', '11', 'CCN004/2017'),
('5', '11', 'CCN005/2017'),
('6', '11', 'CCN006/2017'),
('1', '16', 'LT001/2017'),
('2', '16', 'LT002/2017'),
('3', '16', 'LT003/2017'),
('4', '16', 'LT004/2017'),
('5', '16', 'LT005/2017'),
('6', '16', 'LT006/2017'),
('7', '16', 'LT007/2017'),
('8', '16', 'LT008/2017'),
('9', '16', 'LT009/2017'),
('10', '16', 'LT010/2017'),
('11', '16', 'LT011/2017'),
('12', '16', 'LT012/2017'),
('13', '16', 'LT013/2017'),
('14', '16', 'LT014/2017'),
('15', '16', 'LT015/2017'),
('16', '16', 'LT016/2017'),
('17', '16', 'LT017/2017'),
('18', '16', 'LT018/2017'),
('19', '16', 'LT019/2017'),
('20', '16', 'LT020/2017'),
('21', '16', 'LT021/2017'),
('22', '16', 'LT022/2017'),
('23', '16', 'LT023/2017'),
('24', '16', 'LT024/2017'),
('25', '16', 'LT025/2017'),
('26', '16', 'LT026/2017'),
('1', '20', 'PI001/2017'),
('2', '20', 'PI002/2017'),
('3', '20', 'PI003/2017'),
('4', '20', 'PI004/2017'),
('5', '20', 'PI005/2017'),
('6', '20', 'PI006/2017'),
('7', '20', 'PI007/2017'),
('8', '20', 'PI008/2017'),
('9', '20', 'PI009/2017'),
('10', '20', 'PI010/2017'),
('11', '20', 'PI011/2017'),
('12', '20', 'PI012/2017'),
('13', '20', 'PI013/2017'),
('14', '20', 'PI014/2017'),
('15', '20', 'PI015/2017'),
('16', '20', 'PI016/2017'),
('17', '20', 'PI017/2017'),
('18', '20', 'PI018/2017'),
('19', '20', 'PI019/2017'),
('20', '20', 'PI020/2017'),
('21', '20', 'PI021/2017'),
('22', '20', 'PI022/2017'),
('23', '20', 'PI023/2017'),
('24', '20', 'PI024/2017'),
('25', '20', 'PI025/2017'),
('26', '20', 'PI026/2017'),
('27', '20', 'PI027/2017'),
('1', '21', 'SCN001/2017'),
('2', '21', 'SCN002/2017'),
('60', '30', 'SO001/2017'),
('61', '30', 'SO002/2017'),
('1', '41', 'CPV001/2017'),
('2', '41', 'CPV002/2017'),
('3', '41', 'CPV003/2017'),
('4', '41', 'CPV004/2017'),
('9', '41', 'CPV004/2017'),
('5', '41', 'CPV005/2017'),
('6', '41', 'CPV006/2017'),
('7', '41', 'CPV007/2017'),
('8', '41', 'CPV008/2017'),
('10', '41', 'CPV009/2017'),
('11', '41', 'CPV010/2017'),
('12', '41', 'CPV011/2017'),
('13', '41', 'CPV012/2017'),
('14', '41', 'CPV013/2017'),
('15', '41', 'CPV014/2017'),
('16', '41', 'CPV015/2017'),
('17', '41', 'CPV016/2017'),
('18', '41', 'CPV017/2017'),
('19', '41', 'CPV018/2017'),
('20', '41', 'CPV019/2017'),
('21', '41', 'CPV020/2017'),
('22', '41', 'CPV021/2017'),
('23', '41', 'CPV022/2017'),
('24', '41', 'CPV023/2017'),
('25', '41', 'CPV024/2017'),
('26', '41', 'CPV025/2017'),
('27', '41', 'CPV026/2017'),
('28', '41', 'CPV027/2017'),
('29', '41', 'CPV028/2017'),
('30', '41', 'CPV028/2017'),
('31', '41', 'CPV029/2017'),
('32', '41', 'CPV030/2017'),
('33', '41', 'CPV031/2017'),
('34', '41', 'CPV032/2017'),
('35', '41', 'CPV033/2017'),
('36', '41', 'CPV034/2017'),
('1', '42', 'CRV001/2017'),
('2', '42', 'CRV002/2017'),
('3', '42', 'CRV003/2017'),
('4', '42', 'CRV004/2017'),
('5', '42', 'CRV005/2017'),
('6', '42', 'CRV006/2017'),
('7', '42', 'CRV007/2017'),
('8', '42', 'CRV008/2017'),
('9', '42', 'CRV009/2017'),
('10', '42', 'CRV010/2017'),
('11', '42', 'CRV011/2017'),
('12', '42', 'CRV012/2017'),
('13', '42', 'CRV013/2017'),
('14', '42', 'CRV014/2017'),
('15', '42', 'CRV015/2017'),
('16', '42', 'CRV016/2017'),
('17', '42', 'CRV017/2017'),
('18', '42', 'CRV018/2017'),
('19', '42', 'CRV019/2017'),
('20', '42', 'CRV020/2017'),
('21', '42', 'CRV021/2017'),
('22', '42', 'CRV022/2017'),
('23', '42', 'CRV023/2017'),
('24', '42', 'CRV024/2017'),
('25', '42', 'CRV025/2017'),
('26', '42', 'CRV026/2017'),
('27', '42', 'CRV027/2017'),
('28', '42', 'CRV028/2017'),
('29', '42', 'CRV029/2017'),
('30', '42', 'CRV030/2017'),
('31', '42', 'CRV031/2017'),
('32', '42', 'CRV032/2017'),
('33', '42', 'CRV033/2017'),
('34', '42', 'CRV034/2017'),
('35', '42', 'CRV035/2017'),
('36', '42', 'CRV036/2017'),
('37', '42', 'CRV037/2017'),
('38', '42', 'CRV038/2017'),
('39', '42', 'CRV039/2017'),
('40', '42', 'CRV040/2017'),
('41', '42', 'CRV041/2017'),
('42', '42', 'CRV042/2017'),
('43', '42', 'CRV043/2017'),
('44', '42', 'CRV044/2017'),
('45', '42', 'CRV045/2017'),
('46', '42', 'CRV046/2017'),
('47', '42', 'CRV047/2017'),
('48', '42', 'CRV048/2017'),
('49', '42', 'CRV049/2017'),
('50', '42', 'CRV050/2017'),
('51', '42', 'CRV051/2017');

### Structure of table `0_report_profiles` ###

DROP TABLE IF EXISTS `0_report_profiles`;

CREATE TABLE `0_report_profiles` (
  `id` smallint(6) unsigned NOT NULL AUTO_INCREMENT,
  `profile` varchar(30) COLLATE utf8_unicode_ci NOT NULL,
  `report` varchar(5) COLLATE utf8_unicode_ci DEFAULT NULL,
  `printer` tinyint(3) unsigned DEFAULT NULL,
  `value` int(11) NOT NULL,
  PRIMARY KEY (`id`),
  UNIQUE KEY `profile` (`profile`,`report`)
) ENGINE=InnoDB AUTO_INCREMENT=152 DEFAULT CHARSET=utf8 COLLATE=utf8_unicode_ci ;

### Data of table `0_report_profiles` ###

INSERT INTO `0_report_profiles` VALUES
('41', 'testing', NULL, NULL, '0'),
('42', 'testing', '101', '1', '0'),
('43', 'testing', '102', '1', '0'),
('44', 'testing', '103', '1', '0'),
('45', 'testing', '104', '1', '0'),
('46', 'testing', '105', '1', '0'),
('47', 'testing', '106', '1', '0'),
('48', 'testing', '107', '1', '0'),
('49', 'testing', '108', '1', '0'),
('50', 'testing', '109', '1', '0'),
('87', 'RPL', NULL, '1', '0'),
('88', 'RPL', '101', '1', '0'),
('89', 'RPL', '102', '1', '0'),
('90', 'RPL', '103', '1', '0'),
('91', 'RPL', '104', '1', '0'),
('92', 'RPL', '105', '1', '0'),
('93', 'RPL', '106', '1', '0'),
('94', 'RPL', '107', '1', '0'),
('95', 'RPL', '108', '1', '0'),
('96', 'RPL', '109', '1', '0'),
('97', 'RPL', '110', '1', '0'),
('98', 'RPL', '111', '1', '0'),
('99', 'RPL', '112', '1', '0'),
('100', 'RPL', '113', '1', '0'),
('101', 'RPL', '114', '1', '0'),
('102', 'RPL', '201', '1', '0'),
('103', 'RPL', '202', '1', '0'),
('104', 'RPL', '203', '1', '0'),
('105', 'RPL', '204', '1', '0'),
('106', 'RPL', '205', '1', '0'),
('107', 'RPL', '209', '1', '0'),
('108', 'RPL', '210', '1', '0'),
('109', 'RPL', '301', '1', '0'),
('110', 'RPL', '302', '1', '0'),
('111', 'RPL', '303', '1', '0'),
('112', 'RPL', '304', '1', '0'),
('113', 'RPL', '305', '1', '0'),
('114', 'RPL', '306', '1', '0'),
('115', 'RPL', '307', '1', '0'),
('116', 'RPL', '308', '1', '0'),
('117', 'RPL', '309', '1', '0'),
('118', 'RPL', '401', '1', '0'),
('119', 'RPL', '402', '1', '0'),
('120', 'RPL', '409', '1', '0'),
('121', 'RPL', '451', '1', '0'),
('122', 'RPL', '501', '1', '0'),
('123', 'RPL', '601', '1', '0'),
('124', 'RPL', '602', '1', '0'),
('125', 'RPL', '701', '1', '0'),
('126', 'RPL', '702', '1', '0'),
('127', 'RPL', '704', '1', '0'),
('128', 'RPL', '705', '1', '0'),
('129', 'RPL', '706', '1', '0'),
('130', 'RPL', '707', '1', '0'),
('131', 'RPL', '708', '1', '0'),
('132', 'RPL', '709', '1', '0'),
('133', 'RPL', '710', '1', '0'),
('134', 'RPL', '1009', '1', '0'),
('135', 'RPL', '1011', '1', '0'),
('136', 'RPL', '1012', '1', '0'),
('137', 'RPL', '1013', '1', '0'),
('138', 'RPL', '1014', '1', '0'),
('139', 'RPL', '1015', '1', '0'),
('140', 'RPL', '1016', '1', '0'),
('141', 'RPL', '1017', '1', '0'),
('142', 'RPL', '1018', '1', '0'),
('143', 'RPL', '1071', '1', '0'),
('144', 'RPL', '1072', '1', '0'),
('145', 'RPL', '1073', '1', '0'),
('146', 'RPL', '1091', '1', '0'),
('147', 'RPL', '1100', '1', '0'),
('148', 'RPL', '2099', '1', '0'),
('149', 'RPL', '3041', '1', '0'),
('150', 'RPL', '3042', '1', '0'),
('151', 'RPL', '22011', '1', '0');

### Structure of table `0_requisition_details` ###

DROP TABLE IF EXISTS `0_requisition_details`;

CREATE TABLE `0_requisition_details` (
  `requisition_detail_id` bigint(20) unsigned NOT NULL AUTO_INCREMENT,
  `requisition_id` int(11) DEFAULT NULL,
  `item_code` varchar(20) COLLATE utf8_unicode_ci DEFAULT NULL,
  `supplier_id` int(11) DEFAULT NULL,
  `lpo_id` int(11) DEFAULT '0',
  `order_quantity` int(11) NOT NULL DEFAULT '0',
  `estimate_price` double NOT NULL DEFAULT '0',
  `quantity` int(11) NOT NULL DEFAULT '0',
  `price` double NOT NULL DEFAULT '0',
  `purpose` varchar(320) COLLATE utf8_unicode_ci DEFAULT NULL,
  PRIMARY KEY (`requisition_detail_id`),
  UNIQUE KEY `requisition_detail_id` (`requisition_detail_id`),
  KEY `0_requisition_details_requisition_id` (`requisition_id`),
  KEY `0_requisition_details_item_code` (`item_code`),
  KEY `0_requisition_details_supplier_id` (`supplier_id`)
) ENGINE=InnoDB DEFAULT CHARSET=utf8 COLLATE=utf8_unicode_ci ;

### Data of table `0_requisition_details` ###


### Structure of table `0_requisitions` ###

DROP TABLE IF EXISTS `0_requisitions`;

CREATE TABLE `0_requisitions` (
  `requisition_id` bigint(20) unsigned NOT NULL AUTO_INCREMENT,
  `point_of_use` varchar(50) COLLATE utf8_unicode_ci DEFAULT NULL,
  `narrative` varchar(240) COLLATE utf8_unicode_ci DEFAULT NULL,
  `application_date` timestamp NULL DEFAULT CURRENT_TIMESTAMP,
  `completed` tinyint(4) NOT NULL DEFAULT '0',
  `processed` tinyint(4) NOT NULL DEFAULT '0',
  `inactive` tinyint(4) NOT NULL DEFAULT '0',
  `details` text COLLATE utf8_unicode_ci,
  PRIMARY KEY (`requisition_id`),
  UNIQUE KEY `requisition_id` (`requisition_id`)
) ENGINE=InnoDB DEFAULT CHARSET=utf8 COLLATE=utf8_unicode_ci ;

### Data of table `0_requisitions` ###


### Structure of table `0_sales_order_details` ###

DROP TABLE IF EXISTS `0_sales_order_details`;

CREATE TABLE `0_sales_order_details` (
  `id` int(11) NOT NULL AUTO_INCREMENT,
  `order_no` int(11) NOT NULL DEFAULT '0',
  `trans_type` smallint(6) NOT NULL DEFAULT '30',
  `stk_code` varchar(20) COLLATE utf8_unicode_ci NOT NULL DEFAULT '',
  `description` tinytext COLLATE utf8_unicode_ci,
  `qty_sent` double NOT NULL DEFAULT '0',
  `unit_price` double NOT NULL DEFAULT '0',
  `quantity` double NOT NULL DEFAULT '0',
  `invoiced` double NOT NULL DEFAULT '0',
  `discount_percent` double NOT NULL DEFAULT '0',
  PRIMARY KEY (`id`),
  KEY `sorder` (`trans_type`,`order_no`),
  KEY `stkcode` (`stk_code`)
) ENGINE=InnoDB AUTO_INCREMENT=97 DEFAULT CHARSET=utf8 COLLATE=utf8_unicode_ci ;

### Data of table `0_sales_order_details` ###

INSERT INTO `0_sales_order_details` VALUES
('1', '1', '30', '10002', 'HSD', '0', '75.22', '0', '0', '0'),
('2', '2', '30', '10001', 'PMG', '8000', '66.89', '8000', '0', '0'),
('3', '3', '30', '10001', 'PMG', '2000', '67.64', '2000', '0', '0'),
('4', '4', '30', '10002', 'HSD', '1657', '75.22', '1657', '0', '0'),
('5', '5', '30', '10002', 'HSD', '3000', '75.72', '3000', '0', '0'),
('6', '6', '30', '10001', 'PMG', '5000', '67.49', '5000', '0', '0'),
('7', '7', '30', '26', 'OPENING BALANCE', '1', '222123', '1', '0', '0'),
('8', '8', '30', '26', 'OPENING BALANCE', '1', '158801', '1', '0', '0'),
('9', '9', '30', '26', 'OPENING BALANCE', '1', '50000', '1', '0', '0'),
('10', '10', '30', '26', 'OPENING BALANCE', '1', '450', '1', '0', '0'),
('11', '11', '30', '26', 'OPENING BALANCE', '1', '520920', '1', '0', '0'),
('12', '12', '30', '26', 'OPENING BALANCE', '1', '248120', '1', '0', '0'),
('13', '13', '30', '26', 'OPENING BALANCE', '1', '206156', '1', '0', '0'),
('14', '14', '30', '26', 'OPENING BALANCE', '1', '100', '1', '0', '0'),
('15', '15', '30', '26', 'OPENING BALANCE', '1', '828664', '1', '0', '0'),
('16', '16', '30', '26', 'OPENING BALANCE', '1', '7330', '1', '0', '0'),
('17', '17', '30', '26', 'OPENING BALANCE', '1', '132974', '1', '0', '0'),
('18', '18', '30', '26', 'OPENING BALANCE', '1', '2378808', '1', '0', '0'),
('19', '19', '30', '26', 'OPENING BALANCE', '1', '1450', '1', '0', '0'),
('20', '20', '30', '26', 'OPENING BALANCE', '1', '147080', '1', '0', '0'),
('21', '21', '30', '26', 'OPENING BALANCE', '1', '164610', '1', '0', '0'),
('22', '22', '30', '26', 'OPENING BALANCE', '1', '17860', '1', '0', '0'),
('23', '23', '30', '26', 'OPENING BALANCE', '1', '7555', '1', '0', '0'),
('24', '24', '30', '26', 'OPENING BALANCE', '1', '715030', '1', '0', '0'),
('25', '25', '30', '26', 'OPENING BALANCE', '1', '260668', '1', '0', '0'),
('26', '26', '30', '26', 'OPENING BALANCE', '1', '1028400', '1', '0', '0'),
('27', '27', '30', '26', 'OPENING BALANCE', '1', '1051980', '1', '0', '0'),
('28', '28', '30', '26', 'OPENING BALANCE', '1', '76720', '1', '0', '0'),
('29', '29', '30', '26', 'OPENING BALANCE', '1', '230299', '1', '0', '0'),
('30', '30', '30', '26', 'OPENING BALANCE', '1', '75000', '1', '0', '0'),
('31', '31', '30', '26', 'OPENING BALANCE', '1', '72183618', '1', '0', '0'),
('32', '32', '30', '26', 'OPENING BALANCE', '1', '18978', '1', '0', '0'),
('33', '33', '30', '26', 'OPENING BALANCE', '1', '391426', '1', '0', '0'),
('34', '34', '30', '26', 'OPENING BALANCE', '1', '150', '1', '0', '0'),
('35', '35', '30', '26', 'OPENING BALANCE', '1', '60440', '1', '0', '0'),
('36', '36', '30', '26', 'OPENING BALANCE', '1', '365120', '1', '0', '0'),
('37', '37', '30', '26', 'OPENING BALANCE', '1', '7081', '1', '0', '0'),
('38', '38', '30', '26', 'OPENING BALANCE', '1', '18130', '1', '0', '0'),
('39', '39', '30', '26', 'OPENING BALANCE', '1', '379858', '1', '0', '0'),
('40', '40', '30', '26', 'OPENING BALANCE', '1', '321420', '1', '0', '0'),
('41', '41', '30', '26', 'OPENING BALANCE', '1', '509150', '1', '0', '0'),
('42', '42', '30', '26', 'OPENING BALANCE', '1', '174901', '1', '0', '0'),
('43', '43', '30', '10002', 'HSD', '5000', '75.62', '5000', '0', '0'),
('44', '44', '30', '10001', 'PMG', '2000', '66.89', '2000', '0', '0'),
('45', '45', '30', '10002', 'HSD', '4000', '75.22', '4000', '0', '0'),
('46', '46', '30', '10001', 'PMG', '1000', '68.39', '1000', '0', '0'),
('47', '47', '30', '10001', 'PMG', '2000', '67.51', '2000', '0', '0'),
('48', '48', '30', '10002', 'HSD', '1000', '76.47', '1000', '0', '0'),
('49', '49', '30', '10001', 'PMG', '5000', '68.29', '5000', '0', '0'),
('50', '50', '30', '10001', 'PMG', '3000', '67.55', '3000', '0', '0'),
('51', '51', '30', '10002', 'HSD', '5000', '75.62', '5000', '0', '0'),
('52', '52', '30', '10002', 'HSD', '1000', '75.22', '1000', '0', '0'),
('53', '53', '30', '10001', 'PMG', '10000', '66.89', '10000', '0', '0'),
('54', '54', '30', '10002', 'HSD', '5000', '75.22', '5000', '0', '0'),
('55', '55', '30', '10002', 'HSD', '10000', '75.87', '10000', '0', '0'),
('56', '56', '30', '10001', 'PMG', '15000', '67.54', '15000', '0', '0'),
('57', '57', '30', '10002', 'HSD', '5000', '75.52', '5000', '0', '0'),
('58', '58', '30', '10001', 'PMG', '2000', '67.64', '2000', '0', '0'),
('59', '59', '30', '10002', 'HSD', '5000', '75.62', '5000', '0', '0'),
('85', '62', '30', '10001', 'PMG', '3000', '67.5567', '3000', '0', '0'),
('86', '63', '30', '10002', 'HSD', '5000', '75.72', '5000', '0', '0'),
('87', '64', '30', '10001', 'PMG', '5000', '67.39', '5000', '0', '0'),
('88', '65', '30', '10001', 'PMG', '10000', '67.54', '10000', '0', '0'),
('89', '66', '30', '10001', 'PMG', '3000', '67.89', '3000', '0', '0'),
('90', '67', '30', '10002', 'HSD', '3000', '76.22', '3000', '0', '0'),
('91', '68', '30', '10001', 'PMG', '15000', '67.54', '15000', '0', '0'),
('92', '69', '30', '10001', 'PMG', '0', '67.89', '0', '0', '0'),
('93', '70', '30', '10001', 'PMG', '2000', '67.89', '2000', '0', '0'),
('94', '71', '30', '10001', 'PMG', '5000', '66.89', '5000', '0', '0'),
('95', '72', '30', '10001', 'PMG', '2000', '67.64', '2000', '0', '0'),
('96', '73', '30', '10001', 'PMG', '1000', '66.89', '1000', '0', '0');

### Structure of table `0_sales_orders` ###

DROP TABLE IF EXISTS `0_sales_orders`;

CREATE TABLE `0_sales_orders` (
  `order_no` int(11) NOT NULL,
  `trans_type` smallint(6) NOT NULL DEFAULT '30',
  `version` tinyint(1) unsigned NOT NULL DEFAULT '0',
  `type` tinyint(1) NOT NULL DEFAULT '0',
  `debtor_no` int(11) NOT NULL DEFAULT '0',
  `branch_code` int(11) NOT NULL DEFAULT '0',
  `reference` varchar(100) COLLATE utf8_unicode_ci NOT NULL DEFAULT '',
  `customer_ref` tinytext COLLATE utf8_unicode_ci NOT NULL,
  `comments` tinytext COLLATE utf8_unicode_ci,
  `ord_date` date NOT NULL DEFAULT '0000-00-00',
  `order_type` int(11) NOT NULL DEFAULT '0',
  `ship_via` int(11) NOT NULL DEFAULT '0',
  `delivery_address` tinytext COLLATE utf8_unicode_ci NOT NULL,
  `contact_phone` varchar(30) COLLATE utf8_unicode_ci DEFAULT NULL,
  `contact_email` varchar(100) COLLATE utf8_unicode_ci DEFAULT NULL,
  `deliver_to` tinytext COLLATE utf8_unicode_ci NOT NULL,
  `freight_cost` double NOT NULL DEFAULT '0',
  `from_stk_loc` varchar(5) COLLATE utf8_unicode_ci NOT NULL DEFAULT '',
  `delivery_date` date NOT NULL DEFAULT '0000-00-00',
  `payment_terms` int(11) DEFAULT NULL,
  `total` double NOT NULL DEFAULT '0',
  `prep_amount` double NOT NULL DEFAULT '0',
  `alloc` double NOT NULL DEFAULT '0',
  `sample` tinyint(4) NOT NULL,
  `supply` tinyint(4) NOT NULL,
  `dc` tinyint(4) NOT NULL,
  `invoice` tinyint(4) NOT NULL,
  `application` varchar(60) COLLATE utf8_unicode_ci NOT NULL,
  PRIMARY KEY (`trans_type`,`order_no`)
) ENGINE=InnoDB DEFAULT CHARSET=utf8 COLLATE=utf8_unicode_ci ;

### Data of table `0_sales_orders` ###

INSERT INTO `0_sales_orders` VALUES
('1', '30', '1', '0', '39', '102', 'auto', '', NULL, '2017-08-16', '1', '1', 'V CHOCK VEHARI', NULL, NULL, 'VEHARI P/S', '0', '20013', '2017-08-17', '1', '124639.54', '0', '0', '0', '0', '0', '0', ''),
('2', '30', '1', '0', '39', '102', 'auto', '', NULL, '2017-08-16', '1', '1', 'V CHOCK VEHARI', NULL, NULL, 'VEHARI P/S', '0', '20013', '2017-08-17', '1', '535120', '0', '0', '0', '0', '0', '0', ''),
('3', '30', '1', '0', '33', '89', 'auto', '', NULL, '2017-08-16', '1', '1', '35 MOR', NULL, NULL, 'NAWAB SONS ', '0', '20013', '2017-08-17', '1', '135280', '0', '0', '0', '0', '0', '0', ''),
('4', '30', '1', '0', '39', '102', 'auto', '', NULL, '2017-08-16', '1', '1', 'V CHOCK VEHARI', NULL, NULL, 'VEHARI P/S', '0', '20014', '2017-08-17', '1', '124639.54', '0', '0', '0', '0', '0', '0', ''),
('5', '30', '1', '0', '33', '89', 'auto', '', NULL, '2017-08-16', '1', '1', '35 MOR', NULL, NULL, 'NAWAB SONS ', '0', '20013', '2017-08-17', '1', '227160', '0', '0', '0', '0', '0', '0', ''),
('6', '30', '1', '0', '40', '90', 'auto', '', '1830', '2017-08-16', '1', '1', 'Garrah Mor', NULL, NULL, 'NOMAN P/S', '0', '20004', '2017-08-17', '1', '337450', '0', '0', '0', '0', '0', '0', ''),
('7', '30', '1', '0', '1', '67', 'auto', '', 'OPENING BALANCE', '2017-08-15', '1', '1', 'POLL GARDAR', NULL, NULL, 'ALTAF  HUSSAIN AGNCY', '0', '20001', '2017-08-19', '1', '222123', '0', '0', '0', '0', '0', '0', ''),
('8', '30', '1', '0', '2', '93', 'auto', '', 'OPENING BALANCE', '2017-08-15', '1', '1', 'CHAK 567/EB ', NULL, NULL, 'RANA AMJAD', '0', '20001', '2017-08-16', '1', '158801', '0', '0', '0', '0', '0', '0', ''),
('9', '30', '1', '0', '6', '69', 'auto', '', 'OPENING BALANCE', '2017-08-15', '1', '1', 'HASILPUR', NULL, NULL, 'BAGHA HASILPUR', '0', '20001', '2017-08-16', '1', '50000', '0', '0', '0', '0', '0', '0', ''),
('10', '30', '1', '0', '3', '64', 'auto', '', NULL, '2017-08-15', '1', '1', 'KABIRWALA', NULL, NULL, 'AL MADINA  HOC', '0', '20001', '2017-08-16', '1', '450', '0', '0', '0', '0', '0', '0', ''),
('11', '30', '1', '0', '4', '62', 'auto', '', 'OPENING BALANCE', '2017-08-15', '1', '1', 'GAIZA ABAD', NULL, NULL, 'Al BARKAT HOC', '0', '20001', '2017-08-16', '1', '520920', '0', '0', '0', '0', '0', '0', ''),
('12', '30', '1', '0', '5', '63', 'auto', '', 'OPENING BALANCE', '2017-08-15', '1', '1', 'DOKOTA', NULL, NULL, 'Al HAJJ PS(HOC)', '0', '20001', '2017-08-16', '1', '248120', '0', '0', '0', '0', '0', '0', ''),
('13', '30', '1', '0', '35', '77', 'auto', '', 'OPENING BALANCE', '2017-08-15', '1', '1', '48 PULL', NULL, NULL, 'HAFIZ PS', '0', '20001', '2017-08-16', '1', '206156', '0', '0', '0', '0', '0', '0', ''),
('14', '30', '1', '0', '7', '78', 'auto', '', NULL, '2017-08-15', '1', '1', 'PULL BAGAR', NULL, NULL, 'HASSAIN SOHAIL', '0', '20001', '2017-08-16', '1', '100', '0', '0', '0', '0', '0', '0', ''),
('15', '30', '1', '0', '8', '70', 'auto', '', 'OPENING BALANCE', '2017-08-15', '1', '1', '9 DOHIYAN', NULL, NULL, 'DEOL BROTHERS (HOC)', '0', '20001', '2017-08-16', '1', '828664', '0', '0', '0', '0', '0', '0', ''),
('16', '30', '1', '0', '9', '92', 'auto', '', 'OPENING BALANCE', '2017-08-15', '1', '1', 'PAKHIMOR', NULL, NULL, 'RAFIQ PAKHIMOR  ', '0', '20001', '2017-08-16', '1', '7330', '0', '0', '0', '0', '0', '0', ''),
('17', '30', '1', '0', '10', '94', 'auto', '', 'OPENING BALANCE', '2017-08-15', '1', '1', 'SAHOKA', NULL, NULL, 'SALEEM P/S (HOC)', '0', '20001', '2017-08-16', '1', '132974', '0', '0', '0', '0', '0', '0', ''),
('18', '30', '1', '0', '11', '96', 'auto', '', 'OPENING BALANCE', '2017-08-15', '1', '1', 'LUDDEN', NULL, NULL, 'SATLUJJ P/S', '0', '20001', '2017-08-16', '1', '2378808', '0', '0', '0', '0', '0', '0', ''),
('19', '30', '1', '0', '48', '61', 'auto', '', 'OPENING BALANCE', '2017-08-15', '1', '1', 'LIAQUT PUR', NULL, NULL, 'AHMAD F/S', '0', '20001', '2017-08-16', '1', '1450', '0', '0', '0', '0', '0', '0', ''),
('20', '30', '1', '0', '13', '97', 'auto', '', NULL, '2017-08-15', '1', '1', 'SEHRAYA WALA ', NULL, NULL, 'SHOKAT SEHAR (PSO)', '0', '20001', '2017-08-16', '1', '147080', '0', '0', '0', '0', '0', '0', ''),
('21', '30', '1', '0', '14', '98', 'auto', '', 'OPENING BALANCE', '2017-08-15', '1', '1', '48 POLL', NULL, NULL, 'SHRAFAT BAHTTI', '0', '20001', '2017-08-16', '1', '164610', '0', '0', '0', '0', '0', '0', ''),
('22', '30', '1', '0', '15', '99', 'auto', '', 'OPENING BALANCE', '2017-08-15', '1', '1', 'CHAK 159', NULL, NULL, 'TAHIR IQBAL', '0', '20001', '2017-08-16', '1', '17860', '0', '0', '0', '0', '0', '0', ''),
('23', '30', '1', '0', '17', '68', 'auto', '', 'OPENING BALANCE', '2017-08-15', '1', '1', 'BAHAWALPUR', NULL, NULL, 'ARBAN F/S', '0', '20001', '2017-08-16', '1', '7555', '0', '0', '0', '0', '0', '0', ''),
('24', '30', '1', '0', '18', '57', 'auto', '', NULL, '2017-08-15', '1', '1', 'MANA MOR', NULL, NULL, 'ABAD UL REHAMAN', '0', '20001', '2017-08-16', '1', '715030', '0', '0', '0', '0', '0', '0', ''),
('25', '30', '1', '0', '19', '59', 'auto', '', 'OPENING BALANCE', '2017-08-15', '1', '1', 'SHALLI GARBI', NULL, NULL, 'ABDUL JABBAR', '0', '20001', '2017-08-16', '1', '260668', '0', '0', '0', '0', '0', '0', ''),
('26', '30', '1', '0', '20', '60', 'auto', '', 'OPENING BALANCE', '2017-08-15', '1', '1', 'VEHARI', NULL, NULL, 'ABDUL LATIF KLASRA', '0', '20001', '2017-08-16', '1', '1028400', '0', '0', '0', '0', '0', '0', ''),
('27', '30', '1', '0', '21', '79', 'auto', '', 'OPENING BALANCE', '2017-08-15', '1', '1', 'BHAWALNAGER', NULL, NULL, 'IRFAN BHAWALNAGER', '0', '20001', '2017-08-19', '1', '1051980', '0', '0', '0', '0', '0', '0', ''),
('28', '30', '1', '0', '43', '58', 'auto', '', 'OPENING BALANCE', '2017-08-15', '1', '1', 'CHAK NO 553 ', NULL, NULL, 'ABDUL GHAFFAR', '0', '20001', '2017-08-16', '1', '76720', '0', '0', '0', '0', '0', '0', ''),
('29', '30', '1', '0', '22', '76', 'auto', '', 'OPENING BALANCE', '2017-08-15', '1', '1', 'BAGH ARIYAN', NULL, NULL, 'GULLAM YASEEN', '0', '20001', '2017-08-16', '1', '230299', '0', '0', '0', '0', '0', '0', ''),
('30', '30', '1', '0', '25', '74', 'auto', '', 'OPENING BALANCE', '2017-08-15', '1', '1', 'KHAN PUR', NULL, NULL, 'FOJI OIL', '0', '20001', '2017-08-16', '1', '75000', '0', '0', '0', '0', '0', '0', ''),
('31', '30', '1', '0', '26', '101', 'auto', '', NULL, '2017-08-15', '1', '1', 'VEHARI', NULL, NULL, 'ZAMINDARA  CO', '0', '20001', '2017-08-16', '1', '72183618', '0', '0', '0', '0', '0', '0', ''),
('32', '30', '1', '0', '28', '82', 'auto', '', 'OPENING BALANCE', '2017-08-15', '1', '1', 'BUREWALA', NULL, NULL, 'LALAN WALA', '0', '20001', '2017-08-16', '1', '18978', '0', '0', '0', '0', '0', '0', ''),
('33', '30', '1', '0', '27', '81', 'auto', '', 'OPENING BALANCE', '2017-08-15', '1', '1', 'VHR', NULL, NULL, 'KAZIM SHAH', '0', '20001', '2017-08-16', '1', '391426', '0', '0', '0', '0', '0', '0', ''),
('34', '30', '1', '0', '45', '83', 'auto', '', NULL, '2017-08-15', '1', '1', 'Mailsi', NULL, NULL, 'MAILSI  P/S', '0', '20001', '2017-08-16', '1', '150', '0', '0', '0', '0', '0', '0', ''),
('35', '30', '1', '0', '29', '84', 'auto', '', 'OPENING BALANCE', '2017-08-15', '1', '1', 'GAGOO', NULL, NULL, 'MAKHAN P/S', '0', '20001', '2017-08-16', '1', '60440', '0', '0', '0', '0', '0', '0', ''),
('36', '30', '1', '0', '32', '88', 'auto', '', 'OPENING BALANCE', '2017-08-15', '1', '1', 'JAMLAIRA', NULL, NULL, 'NAWAB P/S JAMLAIRA', '0', '20001', '2017-08-16', '1', '365120', '0', '0', '0', '0', '0', '0', ''),
('37', '30', '1', '0', '30', '87', 'auto', '', 'OPENING BALANCE', '2017-08-15', '1', '1', 'PULL GARDER', NULL, NULL, 'NAWAB KHAN', '0', '20001', '2017-08-16', '1', '7081', '0', '0', '0', '0', '0', '0', ''),
('38', '30', '1', '0', '31', '85', 'auto', '', 'OPENING BALANCE', '2017-08-15', '1', '1', '37 PHATAK BUREWLA', NULL, NULL, 'NABEEL AKBER', '0', '20001', '2017-08-16', '1', '18130', '0', '0', '0', '0', '0', '0', ''),
('39', '30', '1', '0', '40', '90', 'auto', '', 'OPENING BALANCE', '2017-08-15', '1', '1', 'Garrah Mor', NULL, NULL, 'NOMAN P/S', '0', '20001', '2017-08-16', '1', '379858', '0', '0', '0', '0', '0', '0', ''),
('40', '30', '1', '0', '33', '89', 'auto', '', 'OPENING BALANCE', '2017-08-15', '1', '1', '35 MOR', NULL, NULL, 'NAWAB SONS ', '0', '20001', '2017-08-16', '1', '321420', '0', '0', '0', '0', '0', '0', ''),
('41', '30', '1', '0', '34', '100', 'auto', '', 'OPENING BALANCE', '2017-08-15', '1', '1', 'VHR', NULL, NULL, 'WATOO P/S ', '0', '20001', '2017-08-16', '1', '509150', '0', '0', '0', '0', '0', '0', ''),
('42', '30', '1', '0', '39', '102', 'auto', '', 'OPENING BALANCE', '2017-08-15', '1', '1', 'V CHOCK VEHARI', NULL, NULL, 'VEHARI P/S', '0', '20002', '2017-08-16', '1', '174901', '0', '0', '0', '0', '0', '0', ''),
('43', '30', '1', '0', '14', '98', 'auto', '', '7519', '2017-08-17', '1', '1', '48 POLL', NULL, NULL, 'SHRAFAT BAHTTI', '0', '20005', '2017-08-18', '1', '378100', '0', '0', '0', '0', '0', '0', ''),
('44', '30', '1', '0', '39', '102', 'auto', '', '1830\n', '2017-08-17', '1', '1', 'V CHOCK VEHARI', NULL, NULL, 'VEHARI P/S', '0', '20004', '2017-08-18', '1', '133780', '0', '0', '0', '0', '0', '0', ''),
('45', '30', '1', '0', '39', '102', 'auto', '', '1830\n', '2017-08-17', '1', '1', 'V CHOCK VEHARI', NULL, NULL, 'VEHARI P/S', '0', '20004', '2017-08-18', '1', '300880', '0', '0', '0', '0', '0', '0', ''),
('46', '30', '1', '0', '43', '58', 'auto', '', '1830\n', '2017-08-17', '1', '1', 'CHAK NO 553 ', NULL, NULL, 'ABDUL GHAFFAR', '0', '20004', '2017-08-18', '1', '68390', '0', '0', '0', '0', '0', '0', ''),
('47', '30', '1', '0', '44', '73', 'auto', '', '1830\n', '2017-08-17', '1', '1', 'chak no 228', NULL, NULL, 'FIAZ AND ABID', '10', '20004', '2017-08-18', '1', '135030', '0', '0', '0', '0', '0', '0', ''),
('48', '30', '1', '0', '44', '73', 'auto', '', '1830', '2017-08-17', '1', '1', 'chak no 228', NULL, NULL, 'FIAZ AND ABID', '0', '20004', '2017-08-18', '1', '76470', '0', '0', '0', '0', '0', '0', ''),
('49', '30', '1', '0', '3', '64', 'auto', '', '2055', '2017-08-17', '1', '1', 'KABIRWALA', NULL, NULL, 'AL MADINA  HOC', '0', '20003', '2017-08-18', '1', '341450', '0', '0', '0', '0', '0', '0', ''),
('50', '30', '1', '0', '37', '86', 'auto', '', '7519', '2017-08-17', '1', '1', '35 CHAK', NULL, NULL, 'NADIR  P/S', '20', '20005', '2017-08-18', '1', '202670', '0', '0', '0', '0', '0', '0', ''),
('51', '30', '1', '0', '37', '86', 'auto', '', '7519\n', '2017-08-17', '1', '1', '35 CHAK', NULL, NULL, 'NADIR  P/S', '0', '20005', '2017-08-18', '1', '378100', '0', '0', '0', '0', '0', '0', ''),
('52', '30', '1', '0', '39', '102', 'auto', '', '0166', '2017-08-18', '1', '1', 'V CHOCK VEHARI', NULL, NULL, 'VEHARI P/S', '0', '20013', '2017-08-19', '1', '75220', '0', '0', '0', '0', '0', '0', ''),
('53', '30', '1', '0', '39', '102', 'auto', '', '0167', '2017-08-18', '1', '1', 'V CHOCK VEHARI', NULL, NULL, 'VEHARI P/S', '0', '20014', '2017-08-19', '1', '668900', '0', '0', '0', '0', '0', '0', ''),
('54', '30', '1', '0', '39', '102', 'auto', '', NULL, '2017-08-18', '1', '1', 'V CHOCK VEHARI', NULL, NULL, 'VEHARI P/S', '0', '20002', '2017-08-19', '1', '376100', '0', '0', '0', '0', '0', '0', ''),
('55', '30', '1', '0', '24', '91', 'auto', '', '0138', '2017-08-18', '1', '1', 'JALAL PUR', NULL, NULL, 'QARI P/S', '0', '20006', '2017-08-19', '1', '758700', '0', '0', '0', '0', '0', '0', ''),
('56', '30', '1', '0', '24', '91', 'auto', '', '138', '2017-08-18', '1', '1', 'JALAL PUR', NULL, NULL, 'QARI P/S', '0', '20006', '2017-08-19', '1', '1013100', '0', '0', '0', '0', '0', '0', ''),
('57', '30', '1', '0', '35', '77', 'auto', '', '0167', '2017-08-18', '1', '1', '48 PULL', NULL, NULL, 'HAFIZ PS', '0', '20014', '2017-08-19', '1', '377600', '0', '0', '0', '0', '0', '0', ''),
('58', '30', '1', '0', '35', '77', 'auto', '', '0167', '2017-08-18', '1', '1', '48 PULL', NULL, NULL, 'HAFIZ PS', '0', '20014', '2017-08-19', '1', '135280', '0', '0', '0', '0', '0', '0', ''),
('59', '30', '1', '0', '40', '90', 'auto', '', '0167D', '2017-08-18', '1', '1', 'Garrah Mor', NULL, NULL, 'NOMAN P/S', '0', '20014', '2017-08-19', '1', '378100', '0', '0', '0', '0', '0', '0', ''),
('62', '30', '1', '0', '40', '90', 'auto', '', '0167  PMG 3000', '2017-08-18', '1', '1', 'Garrah Mor', '0', NULL, 'NOMAN P/S', '0', '20014', '2017-08-19', '1', '202670.1', '0', '0', '0', '0', '0', '0', ''),
('63', '30', '1', '0', '5', '63', 'auto', '', 'HSD 5000    5186', '2017-08-18', '1', '1', 'DOKOTA', NULL, NULL, 'Al HAJJ PS(HOC)', '0', '20002', '2017-08-19', '1', '378600', '0', '0', '0', '0', '0', '0', ''),
('64', '30', '1', '0', '5', '63', 'auto', '', '5186    PMG 5000', '2017-08-18', '1', '1', 'DOKOTA', NULL, NULL, 'Al HAJJ PS(HOC)', '0', '20002', '2017-08-19', '1', '336950', '0', '0', '0', '0', '0', '0', ''),
('65', '30', '1', '0', '21', '79', 'auto', '', 'PMG 10000      1830 ', '2017-08-18', '1', '1', 'BHAWALNAGER', NULL, NULL, 'IRFAN BHAWALNAGER', '0', '20004', '2017-08-19', '1', '675400', '0', '0', '0', '0', '0', '0', ''),
('66', '30', '1', '0', '32', '88', 'auto', '', '2055  PMG 3000', '2017-08-19', '1', '1', 'JAMLAIRA', NULL, NULL, 'NAWAB P/S JAMLAIRA', '0', '20003', '2017-08-20', '1', '203670', '0', '0', '0', '0', '0', '0', ''),
('67', '30', '1', '0', '19', '59', 'auto', '', '5186 HSD 3000', '2017-08-19', '1', '1', 'SHALLI GARBI', NULL, NULL, 'ABDUL JABBAR', '0', '20002', '2017-08-20', '1', '228660', '0', '0', '0', '0', '0', '0', ''),
('68', '30', '1', '0', '11', '96', 'auto', '', '4155 PMG 15000', '2017-08-19', '1', '1', 'LUDDEN', NULL, NULL, 'SATLUJJ P/S', '0', '20011', '2017-08-20', '1', '1013100', '0', '0', '0', '0', '0', '0', ''),
('69', '30', '1', '0', '39', '102', 'auto', '', '5186 PMG 2000', '2017-08-19', '1', '1', 'V CHOCK VEHARI', NULL, NULL, 'VEHARI P/S', '0', '20002', '2017-08-20', '1', '135780', '0', '0', '0', '0', '0', '0', ''),
('70', '30', '1', '0', '19', '59', 'auto', '', '5186 PM 2000', '2017-08-19', '1', '1', 'SHALLI GARBI', NULL, NULL, 'ABDUL JABBAR', '0', '20002', '2017-08-20', '1', '135780', '0', '0', '0', '0', '0', '0', ''),
('71', '30', '1', '0', '39', '102', 'auto', '', '4155 PMG 5000', '2017-08-19', '1', '1', 'V CHOCK VEHARI', NULL, NULL, 'VEHARI P/S', '0', '20011', '2017-08-20', '1', '334450', '0', '0', '0', '0', '0', '0', ''),
('72', '30', '1', '0', '8', '70', 'auto', '', '397 PMG 2000', '2017-08-19', '1', '1', '9 DOHIYAN', NULL, NULL, 'DEOL BROTHERS (HOC)', '0', '20007', '2017-08-20', '1', '135280', '0', '0', '0', '0', '0', '0', ''),
('73', '30', '1', '0', '39', '102', 'auto', '', '0167 PMG 1000', '2017-08-19', '1', '1', 'V CHOCK VEHARI', NULL, NULL, 'VEHARI P/S', '0', '20014', '2017-08-20', '1', '66890', '0', '0', '0', '0', '0', '0', '');

### Structure of table `0_sales_pos` ###

DROP TABLE IF EXISTS `0_sales_pos`;

CREATE TABLE `0_sales_pos` (
  `id` smallint(6) unsigned NOT NULL AUTO_INCREMENT,
  `pos_name` varchar(30) COLLATE utf8_unicode_ci NOT NULL,
  `cash_sale` tinyint(1) NOT NULL,
  `credit_sale` tinyint(1) NOT NULL,
  `pos_location` varchar(5) COLLATE utf8_unicode_ci NOT NULL,
  `pos_account` smallint(6) unsigned NOT NULL,
  `inactive` tinyint(1) NOT NULL DEFAULT '0',
  PRIMARY KEY (`id`),
  UNIQUE KEY `pos_name` (`pos_name`)
) ENGINE=InnoDB AUTO_INCREMENT=3 DEFAULT CHARSET=utf8 COLLATE=utf8_unicode_ci ;

### Data of table `0_sales_pos` ###

INSERT INTO `0_sales_pos` VALUES
('1', 'Default', '1', '1', 'DEF', '2', '0');

### Structure of table `0_sales_types` ###

DROP TABLE IF EXISTS `0_sales_types`;

CREATE TABLE `0_sales_types` (
  `id` int(11) NOT NULL AUTO_INCREMENT,
  `sales_type` char(50) COLLATE utf8_unicode_ci NOT NULL DEFAULT '',
  `tax_included` int(1) NOT NULL DEFAULT '0',
  `factor` double NOT NULL DEFAULT '1',
  `inactive` tinyint(1) NOT NULL DEFAULT '0',
  PRIMARY KEY (`id`),
  UNIQUE KEY `sales_type` (`sales_type`)
) ENGINE=InnoDB AUTO_INCREMENT=3 DEFAULT CHARSET=utf8 COLLATE=utf8_unicode_ci ;

### Data of table `0_sales_types` ###

INSERT INTO `0_sales_types` VALUES
('1', 'Retail', '1', '1', '0'),
('2', 'Wholesale', '0', '0.7', '0');

### Structure of table `0_salesman` ###

DROP TABLE IF EXISTS `0_salesman`;

CREATE TABLE `0_salesman` (
  `salesman_code` int(11) NOT NULL AUTO_INCREMENT,
  `salesman_name` char(60) COLLATE utf8_unicode_ci NOT NULL DEFAULT '',
  `salesman_phone` char(30) COLLATE utf8_unicode_ci NOT NULL DEFAULT '',
  `salesman_fax` char(30) COLLATE utf8_unicode_ci NOT NULL DEFAULT '',
  `salesman_email` varchar(100) COLLATE utf8_unicode_ci NOT NULL DEFAULT '',
  `provision` double NOT NULL DEFAULT '0',
  `break_pt` double NOT NULL DEFAULT '0',
  `provision2` double NOT NULL DEFAULT '0',
  `inactive` tinyint(1) NOT NULL DEFAULT '0',
  PRIMARY KEY (`salesman_code`),
  UNIQUE KEY `salesman_name` (`salesman_name`)
) ENGINE=InnoDB AUTO_INCREMENT=2 DEFAULT CHARSET=utf8 COLLATE=utf8_unicode_ci ;

### Data of table `0_salesman` ###

INSERT INTO `0_salesman` VALUES
('1', 'Sales Person', '', '', '', '5', '1000', '4', '0');

### Structure of table `0_security_roles` ###

DROP TABLE IF EXISTS `0_security_roles`;

CREATE TABLE `0_security_roles` (
  `id` int(11) NOT NULL AUTO_INCREMENT,
  `role` varchar(30) COLLATE utf8_unicode_ci NOT NULL,
  `description` varchar(50) COLLATE utf8_unicode_ci DEFAULT NULL,
  `sections` text COLLATE utf8_unicode_ci,
  `areas` text COLLATE utf8_unicode_ci,
  `inactive` tinyint(1) NOT NULL DEFAULT '0',
  PRIMARY KEY (`id`),
  UNIQUE KEY `role` (`role`)
) ENGINE=InnoDB AUTO_INCREMENT=11 DEFAULT CHARSET=utf8 COLLATE=utf8_unicode_ci ;

### Data of table `0_security_roles` ###

INSERT INTO `0_security_roles` VALUES
('1', 'Inquiries', 'Inquiries', '768;2816;3072;3328;5632;5888;8192;8448;10752;11008;13312;15872;16128', '257;258;259;260;513;514;515;516;517;518;519;520;521;522;523;524;525;773;774;2822;3073;3075;3076;3077;3329;3330;3331;3332;3333;3334;3335;5377;5633;5640;5889;5890;5891;7937;7938;7939;7940;8193;8194;8450;8451;10497;10753;11009;11010;11012;13313;13315;15617;15618;15619;15620;15621;15622;15623;15624;15625;15626;15873;15882;16129;16130;16131;16132;775', '0'),
('2', 'System Administrator', 'System Administrator', '512;768;2816;3072;3328;5376;5632;5888;7936;8192;8448;9216;9472;9728;10496;10752;11008;13056;13312;15616;15872;16128;484352;943104;1008640', '513;514;515;516;517;518;519;520;521;522;523;524;525;526;769;770;771;772;773;774;775;2817;2818;2819;2820;2821;2822;2823;3073;3074;3082;3075;3076;3077;3078;3079;3080;3081;3329;3330;3331;3332;3333;3334;3335;5377;5633;5634;5635;5636;5637;5641;5638;5639;5640;5889;5890;5891;7937;7938;7939;7940;8193;8194;8195;8196;8197;8449;8450;8451;9217;9218;9220;9473;9474;9475;9476;9729;10497;10753;10754;10755;10756;10757;11009;11010;11011;11012;13057;13313;13314;13315;15617;15618;15619;15620;15621;15622;15623;15624;15628;15625;15626;15627;15630;15629;15873;15874;15875;15876;15877;15878;15879;15880;15883;15881;15882;15884;16129;16130;16131;16132;484452;943204;943205;1008740', '0'),
('3', 'Salesman', 'Salesman', '768;3072;5632;8192;15872', '773;774;3073;3075;3081;5633;8194;15873;775', '0'),
('4', 'Stock Manager', 'Stock Manager', '768;2816;3072;3328;5632;5888;8192;8448;10752;11008;13312;15872;16128', '2818;2822;3073;3076;3077;3329;3330;3330;3330;3331;3331;3332;3333;3334;3335;5633;5640;5889;5890;5891;8193;8194;8450;8451;10753;11009;11010;11012;13313;13315;15882;16129;16130;16131;16132;775', '0'),
('5', 'Production Manager', 'Production Manager', '512;768;2816;3072;3328;5632;5888;8192;8448;10752;11008;13312;15616;15872;16128', '521;523;524;2818;2819;2820;2821;2822;2823;3073;3074;3076;3077;3078;3079;3080;3081;3329;3330;3330;3330;3331;3331;3332;3333;3334;3335;5633;5640;5640;5889;5890;5891;8193;8194;8196;8197;8450;8451;10753;10755;11009;11010;11012;13313;13315;15617;15619;15620;15621;15624;15624;15876;15877;15880;15882;16129;16130;16131;16132;775', '0'),
('6', 'Purchase Officer', 'Purchase Officer', '512;768;2816;3072;3328;5376;5632;5888;8192;8448;10752;11008;13312;15616;15872;16128', '521;523;524;2818;2819;2820;2821;2822;2823;3073;3074;3076;3077;3078;3079;3080;3081;3329;3330;3330;3330;3331;3331;3332;3333;3334;3335;5377;5633;5635;5640;5640;5889;5890;5891;8193;8194;8196;8197;8449;8450;8451;10753;10755;11009;11010;11012;13313;13315;15617;15619;15620;15621;15624;15624;15876;15877;15880;15882;16129;16130;16131;16132;775', '0'),
('7', 'AR Officer', 'AR Officer', '512;768;2816;3072;3328;5632;5888;8192;8448;10752;11008;13312;15616;15872;16128', '521;523;524;771;773;774;2818;2819;2820;2821;2822;2823;3073;3073;3074;3075;3076;3077;3078;3079;3080;3081;3081;3329;3330;3330;3330;3331;3331;3332;3333;3334;3335;5633;5633;5634;5637;5638;5639;5640;5640;5889;5890;5891;8193;8194;8194;8196;8197;8450;8451;10753;10755;11009;11010;11012;13313;13315;15617;15619;15620;15621;15624;15624;15873;15876;15877;15878;15880;15882;16129;16130;16131;16132;775', '0'),
('8', 'AP Officer', 'AP Officer', '5632', '5633;5635;5636;3073;3074;3082;3076;3077;3078;3079;3080;3081;3335;13057', '0'),
('9', 'Accountant', 'New Accountant', '5632', '5635;5636;521;523;524;771;772;773;774;775;2818;2819;2820;2821;2822;2823;3073;3074;3075;3076;3077;3078;3079;3080;3081;3329;3330;3331;3332;3333;3334;3335;5377;5889;5890;5891;7937;7938;7939;7940;8193;8194;8196;8197;8449;8450;8451;10497;10753;10755;11009;11010;11012;13313;13315;15617;15618;15619;15620;15621;15624;15873;15876;15877;15878;15880;15882;16129;16130;16131;16132', '0'),
('10', 'Sub Admin', 'Sub Admin', '512;768;2816;3072;3328;5376;5632;5888;8192;8448;10752;11008;13312;15616;15872;16128', '257;258;259;260;521;523;524;771;772;773;774;2818;2819;2820;2821;2822;2823;3073;3074;3082;3075;3076;3077;3078;3079;3080;3081;3329;3330;3331;3332;3333;3334;3335;5377;5633;5634;5635;5637;5638;5639;5640;5889;5890;5891;7937;7938;7939;7940;8193;8194;8196;8197;8449;8450;8451;10497;10753;10755;11009;11010;11012;13057;13313;13315;15617;15619;15620;15621;15624;15873;15874;15876;15877;15878;15879;15880;15882;16129;16130;16131;16132;775', '0');

### Structure of table `0_shippers` ###

DROP TABLE IF EXISTS `0_shippers`;

CREATE TABLE `0_shippers` (
  `shipper_id` int(11) NOT NULL AUTO_INCREMENT,
  `shipper_name` varchar(60) COLLATE utf8_unicode_ci NOT NULL DEFAULT '',
  `phone` varchar(30) COLLATE utf8_unicode_ci NOT NULL DEFAULT '',
  `phone2` varchar(30) COLLATE utf8_unicode_ci NOT NULL DEFAULT '',
  `contact` tinytext COLLATE utf8_unicode_ci NOT NULL,
  `address` tinytext COLLATE utf8_unicode_ci NOT NULL,
  `inactive` tinyint(1) NOT NULL DEFAULT '0',
  PRIMARY KEY (`shipper_id`),
  UNIQUE KEY `name` (`shipper_name`)
) ENGINE=InnoDB AUTO_INCREMENT=2 DEFAULT CHARSET=utf8 COLLATE=utf8_unicode_ci ;

### Data of table `0_shippers` ###

INSERT INTO `0_shippers` VALUES
('1', 'Default', '', '', '', '', '0');

### Structure of table `0_sql_trail` ###

DROP TABLE IF EXISTS `0_sql_trail`;

CREATE TABLE `0_sql_trail` (
  `id` int(11) unsigned NOT NULL AUTO_INCREMENT,
  `sql` text COLLATE utf8_unicode_ci NOT NULL,
  `result` tinyint(1) NOT NULL,
  `msg` varchar(255) COLLATE utf8_unicode_ci NOT NULL,
  PRIMARY KEY (`id`)
) ENGINE=InnoDB DEFAULT CHARSET=utf8 COLLATE=utf8_unicode_ci ;

### Data of table `0_sql_trail` ###


### Structure of table `0_stock_category` ###

DROP TABLE IF EXISTS `0_stock_category`;

CREATE TABLE `0_stock_category` (
  `category_id` int(11) NOT NULL AUTO_INCREMENT,
  `description` varchar(60) COLLATE utf8_unicode_ci NOT NULL DEFAULT '',
  `dflt_tax_type` int(11) NOT NULL DEFAULT '1',
  `dflt_units` varchar(20) COLLATE utf8_unicode_ci NOT NULL DEFAULT 'each',
  `dflt_mb_flag` char(1) COLLATE utf8_unicode_ci NOT NULL DEFAULT 'B',
  `dflt_sales_act` varchar(15) COLLATE utf8_unicode_ci NOT NULL DEFAULT '',
  `dflt_cogs_act` varchar(15) COLLATE utf8_unicode_ci NOT NULL DEFAULT '',
  `dflt_inventory_act` varchar(15) COLLATE utf8_unicode_ci NOT NULL DEFAULT '',
  `dflt_adjustment_act` varchar(15) COLLATE utf8_unicode_ci NOT NULL DEFAULT '',
  `dflt_wip_act` varchar(15) COLLATE utf8_unicode_ci NOT NULL DEFAULT '',
  `dflt_dim1` int(11) DEFAULT NULL,
  `dflt_dim2` int(11) DEFAULT NULL,
  `inactive` tinyint(1) NOT NULL DEFAULT '0',
  `dflt_no_sale` tinyint(1) NOT NULL DEFAULT '0',
  `dflt_no_purchase` tinyint(1) NOT NULL DEFAULT '0',
  PRIMARY KEY (`category_id`),
  UNIQUE KEY `description` (`description`)
) ENGINE=InnoDB AUTO_INCREMENT=3 DEFAULT CHARSET=utf8 COLLATE=utf8_unicode_ci ;

### Data of table `0_stock_category` ###

INSERT INTO `0_stock_category` VALUES
('2', 'Material', '1', 'each', 'B', '4011', '5011', '1021', '5014', '1023', '0', '0', '0', '0', '0');

### Structure of table `0_stock_fa_class` ###

DROP TABLE IF EXISTS `0_stock_fa_class`;

CREATE TABLE `0_stock_fa_class` (
  `fa_class_id` varchar(20) COLLATE utf8_unicode_ci NOT NULL DEFAULT '',
  `parent_id` varchar(20) COLLATE utf8_unicode_ci NOT NULL DEFAULT '',
  `description` varchar(200) COLLATE utf8_unicode_ci NOT NULL DEFAULT '',
  `long_description` tinytext COLLATE utf8_unicode_ci NOT NULL,
  `depreciation_rate` double NOT NULL DEFAULT '0',
  `inactive` tinyint(1) NOT NULL DEFAULT '0',
  PRIMARY KEY (`fa_class_id`)
) ENGINE=InnoDB DEFAULT CHARSET=utf8 COLLATE=utf8_unicode_ci ;

### Data of table `0_stock_fa_class` ###

INSERT INTO `0_stock_fa_class` VALUES
('1', '', 'A', '', '10', '0'),
('11', '1', 'A-A', '', '10', '0'),
('2', '', 'B', '', '20', '0'),
('22', '2', 'B-B', '', '20', '0');

### Structure of table `0_stock_master` ###

DROP TABLE IF EXISTS `0_stock_master`;

CREATE TABLE `0_stock_master` (
  `stock_id` varchar(20) COLLATE utf8_unicode_ci NOT NULL DEFAULT '',
  `category_id` int(11) NOT NULL DEFAULT '0',
  `tax_type_id` int(11) NOT NULL DEFAULT '0',
  `description` varchar(200) COLLATE utf8_unicode_ci NOT NULL DEFAULT '',
  `long_description` tinytext COLLATE utf8_unicode_ci NOT NULL,
  `carton` varchar(55) COLLATE utf8_unicode_ci NOT NULL,
  `units` varchar(20) COLLATE utf8_unicode_ci NOT NULL DEFAULT 'each',
  `mb_flag` char(1) COLLATE utf8_unicode_ci NOT NULL DEFAULT 'B',
  `sales_account` varchar(15) COLLATE utf8_unicode_ci NOT NULL DEFAULT '',
  `cogs_account` varchar(15) COLLATE utf8_unicode_ci NOT NULL DEFAULT '',
  `inventory_account` varchar(15) COLLATE utf8_unicode_ci NOT NULL DEFAULT '',
  `adjustment_account` varchar(15) COLLATE utf8_unicode_ci NOT NULL DEFAULT '',
  `wip_account` varchar(15) COLLATE utf8_unicode_ci NOT NULL DEFAULT '',
  `dimension_id` int(11) DEFAULT NULL,
  `dimension2_id` int(11) DEFAULT NULL,
  `purchase_cost` double NOT NULL DEFAULT '0',
  `material_cost` double NOT NULL DEFAULT '0',
  `labour_cost` double NOT NULL DEFAULT '0',
  `overhead_cost` double NOT NULL DEFAULT '0',
  `inactive` tinyint(1) NOT NULL DEFAULT '0',
  `no_sale` tinyint(1) NOT NULL DEFAULT '0',
  `no_purchase` tinyint(1) NOT NULL DEFAULT '0',
  `editable` tinyint(1) NOT NULL DEFAULT '0',
  `depreciation_method` char(1) COLLATE utf8_unicode_ci NOT NULL DEFAULT 'S',
  `depreciation_rate` double NOT NULL DEFAULT '0',
  `depreciation_factor` double NOT NULL DEFAULT '1',
  `depreciation_start` date NOT NULL DEFAULT '0000-00-00',
  `depreciation_date` date NOT NULL DEFAULT '0000-00-00',
  `fa_class_id` varchar(20) COLLATE utf8_unicode_ci NOT NULL DEFAULT '',
  `salesman` int(11) NOT NULL,
  PRIMARY KEY (`stock_id`)
) ENGINE=InnoDB DEFAULT CHARSET=utf8 COLLATE=utf8_unicode_ci ;

### Data of table `0_stock_master` ###

INSERT INTO `0_stock_master` VALUES
('10001', '2', '1', 'PMG', 'PETROL', 'TANK', 'LTRs', 'B', '4011', '5011', '1021', '5014', '1023', '0', '0', '66.89', '66.8906808511', '0', '0', '0', '0', '0', '0', '', '0', '0', '0000-00-00', '0000-00-00', '', '0'),
('10002', '2', '1', 'HSD', 'HIGH SPEED DISEL', 'TANK', 'LTRs', 'B', '4011', '5011', '1021', '5014', '1023', '0', '0', '75.22', '75.22', '0', '0', '0', '0', '0', '0', '', '0', '0', '0000-00-00', '0000-00-00', '', '0'),
('10003', '2', '1', 'LUBRICANTS ', 'LUBE OIL', 'BOX', 'LTRs', 'B', '4011', '5011', '1021', '5014', '1023', '0', '0', '0', '0', '0', '0', '0', '0', '0', '0', '', '0', '0', '0000-00-00', '0000-00-00', '', '0'),
('26', '2', '1', 'OPENING BALANCE', '', '', 'LTRs', 'D', '1035', '1035', '1021', '5014', '1023', '0', '0', '0', '0', '0', '0', '0', '0', '0', '0', '', '0', '0', '0000-00-00', '0000-00-00', '', '0');

### Structure of table `0_stock_moves` ###

DROP TABLE IF EXISTS `0_stock_moves`;

CREATE TABLE `0_stock_moves` (
  `trans_id` int(11) NOT NULL AUTO_INCREMENT,
  `trans_no` int(11) NOT NULL DEFAULT '0',
  `stock_id` char(20) COLLATE utf8_unicode_ci NOT NULL DEFAULT '',
  `type` smallint(6) NOT NULL DEFAULT '0',
  `loc_code` char(5) COLLATE utf8_unicode_ci NOT NULL DEFAULT '',
  `tran_date` date NOT NULL DEFAULT '0000-00-00',
  `person_id` int(11) NOT NULL,
  `price` double NOT NULL DEFAULT '0',
  `reference` char(40) COLLATE utf8_unicode_ci NOT NULL DEFAULT '',
  `qty` double NOT NULL DEFAULT '1',
  `standard_cost` double NOT NULL DEFAULT '0',
  `discount_percent` double NOT NULL,
  PRIMARY KEY (`trans_id`),
  KEY `type` (`type`,`trans_no`),
  KEY `Move` (`stock_id`,`loc_code`,`tran_date`)
) ENGINE=InnoDB AUTO_INCREMENT=141 DEFAULT CHARSET=utf8 COLLATE=utf8_unicode_ci ;

### Data of table `0_stock_moves` ###

INSERT INTO `0_stock_moves` VALUES
('1', '1', '10002', '25', '20014', '2017-08-16', '0', '75.22', '', '1657', '75.22', '0'),
('2', '2', '10001', '25', '20013', '2017-08-16', '0', '66.89', '', '15000', '66.89', '0'),
('3', '3', '10002', '25', '20009', '2017-08-16', '0', '75.22', '', '3000', '75.22', '0'),
('4', '4', '10001', '25', '20014', '2017-08-16', '0', '66.89', '', '10000', '66.89', '0'),
('5', '1', '10001', '16', '20013', '2017-08-16', '0', '0', 'LT001/2017', '-5000', '0', '0'),
('6', '1', '10001', '16', '20004', '2017-08-16', '0', '0', 'LT001/2017', '5000', '0', '0'),
('7', '2', '10002', '16', '20009', '2017-08-16', '0', '0', 'LT002/2017', '-3000', '0', '0'),
('8', '2', '10002', '16', '20013', '2017-08-16', '0', '0', 'LT002/2017', '3000', '0', '0'),
('9', '3', '10001', '16', '20014', '2017-08-16', '0', '0', 'LT003/2017', '-10000', '0', '0'),
('10', '3', '10001', '16', '20006', '2017-08-16', '0', '0', 'LT003/2017', '10000', '0', '0'),
('12', '2', '10001', '13', '20013', '2017-08-16', '0', '66.89', 'auto', '-8000', '66.89', '0'),
('13', '3', '10001', '13', '20013', '2017-08-16', '0', '67.64', 'auto', '-2000', '66.89', '0'),
('14', '4', '10002', '13', '20014', '2017-08-16', '0', '75.22', 'auto', '-1657', '75.22', '0'),
('15', '5', '10002', '13', '20013', '2017-08-16', '0', '75.72', 'auto', '-3000', '75.22', '0'),
('16', '6', '10001', '13', '20004', '2017-08-16', '0', '67.49', 'auto', '-5000', '66.89', '0'),
('17', '7', '26', '13', '20001', '2017-08-15', '0', '222123', 'auto', '-1', '0', '0'),
('18', '8', '26', '13', '20001', '2017-08-15', '0', '158801', 'auto', '-1', '0', '0'),
('19', '9', '26', '13', '20001', '2017-08-15', '0', '50000', 'auto', '-1', '0', '0'),
('20', '10', '26', '13', '20001', '2017-08-15', '0', '450', 'auto', '-1', '0', '0'),
('21', '11', '26', '13', '20001', '2017-08-15', '0', '520920', 'auto', '-1', '0', '0'),
('22', '12', '26', '13', '20001', '2017-08-15', '0', '248120', 'auto', '-1', '0', '0'),
('23', '13', '26', '13', '20001', '2017-08-15', '0', '206156', 'auto', '-1', '0', '0'),
('24', '14', '26', '13', '20001', '2017-08-15', '0', '100', 'auto', '-1', '0', '0'),
('25', '15', '26', '13', '20001', '2017-08-15', '0', '828664', 'auto', '-1', '0', '0'),
('26', '16', '26', '13', '20001', '2017-08-15', '0', '7330', 'auto', '-1', '0', '0'),
('27', '17', '26', '13', '20001', '2017-08-15', '0', '132974', 'auto', '-1', '0', '0'),
('28', '18', '26', '13', '20001', '2017-08-15', '0', '2378808', 'auto', '-1', '0', '0'),
('29', '19', '26', '13', '20001', '2017-08-15', '0', '1450', 'auto', '-1', '0', '0'),
('30', '20', '26', '13', '20001', '2017-08-15', '0', '147080', 'auto', '-1', '0', '0'),
('31', '21', '26', '13', '20001', '2017-08-15', '0', '164610', 'auto', '-1', '0', '0'),
('32', '22', '26', '13', '20001', '2017-08-15', '0', '17860', 'auto', '-1', '0', '0'),
('33', '23', '26', '13', '20001', '2017-08-15', '0', '7555', 'auto', '-1', '0', '0'),
('34', '24', '26', '13', '20001', '2017-08-15', '0', '715030', 'auto', '-1', '0', '0'),
('35', '25', '26', '13', '20001', '2017-08-15', '0', '260668', 'auto', '-1', '0', '0'),
('36', '26', '26', '13', '20001', '2017-08-15', '0', '1028400', 'auto', '-1', '0', '0'),
('37', '27', '26', '13', '20001', '2017-08-15', '0', '1051980', 'auto', '-1', '0', '0'),
('38', '28', '26', '13', '20001', '2017-08-15', '0', '76720', 'auto', '-1', '0', '0'),
('39', '29', '26', '13', '20001', '2017-08-15', '0', '230299', 'auto', '-1', '0', '0'),
('40', '30', '26', '13', '20001', '2017-08-15', '0', '75000', 'auto', '-1', '0', '0'),
('41', '31', '26', '13', '20001', '2017-08-15', '0', '72183618', 'auto', '-1', '0', '0'),
('42', '32', '26', '13', '20001', '2017-08-15', '0', '18978', 'auto', '-1', '0', '0'),
('43', '33', '26', '13', '20001', '2017-08-15', '0', '391426', 'auto', '-1', '0', '0'),
('44', '34', '26', '13', '20001', '2017-08-15', '0', '150', 'auto', '-1', '0', '0'),
('45', '35', '26', '13', '20001', '2017-08-15', '0', '60440', 'auto', '-1', '0', '0'),
('46', '36', '26', '13', '20001', '2017-08-15', '0', '365120', 'auto', '-1', '0', '0'),
('47', '37', '26', '13', '20001', '2017-08-15', '0', '7081', 'auto', '-1', '0', '0'),
('48', '38', '26', '13', '20001', '2017-08-15', '0', '18130', 'auto', '-1', '0', '0'),
('49', '39', '26', '13', '20001', '2017-08-15', '0', '379858', 'auto', '-1', '0', '0'),
('50', '40', '26', '13', '20001', '2017-08-15', '0', '321420', 'auto', '-1', '0', '0'),
('51', '41', '26', '13', '20001', '2017-08-15', '0', '509150', 'auto', '-1', '0', '0'),
('52', '42', '26', '13', '20002', '2017-08-15', '0', '174901', 'auto', '-1', '0', '0'),
('53', '5', '10001', '25', '20005', '2017-08-15', '0', '66.89', '', '3000', '66.89', '0'),
('54', '6', '10001', '25', '20015', '2017-08-15', '0', '67.13', '', '2000', '67.13', '0'),
('55', '7', '10002', '25', '20001', '2017-08-17', '0', '75.22', '', '15000', '75.22', '0'),
('56', '4', '10002', '16', '20001', '2017-08-17', '0', '0', 'LT004/2017', '-5000', '0', '0'),
('57', '4', '10002', '16', '20005', '2017-08-17', '0', '0', 'LT004/2017', '5000', '0', '0'),
('58', '5', '10002', '16', '20001', '2017-08-17', '0', '0', 'LT005/2017', '-4000', '0', '0'),
('59', '5', '10002', '16', '20004', '2017-08-17', '0', '0', 'LT005/2017', '4000', '0', '0'),
('60', '6', '10002', '16', '20001', '2017-08-17', '0', '0', 'LT006/2017', '-1000', '0', '0'),
('61', '6', '10002', '16', '20004', '2017-08-17', '0', '0', 'LT006/2017', '1000', '0', '0'),
('62', '7', '10002', '16', '20001', '2017-08-17', '0', '0', 'LT007/2017', '-5000', '0', '0'),
('63', '7', '10002', '16', '20005', '2017-08-17', '0', '0', 'LT007/2017', '5000', '0', '0'),
('64', '8', '10001', '16', '20006', '2017-08-17', '0', '0', 'LT008/2017', '-5000', '0', '0'),
('65', '8', '10001', '16', '20004', '2017-08-17', '0', '0', 'LT008/2017', '5000', '0', '0'),
('66', '43', '10002', '13', '20005', '2017-08-17', '0', '75.62', 'auto', '-5000', '75.22', '0'),
('67', '44', '10001', '13', '20004', '2017-08-17', '0', '66.89', 'auto', '-2000', '67.13', '0'),
('68', '45', '10002', '13', '20004', '2017-08-17', '0', '75.22', 'auto', '-4000', '75.22', '0'),
('69', '46', '10001', '13', '20004', '2017-08-17', '0', '68.39', 'auto', '-1000', '67.13', '0'),
('70', '47', '10001', '13', '20004', '2017-08-17', '0', '67.51', 'auto', '-2000', '67.13', '0'),
('71', '48', '10002', '13', '20004', '2017-08-17', '0', '76.47', 'auto', '-1000', '75.22', '0'),
('72', '9', '10001', '16', '20006', '2017-08-17', '0', '0', 'LT009/2017', '-5000', '0', '0'),
('73', '9', '10001', '16', '20003', '2017-08-17', '0', '0', 'LT009/2017', '5000', '0', '0'),
('74', '49', '10001', '13', '20003', '2017-08-17', '0', '68.29', 'auto', '-5000', '67.13', '0'),
('75', '50', '10001', '13', '20005', '2017-08-17', '0', '67.55', 'auto', '-3000', '67.13', '0'),
('76', '51', '10002', '13', '20005', '2017-08-17', '0', '75.62', 'auto', '-5000', '75.22', '0'),
('77', '8', '10002', '25', '20001', '2017-08-18', '0', '4', '', '8000', '75.22', '0'),
('78', '9', '10002', '25', '20001', '2017-08-18', '0', '4', '', '22000', '75.22', '0'),
('79', '10', '10002', '25', '20013', '2017-08-18', '0', '4', '', '1000', '75.22', '0'),
('80', '11', '10001', '25', '20009', '2017-08-18', '0', '4', '', '30000', '66.905', '0'),
('81', '12', '10001', '25', '20014', '2017-08-18', '0', '4', '', '15000', '66.900212766', '0'),
('82', '10', '10002', '16', '20001', '2017-08-18', '0', '0', 'LT010/2017', '-1000', '0', '0'),
('83', '10', '10002', '16', '20013', '2017-08-18', '0', '0', 'LT010/2017', '1000', '0', '0'),
('84', '11', '10002', '16', '20001', '2017-08-18', '0', '0', 'LT011/2017', '-5000', '0', '0'),
('85', '11', '10002', '16', '20002', '2017-08-18', '0', '0', 'LT011/2017', '5000', '0', '0'),
('86', '12', '10002', '16', '20001', '2017-08-18', '0', '0', 'LT012/2017', '-10000', '0', '0'),
('87', '12', '10002', '16', '20006', '2017-08-18', '0', '0', 'LT012/2017', '10000', '0', '0'),
('88', '13', '10002', '16', '20001', '2017-08-18', '0', '0', 'LT013/2017', '-5000', '0', '0'),
('89', '13', '10002', '16', '20014', '2017-08-18', '0', '0', 'LT013/2017', '5000', '0', '0'),
('90', '14', '10002', '16', '20001', '2017-08-18', '0', '0', 'LT014/2017', '-5000', '0', '0'),
('91', '14', '10002', '16', '20014', '2017-08-18', '0', '0', 'LT014/2017', '5000', '0', '0'),
('92', '15', '10002', '16', '20013', '2017-08-18', '0', '0', 'LT015/2017', '-1000', '0', '0'),
('93', '15', '10002', '16', '20001', '2017-08-18', '0', '0', 'LT015/2017', '1000', '0', '0'),
('94', '16', '10002', '16', '20001', '2017-08-18', '0', '0', 'LT016/2017', '-5000', '0', '0'),
('95', '16', '10002', '16', '20002', '2017-08-18', '0', '0', 'LT016/2017', '5000', '0', '0'),
('96', '17', '10001', '16', '20014', '2017-08-18', '0', '0', 'LT017/2017', '-5000', '0', '0'),
('97', '17', '10001', '16', '20002', '2017-08-18', '0', '0', 'LT017/2017', '5000', '0', '0'),
('98', '18', '10001', '16', '20009', '2017-08-18', '0', '0', 'LT018/2017', '-15000', '0', '0'),
('99', '18', '10001', '16', '20006', '2017-08-18', '0', '0', 'LT018/2017', '15000', '0', '0'),
('100', '19', '10001', '16', '20009', '2017-08-18', '0', '0', 'LT019/2017', '-2000', '0', '0'),
('101', '19', '10001', '16', '20014', '2017-08-18', '0', '0', 'LT019/2017', '2000', '0', '0'),
('102', '20', '10001', '16', '20009', '2017-08-18', '0', '0', 'LT020/2017', '-3000', '0', '0'),
('103', '20', '10001', '16', '20014', '2017-08-18', '0', '0', 'LT020/2017', '3000', '0', '0'),
('104', '21', '10001', '16', '20009', '2017-08-18', '0', '0', 'LT021/2017', '-10000', '0', '0'),
('105', '21', '10001', '16', '20004', '2017-08-18', '0', '0', 'LT021/2017', '10000', '0', '0'),
('106', '52', '10002', '13', '20013', '2017-08-18', '0', '75.22', 'auto', '-1000', '75.22', '0'),
('107', '53', '10001', '13', '20014', '2017-08-18', '0', '66.89', 'auto', '-10000', '66.900212766', '0'),
('108', '54', '10002', '13', '20002', '2017-08-18', '0', '75.22', 'auto', '-5000', '75.22', '0'),
('109', '55', '10002', '13', '20006', '2017-08-18', '0', '75.87', 'auto', '-10000', '75.22', '0'),
('110', '56', '10001', '13', '20006', '2017-08-18', '0', '67.54', 'auto', '-15000', '66.900212766', '0'),
('111', '57', '10002', '13', '20014', '2017-08-18', '0', '75.52', 'auto', '-5000', '75.22', '0'),
('112', '58', '10001', '13', '20014', '2017-08-18', '0', '67.64', 'auto', '-2000', '66.900212766', '0'),
('113', '59', '10002', '13', '20014', '2017-08-18', '0', '75.62', 'auto', '-5000', '75.22', '0'),
('114', '60', '10001', '13', '20014', '2017-08-18', '0', '67.5567', 'auto', '-3000', '66.900212766', '0'),
('115', '61', '10002', '13', '20002', '2017-08-18', '0', '75.72', 'auto', '-5000', '75.22', '0'),
('116', '62', '10001', '13', '20002', '2017-08-18', '0', '67.39', 'auto', '-5000', '66.900212766', '0'),
('117', '63', '10001', '13', '20004', '2017-08-18', '0', '67.54', 'auto', '-10000', '66.900212766', '0'),
('118', '13', '10002', '25', '20001', '2017-08-19', '4', '75.22', '', '3000', '75.22', '0'),
('119', '14', '10001', '25', '20013', '2017-08-19', '4', '66.89', '', '2000', '66.895106383', '0'),
('120', '15', '10001', '25', '20014', '2017-08-19', '4', '66.89', '', '1000', '66.8940851064', '0'),
('121', '16', '10001', '25', '20011', '2017-08-19', '2', '66.89', '', '25000', '66.8906808511', '0'),
('122', '17', '10002', '25', '20001', '2017-08-21', '2', '75.22', '', '25000', '75.22', '0'),
('123', '22', '10002', '16', '20001', '2017-08-19', '0', '0', 'LT022/2017', '-3000', '0', '0'),
('124', '22', '10002', '16', '20003', '2017-08-19', '0', '0', 'LT022/2017', '3000', '0', '0'),
('125', '23', '10001', '16', '20013', '2017-08-19', '0', '0', 'LT023/2017', '-2000', '0', '0'),
('126', '23', '10001', '16', '20007', '2017-08-19', '0', '0', 'LT023/2017', '2000', '0', '0'),
('127', '24', '10001', '16', '20011', '2017-08-19', '0', '0', 'LT024/2017', '-2000', '0', '0'),
('128', '24', '10001', '16', '20002', '2017-08-19', '0', '0', 'LT024/2017', '2000', '0', '0'),
('129', '25', '10001', '16', '20011', '2017-08-19', '0', '0', 'LT025/2017', '-3000', '0', '0'),
('130', '25', '10001', '16', '20003', '2017-08-19', '0', '0', 'LT025/2017', '3000', '0', '0'),
('131', '26', '10002', '16', '20003', '2017-08-19', '0', '0', 'LT026/2017', '-3000', '0', '0'),
('132', '26', '10002', '16', '20002', '2017-08-19', '0', '0', 'LT026/2017', '3000', '0', '0'),
('133', '64', '10001', '13', '20003', '2017-08-19', '0', '67.89', 'auto', '-3000', '66.8906808511', '0'),
('134', '65', '10002', '13', '20002', '2017-08-19', '0', '76.22', 'auto', '-3000', '75.22', '0'),
('135', '66', '10001', '13', '20011', '2017-08-19', '0', '67.54', 'auto', '-15000', '66.8906808511', '0'),
('137', '68', '10001', '13', '20002', '2017-08-19', '0', '67.89', 'auto', '-2000', '66.8906808511', '0'),
('138', '69', '10001', '13', '20011', '2017-08-19', '0', '66.89', 'auto', '-5000', '66.8906808511', '0'),
('139', '70', '10001', '13', '20007', '2017-08-19', '0', '67.64', 'auto', '-2000', '66.8906808511', '0'),
('140', '71', '10001', '13', '20014', '2017-08-19', '0', '66.89', 'auto', '-1000', '66.8906808511', '0');

### Structure of table `0_supp_allocations` ###

DROP TABLE IF EXISTS `0_supp_allocations`;

CREATE TABLE `0_supp_allocations` (
  `id` int(11) NOT NULL AUTO_INCREMENT,
  `person_id` int(11) DEFAULT NULL,
  `amt` double unsigned DEFAULT NULL,
  `date_alloc` date NOT NULL DEFAULT '0000-00-00',
  `trans_no_from` int(11) DEFAULT NULL,
  `trans_type_from` int(11) DEFAULT NULL,
  `trans_no_to` int(11) DEFAULT NULL,
  `trans_type_to` int(11) DEFAULT NULL,
  PRIMARY KEY (`id`),
  UNIQUE KEY `trans_type_from` (`person_id`,`trans_type_from`,`trans_no_from`,`trans_type_to`,`trans_no_to`),
  KEY `From` (`trans_type_from`,`trans_no_from`),
  KEY `To` (`trans_type_to`,`trans_no_to`)
) ENGINE=InnoDB DEFAULT CHARSET=utf8 COLLATE=utf8_unicode_ci ;

### Data of table `0_supp_allocations` ###


### Structure of table `0_supp_invoice_items` ###

DROP TABLE IF EXISTS `0_supp_invoice_items`;

CREATE TABLE `0_supp_invoice_items` (
  `id` int(11) NOT NULL AUTO_INCREMENT,
  `supp_trans_no` int(11) DEFAULT NULL,
  `supp_trans_type` int(11) DEFAULT NULL,
  `gl_code` varchar(15) COLLATE utf8_unicode_ci NOT NULL DEFAULT '',
  `grn_item_id` int(11) DEFAULT NULL,
  `po_detail_item_id` int(11) DEFAULT NULL,
  `stock_id` varchar(20) COLLATE utf8_unicode_ci NOT NULL DEFAULT '',
  `description` tinytext COLLATE utf8_unicode_ci,
  `quantity` double NOT NULL DEFAULT '0',
  `unit_price` double NOT NULL DEFAULT '0',
  `unit_tax` double NOT NULL DEFAULT '0',
  `memo_` tinytext COLLATE utf8_unicode_ci,
  `dimension_id` int(11) NOT NULL DEFAULT '0',
  `dimension2_id` int(11) NOT NULL DEFAULT '0',
  PRIMARY KEY (`id`),
  KEY `Transaction` (`supp_trans_type`,`supp_trans_no`,`stock_id`)
) ENGINE=InnoDB AUTO_INCREMENT=30 DEFAULT CHARSET=utf8 COLLATE=utf8_unicode_ci ;

### Data of table `0_supp_invoice_items` ###

INSERT INTO `0_supp_invoice_items` VALUES
('1', '1', '20', '0', '1', '1', '10002', 'HSD', '1657', '75.22', '0', NULL, '0', '0'),
('2', '2', '20', '0', '2', '2', '10001', 'PMG', '15000', '66.89', '0', NULL, '0', '0'),
('3', '3', '20', '0', '3', '3', '10002', 'HSD', '3000', '75.22', '0', NULL, '0', '0'),
('4', '4', '20', '0', '4', '4', '10001', 'PMG', '10000', '66.89', '0', NULL, '0', '0'),
('5', '5', '20', '1035', '-1', '0', '', NULL, '0', '660326', '0', 'OPENING BALANCE', '0', '0'),
('6', '6', '20', '1035', '-1', '0', '', NULL, '0', '39220', '0', 'OPENING BALANCE', '0', '0'),
('7', '7', '20', '1035', '-1', '0', '', NULL, '0', '18351969', '0', 'OPENING BALANCE', '0', '0'),
('8', '8', '20', '1035', '-1', '0', '', NULL, '0', '54269610', '0', 'OPENING BALANCE', '0', '0'),
('9', '1', '21', '1035', '-1', '0', '', NULL, '0', '-200670', '0', 'ALTERNATIVE', '0', '0'),
('10', '2', '21', '1035', '-1', '0', '', NULL, '0', '-137380', '0', 'ALTERNATIVE', '0', '0'),
('11', '9', '20', '0', '5', '5', '10001', 'PMG', '0', '0', '0', NULL, '0', '0'),
('12', '10', '20', '0', '6', '6', '10001', 'PMG', '2000', '68.69', '0', NULL, '0', '0'),
('13', '11', '20', '0', '7', '7', '10002', 'HSD', '15000', '75.22', '0', NULL, '0', '0'),
('14', '12', '20', '0', '5', '5', '10001', 'PMG', '3000', '66.89', '0', NULL, '0', '0'),
('15', '13', '20', '0', '8', '8', '10002', 'HSD', '8000', '75.22', '0', NULL, '0', '0'),
('16', '14', '20', '0', '9', '9', '10002', 'HSD', '22000', '75.22', '0', NULL, '0', '0'),
('17', '15', '20', '0', '10', '10', '10002', 'HSD', '1000', '75.22', '0', NULL, '0', '0'),
('18', '16', '20', '0', '11', '11', '10001', 'PMG', '30000', '66.89', '0', NULL, '0', '0'),
('19', '17', '20', '0', '12', '12', '10001', 'PMG', '15000', '66.89', '0', NULL, '0', '0'),
('20', '18', '20', '0', '13', '13', '10002', 'HSD', '3000', '75.22', '0', NULL, '0', '0'),
('21', '19', '20', '0', '14', '14', '10001', 'PMG', '2000', '66.89', '0', NULL, '0', '0'),
('22', '20', '20', '0', '15', '15', '10001', 'PMG', '1000', '66.89', '0', NULL, '0', '0'),
('23', '21', '20', '0', '16', '16', '10001', 'PMG', '25000', '66.89', '0', NULL, '0', '0'),
('24', '22', '20', '0', '17', '17', '10002', 'HSD', '0', '0', '0', NULL, '0', '0'),
('25', '23', '20', '0', '17', '17', '10002', 'HSD', '0', '0', '0', NULL, '0', '0'),
('26', '24', '20', '0', '17', '17', '10002', 'HSD', '0', '0', '0', NULL, '0', '0'),
('27', '25', '20', '0', '17', '17', '10002', 'HSD', '0', '0', '0', NULL, '0', '0'),
('28', '26', '20', '0', '17', '17', '10002', 'HSD', '0', '0', '0', NULL, '0', '0'),
('29', '27', '20', '0', '17', '17', '10002', 'HSD', '0', '0', '0', NULL, '0', '0');

### Structure of table `0_supp_trans` ###

DROP TABLE IF EXISTS `0_supp_trans`;

CREATE TABLE `0_supp_trans` (
  `trans_no` int(11) unsigned NOT NULL DEFAULT '0',
  `type` smallint(6) unsigned NOT NULL DEFAULT '0',
  `supplier_id` int(11) unsigned DEFAULT NULL,
  `reference` tinytext COLLATE utf8_unicode_ci NOT NULL,
  `supp_reference` varchar(60) COLLATE utf8_unicode_ci NOT NULL DEFAULT '',
  `tran_date` date NOT NULL DEFAULT '0000-00-00',
  `due_date` date NOT NULL DEFAULT '0000-00-00',
  `ov_amount` double NOT NULL DEFAULT '0',
  `ov_discount` double NOT NULL DEFAULT '0',
  `ov_gst` double NOT NULL DEFAULT '0',
  `gst_wh` double NOT NULL,
  `rate` double NOT NULL DEFAULT '1',
  `alloc` double NOT NULL DEFAULT '0',
  `tax_included` tinyint(1) NOT NULL DEFAULT '0',
  `supply_disc` int(11) NOT NULL,
  `service_disc` int(11) NOT NULL,
  `fbr_disc` int(11) NOT NULL,
  `srb_disc` int(11) NOT NULL,
  `write_back` int(11) NOT NULL,
  `supply_tax_id` int(11) NOT NULL,
  `service_tax_id` int(11) NOT NULL,
  `fbr_tax_id` int(11) NOT NULL,
  `srb_tax_id` int(11) NOT NULL,
  `cheque` int(11) NOT NULL,
  PRIMARY KEY (`type`,`trans_no`),
  KEY `supplier_id` (`supplier_id`),
  KEY `tran_date` (`tran_date`)
) ENGINE=InnoDB DEFAULT CHARSET=utf8 COLLATE=utf8_unicode_ci ;

### Data of table `0_supp_trans` ###

INSERT INTO `0_supp_trans` VALUES
('1', '20', '4', 'PI001/2017', '1', '2017-08-16', '2017-08-17', '124639.54', '0', '0', '0', '1', '0', '0', '0', '0', '0', '0', '0', '0', '0', '0', '0', '0'),
('2', '20', '4', 'PI002/2017', '2', '2017-08-16', '2017-08-17', '1003350', '0', '0', '0', '1', '0', '0', '0', '0', '0', '0', '0', '0', '0', '0', '0', '0'),
('3', '20', '4', 'PI003/2017', '3', '2017-08-16', '2017-08-17', '225660', '0', '0', '0', '1', '0', '0', '0', '0', '0', '0', '0', '0', '0', '0', '0', '0'),
('4', '20', '4', 'PI004/2017', '4', '2017-08-16', '2017-08-17', '668900', '0', '0', '0', '1', '0', '0', '0', '0', '0', '0', '0', '0', '0', '0', '0', '0'),
('5', '20', '1', 'PI005/2017', '05', '2017-08-15', '2017-08-15', '660326', '0', '0', '0', '1', '0', '0', '0', '0', '0', '0', '0', '0', '0', '0', '0', '0'),
('6', '20', '3', 'PI006/2017', '06', '2017-08-15', '2017-08-15', '39220', '0', '0', '0', '1', '0', '0', '0', '0', '0', '0', '0', '0', '0', '0', '0', '0'),
('7', '20', '2', 'PI007/2017', '07', '2017-08-15', '2017-08-16', '18351969', '0', '0', '0', '1', '0', '0', '0', '0', '0', '0', '0', '0', '0', '0', '0', '0'),
('8', '20', '4', 'PI008/2017', '08', '2017-08-15', '2017-08-16', '54269610', '0', '0', '0', '1', '0', '0', '0', '0', '0', '0', '0', '0', '0', '0', '0', '0'),
('9', '20', '5', 'PI009/2017', '09', '2017-08-15', '2017-08-16', '0', '0', '0', '0', '1', '0', '0', '0', '0', '0', '0', '0', '0', '0', '0', '0', '0'),
('10', '20', '5', 'PI010/2017', '010', '2017-08-15', '2017-08-16', '137380', '0', '0', '0', '1', '0', '0', '0', '0', '0', '0', '0', '0', '0', '0', '0', '0'),
('11', '20', '4', 'PI011/2017', '011', '2017-08-17', '2017-08-18', '1128300', '0', '0', '0', '1', '0', '0', '0', '0', '0', '0', '0', '0', '0', '0', '0', '0'),
('12', '20', '5', 'PI012/2017', '09', '2017-08-17', '2017-08-18', '200670', '0', '0', '0', '1', '0', '0', '0', '0', '0', '0', '0', '0', '0', '0', '0', '0'),
('13', '20', '4', 'PI013/2017', '13', '2017-08-18', '2017-08-19', '601760', '0', '0', '0', '1', '0', '0', '0', '0', '0', '0', '0', '0', '0', '0', '0', '0'),
('14', '20', '4', 'PI014/2017', '14', '2017-08-18', '2017-08-19', '1654840', '0', '0', '0', '1', '0', '0', '0', '0', '0', '0', '0', '0', '0', '0', '0', '0'),
('15', '20', '4', 'PI015/2017', '15', '2017-08-18', '2017-08-19', '75220', '0', '0', '0', '1', '0', '0', '0', '0', '0', '0', '0', '0', '0', '0', '0', '0'),
('16', '20', '4', 'PI016/2017', '16', '2017-08-18', '2017-08-19', '2006700', '0', '0', '0', '1', '0', '0', '0', '0', '0', '0', '0', '0', '0', '0', '0', '0'),
('17', '20', '4', 'PI017/2017', '17', '2017-08-18', '2017-08-19', '1003350', '0', '0', '0', '1', '0', '0', '0', '0', '0', '0', '0', '0', '0', '0', '0', '0'),
('18', '20', '4', 'PI018/2017', '18', '2017-08-19', '2017-08-20', '225660', '0', '0', '0', '1', '0', '0', '0', '0', '0', '0', '0', '0', '0', '0', '0', '0'),
('19', '20', '4', 'PI019/2017', '19', '2017-08-19', '2017-08-20', '133780', '0', '0', '0', '1', '0', '0', '0', '0', '0', '0', '0', '0', '0', '0', '0', '0'),
('20', '20', '4', 'PI020/2017', '20', '2017-08-19', '2017-08-20', '66890', '0', '0', '0', '1', '0', '0', '0', '0', '0', '0', '0', '0', '0', '0', '0', '0'),
('21', '20', '2', 'PI021/2017', '21', '2017-08-19', '2017-08-20', '1672250', '0', '0', '0', '1', '0', '0', '0', '0', '0', '0', '0', '0', '0', '0', '0', '0'),
('22', '20', '2', 'PI022/2017', '22', '2017-08-21', '2017-08-22', '0', '0', '0', '0', '1', '0', '0', '0', '0', '0', '0', '0', '0', '0', '0', '0', '0'),
('23', '20', '2', 'PI023/2017', '22', '2017-08-19', '2017-08-20', '0', '0', '0', '0', '1', '0', '0', '0', '0', '0', '0', '0', '0', '0', '0', '0', '0'),
('24', '20', '2', 'PI024/2017', '22', '2017-08-19', '2017-08-20', '0', '0', '0', '0', '1', '0', '0', '0', '0', '0', '0', '0', '0', '0', '0', '0', '0'),
('25', '20', '2', 'PI025/2017', '22', '2017-08-19', '2017-08-19', '0', '0', '0', '0', '1', '0', '0', '0', '0', '0', '0', '0', '0', '0', '0', '0', '0'),
('26', '20', '2', 'PI026/2017', '26', '2017-08-19', '2017-08-18', '0', '0', '0', '0', '1', '0', '0', '0', '0', '0', '0', '0', '0', '0', '0', '0', '0'),
('27', '20', '2', 'PI027/2017', '26', '2017-08-19', '2017-08-19', '0', '0', '0', '0', '1', '0', '0', '0', '0', '0', '0', '0', '0', '0', '0', '0', '0'),
('1', '21', '5', 'SCN001/2017', 'C1', '2017-08-15', '2017-08-16', '-200670', '0', '0', '0', '1', '0', '0', '0', '0', '0', '0', '0', '0', '0', '0', '0', '0'),
('2', '21', '5', 'SCN002/2017', 'C2', '2017-08-15', '2017-08-16', '-137380', '0', '0', '0', '1', '0', '0', '0', '0', '0', '0', '0', '0', '0', '0', '0', '0'),
('6', '41', '1', 'CPV006/2017', '', '2017-08-16', '0000-00-00', '-10015', '0', '0', '0', '1', '0', '0', '0', '0', '0', '0', '0', '0', '0', '0', '0', '0'),
('18', '41', '1', 'CPV017/2017', '', '2017-08-17', '0000-00-00', '-8617', '0', '0', '0', '1', '0', '0', '0', '0', '0', '0', '0', '0', '0', '0', '0', '0'),
('28', '41', '1', 'CPV027/2017', '', '2017-08-18', '0000-00-00', '-11910', '0', '0', '0', '1', '0', '0', '0', '0', '0', '0', '0', '0', '0', '0', '0', '0'),
('36', '41', '1', 'CPV034/2017', '', '2017-08-19', '0000-00-00', '-4000', '0', '0', '0', '1', '0', '0', '0', '0', '0', '0', '0', '0', '0', '0', '0', '0');

### Structure of table `0_suppliers` ###

DROP TABLE IF EXISTS `0_suppliers`;

CREATE TABLE `0_suppliers` (
  `supplier_id` int(11) NOT NULL AUTO_INCREMENT,
  `supp_name` varchar(60) COLLATE utf8_unicode_ci NOT NULL DEFAULT '',
  `supp_ref` varchar(30) COLLATE utf8_unicode_ci NOT NULL DEFAULT '',
  `address` tinytext COLLATE utf8_unicode_ci NOT NULL,
  `supp_address` tinytext COLLATE utf8_unicode_ci NOT NULL,
  `gst_no` varchar(25) COLLATE utf8_unicode_ci NOT NULL DEFAULT '',
  `contact` varchar(60) COLLATE utf8_unicode_ci NOT NULL DEFAULT '',
  `supp_account_no` varchar(40) COLLATE utf8_unicode_ci NOT NULL DEFAULT '',
  `website` varchar(100) COLLATE utf8_unicode_ci NOT NULL DEFAULT '',
  `bank_account` varchar(60) COLLATE utf8_unicode_ci NOT NULL DEFAULT '',
  `curr_code` char(3) COLLATE utf8_unicode_ci DEFAULT NULL,
  `payment_terms` int(11) DEFAULT NULL,
  `tax_included` tinyint(1) NOT NULL DEFAULT '0',
  `dimension_id` int(11) DEFAULT '0',
  `dimension2_id` int(11) DEFAULT '0',
  `tax_group_id` int(11) DEFAULT NULL,
  `credit_limit` double NOT NULL DEFAULT '0',
  `purchase_account` varchar(15) COLLATE utf8_unicode_ci NOT NULL DEFAULT '',
  `payable_account` varchar(15) COLLATE utf8_unicode_ci NOT NULL DEFAULT '',
  `payment_discount_account` varchar(15) COLLATE utf8_unicode_ci NOT NULL DEFAULT '',
  `notes` tinytext COLLATE utf8_unicode_ci NOT NULL,
  `ntn_no` int(11) NOT NULL,
  `inactive` tinyint(1) NOT NULL DEFAULT '0',
  PRIMARY KEY (`supplier_id`),
  KEY `supp_ref` (`supp_ref`)
) ENGINE=InnoDB AUTO_INCREMENT=9 DEFAULT CHARSET=utf8 COLLATE=utf8_unicode_ci ;

### Data of table `0_suppliers` ###

INSERT INTO `0_suppliers` VALUES
('1', 'SHELL PAKISTAN LIMITED', 'SHELL PAKISTAN LIMITED', '', '', '', '', '', '', '', 'PKR', '1', '0', '0', '0', '2', '0', '', '2011', '5016', '', '0', '0'),
('2', 'HORIZON OIL COMPANY', 'HORIZON OIL COMPANY', '', '', '', '', '', '', '', 'PKR', '1', '0', '0', '0', '2', '0', '', '2011', '5016', '', '0', '0'),
('3', 'HAROONABAD', 'HAROONABAD', '', '', '', '', '', '', '', 'PKR', '1', '0', '0', '0', '2', '0', '', '2011', '5016', '', '0', '0'),
('4', 'MUNIER CARRIAGE CO', 'MUNIER CARRIAGE CO', '', '', '', '', '', '', '', 'PKR', '1', '0', '0', '0', '2', '0', '', '2011', '5016', '', '0', '0'),
('5', 'HASCOL (SAIFULLAH)', 'HASCOL (SAIFULLAH)', '', '', '', '', '', '', '', 'PKR', '1', '0', '0', '0', '2', '0', '', '2011', '5016', '', '0', '0'),
('6', 'BAKRI', 'BAKRI', '', '', '', '', '', '', '', 'PKR', '1', '0', '0', '0', '2', '0', '', '2011', '5016', '', '0', '0');

### Structure of table `0_sys_prefs` ###

DROP TABLE IF EXISTS `0_sys_prefs`;

CREATE TABLE `0_sys_prefs` (
  `name` varchar(35) COLLATE utf8_unicode_ci NOT NULL DEFAULT '',
  `category` varchar(30) COLLATE utf8_unicode_ci DEFAULT NULL,
  `type` varchar(20) COLLATE utf8_unicode_ci NOT NULL DEFAULT '',
  `length` smallint(6) DEFAULT NULL,
  `value` text COLLATE utf8_unicode_ci NOT NULL,
  PRIMARY KEY (`name`),
  KEY `category` (`category`)
) ENGINE=InnoDB DEFAULT CHARSET=utf8 COLLATE=utf8_unicode_ci ;

### Data of table `0_sys_prefs` ###

INSERT INTO `0_sys_prefs` VALUES
('accounts_alpha', 'glsetup.general', 'tinyint', '1', '0'),
('accumulate_shipping', 'glsetup.customer', 'tinyint', '1', '0'),
('add_pct', 'setup.company', 'int', '5', '-1'),
('allow_negative_prices', 'glsetup.inventory', 'tinyint', '1', '1'),
('allow_negative_stock', 'glsetup.inventory', 'tinyint', '1', '0'),
('alternative_tax_include_on_docs', 'setup.company', 'tinyint', '1', ''),
('auto_curr_reval', 'setup.company', 'smallint', '6', ''),
('bank_charge_act', 'glsetup.general', 'varchar', '15', '5036'),
('base_sales', 'setup.company', 'int', '11', '1'),
('bcc_email', 'setup.company', 'varchar', '100', ''),
('coy_logo', 'setup.company', 'varchar', '100', ''),
('coy_name', 'setup.company', 'varchar', '60', 'HORIZON OIL COMPANY'),
('coy_no', 'setup.company', 'varchar', '25', ''),
('creditors_act', 'glsetup.purchase', 'varchar', '15', '2011'),
('curr_default', 'setup.company', 'char', '3', 'PKR'),
('debtors_act', 'glsetup.sales', 'varchar', '15', '1013'),
('default_adj_act', 'glsetup.items', 'varchar', '15', '5014'),
('default_cogs_act', 'glsetup.items', 'varchar', '15', '5011'),
('default_credit_limit', 'glsetup.customer', 'int', '11', '0'),
('default_delivery_required', 'glsetup.sales', 'smallint', '6', '1'),
('default_dim_required', 'glsetup.dims', 'int', '11', '20'),
('default_inv_sales_act', 'glsetup.items', 'varchar', '15', '4011'),
('default_inventory_act', 'glsetup.items', 'varchar', '15', '1021'),
('default_loss_on_asset_disposal_act', 'glsetup.items', 'varchar', '15', '5014'),
('default_prompt_payment_act', 'glsetup.sales', 'varchar', '15', '4025'),
('default_quote_valid_days', 'glsetup.sales', 'smallint', '6', '30'),
('default_receival_required', 'glsetup.purchase', 'smallint', '6', '10'),
('default_sales_act', 'glsetup.sales', 'varchar', '15', ''),
('default_sales_discount_act', 'glsetup.sales', 'varchar', '15', '4025'),
('default_wip_act', 'glsetup.items', 'varchar', '15', '1023'),
('default_workorder_required', 'glsetup.manuf', 'int', '11', '20'),
('deferred_income_act', 'glsetup.sales', 'varchar', '15', ''),
('depreciation_period', 'glsetup.company', 'tinyint', '1', '1'),
('domicile', 'setup.company', 'varchar', '55', ''),
('email', 'setup.company', 'varchar', '100', ''),
('exchange_diff_act', 'glsetup.general', 'varchar', '15', '4023'),
('f_year', 'setup.company', 'int', '11', '3'),
('fax', 'setup.company', 'varchar', '30', ''),
('freight_act', 'glsetup.customer', 'varchar', '15', '4021'),
('gl_closing_date', 'setup.closing_date', 'date', '8', '2017-07-01'),
('grn_clearing_act', 'glsetup.purchase', 'varchar', '15', ''),
('gst_no', 'setup.company', 'varchar', '25', ''),
('legal_text', 'glsetup.customer', 'tinytext', '0', ''),
('loc_notification', 'glsetup.inventory', 'tinyint', '1', ''),
('login_tout', 'setup.company', 'smallint', '6', '2000'),
('logo_h', 'setup.company', 'varchar', '30', '100'),
('logo_w', 'setup.company', 'varchar', '30', '100'),
('no_customer_list', 'setup.company', 'tinyint', '1', '0'),
('no_item_list', 'setup.company', 'tinyint', '1', '0'),
('no_supplier_list', 'setup.company', 'tinyint', '1', '0'),
('no_zero_lines_amount', 'glsetup.sales', 'tinyint', '1', '1'),
('past_due_days', 'glsetup.general', 'int', '11', '30'),
('phone', 'setup.company', 'varchar', '30', ''),
('po_over_charge', 'glsetup.purchase', 'int', '11', '10'),
('po_over_receive', 'glsetup.purchase', 'int', '11', '10'),
('postal_address', 'setup.company', 'tinytext', '0', 'Vehari'),
('print_invoice_no', 'glsetup.sales', 'tinyint', '1', '0'),
('print_item_images_on_quote', 'glsetup.inventory', 'tinyint', '1', ''),
('profit_loss_year_act', 'glsetup.general', 'varchar', '15', '5030'),
('pyt_discount_act', 'glsetup.purchase', 'varchar', '15', '5016'),
('retained_earnings_act', 'glsetup.general', 'varchar', '15', '3021'),
('round_to', 'setup.company', 'int', '5', '1'),
('show_po_item_codes', 'glsetup.purchase', 'tinyint', '1', ''),
('suppress_tax_rates', 'setup.company', 'tinyint', '1', ''),
('tax_algorithm', 'glsetup.customer', 'tinyint', '1', '1'),
('tax_last', 'setup.company', 'int', '11', '1'),
('tax_prd', 'setup.company', 'int', '11', '1'),
('time_zone', 'setup.company', 'tinyint', '1', '0'),
('use_dimension', 'setup.company', 'tinyint', '1', '0'),
('use_fixed_assets', 'setup.company', 'tinyint', '1', ''),
('use_manufacturing', 'setup.company', 'tinyint', '1', ''),
('version_id', 'system', 'varchar', '11', '2.4.1');

### Structure of table `0_sys_prefs_new` ###

DROP TABLE IF EXISTS `0_sys_prefs_new`;

CREATE TABLE `0_sys_prefs_new` (
  `name` varchar(50) CHARACTER SET utf8mb4 COLLATE utf8mb4_unicode_ci NOT NULL DEFAULT '',
  `value` text CHARACTER SET utf8mb4 COLLATE utf8mb4_unicode_ci NOT NULL
) ENGINE=InnoDB DEFAULT CHARSET=latin1 ;

### Data of table `0_sys_prefs_new` ###

INSERT INTO `0_sys_prefs_new` VALUES
('sales_quotation', '1'),
('sale_order_entry', '1'),
('delivery_against', '1'),
('customer_credit_note', '1'),
('invoice_against', '1'),
('direct_invoice', '1'),
('customer_payment', '1'),
('allocate', '1'),
('sales_quotation_inquiry', '1'),
('sale_order_inquiry', '1'),
('customer_inquiry', '1'),
('customer_allocate_inquiry', '1'),
('sales_reports', '1'),
('manage_customer', '1'),
('customer_branches', '1'),
('sales_group', '1'),
('sales_type', '1'),
('sales_persons', '1'),
('sales_areas', '1'),
('wht_types', '1'),
('purchase_order', '1'),
('opom', '1'),
('direct_supplier_invoice', '1'),
('payments_suppliers', '1'),
('supplier_invoice', '1'),
('supplier_credit', '1'),
('allocates', '1'),
('purchase_order_inquiry', '1'),
('supplier_transaction_inquiry', '1'),
('allocate_inquiry', '1'),
('suppliers', '1'),
('supplier_reports', '1'),
('inventry_location', '1'),
('inventory_adjustments', '1'),
('inventory_item_movemnets', '1'),
('inventory_item_status', '1'),
('inventory_reports', '1'),
('items', '1'),
('foreign_item_codes', '1'),
('sales_kits', '1'),
('item_categories', '1'),
('inventory_locations', '1'),
('unit_measure', '1'),
('recorder_levels', '1'),
('import_csv', '1'),
('sales_pricing', '1'),
('purchase_pricing', '1'),
('standard_cost', '1'),
('bank_payments_voucher', '1'),
('bank_deposit_voucher', '1'),
('cash_payments_voucher', '1'),
('cash_receipt_voucher', '1'),
('bank_account_transfer', '1'),
('reconcile_account', '1'),
('gl', '1'),
('bank_account_inquiry', '1'),
('tax_inquiry', '1'),
('trial_balance', '1'),
('banking_reports', '1'),
('general_ledger', '1'),
('bank_account', '1'),
('quick_entries', '1'),
('account_tag', '1'),
('gl_account', '1'),
('gl_account_group', '1'),
('closing1', ''),
('journal_inquiry', '1'),
('company_setup', '1'),
('user_account_setup', '1'),
('access_setup', '1'),
('user_location', '1'),
('display_setup', '1'),
('transaction_ref', '1'),
('taxes', '1'),
('tax_group', '1'),
('item_tax_type', '1'),
('system_gl', '1'),
('fiscal_years', '1'),
('print_profile', '1'),
('payment_terms', '1'),
('shipping_company', '1'),
('point_sale', '1'),
('void_transaction', '1'),
('print_transaction', '1'),
('backup', '1'),
('drill_balance', '1'),
('pf_drill', '1'),
('delivery_against_text', 'Delivery Against Sales Orders'),
('invoice_against_text', 'Invoice Against Sales Delivery'),
('direct_invoice_text', 'Direct Invoice'),
('customer_payment_text', 'Customer Payments'),
('customer_credit_note_text', 'Customer Credit Note'),
('allocate_text', 'Allocate Customer Payments Or Credit Notes'),
('sales_quotation_inquiry_text', 'Sale Quotation Inquiry'),
('sale_order_inquiry_text', 'Sale Order Inquiry'),
('customer_inquiry_text', 'Customer Transaction Inquiry'),
('customer_allocate_inquiry_text', 'Customer Allocate Inquiry'),
('sales_reports_text', 'Customer And Sales Reports'),
('manage_customer_text', 'Add And Manage Customer'),
('customer_branches_text', 'Customer Branches'),
('sales_group_text', 'Sales Groups'),
('sales_type_text', 'Sales Type'),
('sales_persons_text', 'Sales Persons'),
('sales_areas_text', 'Sales Areas'),
('wht_types_text', 'WHT Types'),
('purchase_order_text', 'Purchase Order Entry'),
('opom_text', 'Outstanding Purchase Orders Maintenance'),
('direct_supplier_invoice_text', 'Direct Supplier Invoice'),
('payments_suppliers_text', 'Payments To Suppliers'),
('supplier_invoice_text', 'Supplier Invoices'),
('supplier_credit_text', 'Supplier Credit Notes'),
('allocates_text', 'Allocate Supplier Payments Or Credit Notes'),
('purchase_order_inquiry_text', 'Purchase Order Inquiry'),
('supplier_transaction_inquiry_text', 'Supplier Transaction Inquiry'),
('allocate_inquiry_text', 'Supplier Allocation Inquiry'),
('supplier_reports_text', 'Supplier And Purchasing Reports'),
('suppliers_text', 'Suppliers'),
('inventry_location_text', 'Inventory Location Transfer'),
('inventory_adjustments_text', 'Inventory Adjustments'),
('inventory_item_movemnets_text', 'Inventory Item Movements'),
('inventory_item_status_text', 'Inventory Item Status'),
('inventory_reports_text', 'Inventory Reports'),
('items_text', 'Items'),
('foreign_item_codes_text', 'Foreign Item Codes'),
('sales_kits_text', 'Sales Kits'),
('item_categories_text', 'Item Categories'),
('inventory_locations_text', 'Inventory Locations'),
('unit_measure_text', 'Units Of Measure'),
('recorder_levels_text', 'Recorder levels'),
('import_csv_text', 'Import CSV Items'),
('sales_pricing_text', 'Sales Pricing'),
('purchase_pricing_text', 'Purchasing Pricing'),
('standard_cost_text', 'Standard Costs'),
('bank_payments_voucher_text', 'Bank Payments Voucher'),
('bank_deposit_voucher_text', 'Bank Deposits Voucher'),
('cash_payments_voucher_text', 'Cash Payment Voucher'),
('cash_receipt_voucher_text', 'Cash Receipt Voucher'),
('bank_account_transfer_text', 'Bank Account Transfer'),
('journal_entry_text', 'Journal Entry'),
('reconcile_account_text', 'Reconcile Bank Account'),
('journal_inquiry_text', 'Journal Inquiry'),
('gl_text', 'GL Inquiry'),
('bank_account_inquiry_text', 'Bank Account Inquiry'),
('tax_inquiry_text', 'Tax Inquiry'),
('trial_balance_text', 'Trial Balance'),
('pf_drill_text', 'Profit and Loss Drilldown'),
('drill_balance_text', 'Balance Sheet Drilldown'),
('banking_reports_text', 'Banking Reports'),
('general_ledger_text', 'General Ledger Reports'),
('bank_account_text', 'Bank Account'),
('quick_entries_text', 'Quick Entries'),
('account_tag_text', 'Account Tags'),
('gl_account_text', 'GL Accounts'),
('gl_account_group_text', 'GL Account Groups'),
('closing_text1', ''),
('company_setup_text', 'Company Setup'),
('access_setup_text', 'Access Setup'),
('user_location_text', 'User Locations Access'),
('display_setup_text', 'Display Setup'),
('transaction_ref_text', 'Transaction References'),
('taxes_text', 'Taxes'),
('tax_group_text', 'Tax Group'),
('item_tax_type_text', 'Item Tax Type'),
('system_gl_text', 'System and General GL Setup'),
('fiscal_years_text', 'Fiscal Years'),
('print_profile_text', 'Print Profiles'),
('payment_terms_text', 'Payment Terms'),
('shipping_company_text', 'Shipping Company'),
('point_sale_text', 'Points Of Sale'),
('void_transaction_text', 'Void a Transaction'),
('print_transaction_text', 'View Or Print Transactions'),
('backup_text', 'Backup And Restore'),
('sales_quotation_text', 'Sale Quotation Entry'),
('sales_quotation', '1'),
('revaluation', '1'),
('closing', '1'),
('exchange_rates', '1'),
('currencies', '1'),
('revenue_cost', '1'),
('reconcile_account', '1'),
('gl_account_classes', '1'),
('revaluation_text', 'Revaluation'),
('closing_text', 'Closing GL Transactions'),
('exchange_rates_text', 'Exchange Rates'),
('currencies_text', 'Currencies'),
('revenue_cost_text', 'Revenue Cost'),
('reconcile_account_text', 'Reconcile Bank Account'),
('gl_account_classes_text', 'Gl Account CLasses'),
('sale_order_entry_text', 'Sale Order Entry'),
('journal_entry', '1'),
('user_account_setup_text', 'User Account Setup');

### Structure of table `0_sys_types` ###

DROP TABLE IF EXISTS `0_sys_types`;

CREATE TABLE `0_sys_types` (
  `type_id` smallint(6) NOT NULL DEFAULT '0',
  `type_no` int(11) NOT NULL DEFAULT '1',
  `next_reference` varchar(100) COLLATE utf8_unicode_ci NOT NULL DEFAULT '',
  PRIMARY KEY (`type_id`)
) ENGINE=InnoDB DEFAULT CHARSET=utf8 COLLATE=utf8_unicode_ci ;

### Data of table `0_sys_types` ###

INSERT INTO `0_sys_types` VALUES
('0', '17', 'JV0001'),
('1', '7', 'BPV0001'),
('2', '4', 'BRV0001'),
('4', '3', 'FTV0001'),
('10', '16', 'SI0001'),
('11', '2', 'CCN001'),
('12', '6', 'CRV0001'),
('13', '1', 'DN001'),
('16', '2', 'LT001'),
('17', '2', 'IA01'),
('18', '1', 'PO0001'),
('20', '6', 'SI1511'),
('21', '1', 'SCN001'),
('22', '3', 'SP001'),
('25', '1', 'GRN001'),
('26', '1', 'WO001'),
('28', '1', 'WO001'),
('29', '1', 'WOP001'),
('30', '0', 'SO001'),
('32', '0', 'SQ001'),
('35', '1', 'CU001'),
('40', '1', 'D01'),
('41', '1', 'CPV001'),
('42', '1', 'CRV001');

### Structure of table `0_tag_associations` ###

DROP TABLE IF EXISTS `0_tag_associations`;

CREATE TABLE `0_tag_associations` (
  `record_id` varchar(15) COLLATE utf8_unicode_ci NOT NULL,
  `tag_id` int(11) NOT NULL,
  UNIQUE KEY `record_id` (`record_id`,`tag_id`)
) ENGINE=InnoDB DEFAULT CHARSET=utf8 COLLATE=utf8_unicode_ci ;

### Data of table `0_tag_associations` ###


### Structure of table `0_tags` ###

DROP TABLE IF EXISTS `0_tags`;

CREATE TABLE `0_tags` (
  `id` int(11) NOT NULL AUTO_INCREMENT,
  `type` smallint(6) NOT NULL,
  `name` varchar(30) COLLATE utf8_unicode_ci NOT NULL,
  `description` varchar(60) COLLATE utf8_unicode_ci DEFAULT NULL,
  `inactive` tinyint(1) NOT NULL DEFAULT '0',
  PRIMARY KEY (`id`),
  UNIQUE KEY `type` (`type`,`name`)
) ENGINE=InnoDB AUTO_INCREMENT=3 DEFAULT CHARSET=utf8 COLLATE=utf8_unicode_ci ;

### Data of table `0_tags` ###


### Structure of table `0_tax_group_items` ###

DROP TABLE IF EXISTS `0_tax_group_items`;

CREATE TABLE `0_tax_group_items` (
  `tax_group_id` int(11) NOT NULL DEFAULT '0',
  `tax_type_id` int(11) NOT NULL DEFAULT '0',
  `tax_shipping` tinyint(1) NOT NULL DEFAULT '0',
  PRIMARY KEY (`tax_group_id`,`tax_type_id`)
) ENGINE=InnoDB DEFAULT CHARSET=utf8 COLLATE=utf8_unicode_ci ;

### Data of table `0_tax_group_items` ###

INSERT INTO `0_tax_group_items` VALUES
('1', '1', '1');

### Structure of table `0_tax_groups` ###

DROP TABLE IF EXISTS `0_tax_groups`;

CREATE TABLE `0_tax_groups` (
  `id` int(11) NOT NULL AUTO_INCREMENT,
  `name` varchar(60) COLLATE utf8_unicode_ci NOT NULL DEFAULT '',
  `inactive` tinyint(1) NOT NULL DEFAULT '0',
  PRIMARY KEY (`id`),
  UNIQUE KEY `name` (`name`)
) ENGINE=InnoDB AUTO_INCREMENT=3 DEFAULT CHARSET=utf8 COLLATE=utf8_unicode_ci ;

### Data of table `0_tax_groups` ###

INSERT INTO `0_tax_groups` VALUES
('1', 'Tax', '0'),
('2', 'Tax Exempt', '0');

### Structure of table `0_tax_types` ###

DROP TABLE IF EXISTS `0_tax_types`;

CREATE TABLE `0_tax_types` (
  `id` int(11) NOT NULL AUTO_INCREMENT,
  `rate` double NOT NULL DEFAULT '0',
  `sales_gl_code` varchar(15) COLLATE utf8_unicode_ci NOT NULL DEFAULT '',
  `purchasing_gl_code` varchar(15) COLLATE utf8_unicode_ci NOT NULL DEFAULT '',
  `name` varchar(60) COLLATE utf8_unicode_ci NOT NULL DEFAULT '',
  `inactive` tinyint(1) NOT NULL DEFAULT '0',
  PRIMARY KEY (`id`)
) ENGINE=InnoDB AUTO_INCREMENT=2 DEFAULT CHARSET=utf8 COLLATE=utf8_unicode_ci ;

### Data of table `0_tax_types` ###

INSERT INTO `0_tax_types` VALUES
('1', '0', '2013', '2014', 'Tax', '0');

### Structure of table `0_trans_tax_details` ###

DROP TABLE IF EXISTS `0_trans_tax_details`;

CREATE TABLE `0_trans_tax_details` (
  `id` int(11) NOT NULL AUTO_INCREMENT,
  `trans_type` smallint(6) DEFAULT NULL,
  `trans_no` int(11) DEFAULT NULL,
  `tran_date` date NOT NULL,
  `tax_type_id` int(11) NOT NULL DEFAULT '0',
  `rate` double NOT NULL DEFAULT '0',
  `ex_rate` double NOT NULL DEFAULT '1',
  `included_in_price` tinyint(1) NOT NULL DEFAULT '0',
  `net_amount` double NOT NULL DEFAULT '0',
  `amount` double NOT NULL DEFAULT '0',
  `memo` tinytext COLLATE utf8_unicode_ci,
  `reg_type` tinyint(1) DEFAULT NULL,
  PRIMARY KEY (`id`),
  KEY `Type_and_Number` (`trans_type`,`trans_no`),
  KEY `tran_date` (`tran_date`)
) ENGINE=InnoDB AUTO_INCREMENT=172 DEFAULT CHARSET=utf8 COLLATE=utf8_unicode_ci ;

### Data of table `0_trans_tax_details` ###

INSERT INTO `0_trans_tax_details` VALUES
('1', '20', '1', '2017-08-16', '0', '0', '1', '0', '124639.54', '0', '1', '1'),
('2', '20', '2', '2017-08-16', '0', '0', '1', '0', '1003350', '0', '2', '1'),
('3', '20', '3', '2017-08-16', '0', '0', '1', '0', '225660', '0', '3', '1'),
('4', '20', '4', '2017-08-16', '0', '0', '1', '0', '668900', '0', '4', '1'),
('5', '13', '1', '2017-08-16', '1', '0', '1', '1', '0', '0', 'auto', NULL),
('6', '10', '1', '2017-08-16', '1', '0', '1', '1', '0', '0', 'SI001/2017', '0'),
('7', '13', '2', '2017-08-16', '1', '0', '1', '1', '535120', '0', 'auto', NULL),
('8', '10', '2', '2017-08-16', '1', '0', '1', '1', '535120', '0', 'SI002/2017', '0'),
('9', '13', '3', '2017-08-16', '1', '0', '1', '1', '135280', '0', 'auto', NULL),
('10', '10', '3', '2017-08-16', '1', '0', '1', '1', '135280', '0', 'SI003/2017', '0'),
('11', '13', '4', '2017-08-16', '1', '0', '1', '1', '124639.54', '0', 'auto', NULL),
('12', '10', '4', '2017-08-16', '1', '0', '1', '1', '124639.54', '0', 'SI004/2017', '0'),
('13', '13', '5', '2017-08-16', '1', '0', '1', '1', '227160', '0', 'auto', NULL),
('14', '10', '5', '2017-08-16', '1', '0', '1', '1', '227160', '0', 'SI005/2017', '0'),
('15', '13', '6', '2017-08-16', '1', '0', '1', '1', '337450', '0', 'auto', NULL),
('16', '10', '6', '2017-08-16', '1', '0', '1', '1', '337450', '0', 'SI006/2017', '0'),
('17', '13', '7', '2017-08-15', '1', '0', '1', '1', '222123', '0', 'auto', NULL),
('18', '10', '7', '2017-08-15', '1', '0', '1', '1', '222123', '0', 'SI007/2017', '0'),
('19', '13', '8', '2017-08-15', '1', '0', '1', '1', '158801', '0', 'auto', NULL),
('20', '10', '8', '2017-08-15', '1', '0', '1', '1', '158801', '0', 'SI008/2017', '0'),
('21', '13', '9', '2017-08-15', '1', '0', '1', '1', '50000', '0', 'auto', NULL),
('22', '10', '9', '2017-08-15', '1', '0', '1', '1', '50000', '0', 'SI009/2017', '0'),
('23', '13', '10', '2017-08-15', '1', '0', '1', '1', '450', '0', 'auto', NULL),
('24', '10', '10', '2017-08-15', '1', '0', '1', '1', '450', '0', 'SI010/2017', '0'),
('25', '13', '11', '2017-08-15', '1', '0', '1', '1', '520920', '0', 'auto', NULL),
('26', '10', '11', '2017-08-15', '1', '0', '1', '1', '520920', '0', 'SI011/2017', '0'),
('27', '13', '12', '2017-08-15', '1', '0', '1', '1', '248120', '0', 'auto', NULL),
('28', '10', '12', '2017-08-15', '1', '0', '1', '1', '248120', '0', 'SI012/2017', '0'),
('29', '13', '13', '2017-08-15', '1', '0', '1', '1', '206156', '0', 'auto', NULL),
('30', '10', '13', '2017-08-15', '1', '0', '1', '1', '206156', '0', 'SI013/2017', '0'),
('31', '13', '14', '2017-08-15', '1', '0', '1', '1', '100', '0', 'auto', NULL),
('32', '10', '14', '2017-08-15', '1', '0', '1', '1', '100', '0', 'SI014/2017', '0'),
('33', '13', '15', '2017-08-15', '1', '0', '1', '1', '828664', '0', 'auto', NULL),
('34', '10', '15', '2017-08-15', '1', '0', '1', '1', '828664', '0', 'SI015/2017', '0'),
('35', '13', '16', '2017-08-15', '1', '0', '1', '1', '7330', '0', 'auto', NULL),
('36', '10', '16', '2017-08-15', '1', '0', '1', '1', '7330', '0', 'SI016/2017', '0'),
('37', '13', '17', '2017-08-15', '1', '0', '1', '1', '132974', '0', 'auto', NULL),
('38', '10', '17', '2017-08-15', '1', '0', '1', '1', '132974', '0', 'SI017/2017', '0'),
('39', '13', '18', '2017-08-15', '1', '0', '1', '1', '2378808', '0', 'auto', NULL),
('40', '10', '18', '2017-08-15', '1', '0', '1', '1', '2378808', '0', 'SI018/2017', '0'),
('41', '13', '19', '2017-08-15', '1', '0', '1', '1', '1450', '0', 'auto', NULL),
('42', '10', '19', '2017-08-15', '1', '0', '1', '1', '1450', '0', 'SI019/2017', '0'),
('43', '13', '20', '2017-08-15', '1', '0', '1', '1', '147080', '0', 'auto', NULL),
('44', '10', '20', '2017-08-15', '1', '0', '1', '1', '147080', '0', 'SI020/2017', '0'),
('45', '13', '21', '2017-08-15', '1', '0', '1', '1', '164610', '0', 'auto', NULL),
('46', '10', '21', '2017-08-15', '1', '0', '1', '1', '164610', '0', 'SI021/2017', '0'),
('47', '13', '22', '2017-08-15', '1', '0', '1', '1', '17860', '0', 'auto', NULL),
('48', '10', '22', '2017-08-15', '1', '0', '1', '1', '17860', '0', 'SI022/2017', '0'),
('49', '13', '23', '2017-08-15', '1', '0', '1', '1', '7555', '0', 'auto', NULL),
('50', '10', '23', '2017-08-15', '1', '0', '1', '1', '7555', '0', 'SI023/2017', '0'),
('51', '13', '24', '2017-08-15', '1', '0', '1', '1', '715030', '0', 'auto', NULL),
('52', '10', '24', '2017-08-15', '1', '0', '1', '1', '715030', '0', 'SI024/2017', '0'),
('53', '13', '25', '2017-08-15', '1', '0', '1', '1', '260668', '0', 'auto', NULL),
('54', '10', '25', '2017-08-15', '1', '0', '1', '1', '260668', '0', 'SI025/2017', '0'),
('55', '13', '26', '2017-08-15', '1', '0', '1', '1', '1028400', '0', 'auto', NULL),
('56', '10', '26', '2017-08-15', '1', '0', '1', '1', '1028400', '0', 'SI026/2017', '0'),
('57', '13', '27', '2017-08-15', '1', '0', '1', '1', '1051980', '0', 'auto', NULL),
('58', '10', '27', '2017-08-15', '1', '0', '1', '1', '1051980', '0', 'SI027/2017', '0'),
('59', '13', '28', '2017-08-15', '1', '0', '1', '1', '76720', '0', 'auto', NULL),
('60', '10', '28', '2017-08-15', '1', '0', '1', '1', '76720', '0', 'SI028/2017', '0'),
('61', '13', '29', '2017-08-15', '1', '0', '1', '1', '230299', '0', 'auto', NULL),
('62', '10', '29', '2017-08-15', '1', '0', '1', '1', '230299', '0', 'SI029/2017', '0'),
('63', '13', '30', '2017-08-15', '1', '0', '1', '1', '75000', '0', 'auto', NULL),
('64', '10', '30', '2017-08-15', '1', '0', '1', '1', '75000', '0', 'SI030/2017', '0'),
('65', '13', '31', '2017-08-15', '1', '0', '1', '1', '72183618', '0', 'auto', NULL),
('66', '10', '31', '2017-08-15', '1', '0', '1', '1', '72183618', '0', 'SI031/2017', '0'),
('67', '13', '32', '2017-08-15', '1', '0', '1', '1', '18978', '0', 'auto', NULL),
('68', '10', '32', '2017-08-15', '1', '0', '1', '1', '18978', '0', 'SI032/2017', '0'),
('69', '13', '33', '2017-08-15', '1', '0', '1', '1', '391426', '0', 'auto', NULL),
('70', '10', '33', '2017-08-15', '1', '0', '1', '1', '391426', '0', 'SI033/2017', '0'),
('71', '13', '34', '2017-08-15', '1', '0', '1', '1', '150', '0', 'auto', NULL),
('72', '10', '34', '2017-08-15', '1', '0', '1', '1', '150', '0', 'SI034/2017', '0'),
('73', '13', '35', '2017-08-15', '1', '0', '1', '1', '60440', '0', 'auto', NULL),
('74', '10', '35', '2017-08-15', '1', '0', '1', '1', '60440', '0', 'SI035/2017', '0'),
('75', '13', '36', '2017-08-15', '1', '0', '1', '1', '365120', '0', 'auto', NULL),
('76', '10', '36', '2017-08-15', '1', '0', '1', '1', '365120', '0', 'SI036/2017', '0'),
('77', '13', '37', '2017-08-15', '1', '0', '1', '1', '7081', '0', 'auto', NULL),
('78', '10', '37', '2017-08-15', '1', '0', '1', '1', '7081', '0', 'SI037/2017', '0'),
('79', '13', '38', '2017-08-15', '1', '0', '1', '1', '18130', '0', 'auto', NULL),
('80', '10', '38', '2017-08-15', '1', '0', '1', '1', '18130', '0', 'SI038/2017', '0'),
('81', '13', '39', '2017-08-15', '1', '0', '1', '1', '379858', '0', 'auto', NULL),
('82', '10', '39', '2017-08-15', '1', '0', '1', '1', '379858', '0', 'SI039/2017', '0'),
('83', '13', '40', '2017-08-15', '1', '0', '1', '1', '321420', '0', 'auto', NULL),
('84', '10', '40', '2017-08-15', '1', '0', '1', '1', '321420', '0', 'SI040/2017', '0'),
('85', '13', '41', '2017-08-15', '1', '0', '1', '1', '509150', '0', 'auto', NULL),
('86', '10', '41', '2017-08-15', '1', '0', '1', '1', '509150', '0', 'SI041/2017', '0'),
('87', '13', '42', '2017-08-15', '1', '0', '1', '1', '174901', '0', 'auto', NULL),
('88', '10', '42', '2017-08-15', '1', '0', '1', '1', '174901', '0', 'SI042/2017', '0'),
('89', '11', '1', '2017-08-15', '1', '0', '1', '1', '10', '0', 'CCN001/2017', '0'),
('90', '11', '2', '2017-08-15', '1', '0', '1', '1', '43000', '0', 'CCN002/2017', '0'),
('91', '11', '3', '2017-08-15', '1', '0', '1', '1', '729', '0', 'CCN003/2017', '0'),
('92', '11', '4', '2017-08-15', '1', '0', '1', '1', '2527274', '0', 'CCN004/2017', '0'),
('93', '11', '5', '2017-08-15', '1', '0', '1', '1', '337590', '0', 'CCN005/2017', '0'),
('94', '11', '6', '2017-08-15', '1', '0', '1', '1', '194400', '0', 'CCN006/2017', '0'),
('95', '20', '9', '2017-08-15', '0', '0', '1', '0', '0', '0', '09', '1'),
('96', '20', '10', '2017-08-15', '0', '0', '1', '0', '137380', '0', '010', '1'),
('97', '20', '11', '2017-08-17', '0', '0', '1', '0', '1128300', '0', '011', '1'),
('98', '13', '43', '2017-08-17', '1', '0', '1', '1', '378100', '0', 'auto', NULL),
('99', '10', '43', '2017-08-17', '1', '0', '1', '1', '378100', '0', 'SI043/2017', '0'),
('100', '13', '44', '2017-08-17', '1', '0', '1', '1', '133780', '0', 'auto', NULL),
('101', '10', '44', '2017-08-17', '1', '0', '1', '1', '133780', '0', 'SI044/2017', '0'),
('102', '13', '45', '2017-08-17', '1', '0', '1', '1', '300880', '0', 'auto', NULL),
('103', '10', '45', '2017-08-17', '1', '0', '1', '1', '300880', '0', 'SI045/2017', '0'),
('104', '13', '46', '2017-08-17', '1', '0', '1', '1', '68390', '0', 'auto', NULL),
('105', '10', '46', '2017-08-17', '1', '0', '1', '1', '68390', '0', 'SI046/2017', '0'),
('106', '13', '47', '2017-08-17', '1', '0', '1', '1', '135030', '0', 'auto', NULL),
('107', '10', '47', '2017-08-17', '1', '0', '1', '1', '135030', '0', 'SI047/2017', '0'),
('108', '13', '48', '2017-08-17', '1', '0', '1', '1', '76470', '0', 'auto', NULL),
('109', '10', '48', '2017-08-17', '1', '0', '1', '1', '76470', '0', 'SI048/2017', '0'),
('110', '13', '49', '2017-08-17', '1', '0', '1', '1', '341450', '0', 'auto', NULL),
('111', '10', '49', '2017-08-17', '1', '0', '1', '1', '341450', '0', 'SI049/2017', '0'),
('112', '13', '50', '2017-08-17', '1', '0', '1', '1', '202670', '0', 'auto', NULL),
('113', '10', '50', '2017-08-17', '1', '0', '1', '1', '202670', '0', 'SI050/2017', '0'),
('114', '13', '51', '2017-08-17', '1', '0', '1', '1', '378100', '0', 'auto', NULL),
('115', '10', '51', '2017-08-17', '1', '0', '1', '1', '378100', '0', 'SI051/2017', '0'),
('116', '20', '12', '2017-08-17', '0', '0', '1', '0', '200670', '0', '09', '1'),
('117', '20', '13', '2017-08-18', '0', '0', '1', '0', '601760', '0', '13', '1'),
('118', '20', '14', '2017-08-18', '0', '0', '1', '0', '1654840', '0', '14', '1'),
('119', '20', '15', '2017-08-18', '0', '0', '1', '0', '75220', '0', '15', '1'),
('120', '20', '16', '2017-08-18', '0', '0', '1', '0', '2006700', '0', '16', '1'),
('121', '20', '17', '2017-08-18', '0', '0', '1', '0', '1003350', '0', '17', '1'),
('122', '13', '52', '2017-08-18', '1', '0', '1', '1', '75220', '0', 'auto', NULL),
('123', '10', '52', '2017-08-18', '1', '0', '1', '1', '75220', '0', 'SI052/2017', '0'),
('124', '13', '53', '2017-08-18', '1', '0', '1', '1', '668900', '0', 'auto', NULL),
('125', '10', '53', '2017-08-18', '1', '0', '1', '1', '668900', '0', 'SI053/2017', '0'),
('126', '13', '54', '2017-08-18', '1', '0', '1', '1', '376100', '0', 'auto', NULL),
('127', '10', '54', '2017-08-18', '1', '0', '1', '1', '376100', '0', 'SI054/2017', '0'),
('128', '13', '55', '2017-08-18', '1', '0', '1', '1', '758700', '0', 'auto', NULL),
('129', '10', '55', '2017-08-18', '1', '0', '1', '1', '758700', '0', 'SI055/2017', '0'),
('130', '13', '56', '2017-08-18', '1', '0', '1', '1', '1013100', '0', 'auto', NULL),
('131', '10', '56', '2017-08-18', '1', '0', '1', '1', '1013100', '0', 'SI056/2017', '0'),
('132', '13', '57', '2017-08-18', '1', '0', '1', '1', '377600', '0', 'auto', NULL),
('133', '10', '57', '2017-08-18', '1', '0', '1', '1', '377600', '0', 'SI057/2017', '0'),
('134', '13', '58', '2017-08-18', '1', '0', '1', '1', '135280', '0', 'auto', NULL),
('135', '10', '58', '2017-08-18', '1', '0', '1', '1', '135280', '0', 'SI058/2017', '0'),
('136', '13', '59', '2017-08-18', '1', '0', '1', '1', '378100', '0', 'auto', NULL),
('137', '10', '59', '2017-08-18', '1', '0', '1', '1', '378100', '0', 'SI059/2017', '0'),
('138', '13', '60', '2017-08-18', '1', '0', '1', '1', '202670.1', '0', 'auto', NULL),
('139', '10', '60', '2017-08-18', '1', '0', '1', '1', '202670.1', '0', 'SI060/2017', '0'),
('140', '13', '61', '2017-08-18', '1', '0', '1', '1', '378600', '0', 'auto', NULL),
('141', '10', '61', '2017-08-18', '1', '0', '1', '1', '378600', '0', 'SI061/2017', '0'),
('142', '13', '62', '2017-08-18', '1', '0', '1', '1', '336950', '0', 'auto', NULL),
('143', '10', '62', '2017-08-18', '1', '0', '1', '1', '336950', '0', 'SI062/2017', '0'),
('144', '13', '63', '2017-08-18', '1', '0', '1', '1', '675400', '0', 'auto', NULL),
('145', '10', '63', '2017-08-18', '1', '0', '1', '1', '675400', '0', 'SI063/2017', '0'),
('146', '20', '18', '2017-08-19', '0', '0', '1', '0', '225660', '0', '18', '1'),
('147', '20', '19', '2017-08-19', '0', '0', '1', '0', '133780', '0', '19', '1'),
('148', '20', '20', '2017-08-19', '0', '0', '1', '0', '66890', '0', '20', '1'),
('149', '20', '21', '2017-08-19', '0', '0', '1', '0', '1672250', '0', '21', '1'),
('150', '20', '22', '2017-08-21', '0', '0', '1', '0', '0', '0', '22', '1'),
('151', '20', '23', '2017-08-19', '0', '0', '1', '0', '0', '0', '22', '1'),
('152', '20', '24', '2017-08-19', '0', '0', '1', '0', '0', '0', '22', '1'),
('153', '20', '25', '2017-08-19', '0', '0', '1', '0', '0', '0', '22', '1'),
('154', '13', '64', '2017-08-19', '1', '0', '1', '1', '203670', '0', 'auto', NULL),
('155', '10', '64', '2017-08-19', '1', '0', '1', '1', '203670', '0', 'SI064/2017', '0'),
('156', '13', '65', '2017-08-19', '1', '0', '1', '1', '228660', '0', 'auto', NULL),
('157', '10', '65', '2017-08-19', '1', '0', '1', '1', '228660', '0', 'SI065/2017', '0'),
('158', '13', '66', '2017-08-19', '1', '0', '1', '1', '1013100', '0', 'auto', NULL),
('159', '10', '66', '2017-08-19', '1', '0', '1', '1', '1013100', '0', 'SI066/2017', '0'),
('160', '13', '67', '2017-08-19', '1', '0', '1', '1', '0', '0', 'auto', NULL),
('161', '10', '67', '2017-08-19', '1', '0', '1', '1', '0', '0', 'SI067/2017', '0'),
('162', '13', '68', '2017-08-19', '1', '0', '1', '1', '135780', '0', 'auto', NULL),
('163', '10', '68', '2017-08-19', '1', '0', '1', '1', '135780', '0', 'SI067/2017', '0'),
('164', '13', '69', '2017-08-19', '1', '0', '1', '1', '334450', '0', 'auto', NULL),
('165', '10', '69', '2017-08-19', '1', '0', '1', '1', '334450', '0', 'SI068/2017', '0'),
('166', '13', '70', '2017-08-19', '1', '0', '1', '1', '135280', '0', 'auto', NULL),
('167', '10', '70', '2017-08-19', '1', '0', '1', '1', '135280', '0', 'SI069/2017', '0'),
('168', '13', '71', '2017-08-19', '1', '0', '1', '1', '66890', '0', 'auto', NULL),
('169', '10', '71', '2017-08-19', '1', '0', '1', '1', '66890', '0', 'SI070/2017', '0'),
('170', '20', '26', '2017-08-19', '0', '0', '1', '0', '0', '0', '26', '1'),
('171', '20', '27', '2017-08-19', '0', '0', '1', '0', '0', '0', '26', '1');

### Structure of table `0_user_locations` ###

DROP TABLE IF EXISTS `0_user_locations`;

CREATE TABLE `0_user_locations` (
  `id` smallint(6) NOT NULL AUTO_INCREMENT,
  `loc_code` varchar(60) COLLATE utf8_unicode_ci NOT NULL DEFAULT '',
  `user_id` int(11) NOT NULL DEFAULT '1',
  `inactive` tinyint(1) NOT NULL DEFAULT '0',
  PRIMARY KEY (`id`)
) ENGINE=MyISAM AUTO_INCREMENT=45 DEFAULT CHARSET=utf8 COLLATE=utf8_unicode_ci ;

### Data of table `0_user_locations` ###

INSERT INTO `0_user_locations` VALUES
('1', 'DEF', '1', '0'),
('2', 'DEF', '2', '0'),
('3', 'DEF', '3', '0'),
('7', 'SMKT', '7', '0'),
('5', 'DEF', '6', '0'),
('13', '20001', '7', '0'),
('8', 'L001', '8', '0'),
('9', '20001', '10', '0'),
('10', '20002', '10', '0'),
('11', '20001', '9', '0'),
('12', '20002', '9', '0'),
('14', '20002', '7', '0'),
('15', '20001', '11', '0'),
('16', '20002', '11', '0'),
('17', '20013', '11', '0'),
('29', '20013', '12', '0'),
('19', '20014', '11', '0'),
('20', '20008', '11', '0'),
('21', '20003', '11', '0'),
('22', '20011', '11', '0'),
('23', '20005', '11', '0'),
('24', '20009', '11', '0'),
('25', '20004', '11', '0'),
('26', '20006', '11', '0'),
('27', '20012', '11', '0'),
('28', '20007', '11', '0'),
('30', '20014', '12', '0'),
('31', '20015', '11', '0'),
('32', '20013', '9', '0'),
('33', '20014', '9', '0'),
('34', '20012', '9', '0'),
('35', '20006', '9', '0'),
('36', '20004', '9', '0'),
('37', '20008', '9', '0'),
('38', '20003', '9', '0'),
('39', '20007', '9', '0'),
('40', '20011', '9', '0'),
('41', '20009', '9', '0'),
('42', '20005', '9', '0'),
('43', '20015', '9', '0'),
('44', 'DEF', '9', '0');

### Structure of table `0_useronline` ###

DROP TABLE IF EXISTS `0_useronline`;

CREATE TABLE `0_useronline` (
  `id` int(11) NOT NULL AUTO_INCREMENT,
  `timestamp` int(15) NOT NULL DEFAULT '0',
  `ip` varchar(40) COLLATE utf8_unicode_ci NOT NULL DEFAULT '',
  `file` varchar(100) COLLATE utf8_unicode_ci NOT NULL DEFAULT '',
  PRIMARY KEY (`id`),
  KEY `timestamp` (`timestamp`),
  KEY `ip` (`ip`)
) ENGINE=InnoDB DEFAULT CHARSET=utf8 COLLATE=utf8_unicode_ci ;

### Data of table `0_useronline` ###


### Structure of table `0_users` ###

DROP TABLE IF EXISTS `0_users`;

CREATE TABLE `0_users` (
  `id` smallint(6) NOT NULL AUTO_INCREMENT,
  `user_id` varchar(60) COLLATE utf8_unicode_ci NOT NULL DEFAULT '',
  `password` varchar(100) COLLATE utf8_unicode_ci NOT NULL DEFAULT '',
  `real_name` varchar(100) COLLATE utf8_unicode_ci NOT NULL DEFAULT '',
  `role_id` int(11) NOT NULL DEFAULT '1',
  `phone` varchar(30) COLLATE utf8_unicode_ci NOT NULL DEFAULT '',
  `email` varchar(100) COLLATE utf8_unicode_ci DEFAULT NULL,
  `language` varchar(20) COLLATE utf8_unicode_ci DEFAULT NULL,
  `date_format` tinyint(1) NOT NULL DEFAULT '0',
  `date_sep` tinyint(1) NOT NULL DEFAULT '0',
  `tho_sep` tinyint(1) NOT NULL DEFAULT '0',
  `dec_sep` tinyint(1) NOT NULL DEFAULT '0',
  `theme` varchar(20) COLLATE utf8_unicode_ci NOT NULL DEFAULT 'default',
  `page_size` varchar(20) COLLATE utf8_unicode_ci NOT NULL DEFAULT 'A4',
  `prices_dec` smallint(6) NOT NULL DEFAULT '2',
  `qty_dec` smallint(6) NOT NULL DEFAULT '2',
  `rates_dec` smallint(6) NOT NULL DEFAULT '4',
  `percent_dec` smallint(6) NOT NULL DEFAULT '1',
  `show_gl` tinyint(1) NOT NULL DEFAULT '1',
  `show_codes` tinyint(1) NOT NULL DEFAULT '0',
  `show_hints` tinyint(1) NOT NULL DEFAULT '0',
  `last_visit_date` datetime DEFAULT NULL,
  `query_size` tinyint(1) unsigned NOT NULL DEFAULT '10',
  `graphic_links` tinyint(1) DEFAULT '1',
  `pos` smallint(6) DEFAULT '1',
  `print_profile` varchar(30) COLLATE utf8_unicode_ci NOT NULL DEFAULT '',
  `rep_popup` tinyint(1) DEFAULT '1',
  `sticky_doc_date` tinyint(1) DEFAULT '0',
  `startup_tab` varchar(20) COLLATE utf8_unicode_ci NOT NULL DEFAULT '',
  `transaction_days` smallint(6) NOT NULL DEFAULT '30',
  `save_report_selections` smallint(6) NOT NULL DEFAULT '0',
  `use_date_picker` tinyint(1) NOT NULL DEFAULT '1',
  `def_print_destination` tinyint(1) NOT NULL DEFAULT '0',
  `def_print_orientation` tinyint(1) NOT NULL DEFAULT '0',
  `inactive` tinyint(1) NOT NULL DEFAULT '0',
  PRIMARY KEY (`id`),
  UNIQUE KEY `user_id` (`user_id`)
) ENGINE=InnoDB AUTO_INCREMENT=14 DEFAULT CHARSET=utf8 COLLATE=utf8_unicode_ci ;

### Data of table `0_users` ###

INSERT INTO `0_users` VALUES
('7', 'omer', 'f43c589c0c09bf226170f4fb3460d439', 'Omer', '2', '', NULL, 'C', '1', '2', '0', '0', 'premium', 'A4', '2', '2', '4', '1', '1', '0', '0', '2017-08-18 00:39:51', '10', '1', '1', '', '1', '0', 'dashboard', '30', '0', '1', '0', '0', '0'),
('9', 'ikram', '4570c7beda351f861a359b8775f7d8c9', 'ikram', '2', '03077700878', NULL, 'C', '1', '2', '0', '0', 'premium', 'A4', '4', '2', '4', '1', '1', '0', '0', '2017-08-21 05:50:46', '10', '1', '1', '', '1', '0', 'dashboard', '30', '0', '1', '0', '0', '0'),
('10', 'abdulgafoor', '96fb96b2afe551952078ba17346b4169', 'abdul gafoor', '2', '03457074312', NULL, 'C', '1', '2', '0', '0', 'premium', 'A4', '2', '2', '4', '1', '1', '0', '0', '2017-08-08 05:18:12', '10', '1', '1', '', '1', '0', 'dashboard', '30', '0', '1', '0', '0', '0'),
('11', 'aqib', '4e075844d2e00e4c800c8c62716bed8c', 'Aqib Iqbal', '2', '03086900015', 'aqib.iqbal7000@gmail.com', 'C', '1', '2', '0', '0', 'premium', 'A4', '4', '2', '4', '1', '1', '0', '0', '2017-08-21 09:02:39', '10', '1', '1', '', '1', '0', 'dashboard', '30', '0', '1', '0', '0', '0'),
('12', 'admin', 'e6a932cc8ec3516c62a37100f2ca9beb', 'Omer', '2', '', NULL, 'C', '1', '2', '0', '0', 'premium', 'A4', '2', '2', '4', '1', '1', '0', '0', '2017-08-21 23:17:08', '10', '1', '1', '', '1', '0', 'dashboard', '30', '0', '1', '0', '0', '0'),
('13', 'talal', '81dc9bdb52d04dc20036dbd8313ed055', 'talal ali', '1', '', NULL, 'C', '1', '2', '0', '0', 'premium', 'A4', '2', '2', '4', '1', '1', '0', '0', NULL, '10', '1', '1', '', '1', '0', 'dashboard', '30', '0', '1', '0', '0', '0');

### Structure of table `0_voided` ###

DROP TABLE IF EXISTS `0_voided`;

CREATE TABLE `0_voided` (
  `type` int(11) NOT NULL DEFAULT '0',
  `id` int(11) NOT NULL DEFAULT '0',
  `date_` date NOT NULL DEFAULT '0000-00-00',
  `memo_` tinytext COLLATE utf8_unicode_ci NOT NULL,
  UNIQUE KEY `id` (`type`,`id`)
) ENGINE=InnoDB DEFAULT CHARSET=utf8 COLLATE=utf8_unicode_ci ;

### Data of table `0_voided` ###

INSERT INTO `0_voided` VALUES
('10', '1', '2017-08-18', ''),
('10', '67', '2017-08-21', ''),
('13', '1', '2017-08-18', ''),
('13', '67', '2017-08-21', ''),
('20', '9', '2017-08-18', 'Document reentered.'),
('20', '22', '2017-08-21', 'Document reentered.'),
('20', '23', '2017-08-21', 'Document reentered.'),
('20', '24', '2017-08-21', 'Document reentered.'),
('20', '25', '2017-08-21', 'Document reentered.'),
('20', '26', '2017-08-21', 'Document reentered.'),
('20', '27', '2017-08-21', ''),
('41', '4', '2017-08-18', 'Document reentered.'),
('41', '8', '2017-08-18', ''),
('41', '17', '2017-08-18', ''),
('41', '29', '2017-08-21', '');

### Structure of table `0_widgets` ###

DROP TABLE IF EXISTS `0_widgets`;

CREATE TABLE `0_widgets` (
  `id` int(11) NOT NULL AUTO_INCREMENT,
  `user_id` smallint(6) NOT NULL,
  `column_id` int(11) NOT NULL,
  `sort_no` int(11) NOT NULL,
  `collapsed` tinyint(4) NOT NULL,
  `url` varchar(100) COLLATE utf8_bin NOT NULL,
  `title` varchar(100) COLLATE utf8_bin NOT NULL,
  `source` varchar(50) COLLATE utf8_bin NOT NULL,
  `width` varchar(50) COLLATE utf8_bin NOT NULL,
  `height` varchar(50) COLLATE utf8_bin NOT NULL,
  `is_system` tinyint(1) NOT NULL DEFAULT '0',
  `created_by` varchar(150) COLLATE utf8_bin NOT NULL,
  `dt_created` datetime NOT NULL,
  `updated_by` varchar(150) COLLATE utf8_bin DEFAULT NULL,
  `dt_updated` datetime DEFAULT NULL,
  PRIMARY KEY (`id`)
) ENGINE=InnoDB AUTO_INCREMENT=26 DEFAULT CHARSET=utf8 COLLATE=utf8_bin ;

### Data of table `0_widgets` ###

INSERT INTO `0_widgets` VALUES
('8', '3', '1', '0', '0', 'gl-in-fiscal-year.php', 'Profit and Loss', 'glfiscalyear', '100%', '370px', '1', '3', '2012-10-12 11:07:37', NULL, NULL),
('9', '3', '2', '0', '0', 'top-10-customer-in-fiscal-year.php', 'Top 10 customers in fiscal year', 'top10customerinfiscalyear', '100%', '630px', '1', '3', '2012-10-12 11:07:44', NULL, NULL),
('10', '2', '1', '0', '0', 'gl-in-fiscal-year.php', 'Profit and Loss', 'glfiscalyear', '100%', '370px', '1', '2', '2012-10-12 11:10:47', NULL, NULL),
('11', '2', '1', '1', '0', 'top-10-customer-in-fiscal-year.php', 'Top 10 customers in fiscal year', 'top10customerinfiscalyear', '100%', '630px', '1', '2', '2012-10-12 11:10:54', NULL, NULL),
('12', '2', '1', '2', '0', 'top-10-overdue-purchase-invoices.php', 'Top 10 Overdue Purchase Invoices', 'top10overduepurchaseinvoice', '100%', '300px', '1', '2', '2012-10-12 11:11:00', NULL, NULL),
('13', '2', '1', '3', '0', 'top-10-overdue-sales-invoices.php', 'Top 10 Overdue Sales Invoices', 'top10overduesalesinvoice', '100%', '300px', '1', '2', '2012-10-12 11:11:12', NULL, NULL),
('14', '2', '2', '1', '0', 'top-10-recent-sales-invoices.php', 'Top 10 Recent Sales Invoices', 'top10recentsalesinvoice', '100%', '300px', '1', '2', '2012-10-12 11:11:17', NULL, NULL),
('15', '2', '2', '3', '0', 'top-10-recent-sales-order.php', 'Top 10 Recent Sales Order', 'top10recentsalesorder', '100%', '300px', '1', '2', '2012-10-12 11:11:31', NULL, NULL),
('17', '2', '2', '0', '0', 'top-10-stock-in-fiscal-year.php', 'Top 10 Sold Items in fiscal year', 'top10iteminfiscalyear', '100%', '630px', '1', '2', '2012-10-12 11:11:37', NULL, NULL),
('18', '2', '2', '2', '0', 'top-10-supplier-in-fiscal-year.php', 'Top 10 suppliers in fiscal year', 'top10supplierinfiscalyear', '100%', '630px', '1', '2', '2012-10-12 11:11:45', NULL, NULL),
('19', '3', '1', '1', '0', 'top-10-overdue-purchase-invoices.php', 'Top 10 Overdue Purchase Invoices', 'top10overduepurchaseinvoice', '100%', '300px', '1', '3', '2012-10-12 11:15:30', NULL, NULL),
('21', '3', '2', '1', '0', 'top-10-overdue-sales-invoices.php', 'Top 10 Overdue Sales Invoices', 'top10overduesalesinvoice', '100%', '300px', '1', '3', '2012-10-12 11:15:48', NULL, NULL),
('22', '3', '1', '2', '0', 'top-10-recent-sales-invoices.php', 'Top 10 Recent Sales Invoices', 'top10recentsalesinvoice', '100%', '300px', '1', '3', '2012-10-12 11:15:56', NULL, NULL),
('23', '3', '1', '3', '0', 'top-10-recent-sales-order.php', 'Top 10 Recent Sales Order', 'top10recentsalesorder', '100%', '300px', '1', '3', '2012-10-12 11:16:03', NULL, NULL),
('24', '3', '2', '3', '0', 'top-10-stock-in-fiscal-year.php', 'Top 10 Sold Items in fiscal year', 'top10iteminfiscalyear', '100%', '630px', '1', '3', '2012-10-12 11:16:08', NULL, NULL),
('25', '3', '2', '2', '0', 'top-10-supplier-in-fiscal-year.php', 'Top 10 suppliers in fiscal year', 'top10supplierinfiscalyear', '100%', '630px', '1', '3', '2012-10-12 11:16:17', NULL, NULL);

### Structure of table `0_widgets_template` ###

DROP TABLE IF EXISTS `0_widgets_template`;

CREATE TABLE `0_widgets_template` (
  `id` int(11) NOT NULL AUTO_INCREMENT,
  `column_id` int(11) NOT NULL,
  `sort_no` int(11) NOT NULL,
  `collapsed` tinyint(4) NOT NULL,
  `url` varchar(100) NOT NULL,
  `title` varchar(100) NOT NULL,
  `source` varchar(50) NOT NULL,
  `width` varchar(50) NOT NULL,
  `height` varchar(50) NOT NULL,
  `is_system` tinyint(1) NOT NULL DEFAULT '0',
  `created_by` varchar(150) NOT NULL,
  `dt_created` datetime NOT NULL,
  `updated_by` varchar(150) DEFAULT NULL,
  `dt_updated` datetime DEFAULT NULL,
  PRIMARY KEY (`id`)
) ENGINE=InnoDB AUTO_INCREMENT=10 DEFAULT CHARSET=utf8 ;

### Data of table `0_widgets_template` ###

INSERT INTO `0_widgets_template` VALUES
('1', '2', '0', '0', 'top-10-customer-in-fiscal-year.php', 'Top 10 customers in fiscal year', 'top10customerinfiscalyear', '100%', '630px', '1', 'system', '2012-10-12 11:06:46', 'system', '2012-10-12 11:06:46'),
('2', '2', '0', '0', 'top-10-supplier-in-fiscal-year.php', 'Top 10 suppliers in fiscal year', 'top10supplierinfiscalyear', '100%', '630px', '1', 'system', '2012-10-12 11:06:46', 'system', '2012-10-12 11:06:46'),
('3', '2', '0', '0', 'top-10-stock-in-fiscal-year.php', 'Top 10 Sold Items in fiscal year', 'top10iteminfiscalyear', '100%', '630px', '1', 'system', '2012-10-12 11:06:46', 'system', '2012-10-12 11:06:46'),
('4', '2', '0', '0', 'top-10-dimension-in-fiscal-year.php', 'Top 10 Dimensions in fiscal year', 'top10dimensionfiscalyear', '100%', '370px', '1', 'system', '2012-10-12 11:06:46', 'system', '2012-10-12 11:06:46'),
('5', '2', '0', '0', 'top-10-overdue-sales-invoices.php', 'Top 10 Overdue Sales Invoices', 'top10overduesalesinvoice', '100%', '300px', '1', 'system', '2012-10-12 11:06:46', 'system', '2012-10-12 11:06:46'),
('6', '2', '0', '0', 'top-10-overdue-purchase-invoices.php', 'Top 10 Overdue Purchase Invoices', 'top10overduepurchaseinvoice', '100%', '300px', '1', 'system', '2012-10-12 11:06:46', 'system', '2012-10-12 11:06:46'),
('7', '2', '0', '0', 'gl-in-fiscal-year.php', 'Profit and Loss', 'glfiscalyear', '100%', '370px', '1', 'system', '2012-10-12 11:06:46', 'system', '2012-10-12 11:06:46'),
('8', '2', '0', '0', 'top-10-recent-sales-order.php', 'Top 10 Recent Sales Order', 'top10recentsalesorder', '100%', '300px', '1', 'system', '2012-10-12 11:06:46', 'system', '2012-10-12 11:06:46'),
('9', '2', '0', '0', 'top-10-recent-sales-invoices.php', 'Top 10 Recent Sales Invoices', 'top10recentsalesinvoice', '100%', '300px', '1', 'system', '2012-10-12 11:06:46', 'system', '2012-10-12 11:06:46');

### Structure of table `0_wo_costing` ###

DROP TABLE IF EXISTS `0_wo_costing`;

CREATE TABLE `0_wo_costing` (
  `id` int(11) NOT NULL AUTO_INCREMENT,
  `workorder_id` int(11) NOT NULL DEFAULT '0',
  `cost_type` tinyint(1) NOT NULL DEFAULT '0',
  `trans_type` int(11) NOT NULL DEFAULT '0',
  `trans_no` int(11) NOT NULL DEFAULT '0',
  `factor` double NOT NULL DEFAULT '1',
  PRIMARY KEY (`id`)
) ENGINE=InnoDB DEFAULT CHARSET=utf8 COLLATE=utf8_unicode_ci ;

### Data of table `0_wo_costing` ###


### Structure of table `0_wo_issue_items` ###

DROP TABLE IF EXISTS `0_wo_issue_items`;

CREATE TABLE `0_wo_issue_items` (
  `id` int(11) NOT NULL AUTO_INCREMENT,
  `stock_id` varchar(40) COLLATE utf8_unicode_ci DEFAULT NULL,
  `issue_id` int(11) DEFAULT NULL,
  `qty_issued` double DEFAULT NULL,
  `unit_cost` double NOT NULL DEFAULT '0',
  PRIMARY KEY (`id`)
) ENGINE=InnoDB DEFAULT CHARSET=utf8 COLLATE=utf8_unicode_ci ;

### Data of table `0_wo_issue_items` ###


### Structure of table `0_wo_issues` ###

DROP TABLE IF EXISTS `0_wo_issues`;

CREATE TABLE `0_wo_issues` (
  `issue_no` int(11) NOT NULL AUTO_INCREMENT,
  `workorder_id` int(11) NOT NULL DEFAULT '0',
  `reference` varchar(100) COLLATE utf8_unicode_ci DEFAULT NULL,
  `issue_date` date DEFAULT NULL,
  `loc_code` varchar(5) COLLATE utf8_unicode_ci DEFAULT NULL,
  `workcentre_id` int(11) DEFAULT NULL,
  PRIMARY KEY (`issue_no`),
  KEY `workorder_id` (`workorder_id`)
) ENGINE=InnoDB DEFAULT CHARSET=utf8 COLLATE=utf8_unicode_ci ;

### Data of table `0_wo_issues` ###


### Structure of table `0_wo_manufacture` ###

DROP TABLE IF EXISTS `0_wo_manufacture`;

CREATE TABLE `0_wo_manufacture` (
  `id` int(11) NOT NULL AUTO_INCREMENT,
  `reference` varchar(100) COLLATE utf8_unicode_ci DEFAULT NULL,
  `workorder_id` int(11) NOT NULL DEFAULT '0',
  `quantity` double NOT NULL DEFAULT '0',
  `date_` date NOT NULL DEFAULT '0000-00-00',
  PRIMARY KEY (`id`),
  KEY `workorder_id` (`workorder_id`)
) ENGINE=InnoDB DEFAULT CHARSET=utf8 COLLATE=utf8_unicode_ci ;

### Data of table `0_wo_manufacture` ###


### Structure of table `0_wo_requirements` ###

DROP TABLE IF EXISTS `0_wo_requirements`;

CREATE TABLE `0_wo_requirements` (
  `id` int(11) NOT NULL AUTO_INCREMENT,
  `workorder_id` int(11) NOT NULL DEFAULT '0',
  `stock_id` char(20) COLLATE utf8_unicode_ci NOT NULL DEFAULT '',
  `workcentre` int(11) NOT NULL DEFAULT '0',
  `units_req` double NOT NULL DEFAULT '1',
  `unit_cost` double NOT NULL DEFAULT '0',
  `loc_code` char(5) COLLATE utf8_unicode_ci NOT NULL DEFAULT '',
  `units_issued` double NOT NULL DEFAULT '0',
  PRIMARY KEY (`id`),
  KEY `workorder_id` (`workorder_id`)
) ENGINE=InnoDB DEFAULT CHARSET=utf8 COLLATE=utf8_unicode_ci ;

### Data of table `0_wo_requirements` ###


### Structure of table `0_workcentres` ###

DROP TABLE IF EXISTS `0_workcentres`;

CREATE TABLE `0_workcentres` (
  `id` int(11) NOT NULL AUTO_INCREMENT,
  `name` char(40) COLLATE utf8_unicode_ci NOT NULL DEFAULT '',
  `description` char(50) COLLATE utf8_unicode_ci NOT NULL DEFAULT '',
  `inactive` tinyint(1) NOT NULL DEFAULT '0',
  PRIMARY KEY (`id`),
  UNIQUE KEY `name` (`name`)
) ENGINE=InnoDB AUTO_INCREMENT=2 DEFAULT CHARSET=utf8 COLLATE=utf8_unicode_ci ;

### Data of table `0_workcentres` ###

INSERT INTO `0_workcentres` VALUES
('1', 'Work Centre', '', '0');

### Structure of table `0_workorders` ###

DROP TABLE IF EXISTS `0_workorders`;

CREATE TABLE `0_workorders` (
  `id` int(11) NOT NULL AUTO_INCREMENT,
  `wo_ref` varchar(60) COLLATE utf8_unicode_ci NOT NULL DEFAULT '',
  `loc_code` varchar(5) COLLATE utf8_unicode_ci NOT NULL DEFAULT '',
  `units_reqd` double NOT NULL DEFAULT '1',
  `stock_id` varchar(20) COLLATE utf8_unicode_ci NOT NULL DEFAULT '',
  `date_` date NOT NULL DEFAULT '0000-00-00',
  `type` tinyint(4) NOT NULL DEFAULT '0',
  `required_by` date NOT NULL DEFAULT '0000-00-00',
  `released_date` date NOT NULL DEFAULT '0000-00-00',
  `units_issued` double NOT NULL DEFAULT '0',
  `closed` tinyint(1) NOT NULL DEFAULT '0',
  `released` tinyint(1) NOT NULL DEFAULT '0',
  `additional_costs` double NOT NULL DEFAULT '0',
  PRIMARY KEY (`id`),
  UNIQUE KEY `wo_ref` (`wo_ref`)
) ENGINE=InnoDB DEFAULT CHARSET=utf8 COLLATE=utf8_unicode_ci ;

### Data of table `0_workorders` ###


### Structure of table `0_wth_tax_types` ###

DROP TABLE IF EXISTS `0_wth_tax_types`;

CREATE TABLE `0_wth_tax_types` (
  `id` smallint(6) unsigned NOT NULL AUTO_INCREMENT,
  `description` varchar(60) COLLATE utf8_unicode_ci NOT NULL DEFAULT '',
  `tax_percent` double NOT NULL DEFAULT '0',
  `code` varchar(15) COLLATE utf8_unicode_ci NOT NULL,
  `co_account` varchar(15) COLLATE utf8_unicode_ci NOT NULL,
  `level_id` int(11) NOT NULL DEFAULT '0',
  `wth_tax_category` int(11) NOT NULL,
  PRIMARY KEY (`id`),
  UNIQUE KEY `description` (`description`,`level_id`)
) ENGINE=MyISAM AUTO_INCREMENT=18 DEFAULT CHARSET=utf8 COLLATE=utf8_unicode_ci ;

### Data of table `0_wth_tax_types` ###

INSERT INTO `0_wth_tax_types` VALUES
('1', 'WHT Service', '0', 'wht_service', '1208', '0', '0'),
('2', 'WHT Supply of goods', '0', 'wht_supply', '1210', '0', '0'),
('3', 'WHT SRB Sales Tax', '0', 'wht_srb', '1209', '0', '0'),
('4', 'WHT Sales Tax FBR', '0', 'wht_fbr', '1207', '0', '0'),
('6', 'Filer Company', '4', '', '1210', '2', '3'),
('7', 'Nonfiler Company', '6', '', '1210', '2', '1'),
('8', 'Filer Other', '4.5', '', '1210', '2', '1'),
('9', 'Nonfile Other', '6.5', '', '1210', '2', '1'),
('10', 'Filer Company', '8', '', '1208', '1', '2'),
('11', 'Nonfiler Company', '12', '', '1208', '1', '2'),
('12', 'Filer Other', '10', '', '1208', '1', '2'),
('13', 'Nonfiler Other', '15', '', '1208', '1', '2'),
('14', 'SRB 1', '14', '', '1209', '3', '4'),
('15', 'SRB 2', '20', '', '1209', '3', '4'),
('16', 'FBR 1', '1', '', '1206', '4', '3'),
('17', 'FBR 2', '20', '', '1206', '4', '3');