# MySQL dump of database 'cloudso1_demo' on host 'localhost'
# Backup Date and Time: 2017-10-10 17:36
# Built by Hisaab.pk 2.4.2
# http://www.hisaab.pk
# Company: DEMO
# User: Admin

# Compatibility: 2.4.1


SET NAMES latin1;


### Structure of table `0_amortisation` ###

DROP TABLE IF EXISTS `0_amortisation`;

CREATE TABLE `0_amortisation` (
  `amortisation_id` bigint(20) unsigned NOT NULL AUTO_INCREMENT,
  `asset_id` int(11) DEFAULT NULL,
  `amortisation_year` int(11) DEFAULT NULL,
  `asset_value` double DEFAULT NULL,
  `amount` double DEFAULT NULL,
  `posted` int(11) NOT NULL DEFAULT '0',
  `inactive` tinyint(4) NOT NULL DEFAULT '0',
  `details` text,
  PRIMARY KEY (`amortisation_id`),
  UNIQUE KEY `amortisation_id` (`amortisation_id`),
  KEY `0_amortisation_asset_id` (`asset_id`)
) ENGINE=InnoDB DEFAULT CHARSET=latin1 ;

### Data of table `0_amortisation` ###


### Structure of table `0_areas` ###

DROP TABLE IF EXISTS `0_areas`;

CREATE TABLE `0_areas` (
  `area_code` int(11) NOT NULL AUTO_INCREMENT,
  `description` varchar(60) COLLATE utf8_unicode_ci NOT NULL DEFAULT '',
  `inactive` tinyint(1) NOT NULL DEFAULT '0',
  PRIMARY KEY (`area_code`),
  UNIQUE KEY `description` (`description`)
) ENGINE=InnoDB AUTO_INCREMENT=2 DEFAULT CHARSET=utf8 COLLATE=utf8_unicode_ci ;

### Data of table `0_areas` ###

INSERT INTO `0_areas` VALUES
('1', 'Global', '0');

### Structure of table `0_asset_types` ###

DROP TABLE IF EXISTS `0_asset_types`;

CREATE TABLE `0_asset_types` (
  `asset_type_id` bigint(20) unsigned NOT NULL AUTO_INCREMENT,
  `asset_type_name` varchar(50) NOT NULL,
  `depreciation_type` int(11) NOT NULL DEFAULT '1',
  `depreciation_rate` double NOT NULL DEFAULT '10',
  `asset_account` varchar(15) DEFAULT NULL,
  `depreciation_account` varchar(15) DEFAULT NULL,
  `accumulated_account` varchar(15) DEFAULT NULL,
  `valuation_account` varchar(15) DEFAULT NULL,
  `disposal_account` varchar(15) DEFAULT NULL,
  `inactive` tinyint(4) NOT NULL DEFAULT '0',
  `details` text,
  PRIMARY KEY (`asset_type_id`),
  UNIQUE KEY `asset_type_id` (`asset_type_id`)
) ENGINE=InnoDB DEFAULT CHARSET=latin1 ;

### Data of table `0_asset_types` ###


### Structure of table `0_asset_valuations` ###

DROP TABLE IF EXISTS `0_asset_valuations`;

CREATE TABLE `0_asset_valuations` (
  `asset_valuation_id` bigint(20) unsigned NOT NULL AUTO_INCREMENT,
  `asset_id` int(11) DEFAULT NULL,
  `valuation_year` int(11) DEFAULT NULL,
  `asset_value` double NOT NULL DEFAULT '0',
  `value_change` double NOT NULL DEFAULT '0',
  `posted` int(11) NOT NULL DEFAULT '0',
  `inactive` tinyint(4) NOT NULL DEFAULT '0',
  `details` text,
  PRIMARY KEY (`asset_valuation_id`),
  UNIQUE KEY `asset_valuation_id` (`asset_valuation_id`),
  UNIQUE KEY `asset_id` (`asset_id`,`valuation_year`),
  KEY `0_asset_valuations_asset_id` (`asset_id`)
) ENGINE=InnoDB DEFAULT CHARSET=latin1 ;

### Data of table `0_asset_valuations` ###


### Structure of table `0_assets` ###

DROP TABLE IF EXISTS `0_assets`;

CREATE TABLE `0_assets` (
  `asset_id` bigint(20) unsigned NOT NULL AUTO_INCREMENT,
  `asset_type_id` int(11) DEFAULT NULL,
  `item_id` int(11) DEFAULT NULL,
  `asset_name` varchar(50) DEFAULT NULL,
  `asset_serial` varchar(50) DEFAULT NULL,
  `purchase_date` date NOT NULL,
  `purchase_value` double NOT NULL,
  `disposal_amount` double DEFAULT NULL,
  `disposal_date` date DEFAULT NULL,
  `disposal_posting` int(11) DEFAULT '0',
  `tag_number` varchar(50) DEFAULT NULL,
  `asset_location` varchar(50) DEFAULT NULL,
  `asset_condition` varchar(50) DEFAULT NULL,
  `asset_acquisition` varchar(50) DEFAULT NULL,
  `inactive` tinyint(4) NOT NULL DEFAULT '0',
  `details` text,
  PRIMARY KEY (`asset_id`),
  UNIQUE KEY `asset_id` (`asset_id`),
  KEY `0_assets_asset_type_id` (`asset_type_id`),
  KEY `0_assets_item_id` (`item_id`)
) ENGINE=InnoDB DEFAULT CHARSET=latin1 ;

### Data of table `0_assets` ###


### Structure of table `0_attachments` ###

DROP TABLE IF EXISTS `0_attachments`;

CREATE TABLE `0_attachments` (
  `id` int(11) unsigned NOT NULL AUTO_INCREMENT,
  `description` varchar(60) COLLATE utf8_unicode_ci NOT NULL DEFAULT '',
  `type_no` int(11) NOT NULL DEFAULT '0',
  `trans_no` int(11) NOT NULL DEFAULT '0',
  `unique_name` varchar(60) COLLATE utf8_unicode_ci NOT NULL DEFAULT '',
  `tran_date` date NOT NULL DEFAULT '0000-00-00',
  `filename` varchar(60) COLLATE utf8_unicode_ci NOT NULL DEFAULT '',
  `filesize` int(11) NOT NULL DEFAULT '0',
  `filetype` varchar(60) COLLATE utf8_unicode_ci NOT NULL DEFAULT '',
  PRIMARY KEY (`id`),
  KEY `type_no` (`type_no`,`trans_no`)
) ENGINE=InnoDB DEFAULT CHARSET=utf8 COLLATE=utf8_unicode_ci ;

### Data of table `0_attachments` ###


### Structure of table `0_audit_trail` ###

DROP TABLE IF EXISTS `0_audit_trail`;

CREATE TABLE `0_audit_trail` (
  `id` int(11) NOT NULL AUTO_INCREMENT,
  `type` smallint(6) unsigned NOT NULL DEFAULT '0',
  `trans_no` int(11) unsigned NOT NULL DEFAULT '0',
  `user` smallint(6) unsigned NOT NULL DEFAULT '0',
  `stamp` timestamp NOT NULL DEFAULT CURRENT_TIMESTAMP ON UPDATE CURRENT_TIMESTAMP,
  `description` varchar(60) COLLATE utf8_unicode_ci DEFAULT NULL,
  `fiscal_year` int(11) NOT NULL DEFAULT '0',
  `gl_date` date NOT NULL DEFAULT '0000-00-00',
  `gl_seq` int(11) unsigned DEFAULT NULL,
  `opening` tinyint(4) DEFAULT NULL,
  PRIMARY KEY (`id`),
  KEY `Seq` (`fiscal_year`,`gl_date`,`gl_seq`),
  KEY `Type_and_Number` (`type`,`trans_no`)
) ENGINE=InnoDB AUTO_INCREMENT=656 DEFAULT CHARSET=utf8 COLLATE=utf8_unicode_ci ;

### Data of table `0_audit_trail` ###

INSERT INTO `0_audit_trail` VALUES
('1', '18', '1', '12', '2017-09-13 02:42:27', NULL, '3', '2017-09-13', '0', NULL),
('2', '25', '1', '12', '2017-09-13 02:42:53', NULL, '3', '2017-09-13', '0', NULL),
('3', '18', '2', '12', '2017-09-13 02:44:01', NULL, '3', '2017-09-13', '0', NULL),
('4', '25', '2', '12', '2017-09-13 02:48:13', NULL, '3', '2017-09-13', NULL, NULL),
('5', '20', '1', '12', '2017-09-13 02:47:41', NULL, '3', '2017-09-13', NULL, NULL),
('6', '20', '1', '12', '2017-09-13 02:47:41', 'Voided.\n', '3', '2017-09-13', '0', NULL),
('7', '25', '2', '12', '2017-09-13 02:48:13', 'Voided.\n', '3', '2017-09-13', '0', NULL),
('8', '35', '1', '12', '2017-09-13 03:29:53', NULL, '3', '2017-09-13', '0', NULL),
('9', '43', '1', '12', '2017-09-13 03:29:58', NULL, '3', '2017-09-13', '0', NULL),
('10', '32', '1', '12', '2017-09-13 04:12:56', NULL, '3', '2017-09-13', '0', NULL),
('11', '30', '1', '12', '2017-09-13 04:13:34', NULL, '3', '2017-09-13', '0', NULL),
('12', '13', '1', '12', '2017-09-13 04:13:52', NULL, '3', '2017-09-13', '0', NULL),
('13', '10', '1', '12', '2017-09-13 04:14:05', NULL, '3', '2017-09-13', '0', NULL),
('14', '12', '1', '12', '2017-09-13 04:14:39', NULL, '3', '2017-09-13', '0', NULL),
('15', '18', '3', '12', '2017-09-13 04:14:59', NULL, '3', '2017-09-13', '0', NULL),
('16', '25', '3', '12', '2017-09-13 04:17:43', NULL, '3', '2017-09-13', NULL, NULL),
('17', '20', '2', '12', '2017-09-13 04:17:28', NULL, '3', '2017-09-13', NULL, NULL),
('18', '22', '1', '12', '2017-09-13 04:16:03', NULL, '3', '2017-09-13', '0', NULL),
('19', '20', '2', '12', '2017-09-13 04:17:28', 'Voided.\n', '3', '2017-09-13', '0', NULL),
('20', '25', '3', '12', '2017-09-13 04:17:43', 'Voided.\n', '3', '2017-09-13', '0', NULL),
('21', '30', '2', '12', '2017-09-13 05:15:49', NULL, '3', '2017-09-13', NULL, NULL),
('22', '30', '2', '12', '2017-09-13 05:15:49', 'Updated.', '3', '2017-09-13', '0', NULL),
('23', '17', '1', '12', '2017-09-13 05:20:37', NULL, '3', '2017-09-13', '0', NULL),
('24', '13', '2', '12', '2017-09-13 05:26:02', NULL, '3', '2017-09-13', '0', NULL),
('25', '30', '3', '12', '2017-09-13 05:28:18', NULL, '3', '2017-09-13', '0', NULL),
('26', '30', '4', '20', '2017-09-13 11:57:37', NULL, '3', '2017-09-13', '0', NULL),
('27', '13', '3', '20', '2017-09-13 12:02:00', NULL, '3', '2017-09-13', '0', NULL),
('28', '10', '2', '20', '2017-09-13 12:03:55', NULL, '3', '2017-09-13', '0', NULL),
('29', '12', '2', '20', '2017-09-13 12:11:09', NULL, '3', '2017-09-13', '0', NULL),
('30', '30', '5', '12', '2017-09-14 02:49:18', NULL, '3', '2017-09-14', '0', NULL),
('31', '13', '4', '12', '2017-09-14 02:50:04', NULL, '3', '2017-09-14', '0', NULL),
('32', '10', '3', '12', '2017-09-14 02:50:39', NULL, '3', '2017-09-14', '0', NULL),
('33', '30', '6', '12', '2017-09-14 03:14:15', NULL, '3', '2017-09-14', '0', NULL),
('34', '13', '5', '12', '2017-09-14 03:14:22', NULL, '3', '2017-09-14', '0', NULL),
('35', '18', '4', '20', '2017-09-15 01:43:56', NULL, '3', '2017-09-15', '0', NULL),
('36', '25', '4', '20', '2017-09-15 01:45:31', NULL, '3', '2017-09-15', '0', NULL),
('37', '25', '5', '20', '2017-09-15 01:48:11', NULL, '3', '2017-09-15', '0', NULL),
('38', '35', '2', '20', '2017-09-15 02:08:02', NULL, '3', '2017-09-15', '0', NULL),
('39', '35', '3', '20', '2017-09-15 02:08:02', NULL, '3', '2017-09-15', '0', NULL),
('40', '35', '4', '20', '2017-09-15 02:09:00', NULL, '3', '2017-09-15', '0', NULL),
('41', '35', '5', '20', '2017-09-15 02:09:00', NULL, '3', '2017-09-15', '0', NULL),
('42', '35', '6', '20', '2017-09-15 02:09:30', NULL, '3', '2017-09-15', '0', NULL),
('43', '35', '7', '20', '2017-09-15 02:09:30', NULL, '3', '2017-09-15', '0', NULL),
('44', '35', '8', '20', '2017-09-15 02:10:06', NULL, '3', '2017-09-15', '0', NULL),
('45', '35', '9', '20', '2017-09-15 02:10:06', NULL, '3', '2017-09-15', '0', NULL),
('46', '35', '10', '20', '2017-09-15 02:10:07', NULL, '3', '2017-09-15', '0', NULL),
('47', '35', '11', '20', '2017-09-15 02:10:07', NULL, '3', '2017-09-15', '0', NULL),
('48', '35', '12', '20', '2017-09-15 02:20:36', NULL, '3', '2017-09-15', '0', NULL),
('49', '18', '5', '12', '2017-09-16 16:29:46', NULL, '3', '2017-09-17', '0', NULL),
('50', '25', '6', '12', '2017-09-16 17:29:00', NULL, '3', '2017-09-17', '0', NULL),
('51', '18', '6', '12', '2017-09-17 04:19:59', NULL, '3', '2017-09-17', '0', NULL),
('52', '25', '7', '12', '2017-09-17 04:28:37', NULL, '3', '2017-09-17', '0', NULL),
('53', '18', '7', '12', '2017-09-17 08:07:32', NULL, '3', '2017-09-17', '0', NULL),
('54', '25', '8', '12', '2017-09-17 08:14:18', NULL, '3', '2017-09-17', '0', NULL),
('56', '20', '3', '12', '2017-09-17 09:36:32', NULL, '3', '2017-09-17', '0', NULL),
('57', '26', '1', '12', '2017-09-18 04:52:40', NULL, '3', '2017-09-18', NULL, NULL),
('58', '26', '1', '12', '2017-09-18 04:52:40', 'Released.', '3', '2017-09-18', '0', NULL),
('59', '29', '1', '12', '2017-09-18 04:52:40', 'Production.', '3', '2017-09-18', '0', NULL),
('60', '32', '2', '20', '2017-09-18 05:34:53', NULL, '3', '2017-09-18', NULL, NULL),
('61', '32', '2', '20', '2017-09-18 05:34:53', 'Updated.', '3', '2017-09-18', '0', NULL),
('62', '30', '7', '20', '2017-09-18 05:35:43', NULL, '3', '2017-09-18', '0', NULL),
('63', '32', '3', '20', '2017-09-18 07:45:45', NULL, '3', '2017-09-18', '0', NULL),
('64', '30', '8', '20', '2017-09-18 07:49:55', NULL, '3', '2017-09-18', NULL, NULL),
('65', '30', '8', '20', '2017-09-18 07:53:04', 'Deleted.', '3', '2017-09-18', NULL, NULL),
('66', '0', '8', '20', '2017-09-18 07:50:36', 'Deleted.', '3', '2017-09-18', NULL, NULL),
('67', '0', '8', '20', '2017-09-18 07:50:36', 'Deleted.', '3', '2017-09-18', '0', NULL),
('68', '30', '8', '20', '2017-09-18 07:53:04', NULL, '3', '2017-09-18', '0', NULL),
('69', '1', '1', '12', '2017-09-20 01:23:08', NULL, '3', '2017-09-20', '0', NULL),
('70', '1', '2', '20', '2017-09-21 06:15:45', NULL, '3', '2017-09-21', '0', NULL),
('73', '32', '4', '12', '2017-09-22 06:10:16', NULL, '3', '2017-09-22', '0', NULL),
('74', '30', '9', '12', '2017-09-22 06:11:22', NULL, '3', '2017-09-22', '0', NULL),
('75', '32', '5', '12', '2017-09-22 06:13:02', NULL, '3', '2017-09-22', '0', NULL),
('76', '30', '10', '12', '2017-09-22 06:14:00', NULL, '3', '2017-09-22', '0', NULL),
('78', '13', '6', '12', '2017-09-22 06:29:28', NULL, '3', '2017-09-22', '0', NULL),
('79', '10', '4', '12', '2017-09-22 06:31:16', NULL, '3', '2017-09-22', '0', NULL),
('80', '32', '6', '12', '2017-09-22 06:42:35', NULL, '3', '2017-09-22', '0', NULL),
('81', '30', '11', '12', '2017-09-22 06:53:43', NULL, '3', '2017-09-22', '0', NULL),
('82', '13', '7', '12', '2017-09-22 06:54:49', NULL, '3', '2017-09-22', '0', NULL),
('83', '10', '5', '12', '2017-09-22 06:56:08', NULL, '3', '2017-09-22', '0', NULL),
('84', '30', '12', '12', '2017-09-22 07:11:11', NULL, '3', '2017-09-22', '0', NULL),
('85', '13', '8', '12', '2017-09-22 07:11:11', NULL, '3', '2017-09-22', '0', NULL),
('86', '10', '6', '12', '2017-09-22 07:11:11', NULL, '3', '2017-09-22', '0', NULL),
('87', '32', '7', '12', '2017-09-22 07:12:35', NULL, '3', '2017-09-22', '0', NULL),
('88', '30', '13', '12', '2017-09-22 07:35:40', NULL, '3', '2017-09-22', NULL, NULL),
('89', '30', '13', '12', '2017-09-22 07:38:31', 'Updated.', '3', '2017-09-22', NULL, NULL),
('90', '30', '13', '12', '2017-09-22 07:38:31', 'Updated.', '3', '2017-09-22', '0', NULL),
('93', '32', '8', '12', '2017-09-22 07:42:26', NULL, '3', '2017-09-22', '0', NULL),
('94', '30', '14', '12', '2017-09-22 07:42:49', NULL, '3', '2017-09-22', '0', NULL),
('95', '13', '9', '12', '2017-09-22 07:43:38', NULL, '3', '2017-09-22', '0', NULL),
('96', '10', '7', '12', '2017-09-22 07:44:22', NULL, '3', '2017-09-22', '0', NULL),
('98', '12', '3', '12', '2017-09-22 07:58:00', NULL, '3', '2017-09-22', '0', NULL),
('99', '30', '15', '12', '2017-09-23 03:24:55', NULL, '3', '2017-09-23', '0', NULL),
('100', '30', '16', '12', '2017-09-23 03:26:23', NULL, '3', '2017-09-23', '0', NULL),
('101', '13', '10', '12', '2017-09-23 03:27:41', NULL, '3', '2017-09-23', '0', NULL),
('102', '10', '8', '12', '2017-09-23 03:28:36', NULL, '3', '2017-09-23', '0', NULL),
('103', '12', '4', '12', '2017-09-23 03:30:18', NULL, '3', '2017-09-23', '0', NULL),
('104', '30', '17', '12', '2017-09-23 03:50:04', NULL, '3', '2017-09-23', '0', NULL),
('105', '30', '18', '12', '2017-09-23 05:13:43', NULL, '3', '2017-09-23', '0', NULL),
('106', '13', '11', '12', '2017-09-23 05:13:43', NULL, '3', '2017-09-23', '0', NULL),
('107', '10', '9', '12', '2017-09-23 05:13:43', NULL, '3', '2017-09-23', '0', NULL),
('108', '32', '9', '12', '2017-09-23 08:38:41', NULL, '3', '2017-09-23', '0', NULL),
('109', '30', '19', '12', '2017-09-23 08:38:50', NULL, '3', '2017-09-23', '0', NULL),
('110', '30', '20', '12', '2017-09-24 03:39:13', NULL, '3', '2017-09-24', '0', NULL),
('111', '32', '10', '12', '2017-09-24 03:47:49', NULL, '3', '2017-09-24', '0', NULL),
('112', '30', '21', '12', '2017-09-24 03:48:50', NULL, '3', '2017-09-24', '0', NULL),
('113', '13', '12', '12', '2017-09-24 04:23:06', NULL, '3', '2017-09-24', '0', NULL),
('114', '10', '10', '12', '2017-09-24 05:39:51', NULL, '3', '2017-09-24', '0', NULL),
('115', '32', '11', '12', '2017-10-09 08:47:37', NULL, '3', '2017-09-24', NULL, NULL),
('116', '32', '12', '12', '2017-10-09 08:53:02', NULL, '3', '2017-09-24', NULL, NULL),
('117', '30', '22', '12', '2017-09-24 10:53:30', NULL, '3', '2017-09-24', '0', NULL),
('118', '13', '13', '12', '2017-09-24 10:53:30', NULL, '3', '2017-09-24', '0', NULL),
('119', '10', '11', '12', '2017-09-24 10:53:30', NULL, '3', '2017-09-24', '0', NULL),
('120', '32', '13', '12', '2017-09-25 01:11:00', NULL, '3', '2017-09-25', '0', NULL),
('121', '30', '23', '12', '2017-09-25 01:11:36', NULL, '3', '2017-09-25', '0', NULL),
('122', '32', '14', '12', '2017-09-25 01:12:43', NULL, '3', '2017-09-25', '0', NULL),
('123', '30', '24', '12', '2017-09-25 01:13:05', NULL, '3', '2017-09-25', '0', NULL),
('124', '13', '14', '12', '2017-09-25 01:13:26', NULL, '3', '2017-09-25', '0', NULL),
('125', '10', '12', '12', '2017-09-25 01:13:52', NULL, '3', '2017-09-25', '0', NULL),
('126', '30', '25', '12', '2017-09-25 01:16:41', NULL, '3', '2017-09-25', '0', NULL),
('127', '13', '15', '12', '2017-09-25 01:16:41', NULL, '3', '2017-09-25', '0', NULL),
('128', '10', '13', '12', '2017-09-25 01:16:41', NULL, '3', '2017-09-25', '0', NULL),
('129', '30', '26', '12', '2017-09-25 01:26:08', NULL, '3', '2017-09-25', '0', NULL),
('130', '13', '16', '12', '2017-09-25 01:26:08', NULL, '3', '2017-09-25', '0', NULL),
('131', '10', '14', '12', '2017-09-25 01:26:08', NULL, '3', '2017-09-25', '0', NULL),
('132', '30', '27', '12', '2017-09-25 01:28:27', NULL, '3', '2017-09-25', '0', NULL),
('133', '13', '17', '12', '2017-09-25 01:28:27', NULL, '3', '2017-09-25', '0', NULL),
('134', '10', '15', '12', '2017-09-25 01:28:27', NULL, '3', '2017-09-25', '0', NULL),
('135', '30', '28', '12', '2017-09-25 01:29:34', NULL, '3', '2017-09-25', '0', NULL),
('136', '13', '18', '12', '2017-09-25 01:29:34', NULL, '3', '2017-09-25', '0', NULL),
('137', '10', '16', '12', '2017-09-25 01:29:35', NULL, '3', '2017-09-25', '0', NULL),
('138', '30', '29', '12', '2017-09-25 03:42:49', NULL, '3', '2017-09-25', '0', NULL),
('139', '13', '19', '12', '2017-09-25 03:42:49', NULL, '3', '2017-09-25', '0', NULL),
('140', '10', '17', '12', '2017-09-25 03:42:49', NULL, '3', '2017-09-25', '0', NULL),
('141', '32', '15', '12', '2017-09-25 03:44:15', NULL, '3', '2017-09-25', '0', NULL),
('142', '30', '30', '12', '2017-09-25 03:44:39', NULL, '3', '2017-09-25', '0', NULL),
('143', '32', '16', '12', '2017-09-25 05:29:41', NULL, '3', '2017-09-25', '0', NULL),
('144', '30', '31', '12', '2017-09-25 05:30:26', NULL, '3', '2017-09-25', '0', NULL),
('152', '13', '20', '12', '2017-09-25 05:53:56', NULL, '3', '2017-09-25', '0', NULL),
('153', '10', '18', '12', '2017-09-25 06:00:33', NULL, '3', '2017-09-25', '0', NULL),
('154', '30', '32', '12', '2017-09-25 08:33:28', NULL, '3', '2017-09-25', '0', NULL),
('155', '13', '21', '12', '2017-09-25 08:33:28', NULL, '3', '2017-09-25', '0', NULL),
('156', '10', '19', '12', '2017-09-25 08:33:28', NULL, '3', '2017-09-25', '0', NULL),
('157', '30', '33', '12', '2017-09-26 00:08:24', NULL, '3', '2017-09-26', '0', NULL),
('158', '30', '34', '12', '2017-09-26 00:09:41', NULL, '3', '2017-09-26', '0', NULL),
('159', '13', '22', '12', '2017-09-26 00:10:18', NULL, '3', '2017-09-26', '0', NULL),
('160', '30', '35', '12', '2017-09-26 01:27:12', NULL, '3', '2017-09-26', '0', NULL),
('161', '13', '23', '12', '2017-09-26 01:27:12', NULL, '3', '2017-09-26', '0', NULL),
('162', '10', '20', '12', '2017-09-26 01:27:12', NULL, '3', '2017-09-26', '0', NULL),
('163', '30', '36', '12', '2017-09-26 01:33:06', NULL, '3', '2017-09-26', '0', NULL),
('164', '13', '24', '12', '2017-09-26 01:33:06', NULL, '3', '2017-09-26', '0', NULL),
('165', '10', '21', '12', '2017-09-26 01:33:06', NULL, '3', '2017-09-26', '0', NULL),
('166', '30', '37', '12', '2017-09-26 01:37:45', NULL, '3', '2017-09-26', '0', NULL),
('167', '13', '25', '12', '2017-09-26 01:38:53', NULL, '3', '2017-09-26', '0', NULL),
('168', '10', '22', '12', '2017-09-26 01:43:01', NULL, '3', '2017-09-26', '0', NULL),
('169', '12', '5', '12', '2017-09-26 02:01:34', NULL, '3', '2017-09-26', '0', NULL),
('170', '18', '8', '12', '2017-09-26 07:55:00', NULL, '3', '2017-09-26', '0', NULL),
('171', '25', '9', '12', '2017-09-26 07:55:09', NULL, '3', '2017-09-26', '0', NULL),
('172', '32', '17', '12', '2017-09-27 11:36:34', NULL, '3', '2017-09-27', '0', NULL),
('173', '32', '18', '12', '2017-09-27 11:44:34', NULL, '3', '2017-09-27', '0', NULL),
('174', '32', '19', '12', '2017-09-27 12:35:16', NULL, '3', '2017-09-27', '0', NULL),
('175', '32', '20', '12', '2017-09-27 12:44:31', NULL, '3', '2017-09-27', '0', NULL),
('176', '30', '38', '12', '2017-09-27 12:45:44', NULL, '3', '2017-09-27', '0', NULL),
('179', '30', '39', '12', '2017-09-27 12:48:34', NULL, '3', '2017-09-27', '0', NULL),
('180', '13', '26', '12', '2017-09-27 12:48:34', NULL, '3', '2017-09-27', '0', NULL),
('181', '10', '23', '12', '2017-09-27 12:48:34', NULL, '3', '2017-09-27', '0', NULL),
('182', '32', '21', '12', '2017-09-28 05:15:42', NULL, '3', '2017-09-28', '0', NULL),
('183', '32', '22', '12', '2017-09-28 05:16:18', NULL, '3', '2017-09-28', '0', NULL),
('184', '30', '40', '12', '2017-09-28 05:17:03', NULL, '3', '2017-09-28', '0', NULL),
('185', '30', '41', '12', '2017-09-28 05:18:47', NULL, '3', '2017-09-28', '0', NULL),
('186', '13', '27', '12', '2017-09-28 05:20:28', NULL, '3', '2017-09-28', '0', NULL),
('187', '13', '28', '12', '2017-09-28 05:20:47', NULL, '3', '2017-09-28', '0', NULL),
('188', '10', '24', '12', '2017-09-28 05:21:45', NULL, '3', '2017-09-28', '0', NULL),
('189', '10', '25', '12', '2017-09-28 05:22:25', NULL, '3', '2017-09-28', '0', NULL),
('190', '22', '2', '12', '2017-09-28 05:29:15', NULL, '3', '2017-09-28', '0', NULL),
('191', '1', '3', '12', '2017-09-28 05:34:04', NULL, '3', '2017-09-28', NULL, NULL),
('192', '1', '3', '12', '2017-09-28 05:34:04', NULL, '3', '2017-09-28', '0', NULL),
('193', '18', '9', '12', '2017-09-28 05:35:23', NULL, '3', '2017-09-28', '0', NULL),
('194', '18', '10', '12', '2017-09-28 05:35:48', NULL, '3', '2017-09-28', '0', NULL),
('195', '25', '10', '12', '2017-09-28 05:36:11', NULL, '3', '2017-09-28', '0', NULL),
('196', '25', '11', '12', '2017-09-28 05:36:27', NULL, '3', '2017-09-28', '0', NULL),
('197', '20', '4', '12', '2017-09-28 05:37:06', NULL, '3', '2017-09-28', '0', NULL),
('198', '22', '3', '12', '2017-09-28 06:01:58', NULL, '3', '2017-09-28', '0', NULL),
('199', '22', '4', '12', '2017-09-28 06:02:51', NULL, '3', '2017-09-28', '0', NULL),
('200', '22', '5', '12', '2017-09-28 06:10:34', NULL, '3', '2017-09-28', '0', NULL),
('201', '22', '6', '12', '2017-09-28 06:42:26', NULL, '3', '2017-09-28', '0', NULL),
('206', '22', '7', '12', '2017-09-28 06:48:55', NULL, '3', '2017-09-28', '0', NULL),
('207', '22', '8', '12', '2017-09-28 06:52:38', NULL, '3', '2017-09-28', '0', NULL),
('210', '12', '6', '12', '2017-09-28 07:50:06', NULL, '3', '2017-09-28', '0', NULL),
('211', '1', '4', '12', '2017-09-28 08:07:44', NULL, '3', '2017-09-28', '0', NULL),
('212', '12', '7', '12', '2017-09-28 08:24:57', NULL, '3', '2017-09-28', '0', NULL),
('213', '22', '9', '12', '2017-09-28 08:25:53', NULL, '3', '2017-09-28', '0', NULL),
('214', '22', '10', '12', '2017-09-28 08:32:22', NULL, '3', '2017-09-28', '0', NULL),
('215', '22', '11', '12', '2017-09-28 08:33:55', NULL, '3', '2017-09-28', '0', NULL),
('216', '12', '8', '12', '2017-09-28 08:59:31', NULL, '3', '2017-09-28', '0', NULL),
('217', '30', '42', '12', '2017-09-29 02:21:22', NULL, '3', '2017-09-29', '0', NULL),
('218', '13', '29', '12', '2017-09-29 02:21:22', NULL, '3', '2017-09-29', '0', NULL),
('219', '10', '26', '12', '2017-09-29 02:21:22', NULL, '3', '2017-09-29', '0', NULL),
('220', '30', '43', '12', '2017-09-29 02:50:23', NULL, '3', '2017-09-29', '0', NULL),
('221', '13', '30', '12', '2017-09-29 03:02:17', NULL, '3', '2017-09-29', '0', NULL),
('222', '30', '44', '12', '2017-09-29 03:04:09', NULL, '3', '2017-09-29', '0', NULL),
('223', '30', '45', '12', '2017-09-29 03:04:59', NULL, '3', '2017-09-29', '0', NULL),
('224', '13', '31', '12', '2017-09-29 03:06:32', NULL, '3', '2017-09-29', '0', NULL),
('225', '30', '46', '12', '2017-09-29 03:28:11', NULL, '3', '2017-09-29', '0', NULL),
('226', '13', '32', '12', '2017-09-29 03:35:17', NULL, '3', '2017-09-29', '0', NULL),
('227', '10', '27', '12', '2017-09-29 03:52:51', NULL, '3', '2017-09-29', '0', NULL),
('228', '32', '23', '12', '2017-09-29 03:59:41', NULL, '3', '2017-09-29', '0', NULL),
('229', '30', '47', '12', '2017-09-29 04:01:36', NULL, '3', '2017-09-29', '0', NULL),
('230', '13', '33', '12', '2017-09-29 05:37:45', NULL, '3', '2017-09-29', '0', NULL),
('231', '30', '48', '12', '2017-09-29 05:39:13', NULL, '3', '2017-09-29', '0', NULL),
('232', '13', '34', '12', '2017-09-29 05:39:28', NULL, '3', '2017-09-29', '0', NULL),
('233', '10', '28', '12', '2017-09-29 05:51:47', NULL, '3', '2017-09-29', '0', NULL),
('234', '32', '24', '12', '2017-09-29 05:55:30', NULL, '3', '2017-09-29', '0', NULL),
('235', '32', '25', '12', '2017-09-29 05:56:50', NULL, '3', '2017-09-29', '0', NULL),
('236', '30', '49', '12', '2017-09-29 06:00:35', NULL, '3', '2017-09-29', '0', NULL),
('237', '13', '35', '12', '2017-09-29 06:01:10', NULL, '3', '2017-09-29', '0', NULL),
('238', '10', '29', '12', '2017-09-29 06:01:38', NULL, '3', '2017-09-29', '0', NULL),
('239', '18', '11', '12', '2017-09-29 07:17:47', NULL, '3', '2017-09-29', NULL, NULL),
('240', '18', '11', '12', '2017-09-29 07:17:47', 'Updated.', '3', '2017-09-29', '0', NULL),
('241', '25', '12', '12', '2017-09-29 09:07:19', NULL, '3', '2017-09-29', '0', NULL),
('242', '20', '5', '12', '2017-09-29 10:59:25', NULL, '3', '2017-09-29', '0', NULL),
('243', '18', '12', '12', '2017-09-29 11:06:09', NULL, '3', '2017-09-29', '0', NULL),
('244', '25', '13', '12', '2017-09-29 11:06:27', NULL, '3', '2017-09-29', '0', NULL),
('245', '20', '6', '12', '2017-09-29 11:07:55', NULL, '3', '2017-09-29', '0', NULL),
('246', '18', '13', '12', '2017-09-29 11:13:39', NULL, '3', '2017-09-29', '0', NULL),
('247', '25', '14', '12', '2017-09-29 11:13:45', NULL, '3', '2017-09-29', '0', NULL),
('248', '20', '7', '12', '2017-09-29 11:14:13', NULL, '3', '2017-09-29', '0', NULL),
('249', '18', '14', '12', '2017-09-30 02:23:31', NULL, '3', '2017-09-30', '0', NULL),
('250', '25', '15', '12', '2017-09-30 02:46:56', NULL, '3', '2017-09-30', '0', NULL),
('251', '20', '8', '12', '2017-09-30 03:08:34', NULL, '3', '2017-09-30', '0', NULL),
('252', '21', '1', '12', '2017-09-30 03:24:29', NULL, '3', '2017-09-30', '0', NULL),
('253', '11', '1', '12', '2017-09-30 03:40:36', NULL, '3', '2017-09-30', '0', NULL),
('254', '11', '2', '12', '2017-09-30 03:45:11', NULL, '3', '2017-09-30', '0', NULL),
('255', '11', '3', '12', '2017-09-30 03:46:18', NULL, '3', '2017-09-30', '0', NULL),
('256', '32', '26', '12', '2017-09-30 04:19:30', NULL, '3', '2017-09-30', '0', NULL),
('257', '30', '50', '12', '2017-09-30 04:20:02', NULL, '3', '2017-09-30', '0', NULL),
('258', '13', '36', '12', '2017-09-30 04:20:35', NULL, '3', '2017-09-30', '0', NULL),
('259', '10', '30', '12', '2017-09-30 04:21:00', NULL, '3', '2017-09-30', '0', NULL),
('260', '17', '2', '12', '2017-09-30 06:15:28', NULL, '3', '2017-09-30', '0', NULL),
('261', '17', '3', '12', '2017-09-30 06:33:42', NULL, '3', '2017-09-30', '0', NULL),
('262', '16', '1', '12', '2017-09-30 06:50:49', NULL, '3', '2017-09-30', '0', NULL),
('263', '16', '2', '12', '2017-09-30 06:52:52', NULL, '3', '2017-09-30', '0', NULL),
('264', '30', '51', '12', '2017-09-30 07:09:34', NULL, '3', '2017-09-30', '0', NULL),
('265', '13', '37', '12', '2017-09-30 07:09:34', NULL, '3', '2017-09-30', '0', NULL),
('266', '10', '31', '12', '2017-09-30 07:09:35', NULL, '3', '2017-09-30', '0', NULL),
('267', '11', '4', '12', '2017-09-30 07:18:51', NULL, '3', '2017-09-30', '0', NULL),
('268', '18', '15', '12', '2017-09-30 07:26:09', NULL, '3', '2017-09-30', '0', NULL),
('269', '25', '16', '12', '2017-09-30 07:26:09', NULL, '3', '2017-09-30', '0', NULL),
('270', '20', '9', '12', '2017-09-30 07:26:09', NULL, '3', '2017-09-30', '0', NULL),
('271', '21', '2', '12', '2017-09-30 07:27:00', NULL, '3', '2017-09-30', '0', NULL),
('272', '21', '3', '12', '2017-09-30 07:35:03', NULL, '3', '2017-09-30', '0', NULL),
('273', '21', '4', '12', '2017-09-30 07:39:55', NULL, '3', '2017-09-30', '0', NULL),
('274', '32', '27', '12', '2017-10-01 02:53:56', NULL, '3', '2017-10-01', NULL, NULL),
('275', '30', '52', '12', '2017-09-30 17:01:18', NULL, '3', '2017-10-01', '0', NULL),
('276', '32', '28', '12', '2017-10-01 02:32:18', NULL, '3', '2017-10-01', '0', NULL),
('277', '32', '27', '12', '2017-10-01 02:53:56', 'Updated.', '3', '2017-10-01', '0', NULL),
('278', '30', '53', '12', '2017-10-01 03:18:57', NULL, '3', '2017-10-01', '0', NULL),
('279', '30', '54', '12', '2017-10-01 12:45:11', NULL, '3', '2017-10-01', '0', NULL),
('280', '13', '38', '12', '2017-10-01 12:45:11', NULL, '3', '2017-10-01', '0', NULL),
('281', '10', '32', '12', '2017-10-01 12:45:11', NULL, '3', '2017-10-01', '0', NULL),
('282', '22', '12', '12', '2017-10-02 01:07:55', NULL, '3', '2017-10-02', '0', NULL),
('283', '22', '13', '12', '2017-10-02 01:31:38', NULL, '3', '2017-10-02', '0', NULL),
('284', '22', '14', '12', '2017-10-02 03:30:37', NULL, '3', '2017-10-02', '0', NULL),
('285', '22', '15', '12', '2017-10-02 03:33:38', NULL, '3', '2017-10-02', '0', NULL),
('286', '1', '5', '12', '2017-10-02 03:35:56', NULL, '3', '2017-10-02', '0', NULL),
('287', '2', '1', '12', '2017-10-02 03:36:52', NULL, '3', '2017-10-02', '0', NULL),
('288', '41', '1', '12', '2017-10-02 03:37:30', NULL, '3', '2017-10-02', '0', NULL),
('289', '12', '9', '12', '2017-10-02 03:51:29', NULL, '3', '2017-10-02', '0', NULL),
('290', '12', '10', '12', '2017-10-02 03:54:54', NULL, '3', '2017-10-02', '0', NULL),
('291', '22', '16', '12', '2017-10-02 04:00:56', NULL, '3', '2017-10-02', '0', NULL),
('292', '32', '29', '12', '2017-10-02 04:05:12', NULL, '3', '2017-10-02', '0', NULL),
('293', '32', '30', '12', '2017-10-02 04:12:12', NULL, '3', '2017-10-02', '0', NULL),
('294', '32', '31', '12', '2017-10-02 04:19:07', NULL, '3', '2017-10-02', '0', NULL),
('295', '30', '55', '12', '2017-10-02 04:19:49', NULL, '3', '2017-10-02', '0', NULL),
('296', '32', '32', '12', '2017-10-02 04:43:14', NULL, '3', '2017-10-02', '0', NULL),
('297', '30', '56', '12', '2017-10-02 04:46:15', NULL, '3', '2017-10-02', '0', NULL),
('298', '13', '39', '12', '2017-10-02 04:57:33', NULL, '3', '2017-10-02', '0', NULL),
('299', '1', '6', '12', '2017-10-02 05:08:19', NULL, '3', '2017-10-02', '0', NULL),
('300', '22', '17', '12', '2017-10-02 05:09:10', NULL, '3', '2017-10-02', '0', NULL),
('301', '10', '33', '12', '2017-10-02 05:09:56', NULL, '3', '2017-10-02', '0', NULL),
('302', '18', '16', '12', '2017-10-02 05:16:20', NULL, '3', '2017-10-02', '0', NULL),
('303', '25', '17', '12', '2017-10-02 05:18:42', NULL, '3', '2017-10-02', NULL, NULL),
('304', '20', '10', '12', '2017-10-02 05:18:18', NULL, '3', '2017-10-02', NULL, NULL),
('305', '20', '10', '12', '2017-10-02 05:18:18', 'Voided.\n', '3', '2017-10-02', '0', NULL),
('306', '25', '17', '12', '2017-10-02 05:18:42', 'Voided.\n', '3', '2017-10-02', '0', NULL),
('307', '18', '17', '12', '2017-10-02 06:06:50', NULL, '3', '2017-10-02', NULL, NULL),
('308', '18', '17', '12', '2017-10-02 06:06:50', 'Updated.', '3', '2017-10-02', '0', NULL),
('309', '25', '18', '12', '2017-10-02 06:08:14', NULL, '3', '2017-10-02', '0', NULL),
('310', '18', '18', '12', '2017-10-02 06:12:16', NULL, '3', '2017-10-02', '0', NULL),
('311', '25', '19', '12', '2017-10-02 06:12:54', NULL, '3', '2017-10-02', '0', NULL),
('316', '22', '18', '12', '2017-10-02 07:06:09', NULL, '3', '2017-10-02', '0', NULL),
('317', '22', '19', '12', '2017-10-02 07:07:15', NULL, '3', '2017-10-02', '0', NULL),
('318', '22', '20', '12', '2017-10-02 07:10:04', NULL, '3', '2017-10-02', '0', NULL),
('319', '22', '21', '12', '2017-10-02 07:16:52', NULL, '3', '2017-10-02', '0', NULL),
('320', '22', '22', '12', '2017-10-02 07:17:29', NULL, '3', '2017-10-02', '0', NULL),
('321', '22', '23', '12', '2017-10-02 07:20:02', NULL, '3', '2017-10-02', '0', NULL),
('322', '30', '57', '12', '2017-10-02 07:21:21', NULL, '1', '2015-10-02', '0', NULL),
('323', '13', '40', '12', '2017-10-02 07:21:21', NULL, '1', '2015-10-02', '0', NULL),
('324', '10', '34', '12', '2017-10-02 07:21:21', NULL, '1', '2015-10-02', '0', NULL),
('325', '12', '11', '12', '2017-10-02 07:21:21', NULL, '3', '2017-10-02', '0', NULL),
('326', '30', '58', '12', '2017-10-02 07:22:17', NULL, '1', '2015-10-02', '0', NULL),
('327', '13', '41', '12', '2017-10-02 07:22:17', NULL, '1', '2015-10-02', '0', NULL),
('328', '10', '35', '12', '2017-10-02 07:22:17', NULL, '1', '2015-10-02', '0', NULL),
('329', '32', '33', '12', '2017-10-02 07:25:09', NULL, '1', '2015-10-02', '0', NULL),
('330', '12', '12', '12', '2017-10-02 07:25:10', NULL, '3', '2017-10-02', '0', NULL),
('331', '30', '59', '12', '2017-10-02 07:26:18', NULL, '0', '2014-10-02', '0', NULL),
('332', '22', '24', '12', '2017-10-02 07:27:46', NULL, '3', '2017-10-02', '0', NULL),
('333', '32', '34', '12', '2017-10-02 07:29:13', NULL, '0', '2011-10-02', '0', NULL),
('334', '1', '7', '12', '2017-10-02 07:29:20', NULL, '3', '2017-10-02', '0', NULL),
('335', '22', '25', '12', '2017-10-03 00:57:37', NULL, '3', '2017-10-03', '0', NULL),
('336', '22', '26', '12', '2017-10-03 01:22:39', NULL, '3', '2017-10-03', '0', NULL),
('337', '26', '2', '12', '2017-10-03 06:15:37', NULL, '3', '2017-10-03', NULL, NULL),
('338', '26', '2', '12', '2017-10-03 06:15:37', 'Released.', '3', '2017-10-03', '0', NULL),
('339', '0', '1', '12', '2017-10-03 06:15:37', NULL, '3', '2017-10-03', '0', NULL),
('340', '0', '2', '12', '2017-10-03 06:15:37', NULL, '3', '2017-10-03', '0', NULL),
('341', '35', '13', '12', '2017-10-03 06:15:37', NULL, '3', '2017-10-03', '0', NULL),
('342', '29', '2', '12', '2017-10-03 06:15:37', 'Production.', '3', '2017-10-03', '0', NULL),
('343', '30', '60', '12', '2017-10-03 07:07:27', NULL, '3', '2017-10-03', '0', NULL),
('344', '13', '42', '12', '2017-10-03 07:07:27', NULL, '3', '2017-10-03', '0', NULL),
('345', '10', '36', '12', '2017-10-03 07:07:27', NULL, '3', '2017-10-03', '0', NULL),
('346', '26', '3', '12', '2017-10-04 02:58:22', NULL, '3', '2017-10-04', NULL, NULL),
('347', '26', '3', '12', '2017-10-09 09:43:39', 'Released.', '3', '2017-10-04', NULL, NULL),
('348', '0', '3', '12', '2017-10-09 09:43:39', NULL, '3', '2017-10-04', NULL, NULL),
('349', '0', '4', '12', '2017-10-09 09:43:39', NULL, '3', '2017-10-04', NULL, NULL),
('350', '35', '14', '12', '2017-10-04 02:58:22', NULL, '3', '2017-10-04', '0', NULL),
('351', '29', '3', '12', '2017-10-04 02:58:22', 'Production.', '3', '2017-10-04', '0', NULL),
('352', '30', '61', '12', '2017-10-04 10:14:09', NULL, '3', '2017-10-04', '0', NULL),
('353', '13', '43', '12', '2017-10-04 10:14:09', NULL, '3', '2017-10-04', '0', NULL),
('354', '10', '37', '12', '2017-10-04 10:14:09', NULL, '3', '2017-10-04', '0', NULL),
('355', '32', '35', '12', '2017-10-04 10:31:37', NULL, '3', '2017-10-04', '0', NULL),
('356', '30', '62', '12', '2017-10-04 10:34:47', NULL, '3', '2017-10-04', '0', NULL),
('357', '13', '44', '12', '2017-10-04 10:35:16', NULL, '3', '2017-10-04', '0', NULL),
('358', '10', '38', '12', '2017-10-04 10:36:48', NULL, '3', '2017-10-04', '0', NULL),
('359', '30', '63', '12', '2017-10-04 10:38:29', NULL, '3', '2017-10-04', '0', NULL),
('360', '13', '45', '12', '2017-10-04 10:39:21', NULL, '3', '2017-10-04', '0', NULL),
('361', '10', '39', '12', '2017-10-04 10:41:19', NULL, '3', '2017-10-04', '0', NULL),
('362', '30', '64', '12', '2017-10-04 10:47:33', NULL, '3', '2017-10-04', '0', NULL),
('363', '13', '46', '12', '2017-10-04 10:47:33', NULL, '3', '2017-10-04', '0', NULL),
('364', '10', '40', '12', '2017-10-04 10:47:33', NULL, '3', '2017-10-04', '0', NULL),
('365', '30', '65', '12', '2017-10-04 10:49:55', NULL, '3', '2017-10-04', '0', NULL),
('366', '13', '47', '12', '2017-10-04 10:49:55', NULL, '3', '2017-10-04', '0', NULL),
('367', '10', '41', '12', '2017-10-04 10:49:55', NULL, '3', '2017-10-04', '0', NULL),
('368', '30', '66', '12', '2017-10-04 11:03:15', NULL, '3', '2017-10-04', '0', NULL),
('369', '13', '48', '12', '2017-10-04 11:03:15', NULL, '3', '2017-10-04', '0', NULL),
('370', '10', '42', '12', '2017-10-04 11:03:15', NULL, '3', '2017-10-04', '0', NULL),
('371', '30', '67', '12', '2017-10-04 11:05:12', NULL, '3', '2017-10-04', '0', NULL),
('372', '13', '49', '12', '2017-10-04 11:05:12', NULL, '3', '2017-10-04', '0', NULL),
('373', '10', '43', '12', '2017-10-04 11:05:12', NULL, '3', '2017-10-04', '0', NULL),
('374', '32', '36', '12', '2017-10-05 02:26:05', NULL, '3', '2017-10-05', NULL, NULL),
('375', '32', '36', '12', '2017-10-05 02:26:05', 'Updated.', '3', '2017-10-05', '0', NULL),
('376', '32', '37', '12', '2017-10-05 02:37:38', NULL, '3', '2017-10-05', '0', NULL),
('377', '32', '38', '20', '2017-10-05 02:52:53', NULL, '3', '2017-10-05', '0', NULL),
('378', '30', '68', '20', '2017-10-05 02:57:33', NULL, '3', '2017-10-05', '0', NULL),
('379', '32', '39', '20', '2017-10-05 03:08:49', NULL, '3', '2017-10-05', '0', NULL),
('380', '30', '69', '20', '2017-10-05 03:12:39', NULL, '3', '2017-10-05', '0', NULL),
('381', '13', '50', '20', '2017-10-05 03:13:21', NULL, '3', '2017-10-05', '0', NULL),
('382', '10', '44', '20', '2017-10-05 03:19:39', NULL, '3', '2017-10-05', '0', NULL),
('383', '30', '70', '12', '2017-10-05 04:21:35', NULL, '3', '2017-10-05', '0', NULL),
('384', '13', '51', '12', '2017-10-05 04:21:35', NULL, '3', '2017-10-05', '0', NULL),
('385', '10', '45', '12', '2017-10-05 04:21:35', NULL, '3', '2017-10-05', '0', NULL),
('386', '18', '19', '20', '2017-10-05 07:17:55', NULL, '3', '2017-10-05', '0', NULL),
('387', '25', '20', '20', '2017-10-05 07:18:27', NULL, '3', '2017-10-05', '0', NULL),
('388', '18', '20', '20', '2017-10-05 07:24:18', NULL, '3', '2017-10-05', '0', NULL),
('389', '25', '21', '20', '2017-10-05 07:24:45', NULL, '3', '2017-10-05', '0', NULL),
('390', '43', '2', '20', '2017-10-05 07:27:15', NULL, '3', '2017-10-05', '0', NULL),
('391', '0', '5', '20', '2017-10-05 07:27:15', NULL, '3', '2017-10-05', '0', NULL),
('392', '30', '71', '20', '2017-10-05 07:30:10', NULL, '3', '2017-10-05', '0', NULL),
('393', '13', '52', '20', '2017-10-05 07:30:28', NULL, '3', '2017-10-05', '0', NULL),
('394', '30', '72', '12', '2017-10-05 11:06:47', NULL, '3', '2017-10-05', '0', NULL),
('395', '13', '53', '12', '2017-10-05 11:06:47', NULL, '3', '2017-10-05', '0', NULL),
('396', '10', '46', '12', '2017-10-05 11:06:47', NULL, '3', '2017-10-05', '0', NULL),
('397', '30', '73', '12', '2017-10-05 11:07:38', NULL, '3', '2017-10-05', '0', NULL),
('398', '13', '54', '12', '2017-10-05 11:07:38', NULL, '3', '2017-10-05', '0', NULL),
('399', '10', '47', '12', '2017-10-05 11:07:38', NULL, '3', '2017-10-05', '0', NULL),
('400', '32', '40', '12', '2017-10-05 11:08:27', NULL, '3', '2017-10-05', '0', NULL),
('401', '30', '74', '12', '2017-10-05 11:08:54', NULL, '3', '2017-10-05', '0', NULL),
('402', '13', '55', '12', '2017-10-05 11:09:19', NULL, '3', '2017-10-05', '0', NULL),
('403', '10', '48', '12', '2017-10-05 11:09:28', NULL, '3', '2017-10-05', '0', NULL),
('404', '18', '21', '20', '2017-10-06 00:47:42', NULL, '3', '2017-10-06', '0', NULL),
('405', '18', '22', '20', '2017-10-06 03:19:57', NULL, '3', '2017-10-06', '0', NULL),
('406', '25', '22', '20', '2017-10-06 03:20:34', 'Updated.', '3', '2017-10-06', '0', NULL),
('408', '30', '75', '12', '2017-10-06 03:25:47', NULL, '3', '2017-10-06', '0', NULL),
('409', '13', '56', '12', '2017-10-06 03:25:47', NULL, '3', '2017-10-06', '0', NULL),
('410', '10', '49', '12', '2017-10-06 03:25:47', NULL, '3', '2017-10-06', '0', NULL),
('412', '18', '25', '20', '2017-10-06 06:00:44', NULL, '3', '2017-10-06', NULL, NULL),
('417', '18', '28', '12', '2017-10-06 05:27:30', NULL, '3', '2017-10-06', '0', NULL),
('418', '25', '48', '12', '2017-10-06 05:27:30', NULL, '3', '2017-10-06', '0', NULL),
('419', '20', '11', '12', '2017-10-06 05:27:30', NULL, '3', '2017-10-06', '0', NULL),
('420', '18', '29', '20', '2017-10-06 05:40:51', NULL, '3', '2017-10-06', '0', NULL),
('421', '25', '49', '20', '2017-10-06 05:41:05', NULL, '3', '2017-10-06', '0', NULL),
('422', '25', '50', '20', '2017-10-06 05:46:49', NULL, '3', '2017-10-06', '0', NULL),
('423', '18', '30', '12', '2017-10-06 05:47:15', NULL, '3', '2017-10-06', '0', NULL),
('424', '25', '51', '12', '2017-10-06 05:47:15', NULL, '3', '2017-10-06', '0', NULL),
('425', '20', '12', '12', '2017-10-06 05:47:16', NULL, '3', '2017-10-06', '0', NULL),
('426', '20', '13', '20', '2017-10-06 05:48:49', NULL, '3', '2017-10-06', '0', NULL),
('427', '22', '27', '20', '2017-10-06 05:56:08', NULL, '3', '2017-10-06', '0', NULL),
('428', '18', '25', '20', '2017-10-06 06:00:44', 'Updated.', '3', '2017-10-06', '0', NULL),
('429', '25', '52', '20', '2017-10-06 06:01:01', NULL, '3', '2017-10-06', '0', NULL),
('430', '20', '14', '20', '2017-10-06 06:02:19', NULL, '3', '2017-10-06', '0', NULL),
('431', '30', '76', '20', '2017-10-06 10:41:30', NULL, '3', '2017-10-06', '0', NULL),
('432', '13', '57', '20', '2017-10-06 10:41:30', NULL, '3', '2017-10-06', '0', NULL),
('433', '10', '50', '20', '2017-10-06 10:41:30', NULL, '3', '2017-10-06', '0', NULL),
('434', '12', '13', '20', '2017-10-06 10:41:30', NULL, '3', '2017-10-06', '0', NULL),
('435', '30', '77', '20', '2017-10-06 10:56:07', NULL, '3', '2017-10-06', '0', NULL),
('436', '13', '58', '20', '2017-10-06 10:56:07', NULL, '3', '2017-10-06', '0', NULL),
('437', '10', '51', '20', '2017-10-06 10:56:07', NULL, '3', '2017-10-06', '0', NULL),
('438', '30', '78', '20', '2017-10-06 11:00:28', NULL, '3', '2017-10-06', '0', NULL),
('439', '13', '59', '20', '2017-10-06 11:00:28', NULL, '3', '2017-10-06', '0', NULL),
('440', '10', '52', '20', '2017-10-06 11:00:28', NULL, '3', '2017-10-06', '0', NULL),
('441', '12', '14', '20', '2017-10-06 11:00:28', NULL, '3', '2017-10-06', '0', NULL),
('442', '30', '79', '20', '2017-10-06 11:02:43', NULL, '3', '2017-10-06', '0', NULL),
('443', '13', '60', '20', '2017-10-06 11:02:43', NULL, '3', '2017-10-06', '0', NULL),
('444', '10', '53', '20', '2017-10-06 11:02:43', NULL, '3', '2017-10-06', '0', NULL),
('445', '30', '80', '20', '2017-10-06 11:04:40', NULL, '3', '2017-10-06', '0', NULL),
('446', '13', '61', '20', '2017-10-06 11:04:40', NULL, '3', '2017-10-06', '0', NULL),
('447', '10', '54', '20', '2017-10-06 11:04:40', NULL, '3', '2017-10-06', '0', NULL),
('448', '30', '81', '20', '2017-10-06 11:05:58', NULL, '3', '2017-10-06', '0', NULL),
('449', '13', '62', '20', '2017-10-06 11:05:58', NULL, '3', '2017-10-06', '0', NULL),
('450', '10', '55', '20', '2017-10-06 11:05:58', NULL, '3', '2017-10-06', '0', NULL),
('451', '18', '31', '20', '2017-10-06 23:25:08', NULL, '3', '2017-10-07', '0', NULL),
('452', '25', '53', '20', '2017-10-06 23:26:08', NULL, '3', '2017-10-07', '0', NULL),
('453', '20', '15', '20', '2017-10-06 23:28:03', NULL, '3', '2017-10-07', '0', NULL),
('454', '22', '28', '20', '2017-10-06 23:47:05', NULL, '3', '2017-10-07', '0', NULL),
('455', '18', '32', '20', '2017-10-06 23:50:10', NULL, '3', '2017-10-07', '0', NULL),
('456', '25', '54', '20', '2017-10-06 23:55:53', NULL, '3', '2017-10-07', '0', NULL),
('457', '20', '16', '20', '2017-10-07 00:12:55', NULL, '3', '2017-10-07', '0', NULL),
('458', '22', '29', '20', '2017-10-07 00:20:29', NULL, '3', '2017-10-07', '0', NULL),
('459', '18', '33', '20', '2017-10-07 00:38:21', NULL, '3', '2017-10-07', '0', NULL),
('460', '25', '55', '20', '2017-10-07 00:43:48', NULL, '3', '2017-10-07', '0', NULL),
('461', '20', '17', '20', '2017-10-07 00:50:15', NULL, '3', '2017-10-07', '0', NULL),
('462', '22', '30', '20', '2017-10-07 00:52:40', NULL, '3', '2017-10-07', '0', NULL),
('463', '32', '41', '20', '2017-10-07 01:02:29', NULL, '3', '2017-10-07', '0', NULL),
('464', '30', '82', '20', '2017-10-07 01:03:07', NULL, '3', '2017-10-07', '0', NULL),
('465', '30', '83', '20', '2017-10-07 01:04:46', NULL, '3', '2017-10-07', '0', NULL),
('466', '13', '63', '20', '2017-10-07 01:06:55', NULL, '3', '2017-10-07', '0', NULL),
('467', '10', '56', '20', '2017-10-07 01:08:17', NULL, '3', '2017-10-07', '0', NULL),
('468', '12', '15', '20', '2017-10-07 01:15:30', NULL, '3', '2017-10-07', '0', NULL),
('469', '32', '42', '20', '2017-10-07 01:20:18', NULL, '3', '2017-10-07', '0', NULL),
('470', '30', '84', '20', '2017-10-07 01:21:00', NULL, '3', '2017-10-07', '0', NULL),
('471', '13', '64', '20', '2017-10-07 01:21:33', NULL, '3', '2017-10-07', '0', NULL),
('472', '10', '57', '20', '2017-10-07 01:27:51', NULL, '3', '2017-10-07', '0', NULL),
('473', '12', '16', '20', '2017-10-07 01:30:19', NULL, '3', '2017-10-07', '0', NULL),
('474', '22', '31', '12', '2017-10-07 02:09:18', NULL, '3', '2017-10-07', '0', NULL),
('475', '30', '85', '12', '2017-10-09 07:19:02', NULL, '3', '2017-10-07', NULL, NULL),
('476', '30', '86', '12', '2017-10-07 02:54:07', NULL, '3', '2017-10-07', '0', NULL),
('477', '12', '17', '12', '2017-10-07 02:56:03', NULL, '3', '2017-10-07', '0', NULL),
('478', '41', '2', '12', '2017-10-07 03:05:52', NULL, '3', '2017-10-07', '0', NULL),
('479', '1', '8', '12', '2017-10-07 03:11:55', NULL, '3', '2017-10-07', '0', NULL),
('480', '10', '58', '12', '2017-10-07 03:13:57', NULL, '3', '2017-10-07', '0', NULL),
('481', '13', '65', '12', '2017-10-07 03:23:30', NULL, '3', '2017-10-07', '0', NULL),
('482', '30', '87', '20', '2017-10-07 05:05:17', NULL, '3', '2017-10-07', '0', NULL),
('483', '2', '2', '20', '2017-10-07 05:23:45', NULL, '3', '2017-10-07', NULL, NULL),
('484', '2', '2', '20', '2017-10-07 05:23:45', NULL, '3', '2017-10-07', '0', NULL),
('485', '1', '9', '20', '2017-10-07 05:25:13', NULL, '3', '2017-10-07', '0', NULL),
('486', '18', '34', '20', '2017-10-07 05:45:29', NULL, '3', '2017-10-07', '0', NULL),
('487', '25', '56', '20', '2017-10-07 05:47:10', NULL, '3', '2017-10-07', '0', NULL),
('488', '20', '18', '20', '2017-10-07 05:48:32', NULL, '3', '2017-10-07', '0', NULL),
('489', '18', '35', '20', '2017-10-07 06:08:58', NULL, '3', '2017-10-07', '0', NULL),
('490', '25', '57', '20', '2017-10-07 06:08:58', NULL, '3', '2017-10-07', '0', NULL),
('491', '20', '19', '20', '2017-10-07 06:08:58', NULL, '3', '2017-10-07', '0', NULL),
('492', '30', '88', '20', '2017-10-07 06:15:22', NULL, '3', '2017-10-07', NULL, NULL),
('493', '30', '88', '20', '2017-10-07 06:15:22', 'Updated.', '3', '2017-10-07', '0', NULL),
('494', '13', '66', '20', '2017-10-07 06:15:50', NULL, '3', '2017-10-07', '0', NULL),
('495', '10', '59', '20', '2017-10-07 06:24:58', NULL, '3', '2017-10-07', '0', NULL),
('496', '18', '36', '12', '2017-10-08 10:32:29', NULL, '3', '2017-10-08', '0', NULL),
('497', '25', '58', '12', '2017-10-08 10:32:29', NULL, '3', '2017-10-08', '0', NULL),
('498', '20', '20', '12', '2017-10-08 10:32:29', NULL, '3', '2017-10-08', '0', NULL),
('499', '18', '37', '12', '2017-10-08 10:36:13', NULL, '3', '2017-10-08', '0', NULL),
('500', '25', '59', '12', '2017-10-08 10:36:13', NULL, '3', '2017-10-08', '0', NULL),
('501', '20', '21', '12', '2017-10-08 10:36:13', NULL, '3', '2017-10-08', '0', NULL),
('502', '30', '89', '12', '2017-10-08 14:09:05', NULL, '3', '2017-10-08', '0', NULL),
('503', '13', '67', '12', '2017-10-08 14:09:05', NULL, '3', '2017-10-08', '0', NULL),
('504', '10', '60', '12', '2017-10-08 14:09:05', NULL, '3', '2017-10-08', '0', NULL),
('505', '30', '90', '12', '2017-10-08 14:09:44', NULL, '3', '2017-10-08', '0', NULL),
('506', '13', '68', '12', '2017-10-08 14:09:44', NULL, '3', '2017-10-08', '0', NULL),
('507', '10', '61', '12', '2017-10-08 14:09:44', NULL, '3', '2017-10-08', '0', NULL),
('508', '12', '18', '12', '2017-10-08 14:40:37', NULL, '3', '2017-10-08', '0', NULL),
('509', '22', '32', '12', '2017-10-09 00:37:41', NULL, '3', '2017-10-09', '0', NULL),
('510', '12', '19', '12', '2017-10-09 00:38:16', NULL, '3', '2017-10-09', '0', NULL),
('511', '18', '38', '20', '2017-10-09 03:37:19', NULL, '3', '2017-10-09', '0', NULL),
('512', '25', '60', '20', '2017-10-09 03:37:48', NULL, '3', '2017-10-09', '0', NULL),
('513', '20', '22', '20', '2017-10-09 03:38:31', NULL, '3', '2017-10-09', '0', NULL),
('514', '22', '33', '20', '2017-10-09 03:40:33', NULL, '3', '2017-10-09', '0', NULL),
('515', '18', '39', '20', '2017-10-09 03:43:12', NULL, '3', '2017-10-09', '0', NULL),
('516', '25', '61', '20', '2017-10-09 03:43:47', NULL, '3', '2017-10-09', '0', NULL),
('517', '20', '23', '20', '2017-10-09 03:44:36', NULL, '3', '2017-10-09', '0', NULL),
('518', '22', '34', '20', '2017-10-09 03:46:27', NULL, '3', '2017-10-09', '0', NULL),
('519', '18', '40', '20', '2017-10-09 03:47:53', NULL, '3', '2017-10-09', '0', NULL),
('520', '25', '62', '20', '2017-10-09 03:48:24', NULL, '3', '2017-10-09', '0', NULL),
('521', '20', '24', '20', '2017-10-09 03:48:59', NULL, '3', '2017-10-09', '0', NULL),
('522', '22', '35', '20', '2017-10-09 03:49:35', NULL, '3', '2017-10-09', '0', NULL),
('523', '18', '41', '20', '2017-10-09 03:51:29', NULL, '3', '2017-10-09', '0', NULL),
('524', '25', '63', '20', '2017-10-09 03:52:30', NULL, '3', '2017-10-09', '0', NULL),
('525', '20', '25', '20', '2017-10-09 03:53:29', NULL, '3', '2017-10-09', '0', NULL),
('526', '22', '36', '20', '2017-10-09 03:53:57', NULL, '3', '2017-10-09', '0', NULL),
('527', '32', '43', '20', '2017-10-09 05:11:07', NULL, '3', '2017-10-09', '0', NULL),
('528', '30', '91', '20', '2017-10-09 05:11:20', NULL, '3', '2017-10-09', '0', NULL),
('529', '13', '69', '20', '2017-10-09 05:11:41', NULL, '3', '2017-10-09', '0', NULL),
('530', '10', '62', '20', '2017-10-09 05:12:14', NULL, '3', '2017-10-09', '0', NULL),
('531', '12', '20', '20', '2017-10-09 05:13:14', NULL, '3', '2017-10-09', '0', NULL),
('532', '32', '44', '20', '2017-10-09 05:15:12', NULL, '3', '2017-10-09', '0', NULL),
('533', '30', '92', '20', '2017-10-09 05:15:24', NULL, '3', '2017-10-09', '0', NULL),
('534', '13', '70', '20', '2017-10-09 05:15:47', NULL, '3', '2017-10-09', '0', NULL),
('535', '10', '63', '20', '2017-10-09 05:16:17', NULL, '3', '2017-10-09', '0', NULL),
('536', '12', '21', '20', '2017-10-09 05:16:57', NULL, '3', '2017-10-09', '0', NULL),
('537', '32', '45', '20', '2017-10-09 05:19:40', NULL, '3', '2017-10-09', NULL, NULL),
('538', '32', '45', '20', '2017-10-09 05:19:40', 'Updated.', '3', '2017-10-09', '0', NULL),
('539', '30', '93', '20', '2017-10-09 05:19:53', NULL, '3', '2017-10-09', '0', NULL),
('540', '13', '71', '20', '2017-10-09 05:20:11', NULL, '3', '2017-10-09', '0', NULL),
('541', '10', '64', '20', '2017-10-09 05:20:38', NULL, '3', '2017-10-09', '0', NULL),
('542', '12', '22', '20', '2017-10-09 05:21:05', NULL, '3', '2017-10-09', '0', NULL),
('543', '10', '65', '20', '2017-10-09 05:23:57', NULL, '3', '2017-10-09', '0', NULL),
('544', '12', '23', '20', '2017-10-09 05:23:57', NULL, '3', '2017-10-09', '0', NULL),
('545', '13', '72', '20', '2017-10-09 05:25:30', NULL, '3', '2017-10-09', '0', NULL),
('546', '10', '66', '20', '2017-10-09 05:27:00', NULL, '3', '2017-10-09', '0', NULL),
('547', '30', '94', '20', '2017-10-09 05:56:36', NULL, '3', '2017-10-09', '0', NULL),
('548', '13', '73', '20', '2017-10-09 05:56:36', NULL, '3', '2017-10-09', '0', NULL),
('549', '10', '67', '20', '2017-10-09 05:56:36', NULL, '3', '2017-10-09', '0', NULL),
('550', '30', '85', '12', '2017-10-09 07:19:18', 'Updated.', '3', '2017-10-07', NULL, NULL),
('551', '30', '85', '12', '2017-10-09 07:19:18', 'Updated.', '3', '2017-10-07', '0', NULL),
('552', '32', '11', '12', '2017-10-09 08:48:18', 'Updated.', '3', '2017-09-24', NULL, NULL),
('553', '32', '11', '12', '2017-10-09 08:48:18', 'Updated.', '3', '2017-09-24', '0', NULL),
('554', '32', '12', '12', '2017-10-09 08:53:02', 'Updated.', '3', '2017-09-24', '0', NULL),
('555', '0', '3', '12', '2017-10-09 09:43:39', 'Voided WO #3', '3', '2017-10-09', '0', NULL),
('556', '0', '4', '12', '2017-10-09 09:43:39', 'Voided WO #3', '3', '2017-10-09', '0', NULL),
('557', '26', '3', '12', '2017-10-09 09:43:39', 'Voided.\n', '3', '2017-10-09', '0', NULL),
('560', '30', '95', '12', '2017-10-09 09:46:18', NULL, '3', '2017-10-09', '0', NULL),
('561', '13', '74', '12', '2017-10-09 09:46:18', NULL, '3', '2017-10-09', '0', NULL),
('562', '10', '68', '12', '2017-10-09 09:46:18', NULL, '3', '2017-10-09', '0', NULL),
('563', '30', '96', '12', '2017-10-09 09:47:13', NULL, '3', '2017-10-09', '0', NULL),
('564', '13', '75', '12', '2017-10-09 09:47:13', NULL, '3', '2017-10-09', '0', NULL),
('565', '10', '69', '12', '2017-10-09 09:47:13', NULL, '3', '2017-10-09', '0', NULL),
('566', '30', '97', '12', '2017-10-09 13:52:34', NULL, '3', '2017-10-09', '0', NULL),
('567', '13', '76', '12', '2017-10-09 13:52:34', NULL, '3', '2017-10-09', '0', NULL),
('568', '10', '70', '12', '2017-10-09 13:52:34', NULL, '3', '2017-10-09', '0', NULL),
('569', '30', '98', '12', '2017-10-09 13:53:12', NULL, '3', '2017-10-09', '0', NULL),
('570', '13', '77', '12', '2017-10-09 13:53:12', NULL, '3', '2017-10-09', '0', NULL),
('571', '10', '71', '12', '2017-10-09 13:53:12', NULL, '3', '2017-10-09', '0', NULL),
('572', '30', '99', '12', '2017-10-09 13:53:59', NULL, '3', '2017-10-09', '0', NULL),
('573', '13', '78', '12', '2017-10-09 13:54:19', NULL, '3', '2017-10-09', '0', NULL),
('574', '10', '72', '12', '2017-10-09 13:55:25', NULL, '3', '2017-10-09', '0', NULL),
('575', '30', '100', '12', '2017-10-09 13:56:25', NULL, '3', '2017-10-09', '0', NULL),
('576', '13', '79', '12', '2017-10-09 13:56:40', NULL, '3', '2017-10-09', '0', NULL),
('577', '10', '73', '12', '2017-10-09 13:57:25', NULL, '3', '2017-10-09', '0', NULL),
('578', '10', '74', '12', '2017-10-09 13:58:06', NULL, '3', '2017-10-09', '0', NULL),
('579', '18', '42', '20', '2017-10-10 00:08:13', NULL, '3', '2017-10-10', '0', NULL),
('580', '25', '64', '20', '2017-10-10 00:08:24', NULL, '3', '2017-10-10', '0', NULL),
('581', '32', '46', '12', '2017-10-10 00:46:08', NULL, '3', '2017-10-10', '0', NULL),
('582', '32', '47', '12', '2017-10-10 00:54:13', NULL, '3', '2017-10-10', '0', NULL),
('583', '18', '43', '20', '2017-10-10 01:06:10', NULL, '3', '2017-10-10', '0', NULL),
('584', '25', '65', '20', '2017-10-10 01:06:57', NULL, '3', '2017-10-10', '0', NULL),
('585', '20', '26', '20', '2017-10-10 01:30:55', NULL, '3', '2017-10-10', NULL, NULL),
('586', '22', '37', '20', '2017-10-10 01:09:08', NULL, '3', '2017-10-10', '0', NULL),
('587', '18', '44', '20', '2017-10-10 01:26:15', NULL, '3', '2017-10-10', '0', NULL),
('588', '22', '38', '20', '2017-10-10 01:27:15', NULL, '3', '2017-10-10', '0', NULL),
('589', '12', '24', '12', '2017-10-10 01:28:20', NULL, '3', '2017-10-10', '0', NULL),
('590', '20', '26', '20', '2017-10-10 01:30:55', 'Voided.\nDocument reentered.', '3', '2017-10-10', '0', NULL),
('591', '20', '27', '20', '2017-10-10 01:30:55', NULL, '3', '2017-10-10', '0', NULL),
('592', '21', '5', '20', '2017-10-10 01:32:46', NULL, '3', '2017-10-10', '0', NULL),
('593', '25', '66', '20', '2017-10-10 01:34:48', NULL, '3', '2017-10-10', '0', NULL),
('594', '20', '28', '20', '2017-10-10 01:37:51', NULL, '3', '2017-10-10', NULL, NULL),
('595', '20', '28', '20', '2017-10-10 01:37:51', 'Voided.\nDocument reentered.', '3', '2017-10-10', '0', NULL),
('596', '20', '29', '20', '2017-10-10 01:37:51', NULL, '3', '2017-10-10', '0', NULL),
('597', '32', '48', '20', '2017-10-10 01:41:15', NULL, '3', '2017-10-10', '0', NULL),
('598', '30', '101', '20', '2017-10-10 01:41:56', NULL, '3', '2017-10-10', '0', NULL),
('599', '13', '80', '20', '2017-10-10 01:42:13', NULL, '3', '2017-10-10', '0', NULL),
('600', '10', '75', '20', '2017-10-10 01:42:35', NULL, '3', '2017-10-10', '0', NULL),
('601', '12', '25', '20', '2017-10-10 01:43:49', NULL, '3', '2017-10-10', '0', NULL),
('602', '12', '26', '20', '2017-10-10 02:24:50', NULL, '3', '2017-10-10', '0', NULL),
('603', '18', '45', '20', '2017-10-10 02:29:02', NULL, '3', '2017-10-10', '0', NULL),
('604', '25', '67', '20', '2017-10-10 02:29:39', NULL, '3', '2017-10-10', '0', NULL),
('605', '20', '30', '20', '2017-10-10 02:30:17', NULL, '3', '2017-10-10', '0', NULL),
('606', '22', '39', '20', '2017-10-10 02:31:11', NULL, '3', '2017-10-10', '0', NULL),
('607', '32', '49', '20', '2017-10-10 02:33:35', NULL, '3', '2017-10-10', '0', NULL),
('608', '30', '102', '20', '2017-10-10 02:33:45', NULL, '3', '2017-10-10', '0', NULL),
('609', '12', '27', '20', '2017-10-10 02:36:30', NULL, '3', '2017-10-10', '0', NULL),
('610', '13', '81', '20', '2017-10-10 02:38:11', NULL, '3', '2017-10-10', '0', NULL),
('611', '32', '50', '12', '2017-10-10 02:54:02', NULL, '3', '2017-10-10', '0', NULL),
('612', '30', '103', '12', '2017-10-10 02:59:33', NULL, '3', '2017-10-10', '0', NULL),
('613', '32', '51', '20', '2017-10-10 03:14:59', NULL, '3', '2017-10-10', '0', NULL),
('614', '30', '104', '20', '2017-10-10 03:21:40', NULL, '3', '2017-10-10', '0', NULL),
('615', '13', '82', '20', '2017-10-10 03:21:58', NULL, '3', '2017-10-10', '0', NULL),
('616', '10', '76', '20', '2017-10-10 03:25:41', NULL, '3', '2017-10-10', '0', NULL),
('617', '32', '52', '20', '2017-10-10 03:39:56', NULL, '3', '2017-10-10', '0', NULL),
('618', '30', '105', '20', '2017-10-10 03:42:16', NULL, '3', '2017-10-10', '0', NULL),
('619', '13', '83', '20', '2017-10-10 03:45:10', NULL, '3', '2017-10-10', '0', NULL),
('620', '10', '77', '20', '2017-10-10 03:46:26', NULL, '3', '2017-10-10', '0', NULL),
('621', '12', '28', '20', '2017-10-10 03:47:20', NULL, '3', '2017-10-10', '0', NULL),
('622', '32', '53', '20', '2017-10-10 03:52:13', NULL, '3', '2017-10-10', '0', NULL),
('623', '30', '106', '20', '2017-10-10 03:53:25', NULL, '3', '2017-10-10', '0', NULL),
('624', '13', '84', '20', '2017-10-10 03:54:06', NULL, '3', '2017-10-10', '0', NULL),
('625', '10', '78', '20', '2017-10-10 03:54:45', NULL, '3', '2017-10-10', '0', NULL),
('626', '12', '29', '20', '2017-10-10 03:55:32', NULL, '3', '2017-10-10', '0', NULL),
('627', '32', '54', '20', '2017-10-10 05:12:55', NULL, '3', '2017-10-10', '0', NULL),
('628', '30', '107', '20', '2017-10-10 05:14:12', NULL, '3', '2017-10-10', '0', NULL);
INSERT INTO `0_audit_trail` VALUES
('629', '13', '85', '20', '2017-10-10 05:14:54', NULL, '3', '2017-10-10', '0', NULL),
('630', '10', '79', '20', '2017-10-10 05:15:34', NULL, '3', '2017-10-10', '0', NULL),
('631', '12', '30', '20', '2017-10-10 05:16:28', NULL, '3', '2017-10-10', '0', NULL),
('632', '32', '55', '20', '2017-10-10 05:19:42', NULL, '3', '2017-10-10', '0', NULL),
('633', '30', '108', '20', '2017-10-10 05:21:11', NULL, '3', '2017-10-10', '0', NULL),
('634', '13', '86', '20', '2017-10-10 05:21:51', NULL, '3', '2017-10-10', '0', NULL),
('635', '10', '80', '20', '2017-10-10 05:22:21', NULL, '3', '2017-10-10', '0', NULL),
('636', '18', '46', '20', '2017-10-10 05:48:02', NULL, '3', '2017-10-10', '0', NULL),
('637', '25', '68', '20', '2017-10-10 05:49:39', NULL, '3', '2017-10-10', '0', NULL),
('638', '20', '31', '20', '2017-10-10 05:50:30', NULL, '3', '2017-10-10', '0', NULL),
('639', '22', '40', '20', '2017-10-10 05:51:47', NULL, '3', '2017-10-10', '0', NULL),
('640', '18', '47', '20', '2017-10-10 06:01:55', NULL, '3', '2017-10-10', '0', NULL),
('641', '25', '69', '20', '2017-10-10 06:02:44', NULL, '3', '2017-10-10', '0', NULL),
('642', '20', '32', '20', '2017-10-10 06:03:25', NULL, '3', '2017-10-10', '0', NULL),
('643', '22', '41', '20', '2017-10-10 06:04:30', NULL, '3', '2017-10-10', '0', NULL),
('644', '18', '48', '20', '2017-10-10 06:09:59', NULL, '3', '2017-10-10', '0', NULL),
('645', '25', '70', '20', '2017-10-10 06:11:04', NULL, '3', '2017-10-10', '0', NULL),
('646', '20', '33', '20', '2017-10-10 06:11:59', NULL, '3', '2017-10-10', '0', NULL),
('647', '22', '42', '20', '2017-10-10 06:13:23', NULL, '3', '2017-10-10', '0', NULL),
('648', '18', '49', '20', '2017-10-10 06:17:05', NULL, '3', '2017-10-10', '0', NULL),
('649', '25', '71', '20', '2017-10-10 06:18:04', NULL, '3', '2017-10-10', '0', NULL),
('650', '20', '34', '20', '2017-10-10 06:18:45', NULL, '3', '2017-10-10', '0', NULL),
('651', '22', '43', '20', '2017-10-10 06:19:36', NULL, '3', '2017-10-10', '0', NULL),
('652', '32', '56', '20', '2017-10-10 06:31:24', NULL, '3', '2017-10-10', '0', NULL),
('653', '30', '109', '20', '2017-10-10 06:31:55', NULL, '3', '2017-10-10', '0', NULL),
('654', '13', '87', '20', '2017-10-10 06:32:31', NULL, '3', '2017-10-10', '0', NULL),
('655', '10', '81', '20', '2017-10-10 06:32:53', NULL, '3', '2017-10-10', '0', NULL);

### Structure of table `0_bank_accounts` ###

DROP TABLE IF EXISTS `0_bank_accounts`;

CREATE TABLE `0_bank_accounts` (
  `account_code` varchar(15) COLLATE utf8_unicode_ci NOT NULL DEFAULT '',
  `account_type` smallint(6) NOT NULL DEFAULT '0',
  `bank_account_name` varchar(60) COLLATE utf8_unicode_ci NOT NULL DEFAULT '',
  `bank_account_number` varchar(100) COLLATE utf8_unicode_ci NOT NULL DEFAULT '',
  `bank_name` varchar(60) COLLATE utf8_unicode_ci NOT NULL DEFAULT '',
  `bank_address` tinytext COLLATE utf8_unicode_ci,
  `bank_curr_code` char(3) COLLATE utf8_unicode_ci NOT NULL DEFAULT '',
  `dflt_curr_act` tinyint(1) NOT NULL DEFAULT '0',
  `id` smallint(6) NOT NULL AUTO_INCREMENT,
  `bank_charge_act` varchar(15) COLLATE utf8_unicode_ci NOT NULL DEFAULT '',
  `last_reconciled_date` timestamp NOT NULL DEFAULT '0000-00-00 00:00:00',
  `ending_reconcile_balance` double NOT NULL DEFAULT '0',
  `inactive` tinyint(1) NOT NULL DEFAULT '0',
  PRIMARY KEY (`id`),
  KEY `bank_account_name` (`bank_account_name`),
  KEY `bank_account_number` (`bank_account_number`),
  KEY `account_code` (`account_code`)
) ENGINE=InnoDB AUTO_INCREMENT=6 DEFAULT CHARSET=utf8 COLLATE=utf8_unicode_ci ;

### Data of table `0_bank_accounts` ###

INSERT INTO `0_bank_accounts` VALUES
('10121', '0', 'CUSTOMER PO ACCOUNT', '', 'CUSTOMER PO ACCOUNT', NULL, 'PKR', '0', '1', '101291', '0000-00-00 00:00:00', '0', '0'),
('10122', '0', 'SCB', '', 'SCB', NULL, 'PKR', '0', '2', '5036', '0000-00-00 00:00:00', '0', '0'),
('10111', '3', 'Cash in Hand', '', 'Cash in Hand', NULL, 'PKR', '0', '3', '5036', '0000-00-00 00:00:00', '0', '0'),
('10112', '3', 'Petty Cash', '', 'Petty Cash', NULL, 'PKR', '0', '4', '5036', '0000-00-00 00:00:00', '0', '0'),
('10123', '0', 'Bank 3', '', 'Bank 3', NULL, 'PKR', '0', '5', '5036', '0000-00-00 00:00:00', '0', '0');

### Structure of table `0_bank_trans` ###

DROP TABLE IF EXISTS `0_bank_trans`;

CREATE TABLE `0_bank_trans` (
  `id` int(11) NOT NULL AUTO_INCREMENT,
  `type` smallint(6) DEFAULT NULL,
  `trans_no` int(11) DEFAULT NULL,
  `bank_act` varchar(15) COLLATE utf8_unicode_ci NOT NULL DEFAULT '',
  `ref` varchar(40) COLLATE utf8_unicode_ci DEFAULT NULL,
  `trans_date` date NOT NULL DEFAULT '0000-00-00',
  `amount` double DEFAULT NULL,
  `dimension_id` int(11) NOT NULL DEFAULT '0',
  `dimension2_id` int(11) NOT NULL DEFAULT '0',
  `person_type_id` int(11) NOT NULL DEFAULT '0',
  `person_id` tinyblob,
  `reconciled` date DEFAULT NULL,
  `cheque` int(11) NOT NULL,
  `cheque_date` date DEFAULT NULL,
  `text_1` varchar(50) COLLATE utf8_unicode_ci DEFAULT NULL,
  `text_2` varchar(50) COLLATE utf8_unicode_ci DEFAULT NULL,
  `text_3` varchar(50) COLLATE utf8_unicode_ci NOT NULL,
  PRIMARY KEY (`id`),
  KEY `bank_act` (`bank_act`,`ref`),
  KEY `type` (`type`,`trans_no`),
  KEY `bank_act_2` (`bank_act`,`reconciled`),
  KEY `bank_act_3` (`bank_act`,`trans_date`)
) ENGINE=InnoDB AUTO_INCREMENT=91 DEFAULT CHARSET=utf8 COLLATE=utf8_unicode_ci ;

### Data of table `0_bank_trans` ###

INSERT INTO `0_bank_trans` VALUES
('1', '12', '1', '1', 'CP001/09/2017', '2017-09-13', '1000', '0', '0', '2', '1', NULL, '0', NULL, NULL, NULL, ''),
('2', '22', '1', '1', 'SP001/09/2017', '2017-09-13', '-1000', '0', '0', '3', '1', NULL, '0', NULL, NULL, NULL, ''),
('3', '12', '2', '5', 'CP002/09/2017', '2017-09-13', '58700', '0', '0', '2', '1', NULL, '0', NULL, NULL, NULL, ''),
('4', '1', '1', '5', 'BPV001/09/2017', '2017-09-20', '-5000', '0', '0', '0', 'test', NULL, '12354', NULL, NULL, NULL, ''),
('5', '1', '2', '5', 'BPV002/09/2017', '2017-09-21', '-4234', '0', '0', '0', NULL, NULL, '0', NULL, NULL, NULL, ''),
('6', '12', '3', '5', 'CP003/09/2017', '2017-09-22', '88000000', '0', '0', '2', '3', NULL, '0', '2017-09-22', NULL, NULL, ''),
('7', '12', '4', '5', 'CP004/09/2017', '2017-09-23', '1586800', '0', '0', '2', '3', NULL, '0', NULL, NULL, NULL, ''),
('8', '12', '5', '5', 'CP005/09/2017', '2017-09-26', '60000', '0', '0', '2', '1', NULL, '0', NULL, NULL, NULL, ''),
('9', '22', '2', '1', 'SP002/09/2017', '2017-09-28', '-347', '0', '0', '3', '1', NULL, '0', '2017-10-18', NULL, NULL, ''),
('10', '1', '3', '5', 'BPV003/09/2017', '2017-09-28', '-10000', '0', '0', '3', '2', NULL, '0', '2017-09-28', NULL, NULL, ''),
('11', '22', '3', '1', 'SP003/09/2017', '2017-09-28', '-253.5', '0', '0', '3', '1', NULL, '0', '2017-10-18', NULL, NULL, ''),
('12', '22', '4', '1', 'SP004/09/2017', '2017-09-28', '-172', '0', '0', '3', '1', NULL, '445', '2017-10-18', '5', '6', '7'),
('13', '22', '5', '1', 'SP005/09/2017', '2017-09-28', '-397', '0', '0', '3', '1', NULL, '0', '2017-10-18', NULL, NULL, ''),
('14', '22', '6', '1', 'SP006/09/2017', '2017-09-28', '-82.5', '0', '0', '3', '1', NULL, '0', '2017-10-18', NULL, NULL, ''),
('15', '22', '7', '1', 'SP007/09/2017', '2017-09-28', '-84.5', '0', '0', '3', '1', NULL, '0', '2017-10-18', NULL, NULL, ''),
('16', '22', '8', '1', 'SP008/09/2017', '2017-09-28', '-121.25', '0', '0', '3', '1', NULL, '0', '2017-10-18', NULL, NULL, ''),
('17', '12', '6', '3', 'CP006/09/2017', '2017-09-28', '100', '0', '0', '2', '5', NULL, '0', '0000-00-00', NULL, NULL, ''),
('18', '1', '4', '5', 'BPV004/09/2017', '2017-09-28', '-12354', '0', '0', '0', NULL, NULL, '456', '2017-09-29', NULL, NULL, ''),
('19', '12', '7', '3', 'CP007/09/2017', '2017-09-28', '341.5', '0', '0', '2', '5', NULL, '0', '0000-00-00', NULL, NULL, ''),
('20', '22', '9', '1', 'SP009/09/2017', '2017-09-28', '-155', '0', '0', '3', '1', NULL, '0', '2017-09-28', NULL, NULL, ''),
('21', '22', '10', '1', 'SP010/09/2017', '2017-09-28', '-351.5', '0', '0', '3', '1', NULL, '0', '0000-00-00', NULL, NULL, ''),
('22', '22', '11', '1', 'SP011/09/2017', '2017-09-28', '-247.8', '0', '0', '3', '1', NULL, '0', '0000-00-00', NULL, NULL, ''),
('23', '12', '8', '5', 'CP008/09/2017', '2017-09-28', '392', '0', '0', '2', '5', NULL, '0', '0000-00-00', NULL, NULL, ''),
('24', '22', '12', '1', 'SP001/10/2017', '2017-10-02', '-346.5', '0', '0', '3', '1', NULL, '0', '0000-00-00', NULL, NULL, ''),
('25', '22', '13', '1', 'SP002/10/2017', '2017-10-02', '-447', '0', '0', '3', '1', NULL, '0', '0000-00-00', NULL, NULL, ''),
('26', '22', '14', '1', 'SP003/10/2017', '2017-10-02', '-245705', '0', '0', '3', '1', NULL, '7', '0020-00-08', '6', NULL, ''),
('27', '22', '15', '1', 'SP004/10/2017', '2017-10-02', '-40196.4', '0', '0', '3', '1', NULL, '1', '0020-00-02', '3', NULL, ''),
('28', '1', '5', '5', 'BPV001/10/2017', '2017-10-02', '-420', '0', '0', '0', NULL, NULL, '752', '2017-10-02', '1', '2', '3'),
('29', '2', '1', '5', 'BRV001/10/2017', '2017-10-02', '150', '0', '0', '0', NULL, NULL, '885', '2017-10-02', '1', '8', '5'),
('30', '41', '1', '3', 'CPV001/10/2017', '2017-10-02', '-450', '0', '0', '0', NULL, NULL, '0', '0000-00-00', '1', '2', '1'),
('31', '12', '9', '5', 'CP001/10/2017', '2017-10-02', '392', '0', '0', '2', '5', NULL, '0', '2017-10-02', '1', '2', '3'),
('32', '12', '10', '5', 'CP002/10/2017', '2017-10-02', '91.8', '0', '0', '2', '5', NULL, '0', '2017-10-02', '1', '2', '3'),
('33', '22', '16', '1', 'SP005/10/2017', '2017-10-02', '-6904.8', '0', '0', '3', '1', NULL, '22', '0000-00-00', '44', NULL, ''),
('34', '1', '6', '5', 'BPV002/10/2017', '2017-10-02', '-450', '0', '0', '0', NULL, NULL, '2234', '2017-10-02', '2', '3', '4'),
('35', '22', '17', '1', 'SP006/10/2017', '2017-10-02', '-248244', '0', '0', '3', '1', NULL, '1', '0020-00-04', '5', NULL, ''),
('36', '22', '18', '1', 'SP007/10/2017', '2017-10-02', '-405739.2', '0', '0', '3', '1', NULL, '2', '0020-00-03', '4', NULL, ''),
('37', '22', '19', '1', 'SP008/10/2017', '2017-10-02', '-1690', '0', '0', '3', '1', NULL, '5', '0020-00-06', '7', NULL, ''),
('38', '22', '20', '1', 'SP009/10/2017', '2017-10-02', '-423.6', '0', '0', '3', '1', NULL, '8', '2017-10-22', '8', '9', '10'),
('39', '22', '21', '1', 'SP010/10/2017', '2017-10-02', '-629', '0', '0', '3', '1', NULL, '0', '0000-00-00', NULL, NULL, ''),
('40', '22', '22', '1', 'SP011/10/2017', '2017-10-02', '-2701225.2', '0', '0', '3', '1', NULL, '7', '0020-00-08', '9', NULL, ''),
('41', '22', '23', '1', 'SP012/10/2017', '2017-10-02', '-2829', '0', '0', '3', '1', NULL, '5', '0020-00-06', '7', NULL, ''),
('42', '12', '11', '3', 'CP003/10/2017', '2017-10-02', '454.8', '0', '0', '2', '5', NULL, '0', '2017-10-02', '8', '9', '10'),
('43', '12', '12', '5', 'CP004/10/2017', '2017-10-02', '547', '0', '0', '2', '5', NULL, '0', '2017-10-02', '8', '9', '7'),
('44', '22', '24', '1', 'SP013/10/2017', '2017-10-02', '-39480', '0', '0', '3', '1', NULL, '1', '0020-00-01', '2', NULL, ''),
('45', '1', '7', '5', 'BPV003/10/2017', '2017-10-02', '-120', '0', '0', '0', NULL, NULL, '885', '2017-10-02', '8', '8', '5'),
('46', '22', '25', '1', 'SP014/10/2017', '2017-10-03', '-6156.51', '0', '0', '3', '1', NULL, '0', '0000-00-00', NULL, NULL, ''),
('47', '22', '26', '1', 'SP015/10/2017', '2017-10-03', '-80', '0', '0', '3', '1', NULL, '0', '0000-00-00', NULL, NULL, ''),
('48', '0', '1', '3', NULL, '2017-10-03', '-1', '0', '0', '1', '2', NULL, '0', '0000-00-00', NULL, NULL, ''),
('49', '0', '2', '3', NULL, '2017-10-03', '-1', '0', '0', '1', '2', NULL, '0', '0000-00-00', NULL, NULL, ''),
('50', '0', '3', '3', NULL, '2017-10-04', '-1', '0', '0', '1', '3', NULL, '0', '0000-00-00', NULL, NULL, ''),
('51', '0', '4', '3', NULL, '2017-10-04', '-1', '0', '0', '1', '3', NULL, '0', '0000-00-00', NULL, NULL, ''),
('52', '22', '27', '1', 'SP016/10/2017', '2017-10-06', '-5850', '0', '0', '3', '8', NULL, '0', '0000-00-00', NULL, NULL, ''),
('53', '12', '13', '2', 'CP005/10/2017', '2017-10-06', '8424', '0', '0', '2', '5', NULL, '0', '0000-00-00', '0', '0', '0'),
('54', '12', '14', '2', 'CP006/10/2017', '2017-10-06', '5000', '0', '0', '2', '6', NULL, '0', '0000-00-00', '0', '0', '0'),
('55', '22', '28', '1', 'SP017/10/2017', '2017-10-07', '-12285', '0', '0', '3', '3', NULL, '0', '0000-00-00', NULL, NULL, ''),
('56', '22', '29', '1', 'SP018/10/2017', '2017-10-07', '-10822.5', '0', '0', '3', '4', NULL, '0', '0000-00-00', NULL, NULL, ''),
('57', '22', '30', '1', 'SP019/10/2017', '2017-10-07', '-6844.5', '0', '0', '3', '8', NULL, '0', '0000-00-00', NULL, NULL, ''),
('58', '12', '15', '5', 'CP007/10/2017', '2017-10-07', '10000', '0', '0', '2', '15', NULL, '0', '2017-10-07', NULL, NULL, ''),
('59', '12', '16', '1', 'CP008/10/2017', '2017-10-07', '9000', '0', '0', '2', '17', NULL, '0', '2017-10-07', NULL, NULL, ''),
('60', '22', '31', '1', 'SP020/10/2017', '2017-10-07', '-624', '0', '0', '3', '2', NULL, '0', '0000-00-00', NULL, NULL, ''),
('61', '12', '17', '5', 'CP009/10/2017', '2017-10-07', '1798290', '0', '0', '2', '24', NULL, '0', '2017-10-07', NULL, NULL, ''),
('62', '41', '2', '3', 'CPV002/10/2017', '2017-10-07', '-3531800', '0', '0', '0', NULL, NULL, '0', '0000-00-00', NULL, NULL, ''),
('63', '1', '8', '5', 'BPV004/10/2017', '2017-10-07', '-3519788', '0', '0', '0', NULL, NULL, '0', '2017-10-07', NULL, NULL, ''),
('64', '2', '2', '1', 'BRV002/10/2017', '2017-10-07', '2587500', '0', '0', '2', '25', NULL, '0', '2017-10-07', NULL, NULL, ''),
('65', '1', '9', '1', 'BPV005/10/2017', '2017-10-07', '-2587500', '0', '0', '0', NULL, NULL, '0', '2017-10-07', NULL, NULL, ''),
('66', '12', '18', '5', 'CP010/10/2017', '2017-10-08', '1', '0', '0', '2', '24', NULL, '0', '2017-10-08', NULL, NULL, ''),
('67', '22', '32', '1', 'SP021/10/2017', '2017-10-09', '-271', '0', '0', '3', '2', NULL, '0', '0000-00-00', NULL, NULL, ''),
('68', '12', '19', '3', 'CP011/10/2017', '2017-10-09', '377', '0', '0', '2', '24', NULL, '0', '2017-10-09', NULL, NULL, ''),
('69', '22', '33', '2', 'SP022/10/2017', '2017-10-09', '-200000', '0', '0', '3', '10', NULL, '0', '0000-00-00', NULL, NULL, ''),
('70', '22', '34', '2', 'SP023/10/2017', '2017-10-09', '-320000', '0', '0', '3', '11', NULL, '0', '0000-00-00', NULL, NULL, ''),
('71', '22', '35', '5', 'SP024/10/2017', '2017-10-09', '-131625', '0', '0', '3', '12', NULL, '0', '0000-00-00', NULL, NULL, ''),
('72', '22', '36', '5', 'SP025/10/2017', '2017-10-09', '-109687.5', '0', '0', '3', '13', NULL, '0', '0000-00-00', NULL, NULL, ''),
('73', '12', '20', '2', 'CP012/10/2017', '2017-10-09', '150000', '0', '0', '2', '27', NULL, '0', '2017-10-09', NULL, NULL, ''),
('74', '12', '21', '1', 'CP013/10/2017', '2017-10-09', '52500', '0', '0', '2', '27', NULL, '0', '2017-10-09', NULL, NULL, ''),
('75', '12', '22', '2', 'CP014/10/2017', '2017-10-09', '234000', '0', '0', '2', '28', NULL, '0', '2017-10-09', NULL, NULL, ''),
('76', '12', '23', '2', 'CP015/10/2017', '2017-10-09', '2722000', '0', '0', '2', '17', NULL, '0', '0000-00-00', '0', '0', '0'),
('77', '22', '37', '2', 'SP026/10/2017', '2017-10-10', '-29275', '0', '0', '3', '14', NULL, '0', '0000-00-00', NULL, NULL, ''),
('78', '22', '38', '2', 'SP027/10/2017', '2017-10-10', '-29250', '0', '0', '3', '14', NULL, '0', '0000-00-00', NULL, NULL, ''),
('79', '12', '24', '5', 'CP016/10/2017', '2017-10-10', '234', '0', '0', '2', '24', NULL, '0', '2017-10-11', NULL, NULL, ''),
('80', '12', '25', '2', 'CP017/10/2017', '2017-10-10', '28200', '0', '0', '2', '29', NULL, '0', '2017-10-10', NULL, NULL, ''),
('81', '12', '26', '2', 'CP018/10/2017', '2017-10-10', '1000000', '0', '0', '2', '29', NULL, '0', '2017-10-10', NULL, NULL, ''),
('82', '22', '39', '2', 'SP028/10/2017', '2017-10-10', '-1755000', '0', '0', '3', '14', NULL, '0', '0000-00-00', NULL, NULL, ''),
('83', '12', '27', '2', 'CP019/10/2017', '2017-10-10', '500000', '0', '0', '2', '29', NULL, '0', '2017-10-10', NULL, NULL, ''),
('84', '12', '28', '1', 'CP020/10/2017', '2017-10-10', '250', '0', '0', '2', '30', NULL, '0', '2017-10-10', NULL, NULL, ''),
('85', '12', '29', '1', 'CP021/10/2017', '2017-10-10', '12000', '0', '0', '2', '30', NULL, '0', '2017-10-10', NULL, NULL, ''),
('86', '12', '30', '2', 'CP022/10/2017', '2017-10-10', '6800', '0', '0', '2', '30', NULL, '0', '2017-10-10', NULL, NULL, ''),
('87', '22', '40', '1', 'SP029/10/2017', '2017-10-10', '-292.5', '0', '0', '3', '15', NULL, '0', '0000-00-00', NULL, NULL, ''),
('88', '22', '41', '1', 'SP030/10/2017', '2017-10-10', '-63180', '0', '0', '3', '15', NULL, '0', '0000-00-00', NULL, NULL, ''),
('89', '22', '42', '1', 'SP031/10/2017', '2017-10-10', '-78000', '0', '0', '3', '15', NULL, '0', '0000-00-00', NULL, NULL, ''),
('90', '22', '43', '1', 'SP032/10/2017', '2017-10-10', '-78999', '0', '0', '3', '15', NULL, '0', '0000-00-00', NULL, NULL, '');

### Structure of table `0_batch` ###

DROP TABLE IF EXISTS `0_batch`;

CREATE TABLE `0_batch` (
  `id` int(11) NOT NULL,
  `name` varchar(40) NOT NULL,
  `inactive` int(11) NOT NULL
) ENGINE=InnoDB DEFAULT CHARSET=latin1 ;

### Data of table `0_batch` ###

INSERT INTO `0_batch` VALUES
('0', '', '0'),
('0', '9348590', '0'),
('0', '98789u', '0'),
('0', '', '0'),
('0', 't76767', '0'),
('0', '780-0', '0'),
('0', '', '0'),
('0', '87687', '0'),
('0', '', '0'),
('0', '', '0'),
('0', '', '0'),
('0', '', '0'),
('0', '', '0'),
('0', '', '0'),
('0', '8987', '0'),
('0', '4323', '0'),
('0', '78632', '0'),
('0', '', '0'),
('0', '', '0'),
('0', '', '0'),
('0', '45363', '0'),
('0', '', '0'),
('0', '', '0'),
('0', '', '0'),
('0', '', '0');

### Structure of table `0_bom` ###

DROP TABLE IF EXISTS `0_bom`;

CREATE TABLE `0_bom` (
  `id` int(11) NOT NULL AUTO_INCREMENT,
  `parent` char(20) COLLATE utf8_unicode_ci NOT NULL DEFAULT '',
  `component` char(20) COLLATE utf8_unicode_ci NOT NULL DEFAULT '',
  `workcentre_added` int(11) NOT NULL DEFAULT '0',
  `loc_code` char(5) COLLATE utf8_unicode_ci NOT NULL DEFAULT '',
  `quantity` double NOT NULL DEFAULT '1',
  PRIMARY KEY (`parent`,`component`,`workcentre_added`,`loc_code`),
  KEY `component` (`component`),
  KEY `id` (`id`),
  KEY `loc_code` (`loc_code`),
  KEY `parent` (`parent`,`loc_code`),
  KEY `workcentre_added` (`workcentre_added`)
) ENGINE=InnoDB AUTO_INCREMENT=2 DEFAULT CHARSET=utf8 COLLATE=utf8_unicode_ci ;

### Data of table `0_bom` ###

INSERT INTO `0_bom` VALUES
('1', '2001', '1001', '1', 'DEF', '1');

### Structure of table `0_budget_trans` ###

DROP TABLE IF EXISTS `0_budget_trans`;

CREATE TABLE `0_budget_trans` (
  `id` int(11) NOT NULL AUTO_INCREMENT,
  `tran_date` date NOT NULL DEFAULT '0000-00-00',
  `account` varchar(15) COLLATE utf8_unicode_ci NOT NULL DEFAULT '',
  `memo_` tinytext COLLATE utf8_unicode_ci NOT NULL,
  `amount` double NOT NULL DEFAULT '0',
  `dimension_id` int(11) DEFAULT '0',
  `dimension2_id` int(11) DEFAULT '0',
  PRIMARY KEY (`id`),
  KEY `Account` (`account`,`tran_date`,`dimension_id`,`dimension2_id`)
) ENGINE=InnoDB DEFAULT CHARSET=utf8 COLLATE=utf8_unicode_ci ;

### Data of table `0_budget_trans` ###


### Structure of table `0_cashflow_categories` ###

DROP TABLE IF EXISTS `0_cashflow_categories`;

CREATE TABLE `0_cashflow_categories` (
  `id` int(11) NOT NULL AUTO_INCREMENT,
  `name` varchar(50) NOT NULL,
  `c_type` int(11) NOT NULL,
  `flowtype` int(11) NOT NULL,
  `inactive` tinyint(4) NOT NULL,
  PRIMARY KEY (`id`)
) ENGINE=InnoDB AUTO_INCREMENT=7 DEFAULT CHARSET=latin1 ;

### Data of table `0_cashflow_categories` ###

INSERT INTO `0_cashflow_categories` VALUES
('1', 'Cash Received From Customers', '1', '1', '0'),
('2', 'Cash paid for', '1', '0', '0'),
('3', 'Cash Received From', '2', '1', '0'),
('4', 'Cash paid for', '2', '0', '0'),
('5', 'Cash Received From', '3', '1', '0'),
('6', 'Cash paid for', '3', '0', '0');

### Structure of table `0_cashflow_gl` ###

DROP TABLE IF EXISTS `0_cashflow_gl`;

CREATE TABLE `0_cashflow_gl` (
  `id` int(11) NOT NULL AUTO_INCREMENT,
  `cashflow_category_id` int(11) NOT NULL,
  `gl_account` int(11) NOT NULL,
  `inactive` tinyint(4) NOT NULL,
  PRIMARY KEY (`id`)
) ENGINE=InnoDB AUTO_INCREMENT=22 DEFAULT CHARSET=latin1 ;

### Data of table `0_cashflow_gl` ###

INSERT INTO `0_cashflow_gl` VALUES
('14', '1', '4024', '0'),
('15', '1', '1013', '0'),
('16', '4', '10123', '0'),
('17', '4', '10123', '0'),
('18', '5', '1018', '0'),
('19', '2', '4024', '0'),
('20', '2', '1013', '0'),
('21', '2', '1013', '0');

### Structure of table `0_cashflow_type` ###

DROP TABLE IF EXISTS `0_cashflow_type`;

CREATE TABLE `0_cashflow_type` (
  `id` int(11) NOT NULL AUTO_INCREMENT,
  `name` varchar(50) NOT NULL,
  `inactive` tinyint(4) NOT NULL,
  PRIMARY KEY (`id`)
) ENGINE=InnoDB AUTO_INCREMENT=4 DEFAULT CHARSET=latin1 ;

### Data of table `0_cashflow_type` ###

INSERT INTO `0_cashflow_type` VALUES
('1', 'Operating Activities', '0'),
('2', 'Investing Activities', '0'),
('3', 'Financing Activities', '0');

### Structure of table `0_chart_class` ###

DROP TABLE IF EXISTS `0_chart_class`;

CREATE TABLE `0_chart_class` (
  `cid` varchar(3) COLLATE utf8_unicode_ci NOT NULL,
  `class_name` varchar(60) COLLATE utf8_unicode_ci NOT NULL DEFAULT '',
  `ctype` tinyint(1) NOT NULL DEFAULT '0',
  `inactive` tinyint(1) NOT NULL DEFAULT '0',
  PRIMARY KEY (`cid`)
) ENGINE=InnoDB DEFAULT CHARSET=utf8 COLLATE=utf8_unicode_ci ;

### Data of table `0_chart_class` ###

INSERT INTO `0_chart_class` VALUES
('10', 'Assets', '1', '0'),
('20', 'Liabilities', '2', '0'),
('30', 'Capital', '3', '0'),
('40', 'Income', '4', '0'),
('50', 'Expenses', '6', '0');

### Structure of table `0_chart_master` ###

DROP TABLE IF EXISTS `0_chart_master`;

CREATE TABLE `0_chart_master` (
  `account_code` varchar(15) COLLATE utf8_unicode_ci NOT NULL DEFAULT '',
  `account_code2` varchar(15) COLLATE utf8_unicode_ci NOT NULL DEFAULT '',
  `account_name` varchar(60) COLLATE utf8_unicode_ci NOT NULL DEFAULT '',
  `account_type` varchar(10) COLLATE utf8_unicode_ci NOT NULL DEFAULT '0',
  `inactive` tinyint(1) NOT NULL DEFAULT '0',
  PRIMARY KEY (`account_code`),
  KEY `account_name` (`account_name`),
  KEY `accounts_by_type` (`account_type`,`account_code`)
) ENGINE=InnoDB DEFAULT CHARSET=utf8 COLLATE=utf8_unicode_ci ;

### Data of table `0_chart_master` ###

INSERT INTO `0_chart_master` VALUES
('10111', '', 'Cash in Hand', '1011', '0'),
('10112', '', 'Petty Cash', '1011', '0'),
('10121', '', 'JS Bank', '1012', '0'),
('10122', '', 'SCB', '1012', '0'),
('10123', '', 'Bank 3', '1012', '0'),
('101291', '', 'CUSTOMER PO ACCOUNT', '1012', '0'),
('1013', '', 'Accounts Receivables', '101', '0'),
('1014', '', 'Allowance for doubtful accounts', '101', '0'),
('1015', '', 'Witholding Tax Deducted at Source', '101', '0'),
('1016', '', 'Witholding Tax Deducted at Source - Service', '101', '0'),
('1017', '', 'Witholding Tax Deducted at Source - SRB/PRA', '101', '0'),
('1018', '', 'Witholding Tax Deducted at Source - Supplies', '101', '0'),
('1021', '', 'Inventory', '102', '0'),
('1022', '', 'Stocks of Raw Materials', '102', '0'),
('1023', '', 'Stocks of Work In Progress', '102', '0'),
('1024', '', 'Stocks of Finished Goods', '102', '0'),
('1025', '', 'Goods Received Clearing account', '102', '0'),
('1031', '', 'Office Furniture and Equipment', '103', '0'),
('1032', '', 'Accum. Amort. - Furn. and Equip.', '103', '0'),
('1033', '', 'Vehicle', '103', '0'),
('1034', '', 'Accum. Amort. - Vehicle', '103', '0'),
('2011', '', 'Accounts Payable', '201', '0'),
('2012', '', 'Witholding Tax', '201', '0'),
('2013', '', 'GST Input', '201', '0'),
('2014', '', 'GST Output', '201', '0'),
('2019', '', 'HACPL', '201', '0'),
('2021', '', 'Bank Loans', '202', '0'),
('2022', '', 'Loans from Shareholders', '202', '0'),
('3011', '', 'Common Shares', '301', '0'),
('3012', '', 'Opening Balance Equity', '301', '0'),
('3021', '', 'Reserves and Surplus', '302', '0'),
('4011', '', 'Sales Revenue', '403', '0'),
('4021', '', 'Shipping and Handling', '402', '0'),
('4022', '', 'Interest', '402', '0'),
('4023', '', 'Foreign Exchange Gain', '402', '0'),
('4024', '', 'Incentives', '101', '0'),
('4025', '', 'Discounts Given', '402', '0'),
('5011', '', 'Cost of Goods Sold - Retail', '501', '0'),
('5012', '', 'Material Usage Variance', '501', '0'),
('5013', '', 'Consumable Materials', '501', '0'),
('5014', '', 'Purchase Price Variance', '501', '0'),
('5015', '', 'Purchases of Materials', '501', '0'),
('5016', '', 'Discounts Received', '501', '0'),
('5017', '', 'Freight', '501', '0'),
('5018', '', 'Salary Expense - Operations', '101', '0'),
('5030', '', 'Profit and Loss', '503', '0'),
('5031', '', 'Accounting and Legal', '503', '0'),
('5032', '', 'Advertising and Promotions', '503', '0'),
('5033', '', 'Bad Debts', '503', '0'),
('5034', '', 'Amortization Expense', '503', '0'),
('5035', '', 'Insurance', '503', '0'),
('5036', '', 'Interest and Bank Charges', '503', '0'),
('5037', '', 'Office Supplies', '503', '0'),
('5038', '', 'Rent', '503', '0'),
('5039', '', 'Repair and Maintenance', '503', '0'),
('5040', '', 'Telephone', '503', '0'),
('5041', '', 'Travel and Entertainment', '503', '0'),
('5042', '', 'Utilities', '503', '0'),
('5043', '', 'Registrations', '503', '0'),
('5044', '', 'Licenses', '503', '0'),
('5045', '', 'Foreign Exchange Loss', '503', '0');

### Structure of table `0_chart_types` ###

DROP TABLE IF EXISTS `0_chart_types`;

CREATE TABLE `0_chart_types` (
  `id` varchar(10) COLLATE utf8_unicode_ci NOT NULL,
  `name` varchar(60) COLLATE utf8_unicode_ci NOT NULL DEFAULT '',
  `class_id` varchar(3) COLLATE utf8_unicode_ci NOT NULL DEFAULT '',
  `parent` varchar(10) COLLATE utf8_unicode_ci NOT NULL DEFAULT '-1',
  `inactive` tinyint(1) NOT NULL DEFAULT '0',
  PRIMARY KEY (`id`),
  KEY `name` (`name`),
  KEY `class_id` (`class_id`)
) ENGINE=InnoDB DEFAULT CHARSET=utf8 COLLATE=utf8_unicode_ci ;

### Data of table `0_chart_types` ###

INSERT INTO `0_chart_types` VALUES
('101', 'Current Assets', '10', '', '0'),
('1011', 'Cash', '10', '101', '0'),
('1012', 'Bank', '10', '101', '0'),
('102', 'Inventory Assets', '10', '', '0'),
('103', 'Fixed Assets', '10', '', '0'),
('201', 'Current Liabilities', '20', '', '0'),
('202', 'Long Term Liabilities', '20', '', '0'),
('301', 'Share Capital', '30', '', '0'),
('302', 'Retained Earnings', '30', '', '0'),
('402', 'Other Revenue', '40', '', '0'),
('403', 'Sales Revenue Beef Classic Items', '40', '', '0'),
('501', 'Cost of Goods Sold', '50', '', '0'),
('502', 'Payroll Expenses', '50', '', '0'),
('503', 'General &amp; Administrative Expenses', '50', '', '0');

### Structure of table `0_combo_1` ###

DROP TABLE IF EXISTS `0_combo_1`;

CREATE TABLE `0_combo_1` (
  `combo_code` int(11) NOT NULL AUTO_INCREMENT,
  `description` varchar(60) COLLATE utf8_unicode_ci NOT NULL DEFAULT '',
  `inactive` tinyint(1) NOT NULL DEFAULT '0',
  PRIMARY KEY (`combo_code`),
  UNIQUE KEY `description` (`description`)
) ENGINE=InnoDB DEFAULT CHARSET=utf8 COLLATE=utf8_unicode_ci ;

### Data of table `0_combo_1` ###


### Structure of table `0_combo_2` ###

DROP TABLE IF EXISTS `0_combo_2`;

CREATE TABLE `0_combo_2` (
  `combo_code` int(11) NOT NULL AUTO_INCREMENT,
  `description` varchar(60) COLLATE utf8_unicode_ci NOT NULL DEFAULT '',
  `inactive` tinyint(1) NOT NULL DEFAULT '0',
  PRIMARY KEY (`combo_code`),
  UNIQUE KEY `description` (`description`)
) ENGINE=InnoDB DEFAULT CHARSET=utf8 COLLATE=utf8_unicode_ci ;

### Data of table `0_combo_2` ###


### Structure of table `0_combo_3` ###

DROP TABLE IF EXISTS `0_combo_3`;

CREATE TABLE `0_combo_3` (
  `combo_code` int(11) NOT NULL AUTO_INCREMENT,
  `description` varchar(60) COLLATE utf8_unicode_ci NOT NULL DEFAULT '',
  `inactive` tinyint(1) NOT NULL DEFAULT '0',
  PRIMARY KEY (`combo_code`),
  UNIQUE KEY `description` (`description`)
) ENGINE=InnoDB DEFAULT CHARSET=utf8 COLLATE=utf8_unicode_ci ;

### Data of table `0_combo_3` ###


### Structure of table `0_combo_item_1` ###

DROP TABLE IF EXISTS `0_combo_item_1`;

CREATE TABLE `0_combo_item_1` (
  `combo_code` int(11) NOT NULL AUTO_INCREMENT,
  `description` varchar(60) COLLATE utf8_unicode_ci NOT NULL DEFAULT '',
  `inactive` tinyint(1) NOT NULL DEFAULT '0',
  PRIMARY KEY (`combo_code`),
  UNIQUE KEY `description` (`description`)
) ENGINE=InnoDB AUTO_INCREMENT=2 DEFAULT CHARSET=utf8 COLLATE=utf8_unicode_ci ;

### Data of table `0_combo_item_1` ###

INSERT INTO `0_combo_item_1` VALUES
('1', 'item combo 1', '0');

### Structure of table `0_combo_item_2` ###

DROP TABLE IF EXISTS `0_combo_item_2`;

CREATE TABLE `0_combo_item_2` (
  `combo_code` int(11) NOT NULL AUTO_INCREMENT,
  `description` varchar(60) COLLATE utf8_unicode_ci NOT NULL DEFAULT '',
  `inactive` tinyint(1) NOT NULL DEFAULT '0',
  PRIMARY KEY (`combo_code`),
  UNIQUE KEY `description` (`description`)
) ENGINE=InnoDB AUTO_INCREMENT=2 DEFAULT CHARSET=utf8 COLLATE=utf8_unicode_ci ;

### Data of table `0_combo_item_2` ###

INSERT INTO `0_combo_item_2` VALUES
('1', 'item combo 2', '0');

### Structure of table `0_combo_item_3` ###

DROP TABLE IF EXISTS `0_combo_item_3`;

CREATE TABLE `0_combo_item_3` (
  `combo_code` int(11) NOT NULL AUTO_INCREMENT,
  `description` varchar(60) COLLATE utf8_unicode_ci NOT NULL DEFAULT '',
  `inactive` tinyint(1) NOT NULL DEFAULT '0',
  PRIMARY KEY (`combo_code`),
  UNIQUE KEY `description` (`description`)
) ENGINE=InnoDB AUTO_INCREMENT=2 DEFAULT CHARSET=utf8 COLLATE=utf8_unicode_ci ;

### Data of table `0_combo_item_3` ###

INSERT INTO `0_combo_item_3` VALUES
('1', 'item combo 1', '0');

### Structure of table `0_combo_so_1` ###

DROP TABLE IF EXISTS `0_combo_so_1`;

CREATE TABLE `0_combo_so_1` (
  `combo_code` int(11) NOT NULL AUTO_INCREMENT,
  `description` varchar(60) COLLATE utf8_unicode_ci NOT NULL DEFAULT '',
  `inactive` tinyint(1) NOT NULL DEFAULT '0',
  PRIMARY KEY (`combo_code`),
  UNIQUE KEY `description` (`description`)
) ENGINE=InnoDB AUTO_INCREMENT=5 DEFAULT CHARSET=utf8 COLLATE=utf8_unicode_ci ;

### Data of table `0_combo_so_1` ###

INSERT INTO `0_combo_so_1` VALUES
('2', 'Combo 1-B', '0'),
('3', 'Combo 1-C', '0'),
('4', 'Combo 1-A', '0');

### Structure of table `0_combo_so_2` ###

DROP TABLE IF EXISTS `0_combo_so_2`;

CREATE TABLE `0_combo_so_2` (
  `combo_code` int(11) NOT NULL AUTO_INCREMENT,
  `description` varchar(60) COLLATE utf8_unicode_ci NOT NULL DEFAULT '',
  `inactive` tinyint(1) NOT NULL DEFAULT '0',
  PRIMARY KEY (`combo_code`),
  UNIQUE KEY `description` (`description`)
) ENGINE=InnoDB AUTO_INCREMENT=4 DEFAULT CHARSET=utf8 COLLATE=utf8_unicode_ci ;

### Data of table `0_combo_so_2` ###

INSERT INTO `0_combo_so_2` VALUES
('1', 'Combo 2-A', '0'),
('2', 'Combo 2-B', '0'),
('3', 'Combo 2-C', '0');

### Structure of table `0_combo_so_3` ###

DROP TABLE IF EXISTS `0_combo_so_3`;

CREATE TABLE `0_combo_so_3` (
  `combo_code` int(11) NOT NULL AUTO_INCREMENT,
  `description` varchar(60) COLLATE utf8_unicode_ci NOT NULL DEFAULT '',
  `inactive` tinyint(1) NOT NULL DEFAULT '0',
  PRIMARY KEY (`combo_code`),
  UNIQUE KEY `description` (`description`)
) ENGINE=InnoDB AUTO_INCREMENT=4 DEFAULT CHARSET=utf8 COLLATE=utf8_unicode_ci ;

### Data of table `0_combo_so_3` ###

INSERT INTO `0_combo_so_3` VALUES
('1', 'Combo 3-A', '0'),
('2', 'Combo 3-B', '0'),
('3', 'Combo 2-B', '0');

### Structure of table `0_combo_so_4` ###

DROP TABLE IF EXISTS `0_combo_so_4`;

CREATE TABLE `0_combo_so_4` (
  `combo_code` int(11) NOT NULL AUTO_INCREMENT,
  `description` varchar(60) COLLATE utf8_unicode_ci NOT NULL DEFAULT '',
  `inactive` tinyint(1) NOT NULL DEFAULT '0',
  PRIMARY KEY (`combo_code`),
  UNIQUE KEY `description` (`description`)
) ENGINE=InnoDB AUTO_INCREMENT=4 DEFAULT CHARSET=utf8 COLLATE=utf8_unicode_ci ;

### Data of table `0_combo_so_4` ###

INSERT INTO `0_combo_so_4` VALUES
('1', 'Combo 4-B', '0'),
('2', 'Combo 4-C', '0'),
('3', 'Combo 4-A', '0');

### Structure of table `0_combo_so_5` ###

DROP TABLE IF EXISTS `0_combo_so_5`;

CREATE TABLE `0_combo_so_5` (
  `combo_code` int(11) NOT NULL AUTO_INCREMENT,
  `description` varchar(60) COLLATE utf8_unicode_ci NOT NULL DEFAULT '',
  `inactive` tinyint(1) NOT NULL DEFAULT '0',
  PRIMARY KEY (`combo_code`),
  UNIQUE KEY `description` (`description`)
) ENGINE=InnoDB AUTO_INCREMENT=4 DEFAULT CHARSET=utf8 COLLATE=utf8_unicode_ci ;

### Data of table `0_combo_so_5` ###

INSERT INTO `0_combo_so_5` VALUES
('1', 'Combo 5-A', '0'),
('2', 'Combo 5-B', '0'),
('3', 'Combo 5-C', '0');

### Structure of table `0_combo_so_6` ###

DROP TABLE IF EXISTS `0_combo_so_6`;

CREATE TABLE `0_combo_so_6` (
  `combo_code` int(11) NOT NULL AUTO_INCREMENT,
  `description` varchar(60) COLLATE utf8_unicode_ci NOT NULL DEFAULT '',
  `inactive` tinyint(1) NOT NULL DEFAULT '0',
  PRIMARY KEY (`combo_code`),
  UNIQUE KEY `description` (`description`)
) ENGINE=InnoDB AUTO_INCREMENT=7 DEFAULT CHARSET=utf8 COLLATE=utf8_unicode_ci ;

### Data of table `0_combo_so_6` ###

INSERT INTO `0_combo_so_6` VALUES
('2', 'Combo 6-B', '0'),
('5', 'Combo 6-A', '0'),
('6', 'Combo 6-C', '0');

### Structure of table `0_comments` ###

DROP TABLE IF EXISTS `0_comments`;

CREATE TABLE `0_comments` (
  `type` int(11) NOT NULL DEFAULT '0',
  `id` int(11) NOT NULL DEFAULT '0',
  `date_` date DEFAULT '0000-00-00',
  `memo_` tinytext COLLATE utf8_unicode_ci,
  KEY `type_and_id` (`type`,`id`)
) ENGINE=InnoDB DEFAULT CHARSET=utf8 COLLATE=utf8_unicode_ci ;

### Data of table `0_comments` ###

INSERT INTO `0_comments` VALUES
('35', '1', '2017-09-13', 'Cost was 0.00 changed to 1,423 x quantity on hand of 10'),
('13', '1', '2017-09-13', 'Sales Quotation # 1'),
('10', '1', '2017-09-13', 'Sales Quotation # 1'),
('22', '1', '2017-09-13', '545'),
('35', '2', '2017-09-15', 'Cost was 0.00 changed to 17,074 x quantity on hand of 14994'),
('35', '3', '2017-09-15', 'Cost was 0.00 changed to 1,423 x quantity on hand of 14994'),
('35', '4', '2017-09-15', 'Cost was 0.00 changed to 17,074 x quantity on hand of 14994'),
('35', '5', '2017-09-15', 'Cost was 0.00 changed to 1,423 x quantity on hand of 14994'),
('35', '6', '2017-09-15', 'Cost was 0.00 changed to 17,074 x quantity on hand of 14994'),
('35', '7', '2017-09-15', 'Cost was 0.00 changed to 1,423 x quantity on hand of 14994'),
('35', '8', '2017-09-15', 'Cost was 0.00 changed to 17,074 x quantity on hand of 14994'),
('35', '9', '2017-09-15', 'Cost was 0.00 changed to 1,423 x quantity on hand of 14994'),
('35', '10', '2017-09-15', 'Cost was 0.00 changed to 17,074 x quantity on hand of 14994'),
('35', '11', '2017-09-15', 'Cost was 0.00 changed to 1,423 x quantity on hand of 14994'),
('35', '12', '2017-09-15', 'Cost was 0.00 changed to 43,370,122 x quantity on hand of 14994'),
('13', '6', '2017-09-22', 'Sales Quotation # 5'),
('10', '4', '2017-09-22', 'Sales Quotation # 5'),
('13', '7', '2017-09-22', 'Sales Quotation # 6'),
('10', '5', '2017-09-22', 'Sales Quotation # 6'),
('13', '9', '2017-09-22', 'Sales Quotation # 8'),
('10', '7', '2017-09-22', 'Sales Quotation # 8'),
('13', '12', '2017-09-24', 'Sales Quotation # 10'),
('10', '10', '2017-09-24', 'Sales Quotation # 10'),
('13', '14', '2017-09-25', 'Sales Quotation # 14'),
('10', '12', '2017-09-25', 'Sales Quotation # 14'),
('13', '20', '2017-09-25', 'Sales Quotation # 16'),
('10', '18', '2017-09-25', 'Sales Quotation # 16'),
('13', '27', '2017-09-28', 'Sales Quotation # 21'),
('13', '28', '2017-09-28', 'Sales Quotation # 22'),
('10', '24', '2017-09-28', 'Sales Quotation # 21'),
('10', '25', '2017-09-28', 'Sales Quotation # 22'),
('13', '33', '2017-09-29', 'Sales Quotation # 23'),
('13', '35', '2017-09-29', 'Sales Quotation # 25'),
('10', '29', '2017-09-29', 'Sales Quotation # 25'),
('20', '8', '2017-09-30', 'fdsfs'),
('13', '36', '2017-09-30', 'Sales Quotation # 26'),
('10', '30', '2017-09-30', 'Sales Quotation # 26'),
('13', '39', '2017-10-02', 'Sales Quotation # 32'),
('10', '33', '2017-10-02', 'Sales Quotation # 32'),
('35', '13', '2017-10-03', 'COGS changed from 21679277.479344 to 43352773.531323 for 1  of &#039;2001&#039;'),
('35', '14', '2017-10-04', 'COGS changed from 21679277.479344 to 43352773.531323 for 1  of &#039;2001&#039;'),
('13', '44', '2017-10-04', 'Sales Quotation # 35'),
('10', '38', '2017-10-04', 'Sales Quotation # 35'),
('13', '50', '2017-10-05', 'Sales Quotation # 39'),
('10', '44', '2017-10-05', 'Sales Quotation # 39'),
('0', '5', '2017-10-05', 'Supplier invoice adjustment for zero inventory of 2001 Invoice 002/2017'),
('13', '55', '2017-10-05', 'Sales Quotation # 40'),
('10', '48', '2017-10-05', 'Sales Quotation # 40'),
('12', '13', '2017-10-06', 'Cash invoice 50'),
('12', '14', '2017-10-06', 'Cash invoice 52'),
('20', '15', '2017-10-07', 'yyy'),
('13', '63', '2017-10-07', 'Sales Quotation # 41'),
('10', '56', '2017-10-07', 'Sales Quotation # 41'),
('13', '64', '2017-10-07', 'Sales Quotation # 42'),
('10', '57', '2017-10-07', 'Sales Quotation # 42'),
('13', '69', '2017-10-09', 'Sales Quotation # 43'),
('10', '62', '2017-10-09', 'Sales Quotation # 43'),
('13', '70', '2017-10-09', 'Sales Quotation # 44'),
('10', '63', '2017-10-09', 'Sales Quotation # 44'),
('13', '71', '2017-10-09', 'Sales Quotation # 45'),
('10', '64', '2017-10-09', 'Sales Quotation # 45'),
('12', '23', '2017-10-09', 'Cash invoice 65'),
('13', '72', '2017-10-09', 'Sales Quotation # 41'),
('10', '66', '2017-10-09', 'Sales Quotation # 41'),
('13', '80', '2017-10-10', 'Sales Quotation # 48'),
('10', '75', '2017-10-10', 'Sales Quotation # 48'),
('13', '81', '2017-10-10', 'Sales Quotation # 49'),
('13', '82', '2017-10-10', 'Sales Quotation # 51'),
('10', '76', '2017-10-10', 'Sales Quotation # 51'),
('13', '83', '2017-10-10', 'Sales Quotation # 52'),
('10', '77', '2017-10-10', 'Sales Quotation # 52'),
('13', '84', '2017-10-10', 'Sales Quotation # 53'),
('10', '78', '2017-10-10', 'Sales Quotation # 53'),
('13', '85', '2017-10-10', 'Sales Quotation # 54'),
('10', '79', '2017-10-10', 'Sales Quotation # 54'),
('13', '86', '2017-10-10', 'Sales Quotation # 55'),
('10', '80', '2017-10-10', 'Sales Quotation # 55'),
('13', '87', '2017-10-10', 'Sales Quotation # 56'),
('10', '81', '2017-10-10', 'Sales Quotation # 56');

### Structure of table `0_credit_status` ###

DROP TABLE IF EXISTS `0_credit_status`;

CREATE TABLE `0_credit_status` (
  `id` int(11) NOT NULL AUTO_INCREMENT,
  `reason_description` char(100) COLLATE utf8_unicode_ci NOT NULL DEFAULT '',
  `dissallow_invoices` tinyint(1) NOT NULL DEFAULT '0',
  `inactive` tinyint(1) NOT NULL DEFAULT '0',
  PRIMARY KEY (`id`),
  UNIQUE KEY `reason_description` (`reason_description`)
) ENGINE=InnoDB AUTO_INCREMENT=5 DEFAULT CHARSET=utf8 COLLATE=utf8_unicode_ci ;

### Data of table `0_credit_status` ###

INSERT INTO `0_credit_status` VALUES
('1', 'Good History', '0', '0'),
('3', 'No more work until payment received', '1', '0'),
('4', 'In liquidation', '1', '0');

### Structure of table `0_crm_categories` ###

DROP TABLE IF EXISTS `0_crm_categories`;

CREATE TABLE `0_crm_categories` (
  `id` int(11) NOT NULL AUTO_INCREMENT COMMENT 'pure technical key',
  `type` varchar(20) COLLATE utf8_unicode_ci NOT NULL COMMENT 'contact type e.g. customer',
  `action` varchar(20) COLLATE utf8_unicode_ci NOT NULL COMMENT 'detailed usage e.g. department',
  `name` varchar(30) COLLATE utf8_unicode_ci NOT NULL COMMENT 'for category selector',
  `description` tinytext COLLATE utf8_unicode_ci NOT NULL COMMENT 'usage description',
  `system` tinyint(1) NOT NULL DEFAULT '0' COMMENT 'nonzero for core system usage',
  `inactive` tinyint(1) NOT NULL DEFAULT '0',
  PRIMARY KEY (`id`),
  UNIQUE KEY `type` (`type`,`action`),
  UNIQUE KEY `type_2` (`type`,`name`)
) ENGINE=InnoDB AUTO_INCREMENT=13 DEFAULT CHARSET=utf8 COLLATE=utf8_unicode_ci ;

### Data of table `0_crm_categories` ###

INSERT INTO `0_crm_categories` VALUES
('1', 'cust_branch', 'general', 'General', 'General contact data for customer branch (overrides company setting)', '1', '0'),
('2', 'cust_branch', 'invoice', 'Invoices', 'Invoice posting (overrides company setting)', '1', '0'),
('3', 'cust_branch', 'order', 'Orders', 'Order confirmation (overrides company setting)', '1', '0'),
('4', 'cust_branch', 'delivery', 'Deliveries', 'Delivery coordination (overrides company setting)', '1', '0'),
('5', 'customer', 'general', 'General', 'General contact data for customer', '1', '0'),
('6', 'customer', 'order', 'Orders', 'Order confirmation', '1', '0'),
('7', 'customer', 'delivery', 'Deliveries', 'Delivery coordination', '1', '0'),
('8', 'customer', 'invoice', 'Invoices', 'Invoice posting', '1', '0'),
('9', 'supplier', 'general', 'General', 'General contact data for supplier', '1', '0'),
('10', 'supplier', 'order', 'Orders', 'Order confirmation', '1', '0'),
('11', 'supplier', 'delivery', 'Deliveries', 'Delivery coordination', '1', '0'),
('12', 'supplier', 'invoice', 'Invoices', 'Invoice posting', '1', '0');

### Structure of table `0_crm_contacts` ###

DROP TABLE IF EXISTS `0_crm_contacts`;

CREATE TABLE `0_crm_contacts` (
  `id` int(11) NOT NULL AUTO_INCREMENT,
  `person_id` int(11) NOT NULL DEFAULT '0' COMMENT 'foreign key to crm_contacts',
  `type` varchar(20) COLLATE utf8_unicode_ci NOT NULL COMMENT 'foreign key to crm_categories',
  `action` varchar(20) COLLATE utf8_unicode_ci NOT NULL COMMENT 'foreign key to crm_categories',
  `entity_id` varchar(11) COLLATE utf8_unicode_ci DEFAULT NULL COMMENT 'entity id in related class table',
  PRIMARY KEY (`id`),
  KEY `type` (`type`,`action`)
) ENGINE=InnoDB AUTO_INCREMENT=71 DEFAULT CHARSET=utf8 COLLATE=utf8_unicode_ci ;

### Data of table `0_crm_contacts` ###

INSERT INTO `0_crm_contacts` VALUES
('1', '1', 'supplier', 'general', '1'),
('2', '2', 'cust_branch', 'general', '1'),
('3', '2', 'customer', 'general', '1'),
('4', '3', 'cust_branch', 'general', '2'),
('6', '4', 'cust_branch', 'general', '3'),
('7', '4', 'customer', 'general', '3'),
('8', '5', 'customer', 'general', '3'),
('9', '6', 'cust_branch', 'general', '4'),
('10', '6', 'customer', 'general', '4'),
('11', '7', 'cust_branch', 'general', '5'),
('12', '7', 'customer', 'general', '5'),
('13', '8', 'cust_branch', 'general', '6'),
('14', '8', 'customer', 'general', '6'),
('15', '9', 'supplier', 'general', '2'),
('16', '10', 'cust_branch', 'general', '7'),
('17', '10', 'customer', 'general', '7'),
('22', '3', 'customer', 'general', '2'),
('23', '11', 'supplier', 'general', '3'),
('24', '12', 'supplier', 'general', '4'),
('25', '13', 'supplier', 'general', '5'),
('26', '14', 'supplier', 'general', '6'),
('27', '15', 'supplier', 'general', '7'),
('28', '16', 'supplier', 'general', '8'),
('29', '17', 'cust_branch', 'general', '8'),
('30', '17', 'customer', 'general', '15'),
('31', '18', 'cust_branch', 'general', '9'),
('32', '18', 'customer', 'general', '17'),
('33', '19', 'cust_branch', 'general', '10'),
('34', '19', 'customer', 'general', '23'),
('35', '20', 'cust_branch', 'general', '11'),
('36', '20', 'customer', 'general', '24'),
('37', '21', 'cust_branch', 'general', '12'),
('38', '21', 'customer', 'general', '25'),
('39', '22', 'supplier', 'general', '9'),
('40', '23', 'cust_branch', 'general', '13'),
('41', '23', 'customer', 'general', '26'),
('42', '24', 'cust_branch', 'general', '14'),
('43', '25', 'supplier', 'general', '10'),
('44', '26', 'supplier', 'general', '11'),
('45', '27', 'supplier', 'general', '12'),
('46', '28', 'supplier', 'general', '13'),
('47', '29', 'cust_branch', 'general', '15'),
('48', '29', 'customer', 'general', '27'),
('49', '30', 'cust_branch', 'general', '16'),
('50', '30', 'customer', 'general', '28'),
('51', '31', 'supplier', 'general', '14'),
('52', '32', 'cust_branch', 'general', '17'),
('53', '32', 'customer', 'general', '29'),
('54', '33', 'cust_branch', 'general', '18'),
('63', '33', 'customer', 'order', '30'),
('64', '34', 'cust_branch', 'general', '19'),
('70', '35', 'supplier', 'order', '15');

### Structure of table `0_crm_persons` ###

DROP TABLE IF EXISTS `0_crm_persons`;

CREATE TABLE `0_crm_persons` (
  `id` int(11) NOT NULL AUTO_INCREMENT,
  `ref` varchar(30) COLLATE utf8_unicode_ci NOT NULL,
  `name` varchar(60) COLLATE utf8_unicode_ci NOT NULL,
  `name2` varchar(60) COLLATE utf8_unicode_ci DEFAULT NULL,
  `address` tinytext COLLATE utf8_unicode_ci,
  `phone` varchar(30) COLLATE utf8_unicode_ci DEFAULT NULL,
  `phone2` varchar(30) COLLATE utf8_unicode_ci DEFAULT NULL,
  `fax` varchar(30) COLLATE utf8_unicode_ci DEFAULT NULL,
  `email` varchar(100) COLLATE utf8_unicode_ci DEFAULT NULL,
  `lang` char(5) COLLATE utf8_unicode_ci DEFAULT NULL,
  `notes` tinytext COLLATE utf8_unicode_ci NOT NULL,
  `inactive` tinyint(1) NOT NULL DEFAULT '0',
  PRIMARY KEY (`id`),
  KEY `ref` (`ref`)
) ENGINE=InnoDB AUTO_INCREMENT=36 DEFAULT CHARSET=utf8 COLLATE=utf8_unicode_ci ;

### Data of table `0_crm_persons` ###

INSERT INTO `0_crm_persons` VALUES
('1', 'Test Supplier', '', NULL, NULL, NULL, NULL, NULL, NULL, NULL, '', '0'),
('2', 'Test Customer', 'Test Customer', NULL, 'Karachi', NULL, NULL, NULL, NULL, NULL, '', '0'),
('3', 'Test Customer2', 'Test Customer2', NULL, 'Karachi', NULL, NULL, NULL, NULL, NULL, '', '0'),
('4', 'DHL', 'DHL AXYZ', NULL, 'axyz', '021278699', '02122345678', '021234567', 'faqirsons@gmail.com', NULL, '', '0'),
('5', 'ayz', 'abdullah', 'abdullah', 'sdffghkklkljjhjhjhjb', '012345678', '12345678', '1234567890', NULL, NULL, 'sedrftghjk', '0'),
('6', 'tcs', 'tcs1234', NULL, NULL, NULL, NULL, NULL, NULL, NULL, '', '0'),
('7', 'ansar', 'ansar', NULL, NULL, NULL, NULL, NULL, NULL, NULL, '', '0'),
('8', 'iqbal', 'iqbal', NULL, NULL, NULL, NULL, NULL, NULL, NULL, '', '0'),
('9', 'danish', '', NULL, NULL, NULL, NULL, NULL, NULL, NULL, '', '0'),
('10', 'Ramsha', 'Ramsha', NULL, NULL, NULL, NULL, NULL, 'ramshaather678@gmail.com', NULL, '', '0'),
('11', 'Farhan', '', NULL, NULL, NULL, NULL, NULL, NULL, NULL, '', '0'),
('12', 'Joao', '', NULL, NULL, NULL, NULL, NULL, NULL, NULL, '', '0'),
('13', 'Fernanda', '', NULL, NULL, NULL, NULL, NULL, NULL, NULL, '', '0'),
('14', 'Fernanda', '', NULL, NULL, NULL, NULL, NULL, NULL, NULL, '', '0'),
('15', 'Fernanda', '', NULL, NULL, NULL, NULL, NULL, NULL, NULL, '', '0'),
('16', 'Fernanda', '', NULL, NULL, NULL, NULL, NULL, NULL, NULL, '', '0'),
('17', 'Stephanie', 'Stephanie Martins', NULL, 'xyz street', NULL, NULL, NULL, NULL, NULL, '', '0'),
('18', 'Veronica', 'Veronica Blakes', NULL, 'xyqw street', NULL, NULL, NULL, NULL, NULL, '', '0'),
('19', 'James', 'James Schwartz', NULL, 'qwerty street', NULL, NULL, NULL, NULL, NULL, '', '0'),
('20', 'Ali Rahman', 'Ali Rahman', NULL, 'ferw', NULL, NULL, NULL, NULL, NULL, '', '0'),
('21', 'HASAN RAZA', 'HASAN RAZA', NULL, '021, SUIT, BANGLORE, STREET', NULL, NULL, NULL, NULL, NULL, '', '0'),
('22', 'HACPL', '', NULL, NULL, NULL, NULL, NULL, NULL, NULL, '', '0'),
('23', 'khan', 'marina', NULL, 'zdfsf', NULL, NULL, NULL, NULL, NULL, '', '0'),
('24', '', '', NULL, NULL, NULL, NULL, NULL, NULL, NULL, '', '0'),
('25', 'Daniyal', '', NULL, NULL, NULL, NULL, NULL, NULL, NULL, '', '0'),
('26', 'Mirza', '', NULL, NULL, NULL, NULL, NULL, NULL, NULL, '', '0'),
('27', 'Anas', '', NULL, NULL, NULL, NULL, NULL, NULL, NULL, '', '0'),
('28', 'Talha', '', NULL, NULL, NULL, NULL, NULL, NULL, NULL, '', '0'),
('29', 'Amna', 'Amna Saleem', NULL, 'xyz street, gujrat', NULL, NULL, NULL, NULL, NULL, '', '0'),
('30', 'Hassan', 'Hassan Ibrahim', NULL, 'qwerty street, karachi', NULL, NULL, NULL, NULL, NULL, '', '0'),
('31', 'Tabish', '', NULL, NULL, NULL, NULL, NULL, NULL, NULL, '', '0'),
('32', 'Tabraiz', 'Tabraiz Ali', NULL, 'tyre plaza, gwadar', NULL, NULL, NULL, NULL, NULL, '', '0'),
('33', 'Usama', 'Usama Ahmed', NULL, 'Gulshan-e-Iqbal, Karachi', NULL, NULL, NULL, 'usamapersonal@gmail.com', NULL, '', '0'),
('34', 'asdfsdf', 'asdf', 'gasdg', NULL, NULL, NULL, NULL, 'branchemail@gmail.com', NULL, '', '0'),
('35', 'Eden', 'Eden', 'Rose', 'Florianopolis Plaza', NULL, NULL, NULL, 'contactmenot@gmail.com', NULL, '', '0');

### Structure of table `0_currencies` ###

DROP TABLE IF EXISTS `0_currencies`;

CREATE TABLE `0_currencies` (
  `currency` varchar(60) COLLATE utf8_unicode_ci NOT NULL DEFAULT '',
  `curr_abrev` char(3) COLLATE utf8_unicode_ci NOT NULL DEFAULT '',
  `curr_symbol` varchar(10) COLLATE utf8_unicode_ci NOT NULL DEFAULT '',
  `country` varchar(100) COLLATE utf8_unicode_ci NOT NULL DEFAULT '',
  `hundreds_name` varchar(15) COLLATE utf8_unicode_ci NOT NULL DEFAULT '',
  `auto_update` tinyint(1) NOT NULL DEFAULT '1',
  `inactive` tinyint(1) NOT NULL DEFAULT '0',
  PRIMARY KEY (`curr_abrev`)
) ENGINE=InnoDB DEFAULT CHARSET=utf8 COLLATE=utf8_unicode_ci ;

### Data of table `0_currencies` ###

INSERT INTO `0_currencies` VALUES
('Pakistani Rupee', 'PKR', 'Rs.', 'Pakistan', 'Paisa', '0', '0'),
('US Dollars', 'USD', '$', 'United States', 'Cents', '0', '0');

### Structure of table `0_cust_allocations` ###

DROP TABLE IF EXISTS `0_cust_allocations`;

CREATE TABLE `0_cust_allocations` (
  `id` int(11) NOT NULL AUTO_INCREMENT,
  `person_id` int(11) DEFAULT NULL,
  `amt` double unsigned DEFAULT NULL,
  `date_alloc` date NOT NULL DEFAULT '0000-00-00',
  `trans_no_from` int(11) DEFAULT NULL,
  `trans_type_from` int(11) DEFAULT NULL,
  `trans_no_to` int(11) DEFAULT NULL,
  `trans_type_to` int(11) DEFAULT NULL,
  PRIMARY KEY (`id`),
  UNIQUE KEY `trans_type_from` (`person_id`,`trans_type_from`,`trans_no_from`,`trans_type_to`,`trans_no_to`),
  KEY `From` (`trans_type_from`,`trans_no_from`),
  KEY `To` (`trans_type_to`,`trans_no_to`)
) ENGINE=InnoDB AUTO_INCREMENT=35 DEFAULT CHARSET=utf8 COLLATE=utf8_unicode_ci ;

### Data of table `0_cust_allocations` ###

INSERT INTO `0_cust_allocations` VALUES
('1', '1', '1000', '0000-00-00', '1', '12', '1', '10'),
('2', '1', '58800', '0000-00-00', '2', '12', '2', '10'),
('3', '3', '88000000', '0000-00-00', '3', '12', '7', '30'),
('4', '3', '1586800', '0000-00-00', '4', '12', '15', '30'),
('5', '1', '10000', '0000-00-00', '5', '12', '3', '10'),
('6', '1', '50000', '0000-00-00', '5', '12', '8', '10'),
('7', '5', '120', '0000-00-00', '6', '12', '24', '10'),
('8', '5', '450', '0000-00-00', '7', '12', '24', '10'),
('9', '5', '500', '0000-00-00', '8', '12', '24', '10'),
('10', '5', '500', '0000-00-00', '9', '12', '24', '10'),
('11', '5', '120', '0000-00-00', '10', '12', '24', '10'),
('12', '5', '540', '0000-00-00', '11', '12', '24', '10'),
('13', '5', '700', '0000-00-00', '12', '12', '24', '10'),
('14', '5', '8424', '2017-10-06', '13', '12', '50', '10'),
('15', '6', '5000', '2017-10-06', '14', '12', '52', '10'),
('16', '15', '10000', '0000-00-00', '15', '12', '56', '10'),
('17', '17', '9000', '0000-00-00', '16', '12', '57', '10'),
('19', '24', '1798290', '2017-10-07', '17', '12', '58', '10'),
('21', '25', '1567000', '2017-10-07', '2', '2', '59', '10'),
('22', '24', '1', '0000-00-00', '18', '12', '61', '10'),
('23', '24', '500', '0000-00-00', '19', '12', '61', '10'),
('24', '27', '150000', '0000-00-00', '20', '12', '62', '10'),
('25', '27', '52500', '0000-00-00', '21', '12', '63', '10'),
('26', '28', '234000', '0000-00-00', '22', '12', '64', '10'),
('27', '17', '2722000', '2017-10-09', '23', '12', '65', '10'),
('28', '29', '28200', '0000-00-00', '25', '12', '75', '10'),
('29', '29', '1000000', '2017-10-10', '26', '12', '102', '30'),
('30', '29', '368000', '2017-10-10', '27', '12', '102', '30'),
('31', '30', '250', '0000-00-00', '28', '12', '77', '10'),
('32', '30', '12000', '0000-00-00', '29', '12', '78', '10'),
('33', '30', '5000', '0000-00-00', '30', '12', '76', '10'),
('34', '30', '1800', '0000-00-00', '30', '12', '79', '10');

### Structure of table `0_cust_branch` ###

DROP TABLE IF EXISTS `0_cust_branch`;

CREATE TABLE `0_cust_branch` (
  `branch_code` int(11) NOT NULL AUTO_INCREMENT,
  `debtor_no` int(11) NOT NULL DEFAULT '0',
  `br_name` varchar(60) COLLATE utf8_unicode_ci NOT NULL DEFAULT '',
  `branch_ref` varchar(30) COLLATE utf8_unicode_ci NOT NULL DEFAULT '',
  `br_address` tinytext COLLATE utf8_unicode_ci NOT NULL,
  `area` int(11) DEFAULT NULL,
  `salesman` int(11) NOT NULL DEFAULT '0',
  `default_location` varchar(5) COLLATE utf8_unicode_ci NOT NULL DEFAULT '',
  `tax_group_id` int(11) DEFAULT NULL,
  `sales_account` varchar(15) COLLATE utf8_unicode_ci NOT NULL DEFAULT '',
  `sales_discount_account` varchar(15) COLLATE utf8_unicode_ci NOT NULL DEFAULT '',
  `receivables_account` varchar(15) COLLATE utf8_unicode_ci NOT NULL DEFAULT '',
  `payment_discount_account` varchar(15) COLLATE utf8_unicode_ci NOT NULL DEFAULT '',
  `default_ship_via` int(11) NOT NULL DEFAULT '1',
  `br_post_address` tinytext COLLATE utf8_unicode_ci NOT NULL,
  `group_no` int(11) NOT NULL DEFAULT '0',
  `notes` tinytext COLLATE utf8_unicode_ci NOT NULL,
  `bank_account` varchar(60) COLLATE utf8_unicode_ci DEFAULT NULL,
  `inactive` tinyint(1) NOT NULL DEFAULT '0',
  `contact_name` varchar(60) COLLATE utf8_unicode_ci DEFAULT NULL,
  `disable_trans` tinyint(4) DEFAULT NULL,
  PRIMARY KEY (`branch_code`,`debtor_no`),
  KEY `branch_ref` (`branch_ref`),
  KEY `group_no` (`group_no`)
) ENGINE=InnoDB AUTO_INCREMENT=20 DEFAULT CHARSET=utf8 COLLATE=utf8_unicode_ci ;

### Data of table `0_cust_branch` ###

INSERT INTO `0_cust_branch` VALUES
('1', '1', 'Test Customer', 'Test Customer', 'Karachi', '1', '1', 'DEF', '1', '', '4025', '1013', '4025', '1', 'Karachi', '0', '', NULL, '0', NULL, NULL),
('2', '2', 'Test Customer2', 'Test Customer2', 'Karachi', '1', '1', 'DEF', '1', '', '4025', '1013', '4025', '1', 'Karachi', '0', '', NULL, '0', NULL, NULL),
('3', '3', 'DHL AXYZ', 'DHLabz', 'axyz', '1', '1', 'DEF', '2', '', '4025', '1013', '4025', '1', 'axyz', '3', 'hjklhjklhjkl', '1234567890-567', '0', NULL, NULL),
('4', '4', 'tcs1234', 'tcs', 'fghjk', '1', '1', 'DEF', '1', '', '4025', '1013', '4025', '1', 'fghjdfghj', '0', 'ghjk', NULL, '0', NULL, NULL),
('5', '5', 'ansar', 'ansar', '', '1', '1', 'DEF', '1', '', '4025', '1013', '4025', '1', '', '0', '', NULL, '0', NULL, NULL),
('6', '6', 'iqbal', 'iqbal', '', '1', '1', 'DEF', '2', '', '4025', '1013', '4025', '1', '', '0', '', NULL, '0', NULL, NULL),
('7', '7', 'Ramsha', 'Ramsha', '', '1', '1', 'DEF', '1', '', '4025', '1013', '4025', '1', '', '0', '', NULL, '0', NULL, NULL),
('8', '15', 'Stephanie Martins', 'Stephanie', 'xyz street', '1', '1', 'DEF', '1', '', '4025', '1013', '4025', '1', 'xyz street', '0', '', NULL, '0', NULL, NULL),
('9', '17', 'Veronica Blakes', 'Veronica', 'xyqw street', '1', '1', 'DEF', '1', '', '4025', '1013', '4025', '1', 'xyqw street', '0', '', NULL, '0', NULL, NULL),
('10', '23', 'James Schwartz', 'James', 'qwerty street', '1', '1', 'DEF', '1', '', '4025', '1013', '4025', '1', 'qwerty street', '0', '', NULL, '0', NULL, NULL),
('11', '24', 'Ali Rahman', 'Ali Rahman', 'ferw', '1', '1', 'DEF', '1', '', '4025', '1013', '4025', '1', 'ferw', '0', '', NULL, '0', NULL, NULL),
('12', '25', 'HASAN RAZA', 'HASAN RAZA', '021, SUIT, BANGLORE, STREET', '1', '1', 'DEF', '1', '', '4025', '1013', '4025', '1', '021, SUIT, BANGLORE, STREET', '0', '', NULL, '0', NULL, NULL),
('13', '26', 'marina', 'khan', 'zdfsf', '1', '1', 'DEF', '1', '', '4025', '1013', '4025', '1', 'zdfsf', '0', 'ghgjgfyjyuhiy', NULL, '0', NULL, NULL),
('14', '24', 'branch', 'branch', '', '1', '1', 'DEF', '1', '', '4025', '1013', '4025', '1', '', '0', '', NULL, '0', NULL, NULL),
('15', '27', 'Amna Saleem', 'Amna', 'xyz street, gujrat', '1', '1', 'DEF', '1', '', '4025', '1013', '4025', '1', 'xyz street, gujrat', '0', '', NULL, '0', NULL, NULL),
('16', '28', 'Hassan Ibrahim', 'Hassan', 'qwerty street, karachi', '1', '1', 'DEF', '1', '', '4025', '1013', '4025', '1', 'qwerty street, karachi', '0', '', NULL, '0', NULL, NULL),
('17', '29', 'Tabraiz Ali', 'Tabraiz', 'tyre plaza, gwadar', '1', '1', 'DEF', '1', '', '4025', '1013', '4025', '2', 'tyre plaza, gwadar', '0', '', NULL, '0', NULL, NULL),
('18', '30', 'Usama Ahmed', 'Usama', 'Gulshan-e-Iqbal, Karachi', '1', '1', 'DEF', '1', '', '4025', '1013', '4025', '2', 'Gulshan-e-Iqbal, Karachi', '0', '', NULL, '0', NULL, NULL),
('19', '30', 'Outlet in Jauhar', 'J007', '', '1', '1', 'DEF', '1', '', '4025', '1013', '4025', '2', '', '0', '', NULL, '0', NULL, NULL);

### Structure of table `0_dashboard_reminders` ###

DROP TABLE IF EXISTS `0_dashboard_reminders`;

CREATE TABLE `0_dashboard_reminders` (
  `id` int(11) NOT NULL AUTO_INCREMENT,
  `role_id` int(11) NOT NULL,
  `next_date` date NOT NULL,
  `description` text,
  `frequency` varchar(20) NOT NULL,
  `param` text,
  PRIMARY KEY (`id`)
) ENGINE=InnoDB DEFAULT CHARSET=utf8 ;

### Data of table `0_dashboard_reminders` ###


### Structure of table `0_dashboard_widgets` ###

DROP TABLE IF EXISTS `0_dashboard_widgets`;

CREATE TABLE `0_dashboard_widgets` (
  `id` int(11) NOT NULL AUTO_INCREMENT,
  `user_id` int(11) NOT NULL,
  `app` varchar(50) NOT NULL,
  `column_id` int(11) NOT NULL,
  `sort_no` int(11) NOT NULL,
  `collapsed` tinyint(1) NOT NULL,
  `widget` varchar(100) NOT NULL,
  `description` varchar(100) NOT NULL,
  `param` text,
  PRIMARY KEY (`id`)
) ENGINE=InnoDB AUTO_INCREMENT=40 DEFAULT CHARSET=utf8 ;

### Data of table `0_dashboard_widgets` ###

INSERT INTO `0_dashboard_widgets` VALUES
('1', '1', 'AP', '1', '1', '0', 'weeklysales', 'Top 10 Sales Weeks', '{&quot;top&quot;:&quot;10&quot;,&quot;orderby&quot;:&quot;Gross Sales&quot;,&quot;orderby_seq&quot;:&quot;desc&quot;,&quot;graph_type&quot;:&quot;Table&quot;,&quot;data_filter&quot;:&quot;dm.payment_terms = -1&quot;}'),
('2', '1', 'AP', '1', '0', '0', 'weeklysales', 'Weekly Sales', '{&quot;top&quot;:&quot;&quot;,&quot;orderby&quot;:&quot;Week End&quot;,&quot;orderby_seq&quot;:&quot;asc&quot;,&quot;graph_type&quot;:&quot;LineChart&quot;,&quot;data_filter&quot;:&quot;&quot;}'),
('3', '1', 'AP', '2', '1', '0', 'weeklysales', 'Lowest weeks sales', '{&quot;top&quot;:&quot;10&quot;,&quot;orderby&quot;:&quot;Gross Sales&quot;,&quot;orderby_seq&quot;:&quot;asc&quot;,&quot;graph_type&quot;:&quot;Table&quot;,&quot;data_filter&quot;:&quot;&quot;}'),
('6', '1', 'AP', '2', '0', '0', 'dailysales', 'Daily Sales', '{&quot;top&quot;:&quot;10&quot;,&quot;data_filter&quot;:&quot;dm.payment_terms = -1&quot;,&quot;graph_type&quot;:&quot;LineChart&quot;}'),
('7', '1', 'orders', '1', '0', '0', 'customers', 'Top 10 Customers', '{&quot;top&quot;:&quot;10&quot;,&quot;data_filter&quot;:&quot;&quot;,&quot;graph_type&quot;:&quot;Table&quot;}'),
('9', '1', 'orders', '1', '1', '0', 'salesinvoices', 'Overdue invoices', '{&quot;data_filter&quot;:&quot;&quot;}'),
('10', '1', 'AP', '1', '0', '0', 'suppliers', 'Top 10 Suppliers', '{&quot;top&quot;:&quot;&quot;,&quot;data_filter&quot;:&quot;&quot;,&quot;graph_type&quot;:&quot;Table&quot;}'),
('11', '1', 'AP', '2', '0', '0', 'suppliers', 'Top 10 Suppliers', '{&quot;top&quot;:&quot;&quot;,&quot;data_filter&quot;:&quot;&quot;,&quot;graph_type&quot;:&quot;ColumnChart&quot;}'),
('12', '1', 'GL', '2', '1', '0', 'glreturn', 'Return', '{&quot;graph_type&quot;:&quot;Table&quot;,&quot;data_filter&quot;:&quot;&quot;}'),
('13', '1', 'GL', '2', '0', '0', 'glreturn', 'Return', '{&quot;graph_type&quot;:&quot;PieChart&quot;,&quot;data_filter&quot;:&quot;&quot;}'),
('14', '1', 'stock', '1', '0', '0', 'items', 'Top 10 Items', '{&quot;top&quot;:&quot;&quot;,&quot;item_type&quot;:&quot;stock&quot;,&quot;graph_type&quot;:&quot;Table&quot;,&quot;data_filter&quot;:&quot;&quot;}'),
('15', '1', 'stock', '2', '0', '0', 'items', 'Top 10 Items', '{&quot;top&quot;:&quot;&quot;,&quot;item_type&quot;:&quot;stock&quot;,&quot;graph_type&quot;:&quot;PieChart&quot;,&quot;data_filter&quot;:&quot;&quot;}'),
('16', '1', 'manuf', '1', '0', '0', 'items', 'Top 10 items', '{&quot;top&quot;:&quot;&quot;,&quot;item_type&quot;:&quot;manuf&quot;,&quot;graph_type&quot;:&quot;Table&quot;,&quot;data_filter&quot;:&quot;&quot;}'),
('17', '1', 'manuf', '2', '0', '0', 'items', 'Top 10 Items', '{&quot;top&quot;:&quot;&quot;,&quot;item_type&quot;:&quot;manuf&quot;,&quot;graph_type&quot;:&quot;PieChart&quot;,&quot;data_filter&quot;:&quot;&quot;}'),
('18', '1', 'orders', '2', '0', '0', 'customers', 'Top 10 Customers', '{&quot;top&quot;:&quot;&quot;,&quot;data_filter&quot;:&quot;&quot;,&quot;graph_type&quot;:&quot;ColumnChart&quot;}'),
('19', '1', 'GL', '2', '2', '0', 'bankbalances', 'Bank Balances', '{&quot;data_filter&quot;:&quot;&quot;}'),
('20', '1', 'GL', '1', '1', '0', 'dailybankbalances', 'Daily Current Account Balance', '{&quot;days_past&quot;:&quot;&quot;,&quot;days_future&quot;:&quot;&quot;,&quot;bank_act&quot;:&quot;0&quot;,&quot;graph_type&quot;:&quot;ColumnChart&quot;}'),
('21', '1', 'GL', '1', '0', '0', 'banktransactions', 'Current Account Transactions', '{&quot;days_past&quot;:&quot;15&quot;,&quot;days_future&quot;:&quot;15&quot;,&quot;bank_act&quot;:&quot;0&quot;,&quot;data_filter&quot;:&quot;&quot;}'),
('22', '2', 'AP', '1', '1', '0', 'weeklysales', 'Top 10 Sales Weeks', '{&quot;top&quot;:&quot;10&quot;,&quot;orderby&quot;:&quot;Gross Sales&quot;,&quot;orderby_seq&quot;:&quot;desc&quot;,&quot;graph_type&quot;:&quot;Table&quot;,&quot;data_filter&quot;:&quot;dm.payment_terms = -1&quot;}'),
('23', '2', 'AP', '1', '0', '0', 'weeklysales', 'Weekly Sales', '{&quot;top&quot;:&quot;&quot;,&quot;orderby&quot;:&quot;Week End&quot;,&quot;orderby_seq&quot;:&quot;asc&quot;,&quot;graph_type&quot;:&quot;LineChart&quot;,&quot;data_filter&quot;:&quot;&quot;}'),
('24', '2', 'AP', '2', '1', '0', 'weeklysales', 'Lowest weeks sales', '{&quot;top&quot;:&quot;10&quot;,&quot;orderby&quot;:&quot;Gross Sales&quot;,&quot;orderby_seq&quot;:&quot;asc&quot;,&quot;graph_type&quot;:&quot;Table&quot;,&quot;data_filter&quot;:&quot;&quot;}'),
('25', '2', 'AP', '2', '0', '0', 'dailysales', 'Daily Sales', '{&quot;top&quot;:&quot;10&quot;,&quot;data_filter&quot;:&quot;dm.payment_terms = -1&quot;,&quot;graph_type&quot;:&quot;LineChart&quot;}'),
('26', '2', 'orders', '1', '0', '0', 'customers', 'Top 10 Customers', '{&quot;top&quot;:&quot;10&quot;,&quot;data_filter&quot;:&quot;&quot;,&quot;graph_type&quot;:&quot;Table&quot;}'),
('27', '2', 'orders', '1', '1', '0', 'salesinvoices', 'Overdue invoices', '{&quot;data_filter&quot;:&quot;&quot;}'),
('28', '2', 'AP', '1', '0', '0', 'suppliers', 'Top 10 Suppliers', '{&quot;top&quot;:&quot;&quot;,&quot;data_filter&quot;:&quot;&quot;,&quot;graph_type&quot;:&quot;Table&quot;}'),
('29', '2', 'AP', '2', '0', '0', 'suppliers', 'Top 10 Suppliers', '{&quot;top&quot;:&quot;&quot;,&quot;data_filter&quot;:&quot;&quot;,&quot;graph_type&quot;:&quot;ColumnChart&quot;}'),
('30', '2', 'GL', '2', '1', '0', 'glreturn', 'Return', '{&quot;graph_type&quot;:&quot;Table&quot;,&quot;data_filter&quot;:&quot;&quot;}'),
('31', '2', 'GL', '2', '0', '0', 'glreturn', 'Return', '{&quot;graph_type&quot;:&quot;PieChart&quot;,&quot;data_filter&quot;:&quot;&quot;}'),
('32', '2', 'stock', '1', '0', '0', 'items', 'Top 10 Items', '{&quot;top&quot;:&quot;&quot;,&quot;item_type&quot;:&quot;stock&quot;,&quot;graph_type&quot;:&quot;Table&quot;,&quot;data_filter&quot;:&quot;&quot;}'),
('33', '2', 'stock', '2', '0', '0', 'items', 'Top 10 Items', '{&quot;top&quot;:&quot;&quot;,&quot;item_type&quot;:&quot;stock&quot;,&quot;graph_type&quot;:&quot;PieChart&quot;,&quot;data_filter&quot;:&quot;&quot;}'),
('34', '2', 'manuf', '1', '0', '0', 'items', 'Top 10 items', '{&quot;top&quot;:&quot;&quot;,&quot;item_type&quot;:&quot;manuf&quot;,&quot;graph_type&quot;:&quot;Table&quot;,&quot;data_filter&quot;:&quot;&quot;}'),
('35', '2', 'manuf', '2', '0', '0', 'items', 'Top 10 Items', '{&quot;top&quot;:&quot;&quot;,&quot;item_type&quot;:&quot;manuf&quot;,&quot;graph_type&quot;:&quot;PieChart&quot;,&quot;data_filter&quot;:&quot;&quot;}'),
('36', '2', 'orders', '2', '0', '0', 'customers', 'Top 10 Customers', '{&quot;top&quot;:&quot;&quot;,&quot;data_filter&quot;:&quot;&quot;,&quot;graph_type&quot;:&quot;ColumnChart&quot;}'),
('37', '2', 'GL', '2', '2', '0', 'bankbalances', 'Bank Balances', '{&quot;data_filter&quot;:&quot;&quot;}'),
('38', '2', 'GL', '1', '1', '0', 'dailybankbalances', 'Daily Current Account Balance', '{&quot;days_past&quot;:&quot;&quot;,&quot;days_future&quot;:&quot;&quot;,&quot;bank_act&quot;:&quot;0&quot;,&quot;graph_type&quot;:&quot;ColumnChart&quot;}'),
('39', '2', 'GL', '1', '0', '0', 'banktransactions', 'Current Account Transactions', '{&quot;days_past&quot;:&quot;15&quot;,&quot;days_future&quot;:&quot;15&quot;,&quot;bank_act&quot;:&quot;0&quot;,&quot;data_filter&quot;:&quot;&quot;}');

### Structure of table `0_debtor_trans` ###

DROP TABLE IF EXISTS `0_debtor_trans`;

CREATE TABLE `0_debtor_trans` (
  `trans_no` int(11) unsigned NOT NULL DEFAULT '0',
  `type` smallint(6) unsigned NOT NULL DEFAULT '0',
  `version` tinyint(1) unsigned NOT NULL DEFAULT '0',
  `debtor_no` int(11) unsigned DEFAULT NULL,
  `branch_code` int(11) NOT NULL DEFAULT '-1',
  `tran_date` date NOT NULL DEFAULT '0000-00-00',
  `due_date` date NOT NULL DEFAULT '0000-00-00',
  `reference` varchar(60) COLLATE utf8_unicode_ci NOT NULL DEFAULT '',
  `tpe` int(11) NOT NULL DEFAULT '0',
  `order_` int(11) NOT NULL DEFAULT '0',
  `ov_amount` double NOT NULL DEFAULT '0',
  `ov_gst` double NOT NULL DEFAULT '0',
  `gst_wh` double NOT NULL,
  `ov_freight` double NOT NULL DEFAULT '0',
  `ov_freight_tax` double NOT NULL DEFAULT '0',
  `ov_discount` double NOT NULL DEFAULT '0',
  `alloc` double NOT NULL DEFAULT '0',
  `prep_amount` double NOT NULL DEFAULT '0',
  `rate` double NOT NULL DEFAULT '1',
  `ship_via` int(11) DEFAULT NULL,
  `dimension_id` int(11) NOT NULL DEFAULT '0',
  `dimension2_id` int(11) NOT NULL DEFAULT '0',
  `payment_terms` int(11) DEFAULT NULL,
  `tax_included` tinyint(1) unsigned NOT NULL DEFAULT '0',
  `supply_disc` int(11) NOT NULL,
  `service_disc` int(11) NOT NULL,
  `fbr_disc` int(11) NOT NULL,
  `srb_disc` int(11) NOT NULL,
  `write_back` int(11) NOT NULL,
  `supply_tax_id` int(11) NOT NULL,
  `service_tax_id` int(11) NOT NULL,
  `fbr_tax_id` int(11) NOT NULL,
  `srb_tax_id` int(11) NOT NULL,
  `discount1` double NOT NULL,
  `discount2` double NOT NULL,
  `cheque_date` date DEFAULT NULL,
  `text_1` varchar(50) COLLATE utf8_unicode_ci DEFAULT NULL,
  `text_2` varchar(50) COLLATE utf8_unicode_ci DEFAULT NULL,
  `cheque_no` varchar(30) COLLATE utf8_unicode_ci NOT NULL,
  `text_3` varchar(30) COLLATE utf8_unicode_ci NOT NULL,
  `opening` varchar(20) COLLATE utf8_unicode_ci DEFAULT NULL,
  `disc1` double DEFAULT NULL,
  `disc2` double DEFAULT NULL,
  PRIMARY KEY (`type`,`trans_no`),
  KEY `debtor_no` (`debtor_no`,`branch_code`),
  KEY `tran_date` (`tran_date`),
  KEY `order_` (`order_`)
) ENGINE=InnoDB DEFAULT CHARSET=utf8 COLLATE=utf8_unicode_ci ;

### Data of table `0_debtor_trans` ###

INSERT INTO `0_debtor_trans` VALUES
('2', '2', '0', '25', '12', '2017-10-07', '0000-00-00', 'BRV002/10/2017', '0', '0', '2587500', '0', '0', '0', '0', '0', '1567000', '0', '1', '0', '0', '0', '0', '0', '0', '0', '0', '0', '0', '0', '0', '0', '0', '0', '0', '2017-10-07', NULL, NULL, '', '', NULL, NULL, NULL),
('1', '10', '0', '1', '1', '2017-09-13', '2017-12-12', 'SI001/09/2017', '3', '1', '1000', '0', '0', '0', '0', '0', '1000', '0', '1', '1', '0', '0', '5', '0', '0', '0', '0', '0', '0', '0', '0', '0', '0', '0', '0', NULL, NULL, NULL, '', '', NULL, NULL, NULL),
('2', '10', '0', '1', '1', '2017-09-13', '2017-12-12', 'SI002/09/2017', '3', '4', '58800', '0', '0', '0', '0', '0', '58800', '0', '1', '1', '0', '0', '5', '0', '0', '0', '0', '0', '0', '0', '0', '0', '0', '1176', '0', NULL, NULL, NULL, '', '', NULL, NULL, NULL),
('3', '10', '0', '1', '1', '2017-09-14', '2017-12-13', 'SI003/09/2017', '3', '5', '10000', '0', '0', '0', '0', '0', '10000', '0', '1', '1', '0', '0', '5', '0', '0', '0', '0', '0', '0', '0', '0', '0', '0', '0', '0', NULL, NULL, NULL, '', '', NULL, NULL, NULL),
('4', '10', '0', '3', '3', '2017-09-22', '2017-12-21', 'SI004/09/2017', '3', '10', '100000', '0', '0', '0', '0', '0', '0', '0', '1', '1', '0', '0', '5', '0', '0', '0', '0', '0', '0', '0', '0', '0', '0', '0', '0', '0000-00-00', NULL, NULL, '', '', NULL, NULL, NULL),
('5', '10', '0', '3', '3', '2017-09-22', '2017-12-21', 'SI005/09/2017', '3', '11', '12000', '0', '0', '0', '0', '0', '0', '0', '1', '1', '0', '0', '5', '0', '0', '0', '0', '0', '0', '0', '0', '0', '0', '0', '0', '0000-00-00', NULL, NULL, '', '', NULL, NULL, NULL),
('6', '10', '0', '3', '3', '2017-09-22', '2017-09-22', 'SI006/09/2017', '3', '12', '12000', '0', '0', '0', '0', '0', '0', '0', '1', '1', '0', '0', '5', '0', '0', '0', '0', '0', '0', '0', '0', '0', '0', '0', '0', '0000-00-00', NULL, NULL, '', '', NULL, NULL, NULL),
('7', '10', '0', '3', '3', '2017-09-22', '2017-10-02', 'SI007/09/2017', '3', '14', '0', '0', '0', '0', '0', '0', '0', '0', '1', '1', '0', '0', '3', '0', '0', '0', '0', '0', '0', '0', '0', '0', '0', '0', '0', '0000-00-00', NULL, NULL, '', '', NULL, NULL, NULL),
('8', '10', '0', '1', '1', '2017-09-23', '2017-12-22', 'SI008/09/2017', '3', '16', '1586800', '269756', '0', '0', '0', '0', '50000', '0', '1', '1', '0', '0', '5', '0', '0', '0', '0', '0', '0', '0', '0', '0', '0', '0', '0', NULL, NULL, NULL, '', '', NULL, NULL, NULL),
('9', '10', '0', '3', '3', '2017-09-23', '2017-09-23', 'SI009/09/2017', '3', '18', '1537000', '0', '0', '0', '0', '0', '0', '0', '1', '1', '0', '0', '5', '0', '0', '0', '0', '0', '0', '0', '0', '0', '0', '0', '40', NULL, NULL, NULL, '', '', NULL, NULL, NULL),
('10', '10', '0', '3', '3', '2017-09-24', '2017-10-04', 'SI010/09/2017', '3', '21', '49800', '0', '0', '0', '0', '0', '0', '0', '1', '1', '0', '0', '3', '0', '0', '0', '0', '0', '0', '0', '0', '0', '0', '0', '0', '0000-00-00', NULL, NULL, '', '', NULL, NULL, NULL),
('11', '10', '0', '3', '3', '2017-09-24', '2017-09-24', 'SI011/09/2017', '3', '22', '49800', '0', '0', '0', '0', '0', '0', '0', '1', '1', '0', '0', '5', '0', '0', '0', '0', '0', '0', '0', '0', '0', '0', '0', '0', '0000-00-00', NULL, NULL, '', '', NULL, NULL, NULL),
('12', '10', '0', '3', '3', '2017-09-25', '2017-10-05', 'SI012/09/2017', '3', '24', '49800', '0', '0', '0', '0', '0', '0', '0', '1', '1', '0', '0', '3', '0', '0', '0', '0', '0', '0', '0', '0', '0', '0', '0', '0', '0000-00-00', NULL, NULL, '', '', NULL, NULL, NULL),
('13', '10', '0', '3', '3', '2017-09-25', '2017-09-25', 'SI013/09/2017', '3', '25', '49800', '0', '0', '0', '0', '0', '0', '0', '1', '1', '0', '0', '5', '0', '0', '0', '0', '0', '0', '0', '0', '0', '0', '0', '0', '0000-00-00', NULL, NULL, '', '', NULL, NULL, NULL),
('14', '10', '0', '3', '3', '2017-09-25', '2017-09-25', 'SI014/09/2017', '3', '26', '49800', '0', '0', '0', '0', '0', '0', '0', '1', '1', '0', '0', '5', '0', '0', '0', '0', '0', '0', '0', '0', '0', '0', '0', '0', '0000-00-00', NULL, NULL, '', '', NULL, NULL, NULL),
('15', '10', '0', '3', '3', '2017-09-25', '2017-09-25', 'SI015/09/2017', '3', '27', '49800', '0', '0', '0', '0', '0', '0', '0', '1', '1', '0', '0', '5', '0', '0', '0', '0', '0', '0', '0', '0', '0', '0', '0', '0', '0000-00-00', NULL, NULL, '', '', NULL, NULL, NULL),
('16', '10', '0', '3', '3', '2017-09-25', '2017-09-25', 'SI016/09/2017', '3', '28', '49800', '0', '0', '0', '0', '0', '0', '0', '1', '1', '0', '0', '5', '0', '0', '0', '0', '0', '0', '0', '0', '0', '0', '0', '0', '0000-00-00', NULL, NULL, '', '', NULL, NULL, NULL),
('17', '10', '0', '3', '3', '2017-09-25', '2017-09-25', 'SI017/09/2017', '3', '29', '49800', '0', '0', '0', '0', '0', '0', '0', '1', '1', '0', '0', '5', '0', '0', '0', '0', '0', '0', '0', '0', '0', '0', '0', '0', '0000-00-00', NULL, NULL, '', '', NULL, NULL, NULL),
('18', '10', '0', '3', '3', '2017-09-25', '2017-10-05', 'SI018/09/2017', '3', '31', '49800', '0', '0', '0', '0', '0', '0', '0', '1', '1', '0', '0', '3', '0', '0', '0', '0', '0', '0', '0', '0', '0', '0', '0', '0', '0000-00-00', NULL, NULL, '', '', NULL, NULL, NULL),
('19', '10', '0', '3', '3', '2017-09-25', '2017-09-25', 'SI019/09/2017', '3', '32', '1000', '0', '0', '0', '0', '0', '0', '0', '1', '1', '0', '0', '5', '0', '0', '0', '0', '0', '0', '0', '0', '0', '0', '0', '0', '0000-00-00', NULL, NULL, '', '', NULL, NULL, NULL),
('20', '10', '0', '3', '3', '2017-09-26', '2017-09-26', 'SI020/09/2017', '3', '35', '49800', '0', '0', '0', '0', '0', '0', '0', '1', '1', '0', '0', '5', '0', '0', '0', '0', '0', '0', '0', '0', '0', '0', '14940', '40', '0000-00-00', NULL, NULL, '', '', NULL, NULL, NULL),
('21', '10', '0', '2', '2', '2017-09-26', '2017-12-25', 'SI021/09/2017', '3', '36', '100000', '-3400', '0', '0', '0', '0', '0', '0', '1', '1', '0', '0', '5', '0', '0', '0', '0', '0', '0', '0', '0', '0', '0', '120000', '0', '0000-00-00', NULL, NULL, '', '', NULL, NULL, NULL),
('22', '10', '0', '2', '2', '2017-09-26', '2017-12-25', 'SI022/09/2017', '3', '37', '10000', '1122', '0', '0', '0', '0', '0', '0', '1', '1', '0', '0', '5', '0', '0', '0', '0', '0', '0', '0', '0', '0', '0', '3000', '400', '0000-00-00', NULL, NULL, '', '', NULL, NULL, NULL),
('23', '10', '0', '3', '3', '2017-09-27', '2017-09-27', 'SI023/09/2017', '3', '39', '0', '0', '0', '0', '0', '0', '0', '0', '1', '1', '0', '0', '5', '0', '0', '0', '0', '0', '0', '0', '0', '0', '0', '0', '0', '0000-00-00', NULL, NULL, '', '', NULL, NULL, NULL),
('24', '10', '0', '5', '5', '2017-09-28', '2017-12-27', 'GST001/09/2017', '3', '40', '49800', '8466', '0', '0', '0', '0', '2930', '0', '1', '1', '0', '0', '5', '0', '0', '0', '0', '0', '0', '0', '0', '0', '0', '0', '0', '0000-00-00', NULL, NULL, '', '', NULL, NULL, NULL),
('25', '10', '0', '6', '6', '2017-09-28', '2017-12-27', 'SI024/09/2017', '3', '41', '49800', '0', '0', '0', '0', '0', '0', '0', '1', '1', '0', '0', '5', '0', '0', '0', '0', '0', '0', '0', '0', '0', '0', '0', '0', '0000-00-00', NULL, NULL, '', '', NULL, NULL, NULL),
('26', '10', '0', '5', '5', '2017-09-29', '2017-12-28', 'SI025/09/2017', '3', '42', '49800', '8466', '0', '0', '0', '0', '0', '0', '1', '1', '0', '0', '5', '0', '0', '0', '0', '0', '0', '0', '0', '0', '0', '0', '0', '0000-00-00', NULL, NULL, '', '', NULL, NULL, NULL),
('27', '10', '0', '5', '5', '2017-09-29', '2017-12-28', 'SI026/09/2017', '3', '46', '2739000', '465630', '0', '0', '0', '0', '0', '0', '1', '1', '0', '0', '5', '0', '0', '0', '0', '0', '0', '0', '0', '0', '0', '0', '0', '0000-00-00', NULL, NULL, '', '', NULL, NULL, NULL),
('28', '10', '0', '5', '5', '2017-09-29', '2017-12-28', 'SI027/09/2017', '3', '48', '0', '0', '0', '0', '0', '0', '0', '0', '1', '1', '0', '0', '5', '0', '0', '0', '0', '0', '0', '0', '0', '0', '0', '0', '0', '0000-00-00', NULL, NULL, '', '', NULL, NULL, NULL),
('29', '10', '0', '5', '5', '2017-09-29', '2017-12-28', 'SI028/09/2017', '3', '49', '27639000', '4698630', '0', '0', '0', '0', '0', '0', '1', '1', '0', '0', '5', '0', '0', '0', '0', '0', '0', '0', '0', '0', '0', '0', '0', '0000-00-00', NULL, NULL, '', '', NULL, NULL, NULL),
('30', '10', '0', '2', '2', '2017-09-30', '2017-12-29', 'SI029/09/2017', '3', '50', '498000', '59262', '0', '0', '0', '0', '0', '0', '1', '1', '0', '0', '5', '0', '0', '0', '0', '0', '0', '0', '0', '0', '0', '149400', '0', '0000-00-00', NULL, NULL, '', '', NULL, NULL, NULL),
('31', '10', '0', '2', '2', '2017-09-30', '2017-12-29', 'SI030/09/2017', '3', '51', '498000', '59262', '0', '0', '0', '0', '0', '0', '1', '1', '0', '0', '5', '0', '0', '0', '0', '0', '0', '0', '0', '0', '0', '149400', '0', '0000-00-00', NULL, NULL, '', '', NULL, NULL, NULL),
('32', '10', '0', '5', '5', '2017-10-01', '2017-12-30', 'SI001/10/2017', '3', '54', '0', '0', '0', '0', '0', '0', '0', '0', '1', '1', '0', '0', '5', '0', '0', '0', '0', '0', '0', '0', '0', '0', '0', '0', '0', '0000-00-00', NULL, NULL, '', '', NULL, NULL, NULL),
('33', '10', '0', '5', '5', '2017-10-02', '2017-12-31', 'SI002/10/2017', '3', '56', '518000', '88060', '0', '0', '0', '0', '0', '0', '1', '1', '0', '0', '5', '0', '0', '0', '0', '0', '0', '0', '0', '0', '0', '0', '0', '0000-00-00', NULL, NULL, '', '', NULL, NULL, NULL),
('34', '10', '0', '5', '5', '2015-10-02', '2015-12-31', 'SI001/10/2015', '3', '57', '0', '0', '0', '0', '0', '0', '0', '0', '1', '1', '0', '0', '5', '0', '0', '0', '0', '0', '0', '0', '0', '0', '0', '0', '0', '0000-00-00', NULL, NULL, '', '', NULL, NULL, NULL),
('35', '10', '0', '5', '5', '2015-10-02', '2015-12-31', 'SI002/10/2015', '3', '58', '0', '0', '0', '0', '0', '0', '0', '0', '1', '1', '0', '0', '5', '0', '0', '0', '0', '0', '0', '0', '0', '0', '0', '0', '0', '0000-00-00', NULL, NULL, '', '', NULL, NULL, NULL),
('36', '10', '0', '5', '5', '2017-10-03', '2018-01-01', 'SI003/10/2017', '3', '60', '2241000', '373327.65', '0', '0', '0', '0', '0', '0', '1', '1', '0', '0', '5', '0', '0', '0', '0', '0', '0', '0', '0', '0', '0', '44820', '135', '0000-00-00', NULL, NULL, '', '', NULL, NULL, NULL),
('37', '10', '0', '5', '5', '2017-10-04', '2018-01-02', 'SI004/10/2017', '3', '61', '498000', '84660', '0', '0', '0', '0', '0', '0', '1', '1', '0', '0', '5', '0', '0', '0', '0', '0', '0', '0', '0', '0', '0', '0', '0', '0000-00-00', NULL, NULL, '', '', NULL, NULL, NULL),
('38', '10', '0', '5', '5', '2017-10-04', '2018-01-02', 'SI005/10/2017', '3', '62', '498000', '84660', '0', '0', '0', '0', '0', '0', '1', '1', '0', '0', '5', '0', '0', '0', '0', '0', '0', '0', '0', '0', '0', '0', '0', '0000-00-00', NULL, NULL, '', '', NULL, NULL, NULL),
('39', '10', '0', '5', '5', '2017-10-04', '2018-01-02', 'SI006/10/2017', '3', '63', '547800', '93126', '0', '0', '0', '0', '0', '0', '1', '1', '0', '0', '5', '0', '0', '0', '0', '0', '0', '0', '0', '0', '0', '0', '0', '0000-00-00', NULL, NULL, '', '', NULL, NULL, NULL),
('40', '10', '0', '5', '5', '2017-10-04', '2018-01-02', 'SI007/10/2017', '3', '64', '647400', '110058', '0', '0', '0', '0', '0', '0', '1', '1', '0', '0', '5', '0', '0', '0', '0', '0', '0', '0', '0', '0', '0', '0', '0', '0000-00-00', NULL, NULL, '', '', NULL, NULL, NULL),
('41', '10', '0', '5', '5', '2017-10-04', '2018-01-02', 'SI008/10/2017', '3', '65', '896400', '152388', '0', '0', '0', '0', '0', '0', '1', '1', '0', '0', '5', '0', '0', '0', '0', '0', '0', '0', '0', '0', '0', '0', '0', '0000-00-00', NULL, NULL, '', '', NULL, NULL, NULL),
('42', '10', '0', '5', '5', '2017-10-04', '2018-01-02', 'SI009/10/2017', '3', '66', '900', '153', '0', '0', '0', '0', '0', '0', '1', '1', '0', '0', '5', '0', '0', '0', '0', '0', '0', '0', '0', '0', '0', '0', '0', '0000-00-00', NULL, NULL, '', '', NULL, NULL, NULL),
('43', '10', '0', '5', '5', '2017-10-04', '2018-01-02', 'SI010/10/2017', '3', '67', '300', '51', '0', '0', '0', '0', '0', '0', '1', '1', '0', '0', '5', '0', '0', '0', '0', '0', '0', '0', '0', '0', '0', '0', '0', '0000-00-00', NULL, NULL, '', '', NULL, NULL, NULL),
('44', '10', '0', '3', '3', '2017-10-05', '2018-01-03', 'SI011/10/2017', '1', '69', '473100', '0', '0', '0', '0', '0', '0', '0', '1', '1', '0', '0', '5', '1', '0', '0', '0', '0', '0', '0', '0', '0', '0', '94620', '0', '0000-00-00', NULL, NULL, '', '', NULL, NULL, NULL),
('45', '10', '0', '5', '5', '2017-10-05', '2018-01-03', 'SI012/10/2017', '3', '70', '10000', '1700', '0', '0', '0', '0', '0', '0', '1', '1', '0', '0', '5', '0', '0', '0', '0', '0', '0', '0', '0', '0', '0', '0', '0', '0000-00-00', NULL, NULL, '', '', NULL, NULL, NULL),
('46', '10', '0', '5', '5', '2017-10-05', '2018-01-03', 'SI013/10/2017', '3', '72', '10000', '1700', '0', '0', '0', '0', '0', '0', '1', '1', '0', '0', '5', '0', '0', '0', '0', '0', '0', '0', '0', '0', '0', '0', '0', '0000-00-00', NULL, NULL, '', '', NULL, NULL, NULL),
('47', '10', '0', '5', '5', '2017-10-05', '2018-01-03', 'SI014/10/2017', '3', '73', '5500', '935', '0', '0', '0', '0', '0', '0', '1', '1', '0', '0', '5', '0', '0', '0', '0', '0', '0', '0', '0', '0', '0', '0', '0', '0000-00-00', NULL, NULL, '', '', NULL, NULL, NULL),
('48', '10', '0', '4', '4', '2017-10-05', '2018-01-03', 'SI015/10/2017', '3', '74', '500', '85', '0', '0', '0', '0', '0', '0', '1', '1', '0', '0', '5', '0', '0', '0', '0', '0', '0', '0', '0', '0', '0', '0', '0', '0000-00-00', NULL, NULL, '', '', NULL, NULL, NULL),
('49', '10', '0', '5', '5', '2017-10-06', '2018-01-04', 'SI016/10/2017', '3', '75', '597600', '101592', '0', '0', '0', '0', '0', '0', '1', '1', '0', '0', '5', '0', '0', '0', '0', '0', '0', '0', '0', '0', '0', '0', '0', '0000-00-00', NULL, NULL, '', '', NULL, NULL, NULL),
('50', '10', '0', '5', '5', '2017-10-06', '2017-10-06', 'SI017/10/2017', '3', '76', '7200', '1224', '0', '0', '0', '0', '8424', '0', '1', '1', '0', '0', '4', '0', '0', '0', '0', '0', '0', '0', '0', '0', '0', '0', '0', '0000-00-00', NULL, NULL, '', '', NULL, NULL, NULL),
('51', '10', '0', '5', '5', '2017-10-06', '2018-01-04', 'SI018/10/2017', '3', '77', '5000', '850', '0', '0', '0', '0', '0', '0', '1', '1', '0', '0', '5', '0', '0', '0', '0', '0', '0', '0', '0', '0', '0', '0', '0', '0000-00-00', NULL, NULL, '', '', NULL, NULL, NULL),
('52', '10', '0', '6', '6', '2017-10-06', '2017-10-06', 'SI019/10/2017', '2', '78', '5000', '0', '0', '0', '0', '0', '5000', '0', '1', '1', '0', '0', '4', '0', '0', '0', '0', '0', '0', '0', '0', '0', '0', '0', '0', '0000-00-00', NULL, NULL, '', '', NULL, NULL, NULL),
('53', '10', '0', '6', '6', '2017-10-06', '2018-01-04', 'SI020/10/2017', '3', '79', '5000', '0', '0', '0', '0', '0', '0', '0', '1', '1', '0', '0', '5', '0', '0', '0', '0', '0', '0', '0', '0', '0', '0', '0', '0', '0000-00-00', NULL, NULL, '', '', NULL, NULL, NULL),
('54', '10', '0', '6', '6', '2017-10-06', '2018-01-04', 'SI021/10/2017', '3', '80', '10000', '0', '0', '0', '0', '0', '0', '0', '1', '1', '0', '0', '5', '0', '0', '0', '0', '0', '0', '0', '0', '0', '0', '0', '0', '0000-00-00', NULL, NULL, '', '', NULL, NULL, NULL),
('55', '10', '0', '6', '6', '2017-10-06', '2018-01-04', 'SI022/10/2017', '3', '81', '5000', '0', '0', '0', '0', '0', '0', '0', '1', '1', '0', '0', '5', '0', '0', '0', '0', '0', '0', '0', '0', '0', '0', '0', '0', '0000-00-00', NULL, NULL, '', '', NULL, NULL, NULL),
('56', '10', '0', '15', '8', '2017-10-07', '2018-01-05', 'SI023/10/2017', '1', '83', '10000', '0', '0', '0', '0', '0', '10000', '0', '1', '1', '0', '0', '5', '1', '0', '0', '0', '0', '0', '0', '0', '0', '0', '0', '0', '0000-00-00', NULL, NULL, '', '', NULL, NULL, NULL),
('57', '10', '0', '17', '9', '2017-10-07', '2018-01-05', 'SI024/10/2017', '1', '84', '9000', '0', '0', '0', '0', '0', '9000', '0', '1', '1', '0', '0', '5', '1', '0', '0', '0', '0', '0', '0', '0', '0', '0', '0', '0', '0000-00-00', NULL, NULL, '', '', NULL, NULL, NULL),
('58', '10', '0', '24', '11', '2017-10-07', '2017-10-07', 'SI025/10/2017', '3', '86', '1537000', '261290', '0', '0', '0', '0', '1798290', '1798290', '1', '1', '0', '0', '6', '0', '0', '0', '0', '0', '0', '0', '0', '0', '0', '0', '0', '0020-00-00', NULL, NULL, '0', '', NULL, NULL, NULL),
('59', '10', '0', '25', '12', '2017-10-07', '2017-10-07', 'SI026/10/2017', '1', '87', '1567000', '0', '0', '0', '0', '0', '1567000', '1567000', '1', '1', '0', '0', '6', '1', '0', '0', '0', '0', '0', '0', '0', '0', '0', '0', '0', '0020-00-00', NULL, NULL, '0', '', NULL, NULL, NULL),
('60', '10', '0', '24', '11', '2017-10-08', '2018-01-06', 'SI027/10/2017', '3', '89', '0', '0', '0', '0', '0', '0', '0', '0', '1', '1', '0', '0', '5', '0', '0', '0', '0', '0', '0', '0', '0', '0', '0', '0', '0', '0000-00-00', NULL, NULL, '', '', NULL, NULL, NULL),
('61', '10', '0', '24', '11', '2017-10-08', '2018-01-06', 'SI028/10/2017', '3', '90', '1000', '170', '0', '0', '0', '0', '501', '0', '1', '1', '0', '0', '5', '0', '0', '0', '0', '0', '0', '0', '0', '0', '0', '0', '0', '0000-00-00', NULL, NULL, '', '', NULL, NULL, NULL),
('62', '10', '0', '27', '15', '2017-10-09', '2017-10-19', 'SI029/10/2017', '1', '91', '150000', '0', '0', '0', '0', '0', '150000', '0', '1', '1', '0', '0', '3', '1', '0', '0', '0', '0', '0', '0', '0', '0', '0', '0', '0', '0000-00-00', NULL, NULL, '', '', NULL, NULL, NULL),
('63', '10', '0', '27', '15', '2017-10-09', '2017-10-19', 'SI030/10/2017', '1', '92', '52500', '0', '0', '0', '0', '0', '52500', '0', '1', '1', '0', '0', '3', '1', '0', '0', '0', '0', '0', '0', '0', '0', '0', '0', '0', '0000-00-00', NULL, NULL, '', '', NULL, NULL, NULL),
('64', '10', '0', '28', '16', '2017-10-09', '2017-10-19', 'SI031/10/2017', '1', '93', '234000', '0', '0', '0', '0', '0', '234000', '0', '1', '1', '0', '0', '3', '1', '0', '0', '0', '0', '0', '0', '0', '0', '0', '0', '0', '0000-00-00', NULL, NULL, '', '', NULL, NULL, NULL),
('65', '10', '0', '17', '9', '2017-10-09', '2017-10-09', 'SI032/10/2017', '1', '88', '2722000', '0', '0', '0', '0', '0', '2722000', '0', '1', '1', '0', '0', '4', '1', '0', '0', '0', '0', '0', '0', '0', '0', '0', '0', '0', '0000-00-00', NULL, NULL, '', '', NULL, NULL, NULL),
('66', '10', '0', '15', '8', '2017-10-09', '2018-01-07', 'SI033/10/2017', '1', '82', '10000', '0', '0', '0', '0', '0', '0', '0', '1', '1', '0', '0', '5', '1', '0', '0', '0', '0', '0', '0', '0', '0', '0', '0', '0', '0000-00-00', NULL, NULL, '', '', NULL, NULL, NULL),
('67', '10', '0', '17', '9', '2017-10-09', '2018-01-07', 'SI034/10/2017', '1', '94', '0', '0', '0', '0', '0', '0', '0', '0', '1', '1', '0', '0', '5', '1', '0', '0', '0', '0', '0', '0', '0', '0', '0', '0', '0', '0000-00-00', NULL, NULL, '', '', NULL, NULL, NULL),
('68', '10', '0', '24', '11', '2017-10-09', '2018-01-07', 'SI035/10/2017', '3', '95', '1200', '204', '0', '0', '0', '0', '0', '0', '1', '1', '0', '0', '5', '0', '0', '0', '0', '0', '0', '0', '0', '0', '0', '0', '0', '0000-00-00', NULL, NULL, '', '', NULL, NULL, NULL),
('69', '10', '0', '24', '11', '2017-10-09', '2018-01-07', 'SI036/10/2017', '3', '96', '12000', '2040', '0', '1000', '170', '0', '0', '0', '1', '1', '0', '0', '5', '0', '0', '0', '0', '0', '0', '0', '0', '0', '0', '0', '0', '0000-00-00', NULL, NULL, '', '', NULL, NULL, NULL),
('70', '10', '0', '24', '11', '2017-10-09', '2018-01-07', 'SI037/10/2017', '3', '97', '100000', '17000', '0', '5000', '850', '0', '0', '0', '1', '2', '0', '0', '5', '0', '0', '0', '0', '0', '0', '0', '0', '0', '0', '0', '0', '0000-00-00', NULL, NULL, '', '', NULL, NULL, NULL),
('71', '10', '0', '24', '11', '2017-10-09', '2018-01-07', 'SI038/10/2017', '3', '98', '0', '0', '0', '6000', '1020', '0', '0', '0', '1', '1', '0', '0', '5', '0', '0', '0', '0', '0', '0', '0', '0', '0', '0', '0', '0', '0000-00-00', NULL, NULL, '', '', NULL, NULL, NULL),
('72', '10', '0', '24', '11', '2017-10-09', '2018-01-07', 'SI039/10/2017', '3', '99', '100000', '17000', '0', '7000', '1190', '0', '0', '0', '1', '1', '0', '0', '5', '0', '0', '0', '0', '0', '0', '0', '0', '0', '0', '0', '0', '0000-00-00', NULL, NULL, '', '', NULL, NULL, NULL),
('73', '10', '0', '24', '11', '2017-10-09', '2018-01-07', 'SI040/10/2017', '3', '100', '228000', '38760', '0', '8000', '1360', '0', '0', '0', '1', '2', '0', '0', '5', '0', '0', '0', '0', '0', '0', '0', '0', '0', '0', '0', '0', '0000-00-00', NULL, NULL, '', '', NULL, NULL, NULL),
('74', '10', '0', '24', '11', '2017-10-09', '2018-01-07', 'SI041/10/2017', '3', '100', '228000', '38760', '0', '5000', '850', '0', '0', '0', '1', '1', '0', '0', '5', '0', '0', '0', '0', '0', '0', '0', '0', '0', '0', '0', '0', '0000-00-00', NULL, NULL, '', '', NULL, NULL, NULL),
('75', '10', '0', '29', '17', '2017-10-10', '2017-10-20', 'SI042/10/2017', '1', '101', '28200', '0', '0', '0', '0', '0', '28200', '0', '1', '2', '0', '0', '3', '1', '0', '0', '0', '0', '0', '0', '0', '0', '0', '0', '0', '0000-00-00', NULL, NULL, '', '', NULL, NULL, NULL),
('76', '10', '0', '30', '19', '2017-10-10', '2018-01-08', 'SI043/10/2017', '1', '104', '5000', '0', '0', '0', '0', '0', '5000', '0', '1', '2', '0', '0', '5', '1', '0', '0', '0', '0', '0', '0', '0', '0', '0', '0', '0', '0000-00-00', NULL, NULL, '', '', NULL, NULL, NULL),
('77', '10', '0', '30', '19', '2017-10-10', '2018-01-08', 'SI044/10/2017', '1', '105', '250', '0', '0', '0', '0', '0', '250', '0', '1', '2', '0', '0', '5', '1', '0', '0', '0', '0', '0', '0', '0', '0', '0', '0', '0', '0000-00-00', NULL, NULL, '', '', NULL, NULL, NULL),
('78', '10', '0', '30', '19', '2017-10-10', '2018-01-08', 'SI045/10/2017', '1', '106', '12000', '0', '0', '0', '0', '0', '12000', '0', '1', '2', '0', '0', '5', '1', '0', '0', '0', '0', '0', '0', '0', '0', '0', '0', '0', '0000-00-00', NULL, NULL, '', '', NULL, NULL, NULL),
('79', '10', '0', '30', '19', '2017-10-10', '2018-01-08', 'SI046/10/2017', '1', '107', '1800', '0', '0', '0', '0', '0', '1800', '0', '1', '2', '0', '0', '5', '1', '0', '0', '0', '0', '0', '0', '0', '0', '0', '0', '0', '0000-00-00', NULL, NULL, '', '', NULL, NULL, NULL),
('80', '10', '0', '30', '19', '2017-10-10', '2018-01-08', 'SI047/10/2017', '1', '108', '10500', '0', '0', '0', '0', '0', '0', '0', '1', '2', '0', '0', '5', '1', '0', '0', '0', '0', '0', '0', '0', '0', '0', '0', '0', '0000-00-00', NULL, NULL, '', '', NULL, NULL, NULL),
('81', '10', '0', '7', '7', '2017-10-10', '2018-01-08', 'SI048/10/2017', '3', '109', '210000', '35700', '0', '0', '0', '0', '0', '0', '1', '1', '0', '0', '5', '0', '0', '0', '0', '0', '0', '0', '0', '0', '0', '0', '0', '0000-00-00', NULL, NULL, '', '', NULL, NULL, NULL),
('1', '11', '0', '2', '2', '2017-09-30', '0000-00-00', 'CCN001/09/2017', '3', '0', '34860', '5926.2', '0', '0', '0', '0', '0', '0', '1', '1', '0', '0', '5', '0', '0', '0', '0', '0', '0', '0', '0', '0', '0', '0', '0', '0000-00-00', NULL, NULL, '', '', NULL, NULL, NULL),
('2', '11', '0', '2', '2', '2017-09-30', '0000-00-00', 'CCN002/09/2017', '3', '0', '104580', '17778.6', '0', '0', '0', '0', '0', '0', '1', '1', '0', '0', '5', '0', '0', '0', '0', '0', '0', '0', '0', '0', '0', '0', '0', '0000-00-00', NULL, NULL, '', '', NULL, NULL, NULL),
('3', '11', '0', '2', '2', '2017-09-30', '0000-00-00', 'CCN003/09/2017', '3', '0', '69720', '11852.4', '0', '0', '0', '0', '0', '0', '1', '1', '0', '0', '5', '0', '0', '0', '0', '0', '0', '0', '0', '0', '0', '0', '0', '0000-00-00', NULL, NULL, '', '', NULL, NULL, NULL),
('4', '11', '0', '2', '2', '2017-09-30', '0000-00-00', 'CCN004/09/2017', '3', '0', '348600', '59262', '0', '0', '0', '0', '0', '0', '1', '1', '0', '0', '5', '0', '0', '0', '0', '0', '0', '0', '0', '0', '0', '0', '0', '0000-00-00', NULL, NULL, '', '', NULL, NULL, NULL),
('1', '12', '0', '1', '1', '2017-09-13', '0000-00-00', 'CP001/09/2017', '0', '0', '1000', '0', '0', '0', '0', '0', '1000', '0', '1', '0', '0', '0', '0', '0', '0', '0', '0', '0', '0', '0', '0', '0', '0', '0', '0', NULL, NULL, NULL, '', '', NULL, NULL, NULL),
('2', '12', '0', '1', '1', '2017-09-13', '0000-00-00', 'CP002/09/2017', '0', '0', '58800', '0', '0', '0', '0', '0', '58800', '0', '1', '0', '0', '0', '0', '0', '0', '0', '0', '0', '0', '0', '0', '0', '0', '0', '0', NULL, NULL, NULL, '', '', NULL, NULL, NULL),
('3', '12', '0', '3', '3', '2017-09-22', '0000-00-00', 'CP003/09/2017', '0', '0', '88000000', '0', '0', '0', '0', '0', '88000000', '0', '1', '0', '0', '0', '0', '0', '0', '0', '0', '0', '0', '0', '0', '0', '0', '0', '0', '2017-09-22', NULL, NULL, '', '', NULL, NULL, NULL),
('4', '12', '0', '3', '3', '2017-09-23', '0000-00-00', 'CP004/09/2017', '0', '0', '1586800', '0', '0', '0', '0', '0', '1586800', '0', '1', '0', '0', '0', '0', '0', '0', '0', '0', '0', '0', '0', '0', '0', '0', '0', '0', NULL, NULL, NULL, '', '', NULL, NULL, NULL),
('5', '12', '0', '1', '1', '2017-09-26', '0000-00-00', 'CP005/09/2017', '0', '0', '60000', '0', '0', '0', '0', '0', '60000', '0', '1', '0', '0', '0', '0', '0', '2700', '6000', '0', '0', '0', '8', '12', '16', '15', '0', '0', NULL, NULL, NULL, '', '', NULL, NULL, NULL),
('6', '12', '0', '5', '5', '2017-09-28', '0000-00-00', 'CP006/09/2017', '0', '0', '100', '0', '0', '0', '0', '0', '120', '0', '1', '0', '0', '0', '0', '0', '5', '10', '1', '4', '0', '8', '10', '16', '14', '0', '0', '0000-00-00', NULL, NULL, '', '', NULL, NULL, NULL),
('7', '12', '0', '5', '5', '2017-09-28', '0000-00-00', 'CP007/09/2017', '0', '0', '341.5', '0', '0', '0', '0', '0', '450', '0', '1', '0', '0', '0', '0', '0', '5', '90', '12', '2', '0', '16', '17', '7', '9', '0', '0', '0000-00-00', NULL, NULL, '', '', NULL, NULL, NULL),
('8', '12', '0', '5', '5', '2017-09-28', '0000-00-00', 'CP008/09/2017', '0', '0', '392', '0', '0', '0', '0', '0', '500', '0', '1', '0', '0', '0', '0', '0', '5', '100', '1', '2', '0', '16', '17', '7', '9', '0', '0', '0000-00-00', NULL, NULL, '', '', NULL, NULL, NULL),
('9', '12', '0', '5', '5', '2017-10-02', '0000-00-00', 'CP001/10/2017', '0', '0', '392', '0', '0', '0', '0', '0', '500', '0', '1', '0', '0', '0', '0', '0', '5', '100', '1', '2', '0', '16', '17', '0', '9', '0', '0', '2017-10-02', '1', '2', '111', '3', NULL, NULL, NULL),
('10', '12', '0', '5', '5', '2017-10-02', '0000-00-00', 'CP002/10/2017', '0', '0', '91.8', '0', '0', '0', '0', '0', '120', '0', '1', '0', '0', '0', '0', '0', '1', '24', '1', '2', '0', '16', '17', '0', '9', '0', '0', '2017-10-02', '1', '2', '222', '3', NULL, NULL, NULL),
('11', '12', '0', '5', '5', '2017-10-02', '0000-00-00', 'CP003/10/2017', '0', '0', '454.8', '0', '0', '0', '0', '0', '540', '0', '1', '0', '0', '0', '0', '0', '5', '65', '7', '8', '0', '16', '11', '0', '9', '0', '0', '2017-10-02', '8', '9', '889', '10', NULL, NULL, NULL),
('12', '12', '0', '5', '5', '2017-10-02', '0000-00-00', 'CP004/10/2017', '0', '0', '547', '0', '0', '0', '0', '0', '700', '0', '1', '0', '0', '0', '0', '0', '7', '140', '4', '2', '0', '16', '17', '0', '9', '0', '0', '2017-10-02', '8', '9', '778', '7', NULL, NULL, NULL),
('13', '12', '0', '5', '5', '2017-10-06', '0000-00-00', 'CP005/10/2017', '0', '0', '8424', '0', '0', '0', '0', '0', '8424', '0', '1', '0', '0', '0', '0', '0', '0', '0', '0', '0', '0', '0', '0', '0', '0', '0', '0', '0000-00-00', '0', '0', '0', '0', NULL, NULL, NULL),
('14', '12', '0', '6', '6', '2017-10-06', '0000-00-00', 'CP006/10/2017', '0', '0', '5000', '0', '0', '0', '0', '0', '5000', '0', '1', '0', '0', '0', '0', '0', '0', '0', '0', '0', '0', '0', '0', '0', '0', '0', '0', '0000-00-00', '0', '0', '0', '0', NULL, NULL, NULL),
('15', '12', '0', '15', '8', '2017-10-07', '0000-00-00', 'CP007/10/2017', '0', '0', '10000', '0', '0', '0', '0', '0', '10000', '0', '1', '0', '0', '0', '0', '0', '0', '0', '0', '0', '0', '0', '0', '0', '0', '0', '0', '2017-10-07', NULL, NULL, '', '', NULL, NULL, NULL),
('16', '12', '0', '17', '9', '2017-10-07', '0000-00-00', 'CP008/10/2017', '0', '0', '9000', '0', '0', '0', '0', '0', '9000', '0', '1', '0', '0', '0', '0', '0', '0', '0', '0', '0', '0', '0', '0', '0', '0', '0', '0', '2017-10-07', NULL, NULL, '', '', NULL, NULL, NULL),
('17', '12', '0', '24', '11', '2017-10-07', '0000-00-00', 'CP009/10/2017', '0', '0', '1798290', '0', '0', '0', '0', '0', '1798290', '0', '1', '0', '0', '0', '0', '0', '0', '0', '0', '0', '0', '0', '0', '0', '0', '0', '0', '2017-10-07', NULL, NULL, '', '', NULL, NULL, NULL),
('18', '12', '0', '24', '11', '2017-10-08', '0000-00-00', 'CP010/10/2017', '0', '0', '1', '0', '0', '0', '0', '0', '1', '0', '1', '0', '0', '0', '0', '0', '0', '0', '0', '0', '0', '0', '0', '0', '0', '0', '0', '2017-10-08', NULL, NULL, '', '', NULL, NULL, NULL),
('19', '12', '0', '24', '11', '2017-10-09', '0000-00-00', 'CP011/10/2017', '0', '0', '377', '0', '0', '0', '0', '0', '500', '0', '1', '0', '0', '0', '0', '0', '100', '20', '1', '2', '0', '17', '6', '0', '12', '0', '0', '2017-10-09', NULL, NULL, '', '', NULL, NULL, NULL),
('20', '12', '0', '27', '15', '2017-10-09', '0000-00-00', 'CP012/10/2017', '0', '0', '150000', '0', '0', '0', '0', '0', '150000', '0', '1', '0', '0', '0', '0', '0', '0', '0', '0', '0', '0', '0', '0', '0', '0', '0', '0', '2017-10-09', NULL, NULL, '', '', NULL, NULL, NULL),
('21', '12', '0', '27', '15', '2017-10-09', '0000-00-00', 'CP013/10/2017', '0', '0', '52500', '0', '0', '0', '0', '0', '52500', '0', '1', '0', '0', '0', '0', '0', '0', '0', '0', '0', '0', '0', '0', '0', '0', '0', '0', '2017-10-09', NULL, NULL, '', '', NULL, NULL, NULL),
('22', '12', '0', '28', '16', '2017-10-09', '0000-00-00', 'CP014/10/2017', '0', '0', '234000', '0', '0', '0', '0', '0', '234000', '0', '1', '0', '0', '0', '0', '0', '0', '0', '0', '0', '0', '0', '0', '0', '0', '0', '0', '2017-10-09', NULL, NULL, '', '', NULL, NULL, NULL),
('23', '12', '0', '17', '9', '2017-10-09', '0000-00-00', 'CP015/10/2017', '0', '0', '2722000', '0', '0', '0', '0', '0', '2722000', '0', '1', '0', '0', '0', '0', '0', '0', '0', '0', '0', '0', '0', '0', '0', '0', '0', '0', '0000-00-00', '0', '0', '0', '0', NULL, NULL, NULL),
('24', '12', '0', '24', '11', '2017-10-10', '0000-00-00', 'CP016/10/2017', '0', '0', '234', '0', '0', '0', '0', '234', '0', '0', '1', '0', '0', '0', '0', '0', '0', '0', '0', '0', '0', '0', '0', '0', '0', '0', '0', '2017-10-11', NULL, NULL, '123', '', NULL, NULL, NULL),
('25', '12', '0', '29', '17', '2017-10-10', '0000-00-00', 'CP017/10/2017', '0', '0', '28200', '0', '0', '0', '0', '0', '28200', '0', '1', '0', '0', '0', '0', '0', '0', '0', '0', '0', '0', '0', '0', '0', '0', '0', '0', '2017-10-10', NULL, NULL, '', '', NULL, NULL, NULL),
('26', '12', '0', '29', '17', '2017-10-10', '0000-00-00', 'CP018/10/2017', '0', '0', '1000000', '0', '0', '0', '0', '0', '1000000', '0', '1', '0', '0', '0', '0', '0', '0', '0', '0', '0', '0', '0', '0', '0', '0', '0', '0', '2017-10-10', NULL, NULL, '', '', NULL, NULL, NULL),
('27', '12', '0', '29', '17', '2017-10-10', '0000-00-00', 'CP019/10/2017', '0', '0', '500000', '0', '0', '0', '0', '0', '368000', '0', '1', '0', '0', '0', '0', '0', '0', '0', '0', '0', '0', '0', '0', '0', '0', '0', '0', '2017-10-10', NULL, NULL, '', '', NULL, NULL, NULL),
('28', '12', '0', '30', '19', '2017-10-10', '0000-00-00', 'CP020/10/2017', '0', '0', '250', '0', '0', '0', '0', '0', '250', '0', '1', '0', '0', '0', '0', '0', '0', '0', '0', '0', '0', '0', '0', '0', '0', '0', '0', '2017-10-10', NULL, NULL, '', '', NULL, NULL, NULL),
('29', '12', '0', '30', '19', '2017-10-10', '0000-00-00', 'CP021/10/2017', '0', '0', '12000', '0', '0', '0', '0', '0', '12000', '0', '1', '0', '0', '0', '0', '0', '0', '0', '0', '0', '0', '0', '0', '0', '0', '0', '0', '2017-10-10', NULL, NULL, '', '', NULL, NULL, NULL),
('30', '12', '0', '30', '19', '2017-10-10', '0000-00-00', 'CP022/10/2017', '0', '0', '6800', '0', '0', '0', '0', '0', '6800', '0', '1', '0', '0', '0', '0', '0', '0', '0', '0', '0', '0', '0', '0', '0', '0', '0', '0', '2017-10-10', NULL, NULL, '', '', NULL, NULL, NULL),
('1', '13', '1', '1', '1', '2017-09-13', '2017-10-13', 'DN001/09/2017', '3', '1', '1000', '0', '0', '0', '0', '0', '0', '0', '1', '1', '0', '0', '5', '0', '0', '0', '0', '0', '0', '0', '0', '0', '0', '0', '0', NULL, NULL, NULL, '', '', NULL, NULL, NULL),
('2', '13', '0', '1', '1', '2017-09-13', '2017-09-14', 'DN002/09/2017', '3', '2', '1000', '0', '0', '0', '0', '0', '0', '0', '1', '1', '0', '0', '5', '0', '0', '0', '0', '0', '0', '0', '0', '0', '0', '0', '0', NULL, NULL, NULL, '', '', NULL, NULL, NULL),
('3', '13', '1', '1', '1', '2017-09-13', '2017-09-14', 'DN003/09/2017', '3', '4', '58800', '0', '0', '0', '0', '0', '0', '0', '1', '1', '0', '0', '5', '0', '0', '0', '0', '0', '0', '0', '0', '0', '0', '1176', '0', NULL, NULL, NULL, '', '', NULL, NULL, NULL),
('4', '13', '1', '1', '1', '2017-09-14', '2017-09-15', 'DN004/09/2017', '3', '5', '10000', '0', '0', '0', '0', '0', '0', '0', '1', '1', '0', '0', '5', '0', '0', '0', '0', '0', '0', '0', '0', '0', '0', '0', '0', NULL, NULL, NULL, '', '', NULL, NULL, NULL),
('5', '13', '0', '1', '1', '2017-09-14', '2017-09-15', 'DN005/09/2017', '3', '6', '5000', '0', '0', '0', '0', '0', '0', '0', '1', '1', '0', '0', '5', '0', '0', '0', '0', '0', '0', '0', '0', '0', '0', '0', '0', NULL, NULL, NULL, '', '', NULL, NULL, NULL),
('6', '13', '1', '3', '3', '2017-09-22', '2017-09-23', 'DN006/09/2017', '3', '10', '100000', '0', '0', '0', '0', '0', '0', '0', '1', '1', '0', '0', '5', '0', '0', '0', '0', '0', '0', '0', '0', '0', '0', '0', '0', '0000-00-00', NULL, NULL, '', '', NULL, NULL, NULL),
('7', '13', '1', '3', '3', '2017-09-22', '2017-09-23', 'DN007/09/2017', '3', '11', '12000', '0', '0', '0', '0', '0', '0', '0', '1', '1', '0', '0', '5', '0', '0', '0', '0', '0', '0', '0', '0', '0', '0', '0', '0', '0000-00-00', NULL, NULL, '', '', NULL, NULL, NULL),
('8', '13', '1', '3', '3', '2017-09-22', '2017-09-22', 'auto', '3', '12', '12000', '0', '0', '0', '0', '0', '0', '0', '1', '1', '0', '0', '5', '0', '0', '0', '0', '0', '0', '0', '0', '0', '0', '0', '0', '0000-00-00', NULL, NULL, '', '', NULL, NULL, NULL),
('9', '13', '1', '3', '3', '2017-09-22', '2017-09-23', 'DN008/09/2017', '3', '14', '0', '0', '0', '0', '0', '0', '0', '0', '1', '1', '0', '0', '3', '0', '0', '0', '0', '0', '0', '0', '0', '0', '0', '0', '0', '0000-00-00', NULL, NULL, '', '', NULL, NULL, NULL),
('10', '13', '1', '1', '1', '2017-09-23', '2017-09-24', 'DN009/09/2017', '3', '16', '1586800', '269756', '0', '0', '0', '0', '0', '0', '1', '1', '0', '0', '5', '0', '0', '0', '0', '0', '0', '0', '0', '0', '0', '0', '0', NULL, NULL, NULL, '', '', NULL, NULL, NULL),
('11', '13', '1', '3', '3', '2017-09-23', '2017-09-23', 'auto', '3', '18', '1537000', '0', '0', '0', '0', '0', '0', '0', '1', '1', '0', '0', '5', '0', '0', '0', '0', '0', '0', '0', '0', '0', '0', '0', '40', NULL, NULL, NULL, '', '', NULL, NULL, NULL),
('12', '13', '1', '3', '3', '2017-09-24', '2017-09-25', 'DN010/09/2017', '3', '21', '49800', '0', '0', '0', '0', '0', '0', '0', '1', '1', '0', '0', '3', '0', '0', '0', '0', '0', '0', '0', '0', '0', '0', '0', '0', '0000-00-00', NULL, NULL, '', '', NULL, NULL, NULL),
('13', '13', '1', '3', '3', '2017-09-24', '2017-09-24', 'auto', '3', '22', '49800', '0', '0', '0', '0', '0', '0', '0', '1', '1', '0', '0', '5', '0', '0', '0', '0', '0', '0', '0', '0', '0', '0', '0', '0', '0000-00-00', NULL, NULL, '', '', NULL, NULL, NULL),
('14', '13', '1', '3', '3', '2017-09-25', '2017-09-26', 'DN011/09/2017', '3', '24', '49800', '0', '0', '0', '0', '0', '0', '0', '1', '1', '0', '0', '3', '0', '0', '0', '0', '0', '0', '0', '0', '0', '0', '0', '0', '0000-00-00', NULL, NULL, '', '', NULL, NULL, NULL),
('15', '13', '1', '3', '3', '2017-09-25', '2017-09-25', 'auto', '3', '25', '49800', '0', '0', '0', '0', '0', '0', '0', '1', '1', '0', '0', '5', '0', '0', '0', '0', '0', '0', '0', '0', '0', '0', '0', '0', '0000-00-00', NULL, NULL, '', '', NULL, NULL, NULL),
('16', '13', '1', '3', '3', '2017-09-25', '2017-09-25', 'auto', '3', '26', '49800', '0', '0', '0', '0', '0', '0', '0', '1', '1', '0', '0', '5', '0', '0', '0', '0', '0', '0', '0', '0', '0', '0', '0', '0', '0000-00-00', NULL, NULL, '', '', NULL, NULL, NULL),
('17', '13', '1', '3', '3', '2017-09-25', '2017-09-25', 'auto', '3', '27', '49800', '0', '0', '0', '0', '0', '0', '0', '1', '1', '0', '0', '5', '0', '0', '0', '0', '0', '0', '0', '0', '0', '0', '0', '0', '0000-00-00', NULL, NULL, '', '', NULL, NULL, NULL),
('18', '13', '1', '3', '3', '2017-09-25', '2017-09-25', 'auto', '3', '28', '49800', '0', '0', '0', '0', '0', '0', '0', '1', '1', '0', '0', '5', '0', '0', '0', '0', '0', '0', '0', '0', '0', '0', '0', '0', '0000-00-00', NULL, NULL, '', '', NULL, NULL, NULL),
('19', '13', '1', '3', '3', '2017-09-25', '2017-09-25', 'auto', '3', '29', '49800', '0', '0', '0', '0', '0', '0', '0', '1', '1', '0', '0', '5', '0', '0', '0', '0', '0', '0', '0', '0', '0', '0', '0', '0', '0000-00-00', NULL, NULL, '', '', NULL, NULL, NULL),
('20', '13', '1', '3', '3', '2017-09-25', '2017-09-26', 'DN012/09/2017', '3', '31', '49800', '0', '0', '0', '0', '0', '0', '0', '1', '1', '0', '0', '3', '0', '0', '0', '0', '0', '0', '0', '0', '0', '0', '0', '0', '0000-00-00', NULL, NULL, '', '', NULL, NULL, NULL),
('21', '13', '1', '3', '3', '2017-09-25', '2017-09-25', 'auto', '3', '32', '1000', '0', '0', '0', '0', '0', '0', '0', '1', '1', '0', '0', '5', '0', '0', '0', '0', '0', '0', '0', '0', '0', '0', '0', '0', '0000-00-00', NULL, NULL, '', '', NULL, NULL, NULL),
('22', '13', '0', '3', '3', '2017-09-26', '2017-09-27', 'DN013/09/2017', '3', '34', '100000', '0', '0', '0', '0', '0', '0', '0', '1', '1', '0', '0', '5', '0', '0', '0', '0', '0', '0', '0', '0', '0', '0', '10000', '10', '0000-00-00', NULL, NULL, '', '', NULL, NULL, NULL),
('23', '13', '1', '3', '3', '2017-09-26', '2017-09-26', 'auto', '3', '35', '49800', '0', '0', '0', '0', '0', '0', '0', '1', '1', '0', '0', '5', '0', '0', '0', '0', '0', '0', '0', '0', '0', '0', '14940', '40', '0000-00-00', NULL, NULL, '', '', NULL, NULL, NULL),
('24', '13', '1', '2', '2', '2017-09-26', '2017-12-25', 'auto', '3', '36', '100000', '-3400', '0', '0', '0', '0', '0', '0', '1', '1', '0', '0', '5', '0', '0', '0', '0', '0', '0', '0', '0', '0', '0', '120000', '0', '0000-00-00', NULL, NULL, '', '', NULL, NULL, NULL),
('25', '13', '1', '2', '2', '2017-09-26', '2017-09-27', 'DN014/09/2017', '3', '37', '10000', '1122', '0', '0', '0', '0', '0', '0', '1', '1', '0', '0', '5', '0', '0', '0', '0', '0', '0', '0', '0', '0', '0', '3000', '400', '0000-00-00', NULL, NULL, '', '', NULL, NULL, NULL),
('26', '13', '1', '3', '3', '2017-09-27', '2017-09-27', 'auto', '3', '39', '0', '0', '0', '0', '0', '0', '0', '0', '1', '1', '0', '0', '5', '0', '0', '0', '0', '0', '0', '0', '0', '0', '0', '0', '0', '0000-00-00', NULL, NULL, '', '', NULL, NULL, NULL),
('27', '13', '1', '5', '5', '2017-09-28', '2017-10-28', 'DN015/09/2017', '3', '40', '49800', '8466', '0', '0', '0', '0', '0', '0', '1', '1', '0', '0', '5', '0', '0', '0', '0', '0', '0', '0', '0', '0', '0', '0', '0', '0000-00-00', NULL, NULL, '', '', NULL, NULL, NULL),
('28', '13', '1', '6', '6', '2017-09-28', '2017-10-28', 'DN016/09/2017', '3', '41', '49800', '0', '0', '0', '0', '0', '0', '0', '1', '1', '0', '0', '5', '0', '0', '0', '0', '0', '0', '0', '0', '0', '0', '0', '0', '0000-00-00', NULL, NULL, '', '', NULL, NULL, NULL),
('29', '13', '1', '5', '5', '2017-09-29', '2017-12-28', 'auto', '3', '42', '49800', '8466', '0', '0', '0', '0', '0', '0', '1', '1', '0', '0', '5', '0', '0', '0', '0', '0', '0', '0', '0', '0', '0', '0', '0', '0000-00-00', NULL, NULL, '', '', NULL, NULL, NULL),
('30', '13', '0', '5', '5', '2017-09-29', '2017-09-30', 'DN017/09/2017', '3', '43', '5527800', '939726', '0', '0', '0', '0', '0', '0', '1', '1', '0', '0', '5', '0', '0', '0', '0', '0', '0', '0', '0', '0', '0', '0', '0', '0000-00-00', NULL, NULL, '', '', NULL, NULL, NULL),
('31', '13', '0', '5', '5', '2017-09-29', '2017-09-30', 'DN018/09/2017', '3', '45', '4980000', '846600', '0', '0', '0', '0', '0', '0', '1', '1', '0', '0', '5', '0', '0', '0', '0', '0', '0', '0', '0', '0', '0', '0', '0', '0000-00-00', NULL, NULL, '', '', NULL, NULL, NULL),
('32', '13', '1', '5', '5', '2017-09-29', '2017-09-30', 'DN019/09/2017', '3', '46', '2739000', '465630', '0', '0', '0', '0', '0', '0', '1', '1', '0', '0', '5', '0', '0', '0', '0', '0', '0', '0', '0', '0', '0', '0', '0', '0000-00-00', NULL, NULL, '', '', NULL, NULL, NULL),
('33', '13', '0', '5', '5', '2017-09-29', '2017-10-29', 'DN020/09/2017', '3', '47', '17081400', '2903838', '0', '0', '0', '0', '0', '0', '1', '1', '0', '0', '5', '0', '0', '0', '0', '0', '0', '0', '0', '0', '0', '0', '0', '0000-00-00', NULL, NULL, '', '', NULL, NULL, NULL),
('34', '13', '1', '5', '5', '2017-09-29', '2017-09-30', 'DN021/09/2017', '3', '48', '0', '0', '0', '0', '0', '0', '0', '0', '1', '1', '0', '0', '5', '0', '0', '0', '0', '0', '0', '0', '0', '0', '0', '0', '0', '0000-00-00', NULL, NULL, '', '', NULL, NULL, NULL),
('35', '13', '1', '5', '5', '2017-09-29', '2017-10-29', 'DN022/09/2017', '3', '49', '27639000', '4698630', '0', '0', '0', '0', '0', '0', '1', '1', '0', '0', '5', '0', '0', '0', '0', '0', '0', '0', '0', '0', '0', '0', '0', '0000-00-00', NULL, NULL, '', '', NULL, NULL, NULL),
('36', '13', '1', '2', '2', '2017-09-30', '2017-10-30', 'DN023/09/2017', '3', '50', '498000', '59262', '0', '0', '0', '0', '0', '0', '1', '1', '0', '0', '5', '0', '0', '0', '0', '0', '0', '0', '0', '0', '0', '149400', '0', '0000-00-00', NULL, NULL, '', '', NULL, NULL, NULL),
('37', '13', '1', '2', '2', '2017-09-30', '2017-12-29', 'auto', '3', '51', '498000', '59262', '0', '0', '0', '0', '0', '0', '1', '1', '0', '0', '5', '0', '0', '0', '0', '0', '0', '0', '0', '0', '0', '149400', '0', '0000-00-00', NULL, NULL, '', '', NULL, NULL, NULL),
('38', '13', '1', '5', '5', '2017-10-01', '2017-12-30', 'auto', '3', '54', '0', '0', '0', '0', '0', '0', '0', '0', '1', '1', '0', '0', '5', '0', '0', '0', '0', '0', '0', '0', '0', '0', '0', '0', '0', '0000-00-00', NULL, NULL, '', '', NULL, NULL, NULL),
('39', '13', '1', '5', '5', '2017-10-02', '2017-11-01', 'DN001/10/2017', '3', '56', '518000', '88060', '0', '0', '0', '0', '0', '0', '1', '1', '0', '0', '5', '0', '0', '0', '0', '0', '0', '0', '0', '0', '0', '0', '0', '0000-00-00', NULL, NULL, '', '', NULL, NULL, NULL),
('40', '13', '1', '5', '5', '2015-10-02', '2015-12-31', 'auto', '3', '57', '0', '0', '0', '0', '0', '0', '0', '0', '1', '1', '0', '0', '5', '0', '0', '0', '0', '0', '0', '0', '0', '0', '0', '0', '0', '0000-00-00', NULL, NULL, '', '', NULL, NULL, NULL),
('41', '13', '1', '5', '5', '2015-10-02', '2015-12-31', 'auto', '3', '58', '0', '0', '0', '0', '0', '0', '0', '0', '1', '1', '0', '0', '5', '0', '0', '0', '0', '0', '0', '0', '0', '0', '0', '0', '0', '0000-00-00', NULL, NULL, '', '', NULL, NULL, NULL),
('42', '13', '1', '5', '5', '2017-10-03', '2018-01-01', 'auto', '3', '60', '2241000', '373327.65', '0', '0', '0', '0', '0', '0', '1', '1', '0', '0', '5', '0', '0', '0', '0', '0', '0', '0', '0', '0', '0', '44820', '135', '0000-00-00', NULL, NULL, '', '', NULL, NULL, NULL),
('43', '13', '1', '5', '5', '2017-10-04', '2018-01-02', 'auto', '3', '61', '498000', '84660', '0', '0', '0', '0', '0', '0', '1', '1', '0', '0', '5', '0', '0', '0', '0', '0', '0', '0', '0', '0', '0', '0', '0', '0000-00-00', NULL, NULL, '', '', NULL, NULL, NULL),
('44', '13', '1', '5', '5', '2017-10-04', '2017-11-03', 'DN002/10/2017', '3', '62', '498000', '84660', '0', '0', '0', '0', '0', '0', '1', '1', '0', '0', '5', '0', '0', '0', '0', '0', '0', '0', '0', '0', '0', '0', '0', '0000-00-00', NULL, NULL, '', '', NULL, NULL, NULL),
('45', '13', '1', '5', '5', '2017-10-04', '2017-10-05', 'DN003/10/2017', '3', '63', '547800', '93126', '0', '0', '0', '0', '0', '0', '1', '1', '0', '0', '5', '0', '0', '0', '0', '0', '0', '0', '0', '0', '0', '0', '0', '0000-00-00', NULL, NULL, '', '', NULL, NULL, NULL),
('46', '13', '1', '5', '5', '2017-10-04', '2018-01-02', 'auto', '3', '64', '647400', '110058', '0', '0', '0', '0', '0', '0', '1', '1', '0', '0', '5', '0', '0', '0', '0', '0', '0', '0', '0', '0', '0', '0', '0', '0000-00-00', NULL, NULL, '', '', NULL, NULL, NULL),
('47', '13', '1', '5', '5', '2017-10-04', '2018-01-02', 'auto', '3', '65', '896400', '152388', '0', '0', '0', '0', '0', '0', '1', '1', '0', '0', '5', '0', '0', '0', '0', '0', '0', '0', '0', '0', '0', '0', '0', '0000-00-00', NULL, NULL, '', '', NULL, NULL, NULL),
('48', '13', '1', '5', '5', '2017-10-04', '2018-01-02', 'auto', '3', '66', '900', '153', '0', '0', '0', '0', '0', '0', '1', '1', '0', '0', '5', '0', '0', '0', '0', '0', '0', '0', '0', '0', '0', '0', '0', '0000-00-00', NULL, NULL, '', '', NULL, NULL, NULL),
('49', '13', '1', '5', '5', '2017-10-04', '2018-01-02', 'auto', '3', '67', '300', '51', '0', '0', '0', '0', '0', '0', '1', '1', '0', '0', '5', '0', '0', '0', '0', '0', '0', '0', '0', '0', '0', '0', '0', '0000-00-00', NULL, NULL, '', '', NULL, NULL, NULL),
('50', '13', '1', '3', '3', '2017-10-05', '2017-11-04', 'DN004/10/2017', '1', '69', '473100', '0', '0', '0', '0', '0', '0', '0', '1', '1', '0', '0', '5', '1', '0', '0', '0', '0', '0', '0', '0', '0', '0', '94620', '0', '0000-00-00', NULL, NULL, '', '', NULL, NULL, NULL),
('51', '13', '1', '5', '5', '2017-10-05', '2018-01-03', 'auto', '3', '70', '10000', '1700', '0', '0', '0', '0', '0', '0', '1', '1', '0', '0', '5', '0', '0', '0', '0', '0', '0', '0', '0', '0', '0', '0', '0', '0000-00-00', NULL, NULL, '', '', NULL, NULL, NULL),
('52', '13', '0', '5', '5', '2017-10-05', '2017-10-06', 'DN005/10/2017', '3', '71', '249000', '42330', '0', '0', '0', '0', '0', '0', '1', '1', '0', '0', '5', '0', '0', '0', '0', '0', '0', '0', '0', '0', '0', '0', '0', '0000-00-00', NULL, NULL, '', '', NULL, NULL, NULL),
('53', '13', '1', '5', '5', '2017-10-05', '2018-01-03', 'auto', '3', '72', '10000', '1700', '0', '0', '0', '0', '0', '0', '1', '1', '0', '0', '5', '0', '0', '0', '0', '0', '0', '0', '0', '0', '0', '0', '0', '0000-00-00', NULL, NULL, '', '', NULL, NULL, NULL),
('54', '13', '1', '5', '5', '2017-10-05', '2018-01-03', 'auto', '3', '73', '5500', '935', '0', '0', '0', '0', '0', '0', '1', '1', '0', '0', '5', '0', '0', '0', '0', '0', '0', '0', '0', '0', '0', '0', '0', '0000-00-00', NULL, NULL, '', '', NULL, NULL, NULL),
('55', '13', '1', '4', '4', '2017-10-05', '2017-11-04', 'DN006/10/2017', '3', '74', '500', '85', '0', '0', '0', '0', '0', '0', '1', '1', '0', '0', '5', '0', '0', '0', '0', '0', '0', '0', '0', '0', '0', '0', '0', '0000-00-00', NULL, NULL, '', '', NULL, NULL, NULL),
('56', '13', '1', '5', '5', '2017-10-06', '2018-01-04', 'auto', '3', '75', '597600', '101592', '0', '0', '0', '0', '0', '0', '1', '1', '0', '0', '5', '0', '0', '0', '0', '0', '0', '0', '0', '0', '0', '0', '0', '0000-00-00', NULL, NULL, '', '', NULL, NULL, NULL),
('57', '13', '1', '5', '5', '2017-10-06', '2017-10-06', 'auto', '3', '76', '7200', '1224', '0', '0', '0', '0', '0', '0', '1', '1', '0', '0', '4', '0', '0', '0', '0', '0', '0', '0', '0', '0', '0', '0', '0', '0000-00-00', NULL, NULL, '', '', NULL, NULL, NULL),
('58', '13', '1', '5', '5', '2017-10-06', '2018-01-04', 'auto', '3', '77', '5000', '850', '0', '0', '0', '0', '0', '0', '1', '1', '0', '0', '5', '0', '0', '0', '0', '0', '0', '0', '0', '0', '0', '0', '0', '0000-00-00', NULL, NULL, '', '', NULL, NULL, NULL),
('59', '13', '1', '6', '6', '2017-10-06', '2017-10-06', 'auto', '2', '78', '5000', '0', '0', '0', '0', '0', '0', '0', '1', '1', '0', '0', '4', '0', '0', '0', '0', '0', '0', '0', '0', '0', '0', '0', '0', '0000-00-00', NULL, NULL, '', '', NULL, NULL, NULL),
('60', '13', '1', '6', '6', '2017-10-06', '2018-01-04', 'auto', '3', '79', '5000', '0', '0', '0', '0', '0', '0', '0', '1', '1', '0', '0', '5', '0', '0', '0', '0', '0', '0', '0', '0', '0', '0', '0', '0', '0000-00-00', NULL, NULL, '', '', NULL, NULL, NULL),
('61', '13', '1', '6', '6', '2017-10-06', '2018-01-04', 'auto', '3', '80', '10000', '0', '0', '0', '0', '0', '0', '0', '1', '1', '0', '0', '5', '0', '0', '0', '0', '0', '0', '0', '0', '0', '0', '0', '0', '0000-00-00', NULL, NULL, '', '', NULL, NULL, NULL),
('62', '13', '1', '6', '6', '2017-10-06', '2018-01-04', 'auto', '3', '81', '5000', '0', '0', '0', '0', '0', '0', '0', '1', '1', '0', '0', '5', '0', '0', '0', '0', '0', '0', '0', '0', '0', '0', '0', '0', '0000-00-00', NULL, NULL, '', '', NULL, NULL, NULL),
('63', '13', '1', '15', '8', '2017-10-07', '2017-11-06', 'DN007/10/2017', '1', '83', '10000', '0', '0', '0', '0', '0', '0', '0', '1', '1', '0', '0', '5', '1', '0', '0', '0', '0', '0', '0', '0', '0', '0', '0', '0', '0000-00-00', NULL, NULL, '', '', NULL, NULL, NULL),
('64', '13', '1', '17', '9', '2017-10-07', '2017-11-06', 'DN008/10/2017', '1', '84', '9000', '0', '0', '0', '0', '0', '0', '0', '1', '1', '0', '0', '5', '1', '0', '0', '0', '0', '0', '0', '0', '0', '0', '0', '0', '0000-00-00', NULL, NULL, '', '', NULL, NULL, NULL),
('65', '13', '0', '24', '11', '2017-10-07', '2017-10-08', 'DN009/10/2017', '3', '86', '1537000', '261290', '0', '0', '0', '0', '0', '1798290', '1', '1', '0', '0', '6', '0', '0', '0', '0', '0', '0', '0', '0', '0', '0', '0', '0', '0000-00-00', NULL, NULL, '', '', NULL, NULL, NULL),
('66', '13', '1', '17', '9', '2017-10-07', '2017-10-07', 'DN010/10/2017', '1', '88', '2722000', '0', '0', '0', '0', '0', '0', '0', '1', '1', '0', '0', '4', '1', '0', '0', '0', '0', '0', '0', '0', '0', '0', '0', '0', '0000-00-00', NULL, NULL, '', '', NULL, NULL, NULL),
('67', '13', '1', '24', '11', '2017-10-08', '2018-01-06', 'auto', '3', '89', '0', '0', '0', '0', '0', '0', '0', '0', '1', '1', '0', '0', '5', '0', '0', '0', '0', '0', '0', '0', '0', '0', '0', '0', '0', '0000-00-00', NULL, NULL, '', '', NULL, NULL, NULL),
('68', '13', '1', '24', '11', '2017-10-08', '2018-01-06', 'auto', '3', '90', '1000', '170', '0', '0', '0', '0', '0', '0', '1', '1', '0', '0', '5', '0', '0', '0', '0', '0', '0', '0', '0', '0', '0', '0', '0', '0000-00-00', NULL, NULL, '', '', NULL, NULL, NULL),
('69', '13', '1', '27', '15', '2017-10-09', '2017-10-10', 'DN011/10/2017', '1', '91', '150000', '0', '0', '0', '0', '0', '0', '0', '1', '1', '0', '0', '3', '1', '0', '0', '0', '0', '0', '0', '0', '0', '0', '0', '0', '0000-00-00', NULL, NULL, '', '', NULL, NULL, NULL),
('70', '13', '1', '27', '15', '2017-10-09', '2017-10-10', 'DN012/10/2017', '1', '92', '52500', '0', '0', '0', '0', '0', '0', '0', '1', '1', '0', '0', '3', '1', '0', '0', '0', '0', '0', '0', '0', '0', '0', '0', '0', '0000-00-00', NULL, NULL, '', '', NULL, NULL, NULL),
('71', '13', '1', '28', '16', '2017-10-09', '2017-10-10', 'DN013/10/2017', '1', '93', '234000', '0', '0', '0', '0', '0', '0', '0', '1', '1', '0', '0', '3', '1', '0', '0', '0', '0', '0', '0', '0', '0', '0', '0', '0', '0000-00-00', NULL, NULL, '', '', NULL, NULL, NULL),
('72', '13', '1', '15', '8', '2017-10-09', '2017-11-06', 'DN014/10/2017', '1', '82', '10000', '0', '0', '0', '0', '0', '0', '0', '1', '1', '0', '0', '5', '1', '0', '0', '0', '0', '0', '0', '0', '0', '0', '0', '0', '0000-00-00', NULL, NULL, '', '', NULL, NULL, NULL);
INSERT INTO `0_debtor_trans` VALUES
('73', '13', '1', '17', '9', '2017-10-09', '2018-01-07', 'auto', '1', '94', '0', '0', '0', '0', '0', '0', '0', '0', '1', '1', '0', '0', '5', '1', '0', '0', '0', '0', '0', '0', '0', '0', '0', '0', '0', '0000-00-00', NULL, NULL, '', '', NULL, NULL, NULL),
('74', '13', '1', '24', '11', '2017-10-09', '2018-01-07', 'auto', '3', '95', '1200', '204', '0', '0', '0', '0', '0', '0', '1', '1', '0', '0', '5', '0', '0', '0', '0', '0', '0', '0', '0', '0', '0', '0', '0', '0000-00-00', NULL, NULL, '', '', NULL, NULL, NULL),
('75', '13', '1', '24', '11', '2017-10-09', '2018-01-07', 'auto', '3', '96', '12000', '2040', '0', '1000', '170', '0', '0', '0', '1', '1', '0', '0', '5', '0', '0', '0', '0', '0', '0', '0', '0', '0', '0', '0', '0', '0000-00-00', NULL, NULL, '', '', NULL, NULL, NULL),
('76', '13', '1', '24', '11', '2017-10-09', '2018-01-07', 'auto', '3', '97', '100000', '17000', '0', '5000', '850', '0', '0', '0', '1', '2', '0', '0', '5', '0', '0', '0', '0', '0', '0', '0', '0', '0', '0', '0', '0', '0000-00-00', NULL, NULL, '', '', NULL, NULL, NULL),
('77', '13', '1', '24', '11', '2017-10-09', '2018-01-07', 'auto', '3', '98', '0', '0', '0', '6000', '1020', '0', '0', '0', '1', '1', '0', '0', '5', '0', '0', '0', '0', '0', '0', '0', '0', '0', '0', '0', '0', '0000-00-00', NULL, NULL, '', '', NULL, NULL, NULL),
('78', '13', '1', '24', '11', '2017-10-09', '2017-10-10', 'DN015/10/2017', '3', '99', '100000', '17000', '0', '7000', '1190', '0', '0', '0', '1', '1', '0', '0', '5', '0', '0', '0', '0', '0', '0', '0', '0', '0', '0', '0', '0', '0000-00-00', NULL, NULL, '', '', NULL, NULL, NULL),
('79', '13', '2', '24', '11', '2017-10-09', '2017-10-10', 'DN016/10/2017', '3', '100', '456000', '77520', '0', '8000', '1360', '0', '0', '0', '1', '2', '0', '0', '5', '0', '0', '0', '0', '0', '0', '0', '0', '0', '0', '0', '0', '0000-00-00', NULL, NULL, '', '', NULL, NULL, NULL),
('80', '13', '1', '29', '17', '2017-10-10', '2017-10-11', 'DN017/10/2017', '1', '101', '28200', '0', '0', '0', '0', '0', '0', '0', '1', '2', '0', '0', '3', '1', '0', '0', '0', '0', '0', '0', '0', '0', '0', '0', '0', '0000-00-00', NULL, NULL, '', '', NULL, NULL, NULL),
('81', '13', '0', '29', '17', '2017-10-10', '2017-10-11', 'DN018/10/2017', '1', '102', '1368000', '0', '0', '0', '0', '0', '0', '1368000', '1', '2', '0', '0', '6', '1', '0', '0', '0', '0', '0', '0', '0', '0', '0', '0', '0', '0000-00-00', NULL, NULL, '', '', NULL, NULL, NULL),
('82', '13', '1', '30', '19', '2017-10-10', '2017-11-09', 'DN019/10/2017', '1', '104', '5000', '0', '0', '0', '0', '0', '0', '0', '1', '2', '0', '0', '5', '1', '0', '0', '0', '0', '0', '0', '0', '0', '0', '0', '0', '0000-00-00', NULL, NULL, '', '', NULL, NULL, NULL),
('83', '13', '1', '30', '19', '2017-10-10', '2017-11-09', 'DN020/10/2017', '1', '105', '250', '0', '0', '0', '0', '0', '0', '0', '1', '2', '0', '0', '5', '1', '0', '0', '0', '0', '0', '0', '0', '0', '0', '0', '0', '0000-00-00', NULL, NULL, '', '', NULL, NULL, NULL),
('84', '13', '1', '30', '19', '2017-10-10', '2017-11-09', 'DN021/10/2017', '1', '106', '12000', '0', '0', '0', '0', '0', '0', '0', '1', '2', '0', '0', '5', '1', '0', '0', '0', '0', '0', '0', '0', '0', '0', '0', '0', '0000-00-00', NULL, NULL, '', '', NULL, NULL, NULL),
('85', '13', '1', '30', '19', '2017-10-10', '2017-11-09', 'DN022/10/2017', '1', '107', '1800', '0', '0', '0', '0', '0', '0', '0', '1', '2', '0', '0', '5', '1', '0', '0', '0', '0', '0', '0', '0', '0', '0', '0', '0', '0000-00-00', NULL, NULL, '', '', NULL, NULL, NULL),
('86', '13', '1', '30', '19', '2017-10-10', '2017-11-09', 'DN023/10/2017', '1', '108', '10500', '0', '0', '0', '0', '0', '0', '0', '1', '2', '0', '0', '5', '1', '0', '0', '0', '0', '0', '0', '0', '0', '0', '0', '0', '0000-00-00', NULL, NULL, '', '', NULL, NULL, NULL),
('87', '13', '1', '7', '7', '2017-10-10', '2017-11-09', 'DN024/10/2017', '3', '109', '210000', '35700', '0', '0', '0', '0', '0', '0', '1', '1', '0', '0', '5', '0', '0', '0', '0', '0', '0', '0', '0', '0', '0', '0', '0', '0000-00-00', NULL, NULL, '', '', NULL, NULL, NULL);

### Structure of table `0_debtor_trans_details` ###

DROP TABLE IF EXISTS `0_debtor_trans_details`;

CREATE TABLE `0_debtor_trans_details` (
  `id` int(11) NOT NULL AUTO_INCREMENT,
  `debtor_trans_no` int(11) DEFAULT NULL,
  `debtor_trans_type` int(11) DEFAULT NULL,
  `stock_id` varchar(20) COLLATE utf8_unicode_ci NOT NULL DEFAULT '',
  `description` tinytext COLLATE utf8_unicode_ci,
  `unit_price` double NOT NULL DEFAULT '0',
  `unit_tax` double NOT NULL DEFAULT '0',
  `quantity` double NOT NULL DEFAULT '0',
  `discount_percent` double NOT NULL DEFAULT '0',
  `standard_cost` double NOT NULL DEFAULT '0',
  `qty_done` double NOT NULL DEFAULT '0',
  `src_id` int(11) NOT NULL,
  `units_id` varchar(20) COLLATE utf8_unicode_ci NOT NULL,
  `con_factor` double NOT NULL,
  `text1` varchar(55) COLLATE utf8_unicode_ci NOT NULL,
  `text2` varchar(55) COLLATE utf8_unicode_ci NOT NULL,
  `text3` varchar(55) COLLATE utf8_unicode_ci NOT NULL,
  `text4` varchar(55) COLLATE utf8_unicode_ci NOT NULL,
  `text5` varchar(55) COLLATE utf8_unicode_ci NOT NULL,
  `text6` varchar(55) COLLATE utf8_unicode_ci NOT NULL,
  `amount1` double NOT NULL,
  `amount2` double NOT NULL,
  `amount3` double NOT NULL,
  `amount4` double NOT NULL,
  `amount5` double NOT NULL,
  `amount6` double NOT NULL,
  `date1` date NOT NULL DEFAULT '0000-00-00',
  `date2` date NOT NULL DEFAULT '0000-00-00',
  `date3` date NOT NULL DEFAULT '0000-00-00',
  `combo1` int(11) NOT NULL,
  `combo2` int(11) NOT NULL,
  `combo3` int(11) NOT NULL,
  `combo4` int(11) NOT NULL,
  `combo5` int(11) NOT NULL,
  `combo6` int(11) NOT NULL,
  `opening` varchar(20) COLLATE utf8_unicode_ci DEFAULT NULL,
  PRIMARY KEY (`id`),
  KEY `Transaction` (`debtor_trans_type`,`debtor_trans_no`),
  KEY `src_id` (`src_id`)
) ENGINE=InnoDB AUTO_INCREMENT=190 DEFAULT CHARSET=utf8 COLLATE=utf8_unicode_ci ;

### Data of table `0_debtor_trans_details` ###

INSERT INTO `0_debtor_trans_details` VALUES
('1', '1', '13', '1001', 'Test Item', '100', '0', '10', '0', '2411.9', '10', '2', '', '0', '0', '0', '0', '0', '', '', '0', '0', '0', '0', '0', '0', '0000-00-00', '0000-00-00', '0000-00-00', '0', '0', '0', '0', '0', '0', NULL),
('2', '1', '10', '1001', 'Test Item', '100', '0', '10', '0', '2411.9', '0', '1', '', '0', '0', '0', '0', '0', '', '', '0', '0', '0', '0', '0', '0', '0000-00-00', '0000-00-00', '0000-00-00', '0', '0', '0', '0', '0', '0', NULL),
('3', '2', '13', '1001', 'Test Item', '100', '0', '10', '0', '1000', '0', '3', '', '0', '0', '0', '0', '0', '', '', '0', '0', '0', '0', '0', '0', '0000-00-00', '0000-00-00', '0000-00-00', '0', '0', '0', '0', '0', '0', NULL),
('4', '3', '13', '1001', 'Test Item', '12000', '0', '5', '0.02', '1000', '5', '5', '', '0', '0', '0', '0', '0', '', '', '0', '0', '0', '0', '0', '0', '0000-00-00', '0000-00-00', '0000-00-00', '0', '0', '0', '0', '0', '0', NULL),
('5', '2', '10', '1001', 'Test Item', '12000', '0', '5', '0.02', '1000', '0', '4', '', '0', '0', '0', '0', '0', '', '', '0', '0', '0', '0', '0', '0', '0000-00-00', '0000-00-00', '0000-00-00', '0', '0', '0', '0', '0', '0', NULL),
('6', '4', '13', '1001', 'Test Item', '10000', '0', '1', '0', '1000', '1', '6', '', '0', '0', '0', '0', '0', '', '', '0', '0', '0', '0', '0', '0', '0000-00-00', '0000-00-00', '0000-00-00', '0', '0', '0', '0', '0', '0', NULL),
('7', '3', '10', '1001', 'Test Item', '10000', '0', '1', '0', '1000', '0', '6', '', '0', '0', '0', '0', '0', '', '', '0', '0', '0', '0', '0', '0', '0000-00-00', '0000-00-00', '0000-00-00', '0', '0', '0', '0', '0', '0', NULL),
('8', '5', '13', '1001', 'Test Item', '5000', '0', '1', '0', '1000', '0', '7', '', '0', '0', '0', '0', '0', '', '', '0', '0', '0', '0', '0', '0', '0000-00-00', '0000-00-00', '0000-00-00', '0', '0', '0', '0', '0', '0', NULL),
('10', '6', '13', '1001', 'Test Item', '100000', '0', '1', '0', '43358554.958688', '1', '18', '', '0', '10', '20', '30', '40', '', '', '50', '60', '70', '80', '0', '0', '2019-09-10', '2020-09-10', '2021-09-10', '1', '0', '1', '0', '0', '0', NULL),
('11', '4', '10', '1001', 'Test Item', '100000', '0', '1', '0', '43358554.958688', '0', '10', '', '0', '10', '20', '30', '40', '', '', '50', '60', '70', '80', '0', '0', '2019-09-10', '2020-09-10', '2021-09-10', '1', '0', '1', '0', '0', '0', NULL),
('12', '7', '13', '1001', 'Test Item', '12000', '0', '1', '0', '43358554.958688', '1', '20', '', '0', '10', '20', '30', '40', '', '', '50', '60', '70', '80', '0', '0', '2019-10-09', '2020-11-20', '2021-12-21', '1', '1', '0', '0', '0', '0', NULL),
('13', '5', '10', '1001', 'Test Item', '12000', '0', '1', '0', '43358554.958688', '0', '12', '', '0', '100', '200', '300', '400', '', '', '500', '600', '700', '800', '0', '0', '2020-10-09', '2021-11-20', '2022-12-21', '1', '0', '0', '0', '0', '0', NULL),
('14', '8', '13', '1001', 'Test Item', '12000', '0', '1', '0', '43358554.958688', '1', '21', '', '0', '1', '2', '3', '4', '', '', '5', '6', '7', '8', '0', '0', '2019-09-09', '2020-09-22', '2021-09-22', '0', '1', '0', '0', '0', '0', NULL),
('15', '6', '10', '1001', 'Test Item', '12000', '0', '1', '0', '43358554.958688', '0', '14', '', '0', '1', '2', '3', '4', '', '', '5', '6', '7', '8', '0', '0', '2019-09-09', '2020-09-22', '2021-09-22', '0', '1', '0', '0', '0', '0', NULL),
('16', '9', '13', '1001', 'Test Item', '0', '0', '1', '0', '43358554.958688', '1', '25', '', '0', '112', '4444', '5', '5', '', '', '5', '5', '5', '5', '0', '0', '2017-09-22', '2017-09-05', '2017-09-07', '1', '1', '0', '0', '0', '0', NULL),
('17', '7', '10', '1001', 'Test Item', '0', '0', '1', '0', '43358554.958688', '0', '16', '', '0', '1123', '44443', '53', '53', '', '', '35', '35', '35', '35', '0', '0', '2017-09-22', '2017-09-05', '2017-09-07', '1', '0', '1', '0', '0', '0', NULL),
('18', '10', '13', '2002', 'CITY MANUAL 1.3', '1537000', '261290', '1', '0', '0', '1', '28', '', '0', '0', '0', '0', '0', '', '', '0', '0', '0', '0', '0', '0', '0000-00-00', '0000-00-00', '0000-00-00', '0', '0', '0', '0', '0', '0', NULL),
('19', '10', '13', '3001', 'MODULO', '49800', '8466', '1', '0', '0', '1', '29', '', '0', '0', '0', '0', '0', '', '', '0', '0', '0', '0', '0', '0', '0000-00-00', '0000-00-00', '0000-00-00', '0', '0', '0', '0', '0', '0', NULL),
('20', '8', '10', '2002', 'CITY MANUAL 1.3', '1537000', '261290', '1', '0', '0', '0', '18', '', '0', '0', '0', '0', '0', '', '', '0', '0', '0', '0', '0', '0', '0000-00-00', '0000-00-00', '0000-00-00', '0', '0', '0', '0', '0', '0', NULL),
('21', '8', '10', '3001', 'MODULO', '49800', '8466', '1', '0', '0', '0', '19', '', '0', '0', '0', '0', '0', '', '', '0', '0', '0', '0', '0', '0', '0000-00-00', '0000-00-00', '0000-00-00', '0', '0', '0', '0', '0', '0', NULL),
('22', '11', '13', '2002', 'CITY MANUAL 1.3', '1537000', '0', '1', '0', '0', '1', '31', '', '0', '0', '0', '0', '0', '', '', '0', '0', '0', '0', '0', '0', '0000-00-00', '0000-00-00', '0000-00-00', '0', '0', '0', '0', '0', '0', NULL),
('23', '9', '10', '2002', 'CITY MANUAL 1.3', '1537000', '0', '1', '0', '0', '0', '22', '', '0', '0', '0', '0', '0', '', '', '0', '0', '0', '0', '0', '0', '0000-00-00', '0000-00-00', '0000-00-00', '0', '0', '0', '0', '0', '0', NULL),
('24', '12', '13', '3001', 'MODULO', '49800', '0', '1', '0', '0', '1', '37', '', '0', '1', '2', '3', '4', '', '', '5', '6', '7', '8', '0', '0', '2017-09-24', '2017-09-24', '2017-09-24', '1', '0', '1', '0', '0', '0', NULL),
('25', '10', '10', '3001', 'MODULO', '49800', '0', '1', '0', '0', '0', '24', '', '0', '1', '2', '3', '4', '', '', '5', '6', '7', '8', '0', '0', '2017-09-24', '2017-09-24', '2017-09-24', '1', '0', '1', '0', '0', '0', NULL),
('26', '13', '13', '3001', 'MODULO', '49800', '0', '1', '0', '0', '1', '40', '', '0', '0', '0', '0', '0', '', '', '100', '200', '300', '400', '0', '0', '2017-09-01', '2017-09-02', '2017-09-03', '1', '1', '1', '0', '0', '0', NULL),
('27', '11', '10', '3001', 'MODULO', '49800', '0', '1', '0', '0', '0', '26', '', '0', '0', '0', '0', '0', '', '', '100', '200', '300', '400', '0', '0', '2017-09-01', '2017-09-02', '2017-09-03', '1', '1', '1', '0', '0', '0', NULL),
('28', '14', '13', '3001', 'MODULO', '49800', '0', '1', '0', '0', '1', '44', '', '0', '11', '22', '33', '44', '', '', '55', '66', '77', '88', '0', '0', '2017-09-25', '2017-09-25', '2017-09-25', '1', '1', '1', '0', '0', '0', NULL),
('29', '12', '10', '3001', 'MODULO', '49800', '0', '1', '0', '0', '0', '28', '', '0', '11', '22', '33', '44', '', '', '55', '66', '77', '88', '0', '0', '2017-09-25', '2017-09-25', '2017-09-25', '1', '1', '1', '0', '0', '0', NULL),
('30', '15', '13', '3001', 'MODULO', '49800', '0', '1', '0', '0', '1', '45', '', '0', '111', '222', '333', '444', '', '', '555', '666', '777', '888', '0', '0', '2017-09-25', '2017-09-25', '2017-09-25', '1', '1', '1', '0', '0', '0', NULL),
('31', '13', '10', '3001', 'MODULO', '49800', '0', '1', '0', '0', '0', '30', '', '0', '111', '222', '333', '444', '', '', '555', '666', '777', '888', '0', '0', '2017-09-25', '2017-09-25', '2017-09-25', '1', '1', '1', '0', '0', '0', NULL),
('32', '16', '13', '3001', 'MODULO', '49800', '0', '1', '0', '0', '1', '46', '', '0', '0', '0', '0', '0', '', '', '2', '2', '2', '2', '0', '0', '2017-09-01', '2017-09-02', '2017-09-03', '1', '1', '1', '0', '0', '0', NULL),
('33', '14', '10', '3001', 'MODULO', '49800', '0', '1', '0', '0', '0', '32', '', '0', '0', '0', '0', '0', '', '', '2', '2', '2', '2', '0', '0', '2017-09-01', '2017-09-02', '2017-09-03', '1', '1', '1', '0', '0', '0', NULL),
('34', '17', '13', '3001', 'MODULO', '49800', '0', '1', '0', '0', '1', '47', '', '0', '0', '0', '0', '0', '', '', '2', '2', '2', '2', '0', '0', '2017-09-01', '2017-09-02', '2017-09-03', '0', '0', '0', '0', '0', '0', NULL),
('35', '15', '10', '3001', 'MODULO', '49800', '0', '1', '0', '0', '0', '34', '', '0', '0', '0', '0', '0', '', '', '2', '2', '2', '2', '0', '0', '2017-09-01', '2017-09-02', '2017-09-03', '0', '0', '0', '0', '0', '0', NULL),
('36', '18', '13', '3001', 'MODULO', '49800', '0', '1', '0', '0', '1', '48', '', '0', '0', '0', '0', '0', '', '', '20', '30', '500', '0', '0', '0', '2017-09-25', '2017-09-25', '2017-09-25', '0', '0', '0', '0', '0', '0', NULL),
('37', '16', '10', '3001', 'MODULO', '49800', '0', '1', '0', '0', '0', '36', '', '0', '0', '0', '0', '0', '', '', '20', '30', '500', '0', '0', '0', '2017-09-25', '2017-09-25', '2017-09-25', '0', '0', '0', '0', '0', '0', NULL),
('38', '19', '13', '3001', 'MODULO', '49800', '0', '1', '0', '0', '1', '49', '', '0', '1', '2', '3', '4', '', '', '7', '8', '8', '8', '0', '0', '2017-09-25', '2017-09-25', '2017-09-25', '0', '0', '1', '0', '0', '0', NULL),
('39', '17', '10', '3001', 'MODULO', '49800', '0', '1', '0', '0', '0', '38', '', '0', '1', '2', '3', '4', '', '', '8', '8', '25', '25', '0', '0', '0020-00-00', '0020-00-01', '0000-00-00', '0', '0', '0', '0', '0', '0', NULL),
('46', '20', '13', '3001', 'MODULO', '49800', '0', '1', '0', '0', '1', '53', '', '0', '11', '22', '33', '44', '55', '66', '77', '88', '99', '111', '1', '11', '2017-09-25', '2017-09-25', '2017-09-25', '1', '1', '1', '0', '0', '0', NULL),
('47', '18', '10', '3001', 'MODULO', '49800', '0', '1', '0', '0', '0', '46', '', '0', '11', '22', '33', '44', '55', '66', '77', '88', '99', '111', '1', '11', '2017-09-25', '2017-09-25', '2017-09-25', '1', '1', '1', '0', '0', '0', NULL),
('48', '21', '13', '2001', 'BOPP PLAIN BST', '1000', '0', '1', '0', '21679277.479344', '1', '54', '', '0', '36000', '10MIC', '', '', '', '', '0', '0', '0', '0', '0', '0', '0000-00-00', '0000-00-00', '0000-00-00', '0', '0', '0', '0', '0', '0', NULL),
('49', '19', '10', '2001', 'BOPP PLAIN BST', '1000', '0', '1', '0', '21679277.479344', '0', '48', '', '0', '36000', '10MIC', '', '', '', '', '0', '0', '0', '0', '0', '0', '0000-00-00', '0000-00-00', '0000-00-00', '0', '0', '0', '0', '0', '0', NULL),
('50', '22', '13', '1001', 'Test Item', '100000', '0', '1', '0', '43358554.958688', '0', '56', '', '0', '1', '', '', '', '', '', '11', '22', '33', '44', '55', '0', '0000-00-00', '0000-00-00', '0000-00-00', '0', '0', '0', '0', '0', '0', NULL),
('51', '23', '13', '3001', 'MODULO', '49800', '0', '1', '0', '0', '1', '57', '', '0', '', '', '', '', '', '', '0', '0', '0', '0', '0', '0', '0000-00-00', '0000-00-00', '0000-00-00', '0', '0', '0', '0', '0', '0', NULL),
('52', '20', '10', '3001', 'MODULO', '49800', '0', '1', '0', '0', '0', '51', '', '0', '', '', '', '', '', '', '0', '0', '0', '0', '0', '0', '0000-00-00', '0000-00-00', '0000-00-00', '0', '0', '0', '0', '0', '0', NULL),
('53', '24', '13', '2001', 'BOPP PLAIN BST', '10000', '1700', '10', '0', '21679277.479344', '10', '58', '', '0', 'No', '', '', '', '', '', '0.86', '6.5', '165', '10.5', '3', '0', '0000-00-00', '0000-00-00', '0000-00-00', '0', '0', '0', '0', '0', '0', NULL),
('54', '21', '10', '2001', 'BOPP PLAIN BST', '10000', '1700', '10', '0', '21679277.479344', '0', '53', '', '0', 'No', '', '', '', '', '', '0.86', '6.5', '165', '10.5', '3', '0', '0000-00-00', '0000-00-00', '0000-00-00', '0', '0', '0', '0', '0', '0', NULL),
('55', '25', '13', '2001', 'BOPP PLAIN BST', '1000', '170', '10', '0', '21679277.479344', '10', '59', '', '0', 'No', '', '', '', '', '', '0.86', '6.5', '165', '10.5', '3', '0', '0000-00-00', '0000-00-00', '0000-00-00', '0', '0', '0', '0', '0', '0', NULL),
('56', '22', '10', '2001', 'BOPP PLAIN BST', '1000', '170', '10', '0', '21679277.479344', '0', '55', '', '0', 'No', '', '', '', '', '', '0.86', '6.5', '165', '10.5', '3', '0', '0000-00-00', '0000-00-00', '0000-00-00', '0', '0', '0', '0', '0', '0', NULL),
('57', '26', '13', '3001', 'MODULO', '49800', '0', '0', '0', '0', '0', '67', '2001', '0', '', '', '', '', '', '', '111', '222', '333', '444', '555', '0', '0000-00-00', '0000-00-00', '0000-00-00', '0', '0', '0', '0', '0', '0', NULL),
('58', '23', '10', '3001', 'MODULO', '49800', '0', '0', '0', '0', '0', '57', '2001', '0', '', '', '', '', '', '', '111', '222', '333', '444', '555', '0', '0000-00-00', '0000-00-00', '0000-00-00', '0', '0', '0', '0', '0', '0', NULL),
('59', '27', '13', '3001', 'MODULO', '49800', '8466', '1', '0', '0', '1', '70', '', '0', '', '', '', '', '', '', '0', '0', '0', '0', '0', '0', '0000-00-00', '0000-00-00', '0000-00-00', '0', '0', '0', '0', '0', '0', NULL),
('60', '28', '13', '3001', 'MODULO', '49800', '0', '1', '0', '0', '1', '71', '', '0', '', '', '', '', '', '', '0', '0', '0', '0', '0', '0', '0000-00-00', '0000-00-00', '0000-00-00', '0', '0', '0', '0', '0', '0', NULL),
('61', '24', '10', '3001', 'MODULO', '49800', '8466', '1', '0', '0', '0', '59', '', '0', '', '', '', '', '', '', '0', '0', '0', '0', '0', '0', '0000-00-00', '0000-00-00', '0000-00-00', '0', '0', '0', '0', '0', '0', NULL),
('62', '25', '10', '3001', 'MODULO', '49800', '0', '1', '0', '0', '0', '60', '', '0', '', '', '', '', '', '', '0', '0', '0', '0', '0', '0', '0000-00-00', '0000-00-00', '0000-00-00', '0', '0', '0', '0', '0', '0', NULL),
('63', '29', '13', '3001', 'MODULO', '49800', '8466', '1', '0', '0', '1', '72', '3001', '0', '', '', '', '', '', '', '444', '5', '0', '0', '0', '0', '0000-00-00', '0000-00-00', '0000-00-00', '0', '0', '0', '0', '0', '0', NULL),
('64', '26', '10', '3001', 'MODULO', '49800', '8466', '1', '0', '0', '0', '63', '3001', '0', '', '', '', '', '', '', '444', '5', '0', '0', '0', '0', '0000-00-00', '0000-00-00', '0000-00-00', '0', '0', '0', '0', '0', '0', NULL),
('65', '30', '13', '3001', 'MODULO', '49800', '8466', '111', '0', '0', '0', '73', '3001', '0', '1111', '', '', '', '', '', '111', '222', '0', '0', '0', '0', '0000-00-00', '0000-00-00', '0000-00-00', '0', '0', '0', '0', '0', '0', NULL),
('66', '31', '13', '3001', 'MODULO', '49800', '8466', '100', '0', '0', '0', '75', '3001', '0', '', '', '', '', '', '', '88', '66', '0', '0', '0', '0', '0000-00-00', '0000-00-00', '0000-00-00', '0', '0', '0', '0', '0', '0', NULL),
('67', '32', '13', '3001', 'MODULO', '49800', '8466', '55', '0', '0', '55', '76', '3001', '0', '', '', '', '', '', '', '111', '222', '0', '0', '0', '0', '0000-00-00', '0000-00-00', '0000-00-00', '0', '0', '0', '0', '0', '0', NULL),
('68', '27', '10', '3001', 'MODULO', '49800', '8466', '55', '0', '0', '0', '67', '3001', '0', '', '', '', '', '', '', '111', '222', '0', '0', '0', '0', '0000-00-00', '0000-00-00', '0000-00-00', '0', '0', '0', '0', '0', '0', NULL),
('69', '33', '13', '3001', 'MODULO', '49800', '8466', '343', '0', '0', '0', '78', '3001', '0', '', '', '', '', '', '', '444', '333', '0', '0', '0', '0', '0000-00-00', '0000-00-00', '0000-00-00', '0', '0', '0', '0', '0', '0', NULL),
('70', '34', '13', '1001', 'Test Item', '0', '0', '333', '0', '43352771.531323', '333', '79', '3001', '0', '', '', '', '', '', '', '11', '22', '0', '0', '0', '0', '0000-00-00', '0000-00-00', '0000-00-00', '0', '0', '0', '0', '0', '0', NULL),
('71', '28', '10', '1001', 'Test Item', '0', '0', '333', '0', '43352771.531323', '0', '70', '3001', '0', '', '', '', '', '', '', '11', '22', '0', '0', '0', '0', '0000-00-00', '0000-00-00', '0000-00-00', '0', '0', '0', '0', '0', '0', NULL),
('72', '35', '13', '3001', 'MODULO', '49800', '8466', '555', '0', '0', '555', '82', '', '0', '', '', '', '', '', '', '70100', '60100', '0', '0', '0', '0', '0000-00-00', '0000-00-00', '0000-00-00', '0', '0', '0', '0', '0', '0', NULL),
('73', '29', '10', '3001', 'MODULO', '49800', '8466', '555', '0', '0', '0', '72', '', '0', '', '', '', '', '', '', '70105', '60105', '0', '0', '0', '0', '0000-00-00', '0000-00-00', '0000-00-00', '0', '0', '0', '0', '0', '0', NULL),
('74', '1', '11', '3001', 'MODULO', '49800', '8466', '1', '0.3', '0', '0', '0', '', '0', '', '', '', '', '', '', '0', '0', '0', '0', '0', '0', '0000-00-00', '0000-00-00', '0000-00-00', '0', '0', '0', '0', '0', '0', NULL),
('75', '2', '11', '3001', 'MODULO', '49800', '8466', '3', '0.3', '0', '0', '0', '', '0', '', '', '', '', '', '', '111', '333', '0', '0', '0', '0', '0000-00-00', '0000-00-00', '0000-00-00', '0', '0', '0', '0', '0', '0', NULL),
('76', '3', '11', '3001', 'MODULO', '49800', '8466', '2', '0.3', '0', '0', '0', '', '0', '', '', '', '', '', '', '24', '25', '0', '0', '0', '0', '0000-00-00', '0000-00-00', '0000-00-00', '0', '0', '0', '0', '0', '0', NULL),
('77', '36', '13', '3001', 'MODULO', '49800', '8466', '10', '0', '0', '10', '84', '', '0', '11', '22', '333', '444', '555', '666', '111', '222', '333', '444', '555', '4', '2017-09-25', '2017-09-26', '2017-09-27', '1', '1', '1', '1', '1', '1', NULL),
('78', '30', '10', '3001', 'MODULO', '49800', '8466', '10', '0', '0', '0', '77', '', '0', '11', '22', '333', '444', '555', '666', '111', '222', '333', '444', '555', '4', '2017-09-25', '2017-09-26', '2017-09-27', '1', '1', '1', '1', '1', '1', NULL),
('79', '37', '13', '3001', 'MODULO', '49800', '8466', '10', '0', '0', '10', '85', '', '0', '11', '22', '33', '44', '55', '66', '111', '222', '333', '444', '555', '777', '0000-00-00', '0000-00-00', '0000-00-00', '0', '0', '0', '0', '0', '0', NULL),
('80', '31', '10', '3001', 'MODULO', '49800', '8466', '10', '0', '0', '0', '79', '', '0', '11', '22', '33', '44', '55', '66', '111', '222', '333', '444', '555', '777', '0000-00-00', '0000-00-00', '0000-00-00', '0', '0', '0', '0', '0', '0', NULL),
('81', '4', '11', '3001', 'MODULO', '49800', '8466', '10', '0.3', '0', '0', '0', '', '0', '99', '88', '77', '66', '55', '44', '33', '22', '11', '22', '33', '44', '2017-09-30', '2017-09-30', '2017-09-30', '0', '0', '0', '0', '0', '0', NULL),
('82', '38', '13', '3001', 'MODULO', '49800', '8466', '0', '0', '0', '0', '90', '', '0', '', '', '', '', '', '', '111', '222', '333', '444', '555', '0', '0000-00-00', '0000-00-00', '0000-00-00', '0', '0', '0', '0', '0', '0', NULL),
('83', '32', '10', '3001', 'MODULO', '49800', '0', '0', '0', '0', '0', '82', '', '0', '', '', '', '', '', '', '111', '222', '333', '444', '555', '0', '0000-00-00', '0000-00-00', '0000-00-00', '0', '0', '0', '0', '0', '0', NULL),
('84', '39', '13', '3001', 'MODULO', '49800', '8466', '10', '0', '0', '10', '97', '', '0', '', '', '', '', '', '', '0', '0', '0', '0', '0', '0', '0000-00-00', '0000-00-00', '0000-00-00', '0', '0', '0', '0', '0', '0', NULL),
('85', '39', '13', '64654656', 'hareemnademm', '1000', '170', '20', '0', '0', '20', '98', '', '0', '', '', '', '', '', '', '0', '0', '0', '0', '0', '0', '0000-00-00', '0000-00-00', '0000-00-00', '0', '0', '0', '0', '0', '0', NULL),
('86', '33', '10', '3001', 'MODULO', '49800', '8466', '10', '0', '0', '0', '84', '', '0', '', '', '', '', '', '', '0', '0', '0', '0', '0', '0', '0000-00-00', '0000-00-00', '0000-00-00', '0', '0', '0', '0', '0', '0', NULL),
('87', '33', '10', '64654656', 'hareemnademm', '1000', '170', '20', '0', '0', '0', '85', '', '0', '', '', '', '', '', '', '0', '0', '0', '0', '0', '0', '0000-00-00', '0000-00-00', '0000-00-00', '0', '0', '0', '0', '0', '0', NULL),
('88', '40', '13', '3001', 'MODULO', '49800', '8466', '0', '0', '0', '0', '99', '', '0', '', '', '', '', '', '', '0', '0', '0', '0', '0', '0', '0000-00-00', '0000-00-00', '0000-00-00', '0', '0', '0', '0', '0', '0', NULL),
('89', '34', '10', '3001', 'MODULO', '49800', '0', '0', '0', '0', '0', '88', '', '0', '', '', '', '', '', '', '0', '0', '0', '0', '0', '0', '0000-00-00', '0000-00-00', '0000-00-00', '0', '0', '0', '0', '0', '0', NULL),
('90', '41', '13', '3001', 'MODULO', '49800', '8466', '0', '0', '0', '0', '100', '', '0', '', '', '', '', '', '', '0', '0', '0', '0', '0', '0', '0000-00-00', '0000-00-00', '0000-00-00', '0', '0', '0', '0', '0', '0', NULL),
('91', '35', '10', '3001', 'MODULO', '49800', '0', '0', '0', '0', '0', '90', '', '0', '', '', '', '', '', '', '0', '0', '0', '0', '0', '0', '0000-00-00', '0000-00-00', '0000-00-00', '0', '0', '0', '0', '0', '0', NULL),
('92', '42', '13', '3001', 'MODULO', '49800', '8466', '45', '0', '0', '45', '104', '', '0', '', '', '', '', '', '', '0', '0', '0', '0', '0', '0', '0000-00-00', '0000-00-00', '0000-00-00', '0', '0', '0', '0', '0', '0', NULL),
('93', '36', '10', '3001', 'MODULO', '49800', '8466', '45', '0', '0', '0', '92', '', '0', '', '', '', '', '', '', '0', '0', '0', '0', '0', '0', '0000-00-00', '0000-00-00', '0000-00-00', '0', '0', '0', '0', '0', '0', NULL),
('94', '43', '13', '3001', 'MODULO', '49800', '8466', '10', '0', '0', '10', '105', 'ltr', '3', '', '', '', '', '', '', '0', '0', '0', '0', '0', '0', '0000-00-00', '0000-00-00', '0000-00-00', '0', '0', '0', '0', '0', '0', NULL),
('95', '37', '10', '3001', 'MODULO', '49800', '8466', '10', '0', '0', '0', '94', 'ltr', '3', '', '', '', '', '', '', '0', '0', '0', '0', '0', '0', '0000-00-00', '0000-00-00', '0000-00-00', '0', '0', '0', '0', '0', '0', NULL),
('96', '44', '13', '3001', 'MODULO', '49800', '8466', '10', '0', '0', '10', '107', 'pcs', '0', '', '', '', '', '', '', '0', '0', '0', '0', '0', '0', '0000-00-00', '0000-00-00', '0000-00-00', '0', '0', '0', '0', '0', '0', NULL),
('97', '38', '10', '3001', 'MODULO', '49800', '8466', '10', '0', '0', '0', '96', 'pcs', '0', '', '', '', '', '', '', '0', '0', '0', '0', '0', '0', '0000-00-00', '0000-00-00', '0000-00-00', '0', '0', '0', '0', '0', '0', NULL),
('98', '45', '13', '3001', 'MODULO', '49800', '8466', '11', '0', '0', '11', '108', 'ltr', '6', '', '', '', '', '', '', '0', '0', '0', '0', '0', '0', '0000-00-00', '0000-00-00', '0000-00-00', '0', '0', '0', '0', '0', '0', NULL),
('99', '39', '10', '3001', 'MODULO', '49800', '8466', '11', '0', '0', '0', '98', 'ltr', '6', '', '', '', '', '', '', '0', '0', '0', '0', '0', '0', '0000-00-00', '0000-00-00', '0000-00-00', '0', '0', '0', '0', '0', '0', NULL),
('100', '46', '13', '3001', 'MODULO', '49800', '8466', '13', '0', '0', '13', '109', 'ltr', '7', '', '', '', '', '', '', '0', '0', '0', '0', '0', '0', '0000-00-00', '0000-00-00', '0000-00-00', '0', '0', '0', '0', '0', '0', NULL),
('101', '40', '10', '3001', 'MODULO', '49800', '8466', '13', '0', '0', '0', '100', 'ltr', '7', '', '', '', '', '', '', '0', '0', '0', '0', '0', '0', '0000-00-00', '0000-00-00', '0000-00-00', '0', '0', '0', '0', '0', '0', NULL),
('102', '47', '13', '3001', 'MODULO', '49800', '8466', '18', '0', '0', '18', '110', 'pcs', '9', '', '', '', '', '', '', '0', '0', '0', '0', '0', '0', '0000-00-00', '0000-00-00', '0000-00-00', '0', '0', '0', '0', '0', '0', NULL),
('103', '41', '10', '3001', 'MODULO', '49800', '8466', '18', '0', '0', '0', '102', 'pcs', '9', '', '', '', '', '', '', '0', '0', '0', '0', '0', '0', '0000-00-00', '0000-00-00', '0000-00-00', '0', '0', '0', '0', '0', '0', NULL),
('104', '48', '13', 'BOPP1', 'BOPP1', '900', '153', '1', '0', '0', '1', '111', 'boxes', '3', '', '', '', '', '', '', '0', '0', '0', '0', '0', '0', '0000-00-00', '0000-00-00', '0000-00-00', '0', '0', '0', '0', '0', '0', NULL),
('105', '42', '10', 'BOPP1', 'BOPP1', '900', '153', '1', '0', '0', '0', '104', 'boxes', '3', '', '', '', '', '', '', '0', '0', '0', '0', '0', '0', '0000-00-00', '0000-00-00', '0000-00-00', '0', '0', '0', '0', '0', '0', NULL),
('106', '49', '13', 'BOPP1', 'BOPP1', '300', '51', '1', '0', '0', '1', '112', 'pcs', '3', '', '', '', '', '', '', '0', '0', '0', '0', '0', '0', '0000-00-00', '0000-00-00', '0000-00-00', '0', '0', '0', '0', '0', '0', NULL),
('107', '43', '10', 'BOPP1', 'BOPP1', '300', '51', '1', '0', '0', '0', '106', 'pcs', '3', '', '', '', '', '', '', '0', '0', '0', '0', '0', '0', '0000-00-00', '0000-00-00', '0000-00-00', '0', '0', '0', '0', '0', '0', NULL),
('108', '50', '13', '3001', 'MODULO', '49800', '0', '10', '0.05', '0', '10', '118', '', '0', '', '', '', '', '', '', '0', '0', '0', '0', '0', '0', '0000-00-00', '0000-00-00', '0000-00-00', '0', '0', '0', '0', '0', '0', NULL),
('109', '44', '10', '3001', 'MODULO', '49800', '0', '10', '0.05', '0', '0', '108', '', '0', '', '', '', '', '', '', '0', '0', '0', '0', '0', '0', '0000-00-00', '0000-00-00', '0000-00-00', '0', '0', '0', '0', '0', '0', NULL),
('110', '51', '13', 'OB', 'Opening Balance Equity', '1000', '170', '10', '0', '0', '10', '119', '', '0', '', '', '', '', '', '', '0', '0', '0', '0', '0', '0', '0000-00-00', '0000-00-00', '0000-00-00', '0', '0', '0', '0', '0', '0', NULL),
('111', '45', '10', 'OB', 'Opening Balance Equity', '1000', '170', '10', '0', '0', '0', '110', '', '0', '', '', '', '', '', '', '0', '0', '0', '0', '0', '0', '0000-00-00', '0000-00-00', '0000-00-00', '0', '0', '0', '0', '0', '0', NULL),
('112', '52', '13', '3001', 'MODULO', '49800', '8466', '5', '0', '426.8', '0', '120', '', '0', '', '', '', '', '', '', '0', '0', '0', '0', '0', '0', '0000-00-00', '0000-00-00', '0000-00-00', '0', '0', '0', '0', '0', '0', NULL),
('113', '53', '13', '123', '123', '1000', '170', '10', '0', '0', '10', '121', 'ltr', '0', '', '', '', '', '', '', '0', '0', '0', '0', '0', '0', '0000-00-00', '0000-00-00', '0000-00-00', '0', '0', '0', '0', '0', '0', NULL),
('114', '46', '10', '123', '123', '1000', '170', '10', '0', '0', '0', '113', 'ltr', '0', '', '', '', '', '', '', '0', '0', '0', '0', '0', '0', '0000-00-00', '0000-00-00', '0000-00-00', '0', '0', '0', '0', '0', '0', NULL),
('115', '54', '13', '123', '123', '500', '85', '11', '0', '0', '11', '122', 'pcs', '5', '', '', '', '', '', '', '0', '0', '0', '0', '0', '0', '0000-00-00', '0000-00-00', '0000-00-00', '0', '0', '0', '0', '0', '0', NULL),
('116', '47', '10', '123', '123', '500', '85', '11', '0', '0', '0', '115', 'pcs', '5', '', '', '', '', '', '', '0', '0', '0', '0', '0', '0', '0000-00-00', '0000-00-00', '0000-00-00', '0', '0', '0', '0', '0', '0', NULL),
('117', '55', '13', '64654656', 'hareemnademm', '100', '17', '5', '0', '0', '5', '124', 'pcs', '1', '', '', '', '', '', '', '0', '0', '0', '0', '0', '0', '0000-00-00', '0000-00-00', '0000-00-00', '0', '0', '0', '0', '0', '0', NULL),
('118', '48', '10', '64654656', 'hareemnademm', '100', '17', '5', '0', '0', '0', '117', 'pcs', '1', '', '', '', '', '', '', '0', '0', '0', '0', '0', '0', '0000-00-00', '0000-00-00', '0000-00-00', '0', '0', '0', '0', '0', '0', NULL),
('119', '56', '13', '3001', 'MODULO', '49800', '8466', '12', '0', '426.8', '12', '125', 'pcs', '122', '', '', '', '', '', '', '0', '0', '0', '0', '0', '0', '0000-00-00', '0000-00-00', '0000-00-00', '0', '0', '0', '0', '0', '0', NULL),
('120', '49', '10', '3001', 'MODULO', '49800', '8466', '12', '0', '426.8', '0', '119', 'pcs', '122', '', '', '', '', '', '', '0', '0', '0', '0', '0', '0', '0000-00-00', '0000-00-00', '0000-00-00', '0', '0', '0', '0', '0', '0', NULL),
('121', '57', '13', 'mo4', 'Havoline Motor Oil 20W50 ', '1800', '306', '4', '0', '0', '4', '126', 'pcs', '4', '', '', '', '', '', '', '0', '0', '0', '0', '0', '0', '0000-00-00', '0000-00-00', '0000-00-00', '0', '0', '0', '0', '0', '0', NULL),
('122', '50', '10', 'mo4', 'Havoline Motor Oil 20W50 ', '1800', '306', '4', '0', '0', '0', '121', 'pcs', '4', '', '', '', '', '', '', '0', '0', '0', '0', '0', '0', '0000-00-00', '0000-00-00', '0000-00-00', '0', '0', '0', '0', '0', '0', NULL),
('123', '58', '13', 'mo4', 'Havoline Motor Oil 20W50 ', '5000', '850', '1', '0', '0', '1', '127', 'boxes', '4', '', '', '', '', '', '', '0', '0', '0', '0', '0', '0', '0000-00-00', '0000-00-00', '0000-00-00', '0', '0', '0', '0', '0', '0', NULL),
('124', '51', '10', 'mo4', 'Havoline Motor Oil 20W50 ', '5000', '850', '1', '0', '0', '0', '123', 'boxes', '4', '', '', '', '', '', '', '0', '0', '0', '0', '0', '0', '0000-00-00', '0000-00-00', '0000-00-00', '0', '0', '0', '0', '0', '0', NULL),
('125', '59', '13', 'mo4', 'Havoline Motor Oil 20W50 ', '5000', '0', '1', '0', '0', '1', '128', 'boxes', '1', '', '', '', '', '', '', '0', '0', '0', '0', '0', '0', '0000-00-00', '0000-00-00', '0000-00-00', '0', '0', '0', '0', '0', '0', NULL),
('126', '52', '10', 'mo4', 'Havoline Motor Oil 20W50 ', '5000', '0', '1', '0', '0', '0', '125', 'boxes', '1', '', '', '', '', '', '', '0', '0', '0', '0', '0', '0', '0000-00-00', '0000-00-00', '0000-00-00', '0', '0', '0', '0', '0', '0', NULL),
('127', '60', '13', 'mo4', 'Havoline Motor Oil 20W50 ', '5000', '0', '1', '0', '0', '1', '129', 'boxes', '1', '', '', '', '', '', '', '0', '0', '0', '0', '0', '0', '0000-00-00', '0000-00-00', '0000-00-00', '0', '0', '0', '0', '0', '0', NULL),
('128', '53', '10', 'mo4', 'Havoline Motor Oil 20W50 ', '5000', '0', '1', '0', '0', '0', '127', 'boxes', '1', '', '', '', '', '', '', '0', '0', '0', '0', '0', '0', '0000-00-00', '0000-00-00', '0000-00-00', '0', '0', '0', '0', '0', '0', NULL),
('129', '61', '13', 'mo4', 'Havoline Motor Oil 20W50 ', '5000', '0', '1', '0', '0', '1', '130', 'boxes', '4', '', '', '', '', '', '', '0', '0', '0', '0', '0', '0', '0000-00-00', '0000-00-00', '0000-00-00', '0', '0', '0', '0', '0', '0', NULL),
('130', '61', '13', 'mo4', 'Havoline Motor Oil 20W50 ', '5000', '0', '1', '0', '0', '1', '131', 'boxes', '4', '', '', '', '', '', '', '0', '0', '0', '0', '0', '0', '0000-00-00', '0000-00-00', '0000-00-00', '0', '0', '0', '0', '0', '0', NULL),
('131', '54', '10', 'mo4', 'Havoline Motor Oil 20W50 ', '5000', '0', '1', '0', '0', '0', '129', 'boxes', '4', '', '', '', '', '', '', '0', '0', '0', '0', '0', '0', '0000-00-00', '0000-00-00', '0000-00-00', '0', '0', '0', '0', '0', '0', NULL),
('132', '54', '10', 'mo4', 'Havoline Motor Oil 20W50 ', '5000', '0', '1', '0', '0', '0', '130', 'boxes', '4', '', '', '', '', '', '', '0', '0', '0', '0', '0', '0', '0000-00-00', '0000-00-00', '0000-00-00', '0', '0', '0', '0', '0', '0', NULL),
('133', '62', '13', 'mo4', 'Havoline Motor Oil 20W50 ', '5000', '0', '1', '0', '0', '1', '132', 'boxes', '4', '', '', '', '', '', '', '0', '0', '0', '0', '0', '0', '0000-00-00', '0000-00-00', '0000-00-00', '0', '0', '0', '0', '0', '0', NULL),
('134', '55', '10', 'mo4', 'Havoline Motor Oil 20W50 ', '5000', '0', '1', '0', '0', '0', '133', 'boxes', '4', '', '', '', '', '', '', '0', '0', '0', '0', '0', '0', '0000-00-00', '0000-00-00', '0000-00-00', '0', '0', '0', '0', '0', '0', NULL),
('135', '63', '13', '00001', 'Vinyl Blue', '2000', '290.6', '5', '0', '525', '5', '135', 'pcs', '0', '', '', '', '', '', '', '0', '0', '0', '0', '0', '0', '0000-00-00', '0000-00-00', '0000-00-00', '0', '0', '0', '0', '0', '0', NULL),
('136', '56', '10', '00001', 'Vinyl Blue', '2000', '290.598', '5', '0', '525', '0', '135', 'pcs', '0', '', '', '', '', '', '', '0', '0', '0', '0', '0', '0', '0000-00-00', '0000-00-00', '0000-00-00', '0', '0', '0', '0', '0', '0', NULL),
('137', '64', '13', '00002', 'Mist Green', '1800', '261.54', '5', '0', '462.5', '5', '137', 'pcs', '0', '', '', '', '', '', '', '0', '0', '0', '0', '0', '0', '0000-00-00', '0000-00-00', '0000-00-00', '0', '0', '0', '0', '0', '0', NULL),
('138', '57', '10', '00002', 'Mist Green', '1800', '261.538', '5', '0', '462.5', '0', '137', 'pcs', '0', '', '', '', '', '', '', '0', '0', '0', '0', '0', '0', '0000-00-00', '0000-00-00', '0000-00-00', '0', '0', '0', '0', '0', '0', NULL),
('139', '58', '10', '2002', 'CITY MANUAL 1.3', '1537000', '261290', '1', '0', '0', '0', '139', 'pcs', '0', '', '', '', '', '', '', '0', '0', '0', '0', '0', '0', '0000-00-00', '0000-00-00', '0000-00-00', '0', '0', '0', '0', '0', '0', NULL),
('140', '65', '13', '2002', 'CITY MANUAL 1.3', '1537000', '261290', '1', '0', '0', '0', '139', 'pcs', '0', '', '', '', '', '', '', '0', '0', '0', '0', '0', '0', '0000-00-00', '0000-00-00', '0000-00-00', '0', '0', '0', '0', '0', '0', NULL),
('141', '66', '13', 'CIVICOUMF', 'CIVIC O-U-M-F', '2722000', '395504.27', '1', '0', '0', '1', '142', 'pcs', '0', '', '', '', '', '', '', '0', '0', '0', '0', '0', '0', '0000-00-00', '0000-00-00', '0000-00-00', '0', '0', '0', '0', '0', '0', NULL),
('142', '59', '10', 'CITYMT1.3UF', 'CITYMT1.3UF', '1567000', '227683.76', '1', '0', '0', '0', '140', 'boxes', '0', '', '', '', '', '', '', '0', '0', '0', '0', '0', '0', '0000-00-00', '0000-00-00', '0000-00-00', '0', '0', '0', '0', '0', '0', NULL),
('143', '59', '10', 'WHITE', 'WHITE', '0', '0', '1', '0', '0', '0', '141', 'pcs', '0', '', '', '', '', '', '', '0', '0', '0', '0', '0', '0', '0000-00-00', '0000-00-00', '0000-00-00', '0', '0', '0', '0', '0', '0', NULL),
('144', '67', '13', 'C_TITANIUM', 'C_TITANIUM', '0', '0', '0', '0', '0', '0', '143', 'pcs', '0', '', '', '', '', '', '', '0', '0', '0', '0', '0', '0', '0000-00-00', '0000-00-00', '0000-00-00', '0', '0', '0', '0', '0', '0', NULL),
('145', '60', '10', 'C_TITANIUM', 'C_TITANIUM', '0', '0', '0', '0', '0', '0', '144', 'pcs', '0', '', '', '', '', '', '', '0', '0', '0', '0', '0', '0', '0000-00-00', '0000-00-00', '0000-00-00', '0', '0', '0', '0', '0', '0', NULL),
('146', '68', '13', 'C_TITANIUM', 'C_TITANIUM', '1000', '170', '1', '0', '0', '1', '144', 'pcs', '0', '', '', '', '', '', '', '0', '0', '0', '0', '0', '0', '0000-00-00', '0000-00-00', '0000-00-00', '0', '0', '0', '0', '0', '0', NULL),
('147', '61', '10', 'C_TITANIUM', 'C_TITANIUM', '1000', '170', '1', '0', '0', '0', '146', 'pcs', '0', '', '', '', '', '', '', '0', '0', '0', '0', '0', '0', '0000-00-00', '0000-00-00', '0000-00-00', '0', '0', '0', '0', '0', '0', NULL),
('148', '69', '13', '900', 'Inflatable Beds', '15000', '2179.5', '10', '0', '10000', '10', '146', 'pcs', '12', '', '', '', '', '', '', '0', '0', '0', '0', '0', '0', '0000-00-00', '0000-00-00', '0000-00-00', '0', '0', '0', '0', '0', '0', NULL),
('149', '62', '10', '900', 'Inflatable Beds', '15000', '2179.49', '10', '0', '10000', '0', '148', 'pcs', '12', '', '', '', '', '', '', '0', '0', '0', '0', '0', '0', '0000-00-00', '0000-00-00', '0000-00-00', '0', '0', '0', '0', '0', '0', NULL),
('150', '70', '13', '902', 'Scanncer(HP)', '10500', '1525.6', '5', '0', '7500', '5', '148', 'pcs', '1', '', '', '', '', '', '', '0', '0', '0', '0', '0', '0', '0000-00-00', '0000-00-00', '0000-00-00', '0', '0', '0', '0', '0', '0', NULL),
('151', '63', '10', '902', 'Scanncer(HP)', '10500', '1525.64', '5', '0', '7500', '0', '150', 'pcs', '1', '', '', '', '', '', '', '0', '0', '0', '0', '0', '0', '0000-00-00', '0000-00-00', '0000-00-00', '0', '0', '0', '0', '0', '0', NULL),
('152', '71', '13', '901', 'HP-Printer', '12000', '1743.6', '12', '0', '8000', '12', '151', 'pcs', '1', '', '', '', '', '', '', '0', '0', '0', '0', '0', '0', '0000-00-00', '0000-00-00', '0000-00-00', '0', '0', '0', '0', '0', '0', NULL),
('153', '71', '13', '904', 'Cordless Phone(Braun)', '5000', '726.5', '18', '0', '3750', '18', '152', 'pcs', '1', '', '', '', '', '', '', '0', '0', '0', '0', '0', '0', '0000-00-00', '0000-00-00', '0000-00-00', '0', '0', '0', '0', '0', '0', NULL),
('154', '64', '10', '901', 'HP-Printer', '12000', '1743.5916666667', '12', '0', '8000', '0', '152', 'pcs', '1', '', '', '', '', '', '', '0', '0', '0', '0', '0', '0', '0000-00-00', '0000-00-00', '0000-00-00', '0', '0', '0', '0', '0', '0', NULL),
('155', '64', '10', '904', 'Cordless Phone(Braun)', '5000', '726.49444444444', '18', '0', '3750', '0', '153', 'pcs', '1', '', '', '', '', '', '', '0', '0', '0', '0', '0', '0', '0000-00-00', '0000-00-00', '0000-00-00', '0', '0', '0', '0', '0', '0', NULL),
('156', '65', '10', 'CIVICOUMF', 'CIVIC O-U-M-F', '2722000', '395504.3', '1', '0', '0', '0', '141', 'pcs', '0', '', '', '', '', '', '', '0', '0', '0', '0', '0', '0', '0000-00-00', '0000-00-00', '0000-00-00', '0', '0', '0', '0', '0', '0', NULL),
('157', '72', '13', '00001', 'Vinyl Blue', '2000', '290.6', '5', '0', '525', '5', '134', 'pcs', '0', '', '', '', '', '', '', '0', '0', '0', '0', '0', '0', '0000-00-00', '0000-00-00', '0000-00-00', '0', '0', '0', '0', '0', '0', NULL),
('158', '66', '10', '00001', 'Vinyl Blue', '2000', '290.6', '5', '0', '525', '0', '157', 'pcs', '0', '', '', '', '', '', '', '0', '0', '0', '0', '0', '0', '0000-00-00', '0000-00-00', '0000-00-00', '0', '0', '0', '0', '0', '0', NULL),
('159', '73', '13', 'OB', 'Opening Balance Equity', '50000', '7265', '0', '0', '0', '0', '153', 'boxes', '0', '', '', '', '', '', '', '0', '0', '0', '0', '0', '0', '0000-00-00', '0000-00-00', '0000-00-00', '0', '0', '0', '0', '0', '0', NULL),
('160', '67', '10', 'OB', 'Opening Balance Equity', '50000', '0', '0', '0', '0', '0', '159', 'boxes', '0', '', '', '', '', '', '', '0', '0', '0', '0', '0', '0', '0000-00-00', '0000-00-00', '0000-00-00', '0', '0', '0', '0', '0', '0', NULL),
('162', '74', '13', 'C_TITANIUM', 'C_TITANIUM', '1200', '204', '1', '0', '0', '1', '155', 'pcs', '1', '', '', '', '', '', '', '0', '0', '0', '0', '0', '0', '0000-00-00', '0000-00-00', '0000-00-00', '0', '0', '0', '0', '0', '0', NULL),
('163', '68', '10', 'C_TITANIUM', 'C_TITANIUM', '1200', '204', '1', '0', '0', '0', '162', 'pcs', '1', '', '', '', '', '', '', '0', '0', '0', '0', '0', '0', '0000-00-00', '0000-00-00', '0000-00-00', '0', '0', '0', '0', '0', '0', NULL),
('164', '75', '13', 'C_TITANIUM', 'C_TITANIUM', '12000', '2040', '1', '0', '0', '1', '156', 'pcs', '1', '', '', '', '', '', '', '0', '0', '0', '0', '0', '0', '0000-00-00', '0000-00-00', '0000-00-00', '0', '0', '0', '0', '0', '0', NULL),
('165', '69', '10', 'C_TITANIUM', 'C_TITANIUM', '12000', '2040', '1', '0', '0', '0', '164', 'pcs', '1', '', '', '', '', '', '', '0', '0', '0', '0', '0', '0', '0000-00-00', '0000-00-00', '0000-00-00', '0', '0', '0', '0', '0', '0', NULL),
('166', '76', '13', 'C_TITANIUM', 'C_TITANIUM', '100000', '17000', '1', '0', '0', '1', '157', 'pcs', '0', '', '', '', '', '', '', '0', '0', '0', '0', '0', '0', '0000-00-00', '0000-00-00', '0000-00-00', '0', '0', '0', '0', '0', '0', NULL),
('167', '70', '10', 'C_TITANIUM', 'C_TITANIUM', '100000', '17000', '1', '0', '0', '0', '166', 'pcs', '0', '', '', '', '', '', '', '0', '0', '0', '0', '0', '0', '0000-00-00', '0000-00-00', '0000-00-00', '0', '0', '0', '0', '0', '0', NULL),
('168', '77', '13', 'C_TITANIUM', 'C_TITANIUM', '0', '0', '1', '0', '0', '1', '158', 'pcs', '50', '', '', '', '', '', '', '0', '0', '0', '0', '0', '0', '0000-00-00', '0000-00-00', '0000-00-00', '0', '0', '0', '0', '0', '0', NULL),
('169', '71', '10', 'C_TITANIUM', 'C_TITANIUM', '0', '0', '1', '0', '0', '0', '168', 'pcs', '50', '', '', '', '', '', '', '0', '0', '0', '0', '0', '0', '0000-00-00', '0000-00-00', '0000-00-00', '0', '0', '0', '0', '0', '0', NULL),
('170', '78', '13', 'C_TITANIUM', 'C_TITANIUM', '100000', '17000', '1', '0', '0', '1', '159', 'pcs', '0', '', '', '', '', '', '', '0', '0', '0', '0', '0', '0', '0000-00-00', '0000-00-00', '0000-00-00', '0', '0', '0', '0', '0', '0', NULL),
('171', '72', '10', 'C_TITANIUM', 'C_TITANIUM', '100000', '17000', '1', '0', '0', '0', '170', 'pcs', '0', '', '', '', '', '', '', '0', '0', '0', '0', '0', '0', '0000-00-00', '0000-00-00', '0000-00-00', '0', '0', '0', '0', '0', '0', NULL),
('172', '79', '13', 'C_TITANIUM', 'C_TITANIUM', '456000', '77520', '1', '0', '0', '1', '160', 'pcs', '0', '', '', '', '', '', '', '0', '0', '0', '0', '0', '0', '0000-00-00', '0000-00-00', '0000-00-00', '0', '0', '0', '0', '0', '0', NULL),
('173', '73', '10', 'C_TITANIUM', 'C_TITANIUM', '456000', '77520', '0.5', '0', '0', '0', '172', 'pcs', '0', '', '', '', '', '', '', '0', '0', '0', '0', '0', '0', '0000-00-00', '0000-00-00', '0000-00-00', '0', '0', '0', '0', '0', '0', NULL),
('174', '74', '10', 'C_TITANIUM', 'C_TITANIUM', '456000', '77520', '0.5', '0', '0', '0', '172', 'pcs', '0', '', '', '', '', '', '', '0', '0', '0', '0', '0', '0', '0000-00-00', '0000-00-00', '0000-00-00', '0', '0', '0', '0', '0', '0', NULL),
('175', '80', '13', '8000', 'Birthday Cards', '120', '17.4', '235', '0', '50', '235', '164', 'pcs', '100', '', '', '', '', '', '', '0', '0', '0', '0', '0', '0', '0000-00-00', '0000-00-00', '0000-00-00', '0', '0', '0', '0', '0', '0', NULL),
('176', '75', '10', '8000', 'Birthday Cards', '120', '17.435744680851', '235', '0', '50', '0', '175', 'pcs', '100', '', '', '', '', '', '', '0', '0', '0', '0', '0', '0', '0000-00-00', '0000-00-00', '0000-00-00', '0', '0', '0', '0', '0', '0', NULL),
('177', '81', '13', '8001', 'LED TV', '76000', '11042.7', '18', '0', '50000', '0', '166', 'pcs', '50', '', '', '', '', '', '', '0', '0', '0', '0', '0', '0', '0000-00-00', '0000-00-00', '0000-00-00', '0', '0', '0', '0', '0', '0', NULL),
('178', '82', '13', '904', 'Cordless Phone(Braun)', '5000', '726.5', '1', '0', '3750', '1', '172', 'pcs', '1', '', '', '', '', '', '', '0', '0', '0', '0', '0', '0', '0000-00-00', '0000-00-00', '0000-00-00', '0', '0', '0', '0', '0', '0', NULL),
('179', '76', '10', '904', 'Cordless Phone(Braun)', '5000', '726.5', '1', '0', '3750', '0', '178', 'pcs', '1', '', '', '', '', '', '', '0', '0', '0', '0', '0', '0', '0000-00-00', '0000-00-00', '0000-00-00', '0', '0', '0', '0', '0', '0', NULL),
('180', '83', '13', '8000', 'Birthday Cards', '50', '7.3', '5', '0', '50', '5', '174', 'pcs', '100', '', '', '', '', '', '', '0', '0', '0', '0', '0', '0', '0000-00-00', '0000-00-00', '0000-00-00', '0', '0', '0', '0', '0', '0', NULL),
('181', '77', '10', '8000', 'Birthday Cards', '50', '7.26', '5', '0', '50', '0', '180', 'pcs', '100', '', '', '', '', '', '', '0', '0', '0', '0', '0', '0', '0000-00-00', '0000-00-00', '0000-00-00', '0', '0', '0', '0', '0', '0', NULL),
('182', '84', '13', '901', 'HP-Printer', '12000', '1743.6', '1', '0', '8000', '1', '176', 'pcs', '1', '', '', '', '', '', '', '0', '0', '0', '0', '0', '0', '0000-00-00', '0000-00-00', '0000-00-00', '0', '0', '0', '0', '0', '0', NULL),
('183', '78', '10', '901', 'HP-Printer', '12000', '1743.6', '1', '0', '8000', '0', '182', 'pcs', '1', '', '', '', '', '', '', '0', '0', '0', '0', '0', '0', '0000-00-00', '0000-00-00', '0000-00-00', '0', '0', '0', '0', '0', '0', NULL),
('184', '85', '13', '00002', 'Mist Green', '1800', '261.5', '1', '0', '462.5', '1', '178', 'pcs', '0', '', '', '', '', '', '', '0', '0', '0', '0', '0', '0', '0000-00-00', '0000-00-00', '0000-00-00', '0', '0', '0', '0', '0', '0', NULL),
('185', '79', '10', '00002', 'Mist Green', '1800', '261.5', '1', '0', '462.5', '0', '184', 'pcs', '0', '', '', '', '', '', '', '0', '0', '0', '0', '0', '0', '0000-00-00', '0000-00-00', '0000-00-00', '0', '0', '0', '0', '0', '0', NULL),
('186', '86', '13', '902', 'Scanncer(HP)', '10500', '1525.6', '1', '0', '7500', '1', '180', 'pcs', '1', '', '', '', '', '', '', '0', '0', '0', '0', '0', '0', '0000-00-00', '0000-00-00', '0000-00-00', '0', '0', '0', '0', '0', '0', NULL),
('187', '80', '10', '902', 'Scanncer(HP)', '10500', '1525.6', '1', '0', '7500', '0', '186', 'pcs', '1', '', '', '', '', '', '', '0', '0', '0', '0', '0', '0', '0000-00-00', '0000-00-00', '0000-00-00', '0', '0', '0', '0', '0', '0', NULL),
('188', '87', '13', '902', 'Scanncer(HP)', '10500', '1785', '20', '0', '4500', '20', '182', 'pcs', '1', '', '', '', '', '', '', '0', '0', '0', '0', '0', '0', '0000-00-00', '0000-00-00', '0000-00-00', '0', '0', '0', '0', '0', '0', NULL),
('189', '81', '10', '902', 'Scanncer(HP)', '10500', '1785', '20', '0', '4500', '0', '188', 'pcs', '1', '', '', '', '', '', '', '0', '0', '0', '0', '0', '0', '0000-00-00', '0000-00-00', '0000-00-00', '0', '0', '0', '0', '0', '0', NULL);

### Structure of table `0_debtors_master` ###

DROP TABLE IF EXISTS `0_debtors_master`;

CREATE TABLE `0_debtors_master` (
  `debtor_no` int(11) NOT NULL AUTO_INCREMENT,
  `name` varchar(100) COLLATE utf8_unicode_ci NOT NULL DEFAULT '',
  `debtor_ref` varchar(30) COLLATE utf8_unicode_ci NOT NULL,
  `address` tinytext COLLATE utf8_unicode_ci,
  `tax_id` varchar(55) COLLATE utf8_unicode_ci NOT NULL DEFAULT '',
  `ntn_no` varchar(55) COLLATE utf8_unicode_ci NOT NULL,
  `curr_code` char(3) COLLATE utf8_unicode_ci NOT NULL DEFAULT '',
  `sales_type` int(11) NOT NULL DEFAULT '1',
  `dimension_id` int(11) NOT NULL DEFAULT '0',
  `dimension2_id` int(11) NOT NULL DEFAULT '0',
  `credit_status` int(11) NOT NULL DEFAULT '0',
  `payment_terms` int(11) DEFAULT NULL,
  `discount` double NOT NULL DEFAULT '0',
  `pymt_discount` double NOT NULL DEFAULT '0',
  `credit_limit` float NOT NULL DEFAULT '1000',
  `notes` tinytext COLLATE utf8_unicode_ci NOT NULL,
  `credit_allowed` double NOT NULL,
  `inactive` tinyint(1) NOT NULL DEFAULT '0',
  PRIMARY KEY (`debtor_no`),
  UNIQUE KEY `debtor_ref` (`debtor_ref`),
  KEY `name` (`name`)
) ENGINE=InnoDB AUTO_INCREMENT=31 DEFAULT CHARSET=utf8 COLLATE=utf8_unicode_ci ;

### Data of table `0_debtors_master` ###

INSERT INTO `0_debtors_master` VALUES
('1', 'Test Customer', 'Test Customer', 'Karachi', '', '', 'PKR', '3', '0', '0', '1', '5', '0.2', '0', '0', '', '0', '0'),
('2', 'Test Customer2', 'Test Customer2', 'Karachi', '', '', 'PKR', '3', '0', '0', '1', '5', '0.3', '0', '0', '', '0', '0'),
('3', 'DHL AXYZ', 'DHL', 'axyz', '12345678', 'nt 12345678', 'PKR', '3', '0', '0', '1', '6', '0.2', '0', '500000', 'hjklhjklhjkl', '5000000', '0'),
('4', 'tcs1234', 'tcs', NULL, '', 'nt 12345678', 'PKR', '3', '0', '0', '1', '5', '0', '0', '0', '', '5000000', '0'),
('5', 'ansar', 'ansar', NULL, '', '', 'PKR', '3', '0', '0', '1', '5', '0', '0', '0', '', '0', '0'),
('6', 'iqbal', 'iqbal', NULL, '', '', 'PKR', '3', '0', '0', '1', '5', '0', '0', '0', '', '0', '0'),
('7', 'Ramsha', 'Ramsha', NULL, '', '', 'PKR', '3', '0', '0', '1', '5', '0', '0', '0', '', '0', '0'),
('15', 'Stephanie Martins', 'Stephanie', 'xyz street', '987898798', '439050945-34', 'PKR', '1', '0', '0', '1', '5', '0', '0', '0', '', '0', '0'),
('17', 'Veronica Blakes', 'Veronica', 'xyqw street', '30495809', '439050945-37', 'PKR', '1', '0', '0', '1', '5', '0', '0', '0', '', '0', '0'),
('23', 'James Schwartz', 'James', 'qwerty street', '87235', '98367-76', 'PKR', '3', '0', '0', '1', '5', '0', '0', '0', '', '0', '0'),
('24', 'Ali Rahman', 'Ali Rahman', 'ferw', '', 'nt 12345678', 'PKR', '3', '0', '0', '1', '5', '0', '0', '1000', '', '5000000', '0'),
('25', 'HASAN RAZA', 'HASAN RAZA', '021, SUIT, BANGLORE, STREET', '', '1234233', 'PKR', '1', '0', '0', '1', '5', '0', '0', '0', '', '5000000', '0'),
('26', 'marina', 'khan', 'zdfsf', '3242', 'nt 12345', 'USD', '1', '1', '0', '4', '4', '0.23', '0.56', '45', 'ghgjgfyjyuhiy', '7000000', '0'),
('27', 'Amna Saleem', 'Amna', 'xyz street, gujrat', '897987', '', 'PKR', '1', '0', '0', '1', '5', '0', '0', '0', '', '0', '0'),
('28', 'Hassan Ibrahim', 'Hassan', 'qwerty street, karachi', '651321', '', 'PKR', '1', '0', '0', '1', '5', '0', '0', '0', '', '0', '0'),
('29', 'Tabraiz Ali', 'Tabraiz', 'tyre plaza, gwadar', '', '', 'PKR', '1', '0', '0', '1', '5', '0', '0', '0', '', '0', '0'),
('30', 'Usama', 'Usama', 'Gulshan-e-Iqbal, Karachi', '', '', 'PKR', '1', '0', '0', '1', '5', '0', '0', '0', '', '0', '0');

### Structure of table `0_dimensions` ###

DROP TABLE IF EXISTS `0_dimensions`;

CREATE TABLE `0_dimensions` (
  `id` int(11) NOT NULL AUTO_INCREMENT,
  `reference` varchar(60) COLLATE utf8_unicode_ci NOT NULL DEFAULT '',
  `name` varchar(60) COLLATE utf8_unicode_ci NOT NULL DEFAULT '',
  `type_` tinyint(1) NOT NULL DEFAULT '1',
  `closed` tinyint(1) NOT NULL DEFAULT '0',
  `date_` date NOT NULL DEFAULT '0000-00-00',
  `due_date` date NOT NULL DEFAULT '0000-00-00',
  `cust_name` int(11) NOT NULL,
  `sales_person` int(11) NOT NULL,
  `area` int(11) NOT NULL,
  `ref_1` varchar(50) COLLATE utf8_unicode_ci NOT NULL,
  `ref_2` varchar(50) COLLATE utf8_unicode_ci NOT NULL,
  `ref_3` varchar(50) COLLATE utf8_unicode_ci NOT NULL,
  PRIMARY KEY (`id`),
  UNIQUE KEY `reference` (`reference`),
  KEY `date_` (`date_`),
  KEY `due_date` (`due_date`),
  KEY `type_` (`type_`)
) ENGINE=InnoDB AUTO_INCREMENT=3 DEFAULT CHARSET=utf8 COLLATE=utf8_unicode_ci ;

### Data of table `0_dimensions` ###

INSERT INTO `0_dimensions` VALUES
('1', 'CC001/10/2017', 'HACPL ORDER NO 32314', '1', '0', '2017-10-07', '2017-10-27', '24', '1', '1', '', '', ''),
('2', 'CC002/10/2017', '1101237', '1', '0', '2017-10-07', '2017-10-27', '25', '1', '1', '', '', '');

### Structure of table `0_exchange_rates` ###

DROP TABLE IF EXISTS `0_exchange_rates`;

CREATE TABLE `0_exchange_rates` (
  `id` int(11) NOT NULL AUTO_INCREMENT,
  `curr_code` char(3) COLLATE utf8_unicode_ci NOT NULL DEFAULT '',
  `rate_buy` double NOT NULL DEFAULT '0',
  `rate_sell` double NOT NULL DEFAULT '0',
  `date_` date NOT NULL DEFAULT '0000-00-00',
  PRIMARY KEY (`id`),
  UNIQUE KEY `curr_code` (`curr_code`,`date_`)
) ENGINE=InnoDB AUTO_INCREMENT=3 DEFAULT CHARSET=utf8 COLLATE=utf8_unicode_ci ;

### Data of table `0_exchange_rates` ###

INSERT INTO `0_exchange_rates` VALUES
('2', 'USD', '105', '105', '2017-02-17');

### Structure of table `0_f_combo1` ###

DROP TABLE IF EXISTS `0_f_combo1`;

CREATE TABLE `0_f_combo1` (
  `combo_code` int(11) NOT NULL AUTO_INCREMENT,
  `description` varchar(60) COLLATE utf8_unicode_ci NOT NULL DEFAULT '',
  `inactive` tinyint(1) NOT NULL DEFAULT '0',
  PRIMARY KEY (`combo_code`),
  UNIQUE KEY `description` (`description`)
) ENGINE=InnoDB DEFAULT CHARSET=utf8 COLLATE=utf8_unicode_ci ;

### Data of table `0_f_combo1` ###


### Structure of table `0_f_combo2` ###

DROP TABLE IF EXISTS `0_f_combo2`;

CREATE TABLE `0_f_combo2` (
  `combo_code` int(11) NOT NULL AUTO_INCREMENT,
  `description` varchar(60) COLLATE utf8_unicode_ci NOT NULL DEFAULT '',
  `inactive` tinyint(1) NOT NULL DEFAULT '0',
  PRIMARY KEY (`combo_code`),
  UNIQUE KEY `description` (`description`)
) ENGINE=InnoDB DEFAULT CHARSET=utf8 COLLATE=utf8_unicode_ci ;

### Data of table `0_f_combo2` ###


### Structure of table `0_f_combo3` ###

DROP TABLE IF EXISTS `0_f_combo3`;

CREATE TABLE `0_f_combo3` (
  `combo_code` int(11) NOT NULL AUTO_INCREMENT,
  `description` varchar(60) COLLATE utf8_unicode_ci NOT NULL DEFAULT '',
  `inactive` tinyint(1) NOT NULL DEFAULT '0',
  PRIMARY KEY (`combo_code`),
  UNIQUE KEY `description` (`description`)
) ENGINE=InnoDB DEFAULT CHARSET=utf8 COLLATE=utf8_unicode_ci ;

### Data of table `0_f_combo3` ###


### Structure of table `0_fiscal_year` ###

DROP TABLE IF EXISTS `0_fiscal_year`;

CREATE TABLE `0_fiscal_year` (
  `id` int(11) NOT NULL AUTO_INCREMENT,
  `begin` date DEFAULT '0000-00-00',
  `end` date DEFAULT '0000-00-00',
  `closed` tinyint(1) NOT NULL DEFAULT '0',
  PRIMARY KEY (`id`),
  UNIQUE KEY `begin` (`begin`),
  UNIQUE KEY `end` (`end`)
) ENGINE=InnoDB AUTO_INCREMENT=4 DEFAULT CHARSET=utf8 COLLATE=utf8_unicode_ci ;

### Data of table `0_fiscal_year` ###

INSERT INTO `0_fiscal_year` VALUES
('1', '2015-07-01', '2016-06-30', '0'),
('2', '2016-07-01', '2017-06-30', '0'),
('3', '2017-07-01', '2018-06-30', '0');

### Structure of table `0_gl_trans` ###

DROP TABLE IF EXISTS `0_gl_trans`;

CREATE TABLE `0_gl_trans` (
  `counter` int(11) NOT NULL AUTO_INCREMENT,
  `type` smallint(6) NOT NULL DEFAULT '0',
  `type_no` int(11) NOT NULL DEFAULT '0',
  `tran_date` date NOT NULL DEFAULT '0000-00-00',
  `account` varchar(15) COLLATE utf8_unicode_ci NOT NULL DEFAULT '',
  `memo_` tinytext COLLATE utf8_unicode_ci NOT NULL,
  `amount` double NOT NULL DEFAULT '0',
  `dimension_id` int(11) NOT NULL DEFAULT '0',
  `dimension2_id` int(11) NOT NULL DEFAULT '0',
  `person_type_id` int(11) DEFAULT NULL,
  `person_id` tinyblob,
  `cheque` int(11) NOT NULL,
  `inactive` tinyint(4) NOT NULL,
  `cheque_date` date DEFAULT NULL,
  `text_1` varchar(50) COLLATE utf8_unicode_ci DEFAULT NULL,
  `text_2` varchar(50) COLLATE utf8_unicode_ci DEFAULT NULL,
  `text_3` varchar(30) COLLATE utf8_unicode_ci NOT NULL,
  `cheque_no` varchar(30) COLLATE utf8_unicode_ci NOT NULL,
  `opening` tinyint(4) DEFAULT NULL,
  PRIMARY KEY (`counter`),
  KEY `Type_and_Number` (`type`,`type_no`),
  KEY `dimension_id` (`dimension_id`),
  KEY `dimension2_id` (`dimension2_id`),
  KEY `tran_date` (`tran_date`),
  KEY `account_and_tran_date` (`account`,`tran_date`)
) ENGINE=InnoDB AUTO_INCREMENT=839 DEFAULT CHARSET=utf8 COLLATE=utf8_unicode_ci ;

### Data of table `0_gl_trans` ###

INSERT INTO `0_gl_trans` VALUES
('1', '20', '1', '2017-09-13', '2011', '', '0', '0', '0', '3', '1', '0', '0', NULL, NULL, NULL, '', '', NULL),
('2', '20', '1', '2017-09-13', '1021', '', '0', '0', '0', NULL, NULL, '0', '0', NULL, NULL, NULL, '', '', NULL),
('3', '35', '1', '2017-09-13', '5014', '', '-14229', '0', '0', NULL, NULL, '0', '0', NULL, NULL, NULL, '', '', NULL),
('4', '35', '1', '2017-09-13', '1021', '', '14229', '0', '0', NULL, NULL, '0', '0', NULL, NULL, NULL, '', '', NULL),
('5', '43', '1', '2017-09-13', '2011', '', '-14229', '0', '0', '3', '1', '0', '0', NULL, NULL, NULL, '', '', NULL),
('6', '43', '1', '2017-09-13', '1021', '', '10000', '0', '0', NULL, NULL, '0', '0', NULL, NULL, NULL, '', '', NULL),
('7', '43', '1', '2017-09-13', '1010101001', '', '100', '0', '0', NULL, NULL, '0', '0', NULL, NULL, NULL, '', '', NULL),
('8', '43', '1', '2017-09-13', '1010107002', '', '101', '0', '0', NULL, NULL, '0', '0', NULL, NULL, NULL, '', '', NULL),
('9', '43', '1', '2017-09-13', '1010107003', '', '816', '0', '0', NULL, NULL, '0', '0', NULL, NULL, NULL, '', '', NULL),
('10', '43', '1', '2017-09-13', '1010107004', '', '510', '0', '0', NULL, NULL, '0', '0', NULL, NULL, NULL, '', '', NULL),
('11', '43', '1', '2017-09-13', '1010107005', '', '1960', '0', '0', NULL, NULL, '0', '0', NULL, NULL, NULL, '', '', NULL),
('12', '43', '1', '2017-09-13', '1010107006', '', '742', '0', '0', NULL, NULL, '0', '0', NULL, NULL, NULL, '', '', NULL),
('13', '43', '1', '2017-09-13', '1010107007', '', '0', '0', '0', NULL, NULL, '0', '0', NULL, NULL, NULL, '', '', NULL),
('14', '43', '1', '2017-09-13', '1010107012', '', '0', '0', '0', NULL, NULL, '0', '0', NULL, NULL, NULL, '', '', NULL),
('15', '13', '1', '2017-09-13', '5011', '', '24119', '0', '0', NULL, NULL, '0', '0', NULL, NULL, NULL, '', '', NULL),
('16', '13', '1', '2017-09-13', '1021', '', '-24119', '0', '0', NULL, NULL, '0', '0', NULL, NULL, NULL, '', '', NULL),
('17', '10', '1', '2017-09-13', '4011', '', '-1000', '0', '0', NULL, NULL, '0', '0', NULL, NULL, NULL, '', '', NULL),
('18', '10', '1', '2017-09-13', '1013', '', '1000', '0', '0', '2', '1', '0', '0', NULL, NULL, NULL, '', '', NULL),
('19', '10', '1', '2017-09-13', '2013', '', '0', '0', '0', NULL, NULL, '0', '0', NULL, NULL, NULL, '', '', NULL),
('20', '12', '1', '2017-09-13', '10121', '', '1000', '0', '0', NULL, NULL, '0', '0', NULL, NULL, NULL, '', '', NULL),
('21', '12', '1', '2017-09-13', '1013', '', '-1000', '0', '0', '2', '1', '0', '0', NULL, NULL, NULL, '', '', NULL),
('22', '20', '2', '2017-09-13', '2011', '', '0', '0', '0', '3', '1', '0', '0', NULL, NULL, NULL, '', '', NULL),
('23', '20', '2', '2017-09-13', '1021', '', '0', '0', '0', NULL, NULL, '0', '0', NULL, NULL, NULL, '', '', NULL),
('24', '22', '1', '2017-09-13', '2011', '', '1000', '0', '0', '3', '1', '0', '0', NULL, NULL, NULL, '', '', NULL),
('25', '22', '1', '2017-09-13', '10121', '', '-1000', '0', '0', NULL, NULL, '0', '0', NULL, NULL, NULL, '', '', NULL),
('26', '17', '1', '2017-09-13', '5014', '', '-15000000', '0', '0', NULL, NULL, '0', '0', NULL, NULL, NULL, '', '', NULL),
('27', '17', '1', '2017-09-13', '1021', '', '15000000', '0', '0', NULL, NULL, '0', '0', NULL, NULL, NULL, '', '', NULL),
('28', '13', '2', '2017-09-13', '5011', '', '10000', '0', '0', NULL, NULL, '0', '0', NULL, NULL, NULL, '', '', NULL),
('29', '13', '2', '2017-09-13', '1021', '', '-10000', '0', '0', NULL, NULL, '0', '0', NULL, NULL, NULL, '', '', NULL),
('30', '13', '3', '2017-09-13', '5011', '', '5000', '0', '0', NULL, NULL, '0', '0', NULL, NULL, NULL, '', '', NULL),
('31', '13', '3', '2017-09-13', '1021', '', '-5000', '0', '0', NULL, NULL, '0', '0', NULL, NULL, NULL, '', '', NULL),
('32', '10', '2', '2017-09-13', '4011', '', '-60000', '0', '0', NULL, NULL, '0', '0', NULL, NULL, NULL, '', '', NULL),
('33', '10', '2', '2017-09-13', '4025', '', '1200', '0', '0', NULL, NULL, '0', '0', NULL, NULL, NULL, '', '', NULL),
('34', '10', '2', '2017-09-13', '1013', '', '57624', '0', '0', '2', '1', '0', '0', NULL, NULL, NULL, '', '', NULL),
('35', '10', '2', '2017-09-13', '4025', '', '1176', '0', '0', NULL, NULL, '0', '0', NULL, NULL, NULL, '', '', NULL),
('36', '10', '2', '2017-09-13', '2013', '', '0', '0', '0', NULL, NULL, '0', '0', NULL, NULL, NULL, '', '', NULL),
('37', '12', '2', '2017-09-13', '10123', '', '58700', '0', '0', NULL, NULL, '0', '0', NULL, NULL, NULL, '', '', NULL),
('38', '12', '2', '2017-09-13', '1013', '', '-58800', '0', '0', '2', '1', '0', '0', NULL, NULL, NULL, '', '', NULL),
('39', '12', '2', '2017-09-13', '5036', '', '100', '0', '0', NULL, NULL, '0', '0', NULL, NULL, NULL, '', '', NULL),
('40', '13', '4', '2017-09-14', '5011', '', '1000', '0', '0', NULL, NULL, '0', '0', NULL, NULL, NULL, '', '', NULL),
('41', '13', '4', '2017-09-14', '1021', '', '-1000', '0', '0', NULL, NULL, '0', '0', NULL, NULL, NULL, '', '', NULL),
('42', '10', '3', '2017-09-14', '4011', '', '-10000', '0', '0', NULL, NULL, '0', '0', NULL, NULL, NULL, '', '', NULL),
('43', '10', '3', '2017-09-14', '1013', '', '10000', '0', '0', '2', '1', '0', '0', NULL, NULL, NULL, '', '', NULL),
('44', '10', '3', '2017-09-14', '2013', '', '0', '0', '0', NULL, NULL, '0', '0', NULL, NULL, NULL, '', '', NULL),
('45', '13', '5', '2017-09-14', '5011', '', '1000', '0', '0', NULL, NULL, '0', '0', NULL, NULL, NULL, '', '', NULL),
('46', '13', '5', '2017-09-14', '1021', '', '-1000', '0', '0', NULL, NULL, '0', '0', NULL, NULL, NULL, '', '', NULL),
('47', '35', '2', '2017-09-15', '5014', '', '-256010554.8', '0', '0', NULL, NULL, '0', '0', NULL, NULL, NULL, '', '', NULL),
('48', '35', '2', '2017-09-15', '1021', '', '256010554.8', '0', '0', NULL, NULL, '0', '0', NULL, NULL, NULL, '', '', NULL),
('49', '35', '3', '2017-09-15', '5014', '', '-21336462', '0', '0', NULL, NULL, '0', '0', NULL, NULL, NULL, '', '', NULL),
('50', '35', '3', '2017-09-15', '1021', '', '21336462', '0', '0', NULL, NULL, '0', '0', NULL, NULL, NULL, '', '', NULL),
('51', '35', '4', '2017-09-15', '5014', '', '-256010554.8', '0', '0', NULL, NULL, '0', '0', NULL, NULL, NULL, '', '', NULL),
('52', '35', '4', '2017-09-15', '1021', '', '256010554.8', '0', '0', NULL, NULL, '0', '0', NULL, NULL, NULL, '', '', NULL),
('53', '35', '5', '2017-09-15', '5014', '', '-21336462', '0', '0', NULL, NULL, '0', '0', NULL, NULL, NULL, '', '', NULL),
('54', '35', '5', '2017-09-15', '1021', '', '21336462', '0', '0', NULL, NULL, '0', '0', NULL, NULL, NULL, '', '', NULL),
('55', '35', '6', '2017-09-15', '5014', '', '-256010554.8', '0', '0', NULL, NULL, '0', '0', NULL, NULL, NULL, '', '', NULL),
('56', '35', '6', '2017-09-15', '1021', '', '256010554.8', '0', '0', NULL, NULL, '0', '0', NULL, NULL, NULL, '', '', NULL),
('57', '35', '7', '2017-09-15', '5014', '', '-21336462', '0', '0', NULL, NULL, '0', '0', NULL, NULL, NULL, '', '', NULL),
('58', '35', '7', '2017-09-15', '1021', '', '21336462', '0', '0', NULL, NULL, '0', '0', NULL, NULL, NULL, '', '', NULL),
('59', '35', '8', '2017-09-15', '5014', '', '-256010554.8', '0', '0', NULL, NULL, '0', '0', NULL, NULL, NULL, '', '', NULL),
('60', '35', '8', '2017-09-15', '1021', '', '256010554.8', '0', '0', NULL, NULL, '0', '0', NULL, NULL, NULL, '', '', NULL),
('61', '35', '9', '2017-09-15', '5014', '', '-21336462', '0', '0', NULL, NULL, '0', '0', NULL, NULL, NULL, '', '', NULL),
('62', '35', '9', '2017-09-15', '1021', '', '21336462', '0', '0', NULL, NULL, '0', '0', NULL, NULL, NULL, '', '', NULL),
('63', '35', '10', '2017-09-15', '5014', '', '-256010554.8', '0', '0', NULL, NULL, '0', '0', NULL, NULL, NULL, '', '', NULL),
('64', '35', '10', '2017-09-15', '1021', '', '256010554.8', '0', '0', NULL, NULL, '0', '0', NULL, NULL, NULL, '', '', NULL),
('65', '35', '11', '2017-09-15', '5014', '', '-21336462', '0', '0', NULL, NULL, '0', '0', NULL, NULL, NULL, '', '', NULL),
('66', '35', '11', '2017-09-15', '1021', '', '21336462', '0', '0', NULL, NULL, '0', '0', NULL, NULL, NULL, '', '', NULL),
('67', '35', '12', '2017-09-15', '5014', '', '-650291603270.4', '0', '0', NULL, NULL, '0', '0', NULL, NULL, NULL, '', '', NULL),
('68', '35', '12', '2017-09-15', '1021', '', '650291603270.4', '0', '0', NULL, NULL, '0', '0', NULL, NULL, NULL, '', '', NULL),
('71', '20', '3', '2017-09-17', '2011', '', '-1000', '0', '0', '3', '1', '0', '0', NULL, NULL, NULL, '', '', NULL),
('72', '20', '3', '2017-09-17', '1021', '', '1000', '0', '0', NULL, NULL, '0', '0', NULL, NULL, NULL, '', '', NULL),
('73', '29', '1', '2017-09-18', '1021', '18-09-2017: 1 * Test Item', '-43358554.96', '0', '0', NULL, NULL, '0', '0', NULL, NULL, NULL, '', '', NULL),
('74', '29', '1', '2017-09-18', '1023', '18-09-2017: 1 * Test Item', '43358554.96', '0', '0', NULL, NULL, '0', '0', NULL, NULL, NULL, '', '', NULL),
('75', '26', '1', '2017-09-18', '1023', '', '-43358554.96', '0', '0', NULL, NULL, '0', '0', NULL, NULL, NULL, '', '', NULL),
('76', '26', '1', '2017-09-18', '1021', '', '43358554.96', '0', '0', NULL, NULL, '0', '0', NULL, NULL, NULL, '', '', NULL),
('77', '1', '1', '2017-09-20', '5011', '', '5000', '0', '0', NULL, NULL, '12354', '0', NULL, NULL, NULL, '', '', NULL),
('78', '1', '1', '2017-09-20', '10123', '', '-5000', '0', '0', NULL, NULL, '12354', '0', NULL, NULL, NULL, '', '', NULL),
('79', '1', '2', '2017-09-21', '5011', '', '4234', '0', '0', NULL, NULL, '0', '0', NULL, NULL, NULL, '', '', NULL),
('80', '1', '2', '2017-09-21', '10123', '', '-4234', '0', '0', NULL, NULL, '0', '0', NULL, NULL, NULL, '', '', NULL),
('81', '13', '6', '2017-09-22', '5011', '', '43358554.96', '0', '0', NULL, NULL, '0', '0', '0000-00-00', NULL, NULL, '', '', NULL),
('82', '13', '6', '2017-09-22', '1021', '', '-43358554.96', '0', '0', NULL, NULL, '0', '0', '0000-00-00', NULL, NULL, '', '', NULL),
('83', '10', '4', '2017-09-22', '4011', '', '-100000', '0', '0', NULL, NULL, '0', '0', '0000-00-00', NULL, NULL, '', '0', NULL),
('84', '10', '4', '2017-09-22', '1013', '', '100000', '0', '0', '2', '3', '0', '0', '0000-00-00', NULL, NULL, '', '0', NULL),
('85', '13', '7', '2017-09-22', '5011', '', '43358554.96', '0', '0', NULL, NULL, '0', '0', '0000-00-00', NULL, NULL, '', '', NULL),
('86', '13', '7', '2017-09-22', '1021', '', '-43358554.96', '0', '0', NULL, NULL, '0', '0', '0000-00-00', NULL, NULL, '', '', NULL),
('87', '10', '5', '2017-09-22', '4011', '', '-12000', '0', '0', NULL, NULL, '0', '0', '0000-00-00', NULL, NULL, '', '0', NULL),
('88', '10', '5', '2017-09-22', '1013', '', '12000', '0', '0', '2', '3', '0', '0', '0000-00-00', NULL, NULL, '', '0', NULL),
('89', '13', '8', '2017-09-22', '5011', '', '43358554.96', '0', '0', NULL, NULL, '0', '0', '0000-00-00', NULL, NULL, '', '', NULL),
('90', '13', '8', '2017-09-22', '1021', '', '-43358554.96', '0', '0', NULL, NULL, '0', '0', '0000-00-00', NULL, NULL, '', '', NULL),
('91', '10', '6', '2017-09-22', '4011', '', '-12000', '0', '0', NULL, NULL, '0', '0', '0000-00-00', NULL, NULL, '', '0', NULL),
('92', '10', '6', '2017-09-22', '1013', '', '12000', '0', '0', '2', '3', '0', '0', '0000-00-00', NULL, NULL, '', '0', NULL),
('97', '13', '9', '2017-09-22', '5011', '', '43358554.96', '0', '0', NULL, NULL, '0', '0', '0000-00-00', NULL, NULL, '', '', NULL),
('98', '13', '9', '2017-09-22', '1021', '', '-43358554.96', '0', '0', NULL, NULL, '0', '0', '0000-00-00', NULL, NULL, '', '', NULL),
('101', '12', '3', '2017-09-22', '10123', '', '88000000', '0', '0', NULL, NULL, '0', '0', '2017-09-22', NULL, NULL, '', '', NULL),
('102', '12', '3', '2017-09-22', '1013', '', '-88000000', '0', '0', '2', '3', '0', '0', '2017-09-22', NULL, NULL, '', '0', NULL),
('103', '10', '8', '2017-09-23', '4011', '', '-1537000', '0', '0', NULL, NULL, '0', '0', NULL, NULL, NULL, '', '', NULL),
('104', '10', '8', '2017-09-23', '4011', '', '-49800', '0', '0', NULL, NULL, '0', '0', NULL, NULL, NULL, '', '', NULL),
('105', '10', '8', '2017-09-23', '1013', '', '1856556', '0', '0', '2', '1', '0', '0', NULL, NULL, NULL, '', '', NULL),
('106', '10', '8', '2017-09-23', '2013', '', '-269756', '0', '0', NULL, NULL, '0', '0', NULL, NULL, NULL, '', '', NULL),
('107', '12', '4', '2017-09-23', '10123', '', '1586800', '0', '0', NULL, NULL, '0', '0', NULL, NULL, NULL, '', '', NULL),
('108', '12', '4', '2017-09-23', '1013', '', '-1586800', '0', '0', '2', '3', '0', '0', NULL, NULL, NULL, '', '', NULL),
('109', '10', '9', '2017-09-23', '4011', '', '-1537000', '0', '0', NULL, NULL, '0', '0', NULL, NULL, NULL, '', '', NULL),
('110', '10', '9', '2017-09-23', '1013', '', '1536960', '0', '0', '2', '3', '0', '0', NULL, NULL, NULL, '', '', NULL),
('111', '10', '9', '2017-09-23', '4025', '', '40', '0', '0', NULL, NULL, '0', '0', NULL, NULL, NULL, '', '', NULL),
('112', '10', '10', '2017-09-24', '4011', '', '-49800', '0', '0', NULL, NULL, '0', '0', '0000-00-00', NULL, NULL, '', '0', NULL),
('113', '10', '10', '2017-09-24', '1013', '', '49800', '0', '0', '2', '3', '0', '0', '0000-00-00', NULL, NULL, '', '0', NULL),
('114', '10', '11', '2017-09-24', '4011', '', '-49800', '0', '0', NULL, NULL, '0', '0', '0000-00-00', NULL, NULL, '', '0', NULL),
('115', '10', '11', '2017-09-24', '1013', '', '49800', '0', '0', '2', '3', '0', '0', '0000-00-00', NULL, NULL, '', '0', NULL),
('116', '10', '12', '2017-09-25', '4011', '', '-49800', '0', '0', NULL, NULL, '0', '0', '0000-00-00', NULL, NULL, '', '0', NULL),
('117', '10', '12', '2017-09-25', '1013', '', '49800', '0', '0', '2', '3', '0', '0', '0000-00-00', NULL, NULL, '', '0', NULL),
('118', '10', '13', '2017-09-25', '4011', '', '-49800', '0', '0', NULL, NULL, '0', '0', '0000-00-00', NULL, NULL, '', '0', NULL),
('119', '10', '13', '2017-09-25', '1013', '', '49800', '0', '0', '2', '3', '0', '0', '0000-00-00', NULL, NULL, '', '0', NULL),
('120', '10', '14', '2017-09-25', '4011', '', '-49800', '0', '0', NULL, NULL, '0', '0', '0000-00-00', NULL, NULL, '', '0', NULL),
('121', '10', '14', '2017-09-25', '1013', '', '49800', '0', '0', '2', '3', '0', '0', '0000-00-00', NULL, NULL, '', '0', NULL),
('122', '10', '15', '2017-09-25', '4011', '', '-49800', '0', '0', NULL, NULL, '0', '0', '0000-00-00', NULL, NULL, '', '0', NULL),
('123', '10', '15', '2017-09-25', '1013', '', '49800', '0', '0', '2', '3', '0', '0', '0000-00-00', NULL, NULL, '', '0', NULL),
('124', '10', '16', '2017-09-25', '4011', '', '-49800', '0', '0', NULL, NULL, '0', '0', '0000-00-00', NULL, NULL, '', '0', NULL),
('125', '10', '16', '2017-09-25', '1013', '', '49800', '0', '0', '2', '3', '0', '0', '0000-00-00', NULL, NULL, '', '0', NULL),
('126', '10', '17', '2017-09-25', '4011', '', '-49800', '0', '0', NULL, NULL, '0', '0', '0000-00-00', NULL, NULL, '', '0', NULL),
('127', '10', '17', '2017-09-25', '1013', '', '49800', '0', '0', '2', '3', '0', '0', '0000-00-00', NULL, NULL, '', '0', NULL),
('128', '10', '18', '2017-09-25', '4011', '', '-49800', '0', '0', NULL, NULL, '0', '0', '0000-00-00', NULL, NULL, '', '0', NULL),
('129', '10', '18', '2017-09-25', '1013', '', '49800', '0', '0', '2', '3', '0', '0', '0000-00-00', NULL, NULL, '', '0', NULL),
('130', '13', '21', '2017-09-25', '5011', '', '21679277.48', '0', '0', NULL, NULL, '0', '0', '0000-00-00', NULL, NULL, '', '', NULL),
('131', '13', '21', '2017-09-25', '1021', '', '-21679277.48', '0', '0', NULL, NULL, '0', '0', '0000-00-00', NULL, NULL, '', '', NULL),
('132', '10', '19', '2017-09-25', '4011', '', '-1000', '0', '0', NULL, NULL, '0', '0', '0000-00-00', NULL, NULL, '', '0', NULL),
('133', '10', '19', '2017-09-25', '1013', '', '1000', '0', '0', '2', '3', '0', '0', '0000-00-00', NULL, NULL, '', '0', NULL),
('134', '13', '22', '2017-09-26', '5011', '', '43358554.96', '0', '0', NULL, NULL, '0', '0', '0000-00-00', NULL, NULL, '', '', NULL),
('135', '13', '22', '2017-09-26', '1021', '', '-43358554.96', '0', '0', NULL, NULL, '0', '0', '0000-00-00', NULL, NULL, '', '', NULL),
('136', '10', '20', '2017-09-26', '4011', '', '-49800', '0', '0', NULL, NULL, '0', '0', '0000-00-00', NULL, NULL, '', '0', NULL),
('137', '10', '20', '2017-09-26', '1013', '', '34820', '0', '0', '2', '3', '0', '0', '0000-00-00', NULL, NULL, '', '0', NULL),
('138', '10', '20', '2017-09-26', '4025', '', '14940', '0', '0', NULL, NULL, '0', '0', '0000-00-00', NULL, NULL, '', '0', NULL),
('139', '10', '20', '2017-09-26', '4025', '', '40', '0', '0', NULL, NULL, '0', '0', '0000-00-00', NULL, NULL, '', '0', NULL),
('140', '13', '24', '2017-09-26', '5011', '', '216792774.79', '0', '0', NULL, NULL, '0', '0', '0000-00-00', NULL, NULL, '', '', NULL),
('141', '13', '24', '2017-09-26', '1021', '', '-216792774.79', '0', '0', NULL, NULL, '0', '0', '0000-00-00', NULL, NULL, '', '', NULL),
('142', '10', '21', '2017-09-26', '4011', '', '-100000', '0', '0', NULL, NULL, '0', '0', '0000-00-00', NULL, NULL, '', '0', NULL),
('143', '10', '21', '2017-09-26', '1013', '', '-23400', '0', '0', '2', '2', '0', '0', '0000-00-00', NULL, NULL, '', '0', NULL),
('144', '10', '21', '2017-09-26', '4025', '', '120000', '0', '0', NULL, NULL, '0', '0', '0000-00-00', NULL, NULL, '', '0', NULL),
('145', '10', '21', '2017-09-26', '2013', '', '3400', '0', '0', NULL, NULL, '0', '0', '0000-00-00', NULL, NULL, '', '0', NULL),
('146', '13', '25', '2017-09-26', '5011', '', '216792774.79', '0', '0', NULL, NULL, '0', '0', '0000-00-00', NULL, NULL, '', '', NULL),
('147', '13', '25', '2017-09-26', '1021', '', '-216792774.79', '0', '0', NULL, NULL, '0', '0', '0000-00-00', NULL, NULL, '', '', NULL),
('148', '10', '22', '2017-09-26', '4011', '', '-10000', '0', '0', NULL, NULL, '0', '0', '0000-00-00', NULL, NULL, '', '0', NULL),
('149', '10', '22', '2017-09-26', '1013', '', '7722', '0', '0', '2', '2', '0', '0', '0000-00-00', NULL, NULL, '', '0', NULL),
('150', '10', '22', '2017-09-26', '4025', '', '3000', '0', '0', NULL, NULL, '0', '0', '0000-00-00', NULL, NULL, '', '0', NULL),
('151', '10', '22', '2017-09-26', '4025', '', '400', '0', '0', NULL, NULL, '0', '0', '0000-00-00', NULL, NULL, '', '0', NULL),
('152', '10', '22', '2017-09-26', '2013', '', '-1122', '0', '0', NULL, NULL, '0', '0', '0000-00-00', NULL, NULL, '', '0', NULL),
('153', '12', '5', '2017-09-26', '10123', '', '60000', '0', '0', NULL, NULL, '0', '0', NULL, NULL, NULL, '', '', NULL),
('154', '12', '5', '2017-09-26', '1013', '', '-68700', '0', '0', '2', '1', '0', '0', NULL, NULL, NULL, '', '', NULL),
('155', '12', '5', '2017-09-26', '1210', '', '2700', '0', '0', NULL, NULL, '0', '0', NULL, NULL, NULL, '', '', NULL),
('156', '12', '5', '2017-09-26', '1208', '', '6000', '0', '0', NULL, NULL, '0', '0', NULL, NULL, NULL, '', '', NULL),
('157', '10', '24', '2017-09-28', '4011', '', '-49800', '0', '0', NULL, NULL, '0', '0', '0000-00-00', NULL, NULL, '', '', NULL),
('158', '10', '24', '2017-09-28', '1013', '', '58266', '0', '0', '2', '5', '0', '0', '0000-00-00', NULL, NULL, '', '', NULL),
('159', '10', '24', '2017-09-28', '2013', '', '-8466', '0', '0', NULL, NULL, '0', '0', '0000-00-00', NULL, NULL, '', '', NULL),
('160', '10', '25', '2017-09-28', '4011', '', '-49800', '0', '0', NULL, NULL, '0', '0', '0000-00-00', NULL, NULL, '', '', NULL),
('161', '10', '25', '2017-09-28', '1013', '', '49800', '0', '0', '2', '6', '0', '0', '0000-00-00', NULL, NULL, '', '', NULL),
('162', '22', '2', '2017-09-28', '2011', '0', '347', '0', '0', '3', '1', '0', '0', '2017-10-18', NULL, NULL, '', '', NULL),
('163', '22', '2', '2017-09-28', '1210', '', '324', '0', '0', NULL, NULL, '0', '0', '0000-00-00', NULL, NULL, '', '', NULL),
('164', '22', '2', '2017-09-28', '1208', '', '576', '0', '0', NULL, NULL, '0', '0', '0000-00-00', NULL, NULL, '', '', NULL),
('165', '22', '2', '2017-09-28', '1206', '', '18', '0', '0', NULL, NULL, '0', '0', '0000-00-00', NULL, NULL, '', '', NULL),
('166', '22', '2', '2017-09-28', '1209', '', '2', '0', '0', NULL, NULL, '0', '0', '0000-00-00', NULL, NULL, '', '', NULL),
('167', '22', '2', '2017-09-28', '10121', '', '-347', '0', '0', NULL, NULL, '0', '0', '2017-10-18', NULL, NULL, '', '', NULL),
('168', '22', '2', '2017-09-28', '4023', '', '-920', '0', '0', NULL, NULL, '0', '0', '2017-10-18', NULL, NULL, '', '', NULL),
('169', '1', '3', '2017-09-28', '2011', '', '10000', '0', '0', '3', '2', '0', '0', '2017-09-28', NULL, NULL, '', '0', NULL),
('170', '1', '3', '2017-09-28', '10123', '', '-10000', '0', '0', NULL, NULL, '0', '0', '2017-09-28', NULL, NULL, '', '0', NULL),
('171', '20', '4', '2017-09-28', '2014', '', '119', '0', '0', NULL, NULL, '0', '0', '0000-00-00', NULL, NULL, '', '0', NULL),
('172', '20', '4', '2017-09-28', '2011', '', '-819', '0', '0', '3', '2', '0', '0', '0000-00-00', NULL, NULL, '', '0', NULL),
('173', '20', '4', '2017-09-28', '5011', '', '300', '0', '0', NULL, NULL, '0', '0', '0000-00-00', NULL, NULL, '', '0', NULL),
('174', '20', '4', '2017-09-28', '1021', '', '400', '0', '0', NULL, NULL, '0', '0', '0000-00-00', NULL, NULL, '', '0', NULL),
('175', '22', '3', '2017-09-28', '2011', '0', '253.5', '0', '0', '3', '1', '0', '0', '2017-10-18', NULL, NULL, '', '', NULL),
('176', '22', '3', '2017-09-28', '1210', '', '351', '0', '0', NULL, NULL, '0', '0', '0000-00-00', NULL, NULL, '', '', NULL),
('177', '22', '3', '2017-09-28', '1208', '', '432', '0', '0', NULL, NULL, '0', '0', '0000-00-00', NULL, NULL, '', '', NULL),
('178', '22', '3', '2017-09-28', '1206', '', '18', '0', '0', NULL, NULL, '0', '0', '0000-00-00', NULL, NULL, '', '', NULL),
('179', '22', '3', '2017-09-28', '1209', '', '2', '0', '0', NULL, NULL, '0', '0', '0000-00-00', NULL, NULL, '', '', NULL),
('180', '22', '3', '2017-09-28', '10121', '', '-253.5', '0', '0', NULL, NULL, '0', '0', '2017-10-18', NULL, NULL, '', '', NULL),
('181', '22', '3', '2017-09-28', '4023', '', '-803', '0', '0', NULL, NULL, '0', '0', '2017-10-18', NULL, NULL, '', '', NULL),
('182', '22', '4', '2017-09-28', '2011', '0', '172', '0', '0', '3', '1', '0', '0', '2017-10-18', '5', '6', '7', '445', NULL),
('183', '22', '4', '2017-09-28', '1210', '', '162', '0', '0', NULL, NULL, '445', '0', '0020-00-05', '7', NULL, '', '6', NULL),
('184', '22', '4', '2017-09-28', '1208', '', '288', '0', '0', NULL, NULL, '445', '0', '0020-00-05', '7', NULL, '', '6', NULL),
('185', '22', '4', '2017-09-28', '1206', '', '18', '0', '0', NULL, NULL, '445', '0', '0020-00-05', '7', NULL, '', '6', NULL),
('186', '22', '4', '2017-09-28', '1209', '', '2', '0', '0', NULL, NULL, '0', '0', '0000-00-00', NULL, NULL, '', '', NULL),
('187', '22', '4', '2017-09-28', '10121', '', '-172', '0', '0', NULL, NULL, '0', '0', '2017-10-18', '5', '6', '7', '445', NULL),
('188', '22', '4', '2017-09-28', '4023', '', '-470', '0', '0', NULL, NULL, '0', '0', '2017-10-18', '5', '6', '7', '445', NULL),
('189', '22', '5', '2017-09-28', '2011', '0', '397', '0', '0', '3', '1', '0', '0', '2017-10-18', NULL, NULL, '', '', NULL),
('190', '22', '5', '2017-09-28', '1210', '', '324', '0', '0', NULL, NULL, '0', '0', '0000-00-00', NULL, NULL, '', '', NULL),
('191', '22', '5', '2017-09-28', '1208', '', '576', '0', '0', NULL, NULL, '0', '0', '0000-00-00', NULL, NULL, '', '', NULL),
('192', '22', '5', '2017-09-28', '1206', '', '18', '0', '0', NULL, NULL, '0', '0', '0000-00-00', NULL, NULL, '', '', NULL),
('193', '22', '5', '2017-09-28', '1209', '', '2', '0', '0', NULL, NULL, '0', '0', '0000-00-00', NULL, NULL, '', '', NULL),
('194', '22', '5', '2017-09-28', '10121', '', '-397', '0', '0', NULL, NULL, '0', '0', '2017-10-18', NULL, NULL, '', '', NULL),
('195', '22', '5', '2017-09-28', '4023', '', '-920', '0', '0', NULL, NULL, '0', '0', '2017-10-18', NULL, NULL, '', '', NULL),
('196', '22', '6', '2017-09-28', '2011', '0', '82.5', '0', '0', '3', '1', '0', '0', '2017-10-18', NULL, NULL, '', '', NULL),
('197', '22', '6', '2017-09-28', '1210', '', '81', '0', '0', NULL, NULL, '0', '0', '0000-00-00', NULL, NULL, '', '', NULL),
('198', '22', '6', '2017-09-28', '1208', '', '180', '0', '0', NULL, NULL, '0', '0', '0000-00-00', NULL, NULL, '', '', NULL),
('199', '22', '6', '2017-09-28', '1206', '', '18', '0', '0', NULL, NULL, '0', '0', '0000-00-00', NULL, NULL, '', '', NULL),
('200', '22', '6', '2017-09-28', '1209', '', '2', '0', '0', NULL, NULL, '0', '0', '0000-00-00', NULL, NULL, '', '', NULL),
('201', '22', '6', '2017-09-28', '10121', '', '-100', '0', '0', NULL, NULL, '0', '0', '2017-10-18', NULL, NULL, '', '0', NULL),
('202', '22', '6', '2017-09-28', '4023', '', '-263.5', '0', '0', NULL, NULL, '0', '0', '2017-10-18', NULL, NULL, '', '', NULL),
('207', '22', '7', '2017-09-28', '2011', '0', '84.5', '0', '0', '3', '1', '0', '0', '2017-10-18', NULL, NULL, '', '', NULL),
('208', '22', '7', '2017-09-28', '1210', '', '81', '0', '0', NULL, NULL, '0', '0', '0000-00-00', NULL, NULL, '', '', NULL),
('209', '22', '7', '2017-09-28', '1208', '', '144', '0', '0', NULL, NULL, '0', '0', '0000-00-00', NULL, NULL, '', '', NULL),
('210', '22', '7', '2017-09-28', '1206', '', '18', '0', '0', NULL, NULL, '0', '0', '0000-00-00', NULL, NULL, '', '', NULL),
('211', '22', '7', '2017-09-28', '1209', '', '2', '0', '0', NULL, NULL, '0', '0', '0000-00-00', NULL, NULL, '', '', NULL),
('212', '22', '7', '2017-09-28', '10121', '', '-84.5', '0', '0', NULL, NULL, '0', '0', '2017-10-18', NULL, NULL, '', '', NULL),
('213', '22', '7', '2017-09-28', '4023', '', '-245', '0', '0', NULL, NULL, '0', '0', '2017-10-18', NULL, NULL, '', '', NULL),
('214', '22', '8', '2017-09-28', '2011', '0', '121.25', '0', '0', '3', '1', '0', '0', '2017-10-18', NULL, NULL, '', '', NULL),
('215', '22', '8', '2017-09-28', '1210', '', '115.02', '0', '0', NULL, NULL, '0', '0', '0000-00-00', NULL, NULL, '', '', NULL),
('216', '22', '8', '2017-09-28', '1208', '', '204.48', '0', '0', NULL, NULL, '0', '0', '0000-00-00', NULL, NULL, '', '', NULL),
('217', '22', '8', '2017-09-28', '1206', '', '18', '0', '0', NULL, NULL, '0', '0', '0000-00-00', NULL, NULL, '', '', NULL),
('218', '22', '8', '2017-09-28', '1209', '', '2', '0', '0', NULL, NULL, '0', '0', '0000-00-00', NULL, NULL, '', '', NULL),
('219', '22', '8', '2017-09-28', '10121', '', '-142', '0', '0', NULL, NULL, '0', '0', '2017-10-18', NULL, NULL, '', '', NULL),
('220', '22', '8', '2017-09-28', '4023', '', '-318.75', '0', '0', NULL, NULL, '0', '0', '2017-10-18', NULL, NULL, '', '', NULL),
('223', '12', '6', '2017-09-28', '10111', '', '100', '0', '0', NULL, NULL, '0', '0', '0000-00-00', NULL, NULL, '', '', NULL),
('224', '12', '6', '2017-09-28', '1013', '', '-120', '0', '0', '2', '5', '0', '0', '0000-00-00', NULL, NULL, '', '', NULL),
('225', '12', '6', '2017-09-28', '1210', '', '5.4', '0', '0', NULL, NULL, '0', '0', '0000-00-00', NULL, NULL, '', '', NULL),
('226', '12', '6', '2017-09-28', '1208', '', '9.6', '0', '0', NULL, NULL, '0', '0', '0000-00-00', NULL, NULL, '', '', NULL),
('227', '12', '6', '2017-09-28', '1206', '', '1', '0', '0', NULL, NULL, '0', '0', '0000-00-00', NULL, NULL, '', '', NULL),
('228', '12', '6', '2017-09-28', '1209', '', '4', '0', '0', NULL, NULL, '0', '0', '0000-00-00', NULL, NULL, '', '', NULL),
('229', '1', '4', '2017-09-28', '5011', '', '12354', '0', '0', NULL, NULL, '456', '0', '2017-09-29', NULL, NULL, '', '0', NULL),
('230', '1', '4', '2017-09-28', '10123', '', '-12354', '0', '0', NULL, NULL, '456', '0', '2017-09-29', NULL, NULL, '', '0', NULL),
('231', '12', '7', '2017-09-28', '10111', '', '341.5', '0', '0', NULL, NULL, '0', '0', '0000-00-00', NULL, NULL, '', '', NULL),
('232', '12', '7', '2017-09-28', '1013', '', '-450', '0', '0', '2', '5', '0', '0', '0000-00-00', NULL, NULL, '', '', NULL),
('233', '12', '7', '2017-09-28', '1013', '', '4.5', '0', '0', '2', '5', '0', '0', '0000-00-00', NULL, NULL, '', '', NULL),
('234', '12', '7', '2017-09-28', '1013', '', '90', '0', '0', '2', '5', '0', '0', '0000-00-00', NULL, NULL, '', '', NULL),
('235', '12', '7', '2017-09-28', '1013', '', '12', '0', '0', '2', '5', '0', '0', '0000-00-00', NULL, NULL, '', '', NULL),
('236', '12', '7', '2017-09-28', '1013', '', '2', '0', '0', '2', '5', '0', '0', '0000-00-00', NULL, NULL, '', '', NULL),
('237', '22', '9', '2017-09-28', '2011', '0', '155', '0', '0', '3', '1', '0', '0', '2017-09-28', NULL, NULL, '', '0', NULL),
('238', '22', '9', '2017-09-28', '1013', '', '56', '0', '0', NULL, NULL, '0', '0', '0000-00-00', NULL, NULL, '', '', NULL),
('239', '22', '9', '2017-09-28', '1015', '', '1120', '0', '0', NULL, NULL, '0', '0', '0000-00-00', NULL, NULL, '', '', NULL),
('240', '22', '9', '2017-09-28', '1017', '', '28', '0', '0', NULL, NULL, '0', '0', '0000-00-00', NULL, NULL, '', '', NULL),
('241', '22', '9', '2017-09-28', '5041', '', '56', '0', '0', NULL, NULL, '0', '0', '0000-00-00', NULL, NULL, '', '', NULL),
('242', '22', '9', '2017-09-28', '10121', '', '-200', '0', '0', NULL, NULL, '0', '0', '2017-09-28', NULL, NULL, '', '0', NULL),
('243', '22', '9', '2017-09-28', '4023', '', '-1215', '0', '0', NULL, NULL, '0', '0', '2017-09-28', NULL, NULL, '', '0', NULL),
('244', '22', '10', '2017-09-28', '2011', '', '351.5', '0', '0', '3', '1', '0', '0', '0000-00-00', NULL, NULL, '', '0', NULL),
('245', '22', '10', '2017-09-28', '1013', '', '4.5', '0', '0', NULL, NULL, '0', '0', '0000-00-00', NULL, NULL, '', '', NULL),
('246', '22', '10', '2017-09-28', '1015', '', '90', '0', '0', NULL, NULL, '0', '0', '0000-00-00', NULL, NULL, '', '', NULL),
('247', '22', '10', '2017-09-28', '1017', '', '1', '0', '0', NULL, NULL, '0', '0', '0000-00-00', NULL, NULL, '', '', NULL),
('248', '22', '10', '2017-09-28', '5041', '', '3', '0', '0', NULL, NULL, '0', '0', '0000-00-00', NULL, NULL, '', '', NULL),
('249', '22', '10', '2017-09-28', '10121', '', '-450', '0', '0', NULL, NULL, '0', '0', '0000-00-00', NULL, NULL, '', '', NULL),
('250', '22', '11', '2017-09-28', '2011', '', '247.8', '0', '0', '3', '1', '0', '0', '0000-00-00', NULL, NULL, '', '0', NULL),
('251', '22', '11', '2017-09-28', '1013', '', '3.2', '0', '0', NULL, NULL, '0', '0', '0000-00-00', NULL, NULL, '', '', NULL),
('252', '22', '11', '2017-09-28', '1015', '', '64', '0', '0', NULL, NULL, '0', '0', '0000-00-00', NULL, NULL, '', '', NULL),
('253', '22', '11', '2017-09-28', '1017', '', '2', '0', '0', NULL, NULL, '0', '0', '0000-00-00', NULL, NULL, '', '', NULL),
('254', '22', '11', '2017-09-28', '5041', '', '3', '0', '0', NULL, NULL, '0', '0', '0000-00-00', NULL, NULL, '', '', NULL),
('255', '22', '11', '2017-09-28', '10121', '', '-320', '0', '0', NULL, NULL, '0', '0', '0000-00-00', NULL, NULL, '', '', NULL),
('256', '12', '8', '2017-09-28', '10123', '', '392', '0', '0', NULL, NULL, '0', '0', '0000-00-00', NULL, NULL, '', '', NULL),
('257', '12', '8', '2017-09-28', '1013', '', '-500', '0', '0', '2', '5', '0', '0', '0000-00-00', NULL, NULL, '', '', NULL),
('258', '12', '8', '2017-09-28', '1013', '', '5', '0', '0', '2', '5', '0', '0', '0000-00-00', NULL, NULL, '', '', NULL),
('259', '12', '8', '2017-09-28', '1013', '', '100', '0', '0', '2', '5', '0', '0', '0000-00-00', NULL, NULL, '', '', NULL),
('260', '12', '8', '2017-09-28', '1013', '', '1', '0', '0', '2', '5', '0', '0', '0000-00-00', NULL, NULL, '', '', NULL),
('261', '12', '8', '2017-09-28', '1013', '', '2', '0', '0', '2', '5', '0', '0', '0000-00-00', NULL, NULL, '', '', NULL),
('262', '10', '26', '2017-09-29', '4011', '', '-49800', '0', '0', NULL, NULL, '0', '0', '0000-00-00', NULL, NULL, '', '0', NULL),
('263', '10', '26', '2017-09-29', '1013', '', '58266', '0', '0', '2', '5', '0', '0', '0000-00-00', NULL, NULL, '', '0', NULL),
('264', '10', '26', '2017-09-29', '2013', '', '-8466', '0', '0', NULL, NULL, '0', '0', '0000-00-00', NULL, NULL, '', '0', NULL),
('265', '10', '27', '2017-09-29', '4011', '', '-2739000', '0', '0', NULL, NULL, '0', '0', '0000-00-00', NULL, NULL, '', '0', NULL),
('266', '10', '27', '2017-09-29', '1013', '', '3204630', '0', '0', '2', '5', '0', '0', '0000-00-00', NULL, NULL, '', '0', NULL),
('267', '10', '27', '2017-09-29', '2013', '', '-465630', '0', '0', NULL, NULL, '0', '0', '0000-00-00', NULL, NULL, '', '0', NULL),
('268', '13', '34', '2017-09-29', '5011', '', '14436472919.93', '0', '0', NULL, NULL, '0', '0', '0000-00-00', NULL, NULL, '', '', NULL),
('269', '13', '34', '2017-09-29', '1021', '', '-14436472919.93', '0', '0', NULL, NULL, '0', '0', '0000-00-00', NULL, NULL, '', '', NULL),
('270', '10', '29', '2017-09-29', '4011', '', '-27639000', '0', '0', NULL, NULL, '0', '0', '0000-00-00', NULL, NULL, '', '0', NULL),
('271', '10', '29', '2017-09-29', '1013', '', '32337630', '0', '0', '2', '5', '0', '0', '0000-00-00', NULL, NULL, '', '0', NULL),
('272', '10', '29', '2017-09-29', '2013', '', '-4698630', '0', '0', NULL, NULL, '0', '0', '0000-00-00', NULL, NULL, '', '0', NULL),
('273', '20', '5', '2017-09-29', '2014', '', '51', '0', '0', NULL, NULL, '0', '0', '0000-00-00', NULL, NULL, '', '', NULL),
('274', '20', '5', '2017-09-29', '2011', '', '-351', '0', '0', '3', '2', '0', '0', '0000-00-00', NULL, NULL, '', '', NULL),
('275', '20', '5', '2017-09-29', '5011', '', '300', '0', '0', NULL, NULL, '0', '0', '0000-00-00', NULL, NULL, '', '', NULL),
('276', '20', '6', '2017-09-29', '2014', '', '5100', '0', '0', NULL, NULL, '0', '0', '0000-00-00', NULL, NULL, '', '', NULL),
('277', '20', '6', '2017-09-29', '2011', '', '-35100', '0', '0', '3', '2', '0', '0', '0000-00-00', NULL, NULL, '', '', NULL),
('278', '20', '6', '2017-09-29', '5011', '', '30000', '0', '0', NULL, NULL, '0', '0', '0000-00-00', NULL, NULL, '', '', NULL),
('279', '20', '7', '2017-09-29', '2014', '', '510', '0', '0', NULL, NULL, '0', '0', '0000-00-00', NULL, NULL, '', '', NULL),
('280', '20', '7', '2017-09-29', '2011', '', '-3510', '0', '0', '3', '2', '0', '0', '0000-00-00', NULL, NULL, '', '', NULL),
('281', '20', '7', '2017-09-29', '5011', '', '3000', '0', '0', NULL, NULL, '0', '0', '0000-00-00', NULL, NULL, '', '', NULL),
('282', '20', '8', '2017-09-30', '2014', '', '4590', '0', '0', NULL, NULL, '0', '0', '0000-00-00', NULL, NULL, '', '', NULL),
('283', '20', '8', '2017-09-30', '2011', '', '-31590', '0', '0', '3', '2', '0', '0', '0000-00-00', NULL, NULL, '', '', NULL),
('284', '20', '8', '2017-09-30', '5011', '', '27000', '0', '0', NULL, NULL, '0', '0', '0000-00-00', NULL, NULL, '', '', NULL),
('285', '21', '1', '2017-09-30', '2014', '', '-51', '0', '0', NULL, NULL, '0', '0', '0000-00-00', NULL, NULL, '', '', NULL),
('286', '21', '1', '2017-09-30', '2011', '', '351', '0', '0', '3', '2', '0', '0', '0000-00-00', NULL, NULL, '', '', NULL),
('287', '21', '1', '2017-09-30', '5011', '', '-300', '0', '0', NULL, NULL, '0', '0', '0000-00-00', NULL, NULL, '', '', NULL),
('288', '11', '1', '2017-09-30', '4011', '', '49800', '0', '0', NULL, NULL, '0', '0', '0000-00-00', NULL, NULL, '', '0', NULL),
('289', '11', '1', '2017-09-30', '4025', '', '-14940', '0', '0', NULL, NULL, '0', '0', '0000-00-00', NULL, NULL, '', '0', NULL),
('290', '11', '1', '2017-09-30', '1013', '', '-40786.2', '0', '0', '2', '2', '0', '0', '0000-00-00', NULL, NULL, '', '0', NULL),
('291', '11', '1', '2017-09-30', '2013', '', '5926.2', '0', '0', NULL, NULL, '0', '0', '0000-00-00', NULL, NULL, '', '0', NULL),
('292', '11', '2', '2017-09-30', '4011', '', '149400', '0', '0', NULL, NULL, '0', '0', '0000-00-00', NULL, NULL, '', '0', NULL),
('293', '11', '2', '2017-09-30', '4025', '', '-44820', '0', '0', NULL, NULL, '0', '0', '0000-00-00', NULL, NULL, '', '0', NULL),
('294', '11', '2', '2017-09-30', '1013', '', '-122358.6', '0', '0', '2', '2', '0', '0', '0000-00-00', NULL, NULL, '', '0', NULL),
('295', '11', '2', '2017-09-30', '2013', '', '17778.6', '0', '0', NULL, NULL, '0', '0', '0000-00-00', NULL, NULL, '', '0', NULL),
('296', '11', '3', '2017-09-30', '4011', '', '99600', '0', '0', NULL, NULL, '0', '0', '0000-00-00', NULL, NULL, '', '0', NULL),
('297', '11', '3', '2017-09-30', '4025', '', '-29880', '0', '0', NULL, NULL, '0', '0', '0000-00-00', NULL, NULL, '', '0', NULL),
('298', '11', '3', '2017-09-30', '1013', '', '-81572.4', '0', '0', '2', '2', '0', '0', '0000-00-00', NULL, NULL, '', '0', NULL),
('299', '11', '3', '2017-09-30', '2013', '', '11852.4', '0', '0', NULL, NULL, '0', '0', '0000-00-00', NULL, NULL, '', '0', NULL),
('300', '10', '30', '2017-09-30', '4011', '', '-498000', '0', '0', NULL, NULL, '0', '0', '0000-00-00', NULL, NULL, '', '0', NULL),
('301', '10', '30', '2017-09-30', '1013', '', '407862', '0', '0', '2', '2', '0', '0', '0000-00-00', NULL, NULL, '', '0', NULL),
('302', '10', '30', '2017-09-30', '4025', '', '149400', '0', '0', NULL, NULL, '0', '0', '0000-00-00', NULL, NULL, '', '0', NULL),
('303', '10', '30', '2017-09-30', '2013', '', '-59262', '0', '0', NULL, NULL, '0', '0', '0000-00-00', NULL, NULL, '', '0', NULL),
('304', '17', '2', '2017-09-30', '5014', '', '-4335277153.13', '0', '0', NULL, NULL, '0', '0', '0000-00-00', NULL, NULL, '', '', NULL),
('305', '17', '2', '2017-09-30', '1021', '', '4335277153.13', '0', '0', NULL, NULL, '0', '0', '0000-00-00', NULL, NULL, '', '', NULL),
('306', '17', '3', '2017-09-30', '5014', '', '-4335277153.13', '0', '0', NULL, NULL, '0', '0', '0000-00-00', NULL, NULL, '', '', NULL),
('307', '17', '3', '2017-09-30', '1021', '', '4335277153.13', '0', '0', NULL, NULL, '0', '0', '0000-00-00', NULL, NULL, '', '', NULL),
('308', '10', '31', '2017-09-30', '4011', '', '-498000', '0', '0', NULL, NULL, '0', '0', '0000-00-00', NULL, NULL, '', '0', NULL),
('309', '10', '31', '2017-09-30', '1013', '', '407862', '0', '0', '2', '2', '0', '0', '0000-00-00', NULL, NULL, '', '0', NULL),
('310', '10', '31', '2017-09-30', '4025', '', '149400', '0', '0', NULL, NULL, '0', '0', '0000-00-00', NULL, NULL, '', '0', NULL),
('311', '10', '31', '2017-09-30', '2013', '', '-59262', '0', '0', NULL, NULL, '0', '0', '0000-00-00', NULL, NULL, '', '0', NULL),
('312', '11', '4', '2017-09-30', '4011', '', '498000', '0', '0', NULL, NULL, '0', '0', '0000-00-00', NULL, NULL, '', '0', NULL),
('313', '11', '4', '2017-09-30', '4025', '', '-149400', '0', '0', NULL, NULL, '0', '0', '0000-00-00', NULL, NULL, '', '0', NULL),
('314', '11', '4', '2017-09-30', '1013', '', '-407862', '0', '0', '2', '2', '0', '0', '0000-00-00', NULL, NULL, '', '0', NULL),
('315', '11', '4', '2017-09-30', '2013', '', '59262', '0', '0', NULL, NULL, '0', '0', '0000-00-00', NULL, NULL, '', '0', NULL),
('316', '20', '9', '2017-09-30', '2014', '', '5100', '0', '0', NULL, NULL, '0', '0', '0000-00-00', NULL, NULL, '', '', NULL),
('317', '20', '9', '2017-09-30', '2011', '', '-35100', '0', '0', '3', '2', '0', '0', '0000-00-00', NULL, NULL, '', '', NULL),
('318', '20', '9', '2017-09-30', '5011', '', '30000', '0', '0', NULL, NULL, '0', '0', '0000-00-00', NULL, NULL, '', '', NULL),
('319', '21', '2', '2017-09-30', '2014', '', '-5100', '0', '0', NULL, NULL, '0', '0', '0000-00-00', NULL, NULL, '', '', NULL),
('320', '21', '2', '2017-09-30', '2011', '', '35100', '0', '0', '3', '2', '0', '0', '0000-00-00', NULL, NULL, '', '', NULL),
('321', '21', '2', '2017-09-30', '5011', '', '-30000', '0', '0', NULL, NULL, '0', '0', '0000-00-00', NULL, NULL, '', '', NULL),
('322', '21', '3', '2017-09-30', '2014', '', '-5100', '0', '0', NULL, NULL, '0', '0', '0000-00-00', NULL, NULL, '', '', NULL),
('323', '21', '3', '2017-09-30', '2011', '', '35100', '0', '0', '3', '2', '0', '0', '0000-00-00', NULL, NULL, '', '', NULL),
('324', '21', '3', '2017-09-30', '5011', '', '-30000', '0', '0', NULL, NULL, '0', '0', '0000-00-00', NULL, NULL, '', '', NULL),
('325', '21', '4', '2017-09-30', '2014', '', '-5100', '0', '0', NULL, NULL, '0', '0', '0000-00-00', NULL, NULL, '', '', NULL),
('326', '21', '4', '2017-09-30', '2011', '', '35100', '0', '0', '3', '2', '0', '0', '0000-00-00', NULL, NULL, '', '', NULL),
('327', '21', '4', '2017-09-30', '5011', '', '-30000', '0', '0', NULL, NULL, '0', '0', '0000-00-00', NULL, NULL, '', '', NULL),
('328', '22', '12', '2017-10-02', '2011', '', '346.5', '0', '0', '3', '1', '0', '0', '0000-00-00', NULL, NULL, '', '0', NULL),
('329', '22', '12', '2017-10-02', '1013', '', '4.5', '0', '0', NULL, NULL, '0', '0', '0000-00-00', NULL, NULL, '', '', NULL),
('330', '22', '12', '2017-10-02', '1015', '', '90', '0', '0', NULL, NULL, '0', '0', '0000-00-00', NULL, NULL, '', '', NULL),
('331', '22', '12', '2017-10-02', '1017', '', '4', '0', '0', NULL, NULL, '0', '0', '0000-00-00', NULL, NULL, '', '', NULL),
('332', '22', '12', '2017-10-02', '5041', '', '5', '0', '0', NULL, NULL, '0', '0', '0000-00-00', NULL, NULL, '', '', NULL),
('333', '22', '12', '2017-10-02', '10121', '', '-450', '0', '0', NULL, NULL, '0', '0', '0000-00-00', NULL, NULL, '', '', NULL),
('334', '22', '13', '2017-10-02', '2011', '', '447', '0', '0', '3', '1', '0', '0', '0000-00-00', NULL, NULL, '', '0', NULL),
('335', '22', '13', '2017-10-02', '1013', '', '4.5', '0', '0', NULL, NULL, '0', '0', '0000-00-00', NULL, NULL, '', '', NULL),
('336', '22', '13', '2017-10-02', '1015', '', '90', '0', '0', NULL, NULL, '0', '0', '0000-00-00', NULL, NULL, '', '', NULL),
('337', '22', '13', '2017-10-02', '1017', '', '1', '0', '0', NULL, NULL, '0', '0', '0000-00-00', NULL, NULL, '', '', NULL),
('338', '22', '13', '2017-10-02', '5041', '', '2', '0', '0', NULL, NULL, '0', '0', '0000-00-00', NULL, NULL, '', '', NULL),
('339', '22', '13', '2017-10-02', '10121', '', '-544.5', '0', '0', NULL, NULL, '0', '0', '0000-00-00', NULL, NULL, '', '', NULL),
('340', '22', '14', '2017-10-02', '2011', '0', '313', '0', '0', '3', '1', '785', '0', '2017-10-02', '7', '8', '6', '0', NULL),
('341', '22', '14', '2017-10-02', '1013', '', '3140', '0', '0', NULL, NULL, '2', '0', '0020-00-07', '6', NULL, '', '8', NULL),
('342', '22', '14', '2017-10-02', '1015', '', '80', '0', '0', NULL, NULL, '785', '0', '2017-10-02', '7', '8', '6', '785', NULL),
('343', '22', '14', '2017-10-02', '1017', '', '1', '0', '0', NULL, NULL, '785', '0', '2017-10-02', '7', '8', '6', '785', NULL),
('344', '22', '14', '2017-10-02', '5041', '', '2', '0', '0', NULL, NULL, '785', '0', '2017-10-02', '7', '8', '6', '785', NULL),
('345', '22', '14', '2017-10-02', '10121', '', '-400', '0', '0', NULL, NULL, '785', '0', '2017-10-02', '7', '8', '6', '785', NULL),
('346', '22', '14', '2017-10-02', '4023', '', '-3136', '0', '0', NULL, NULL, '785', '0', '2017-10-02', '7', '8', '6', '785', NULL),
('347', '22', '15', '2017-10-02', '2011', '0', '326.8', '0', '0', '3', '1', '123', '0', '2017-10-02', '1', '2', '3', '0', NULL),
('348', '22', '15', '2017-10-02', '1013', '', '4.2', '0', '0', NULL, NULL, '123', '0', '2017-10-02', '1', '2', '3', '123', NULL),
('349', '22', '15', '2017-10-02', '1015', '', '84', '0', '0', NULL, NULL, '123', '0', '2017-10-02', '1', '2', '3', '123', NULL),
('350', '22', '15', '2017-10-02', '1017', '', '2', '0', '0', NULL, NULL, '123', '0', '2017-10-02', '1', '2', '3', '123', NULL),
('351', '22', '15', '2017-10-02', '5041', '', '3', '0', '0', NULL, NULL, '123', '0', '2017-10-02', '1', '2', '3', '123', NULL),
('352', '22', '15', '2017-10-02', '10121', '', '-420', '0', '0', NULL, NULL, '123', '0', '2017-10-02', '1', '2', '3', '123', NULL),
('353', '1', '5', '2017-10-02', '5011', '', '420', '0', '0', NULL, NULL, '752', '0', '2017-10-02', '1', '2', '3', '0', NULL),
('354', '1', '5', '2017-10-02', '10123', '', '-420', '0', '0', NULL, NULL, '752', '0', '2017-10-02', '1', '2', '3', '0', NULL),
('355', '2', '1', '2017-10-02', '4011', '', '-150', '0', '0', NULL, NULL, '885', '0', '2017-10-02', '1', '8', '5', '0', NULL),
('356', '2', '1', '2017-10-02', '10123', '', '150', '0', '0', NULL, NULL, '885', '0', '2017-10-02', '1', '8', '5', '0', NULL),
('357', '41', '1', '2017-10-02', '5011', '', '450', '0', '0', NULL, NULL, '0', '0', '0000-00-00', '1', '2', '1', '0', NULL),
('358', '41', '1', '2017-10-02', '10111', '', '-450', '0', '0', NULL, NULL, '0', '0', '0000-00-00', '1', '2', '1', '0', NULL),
('359', '12', '9', '2017-10-02', '10123', '', '392', '0', '0', NULL, NULL, '0', '0', '2017-10-02', '1', '2', '3', '111', NULL),
('360', '12', '9', '2017-10-02', '1013', '', '-500', '0', '0', '2', '5', '0', '0', '0000-00-00', NULL, NULL, '', '', NULL),
('361', '12', '9', '2017-10-02', '1013', '', '5', '0', '0', '2', '5', '0', '0', '0000-00-00', NULL, NULL, '', '', NULL),
('362', '12', '9', '2017-10-02', '1013', '', '100', '0', '0', '2', '5', '0', '0', '0000-00-00', NULL, NULL, '', '', NULL),
('363', '12', '9', '2017-10-02', '1013', '', '1', '0', '0', '2', '5', '0', '0', '0000-00-00', NULL, NULL, '', '', NULL),
('364', '12', '9', '2017-10-02', '1013', '', '2', '0', '0', '2', '5', '0', '0', '0000-00-00', NULL, NULL, '', '', NULL),
('365', '12', '10', '2017-10-02', '10123', '', '91.8', '0', '0', NULL, NULL, '0', '0', '2017-10-02', '1', '2', '3', '222', NULL),
('366', '12', '10', '2017-10-02', '1013', '', '-120', '0', '0', '2', '5', '222', '0', '2017-10-02', '1', '2', '3', '0', NULL),
('367', '12', '10', '2017-10-02', '1013', '', '1.2', '0', '0', '2', '5', '222', '0', '2017-10-02', '1', '2', '3', '0', NULL),
('368', '12', '10', '2017-10-02', '1013', '', '24', '0', '0', '2', '5', '222', '0', '2017-10-02', '1', '2', '3', '0', NULL),
('369', '12', '10', '2017-10-02', '1013', '', '1', '0', '0', '2', '5', '222', '0', '2017-10-02', '1', '2', '3', '0', NULL),
('370', '12', '10', '2017-10-02', '1013', '', '2', '0', '0', '2', '5', '222', '0', '2017-10-02', '1', '2', '3', '0', NULL),
('371', '12', '10', '2017-10-02', '4023', '', '0', '0', '0', NULL, NULL, '0', '0', '2017-10-02', '1', '2', '3', '222', NULL),
('372', '22', '16', '2017-10-02', '2011', '0', '328.8', '0', '0', '3', '1', '21', '0', '2017-10-02', '22', '33', '44', '0', NULL),
('373', '22', '16', '2017-10-02', '1013', '', '4.2', '0', '0', NULL, NULL, '21', '0', '2017-10-02', '22', '33', '44', '21', NULL),
('374', '22', '16', '2017-10-02', '1015', '', '84', '0', '0', NULL, NULL, '21', '0', '2017-10-02', '22', '33', '44', '21', NULL),
('375', '22', '16', '2017-10-02', '1017', '', '1', '0', '0', NULL, NULL, '21', '0', '2017-10-02', '22', '33', '44', '21', NULL),
('376', '22', '16', '2017-10-02', '5041', '', '2', '0', '0', NULL, NULL, '21', '0', '2017-10-02', '22', '33', '44', '21', NULL),
('377', '22', '16', '2017-10-02', '10121', '', '-420', '0', '0', NULL, NULL, '21', '0', '2017-10-02', '22', '33', '44', '21', NULL),
('378', '1', '6', '2017-10-02', '5011', '', '450', '0', '0', NULL, NULL, '2234', '0', '2017-10-02', '2', '3', '4', '0', NULL),
('379', '1', '6', '2017-10-02', '10123', '', '-450', '0', '0', NULL, NULL, '2234', '0', '2017-10-02', '2', '3', '4', '0', NULL),
('380', '22', '17', '2017-10-02', '2011', '0', '328.8', '0', '0', '3', '1', '755', '0', '2017-10-02', '1', '4', '5', '0', NULL),
('381', '22', '17', '2017-10-02', '1013', '', '4.2', '0', '0', NULL, NULL, '755', '0', '2017-10-02', '1', '4', '5', '755', NULL),
('382', '22', '17', '2017-10-02', '1015', '', '84', '0', '0', NULL, NULL, '755', '0', '2017-10-02', '1', '4', '5', '755', NULL),
('383', '22', '17', '2017-10-02', '1017', '', '1', '0', '0', NULL, NULL, '755', '0', '2017-10-02', '1', '4', '5', '755', NULL),
('384', '22', '17', '2017-10-02', '5041', '', '2', '0', '0', NULL, NULL, '755', '0', '2017-10-02', '1', '4', '5', '755', NULL),
('385', '22', '17', '2017-10-02', '10121', '', '-420', '0', '0', NULL, NULL, '755', '0', '2017-10-02', '1', '4', '5', '755', NULL),
('386', '10', '33', '2017-10-02', '4011', '', '-498000', '0', '0', NULL, NULL, '0', '0', '0000-00-00', NULL, NULL, '', '0', NULL),
('387', '10', '33', '2017-10-02', '4011', '', '-20000', '0', '0', NULL, NULL, '0', '0', '0000-00-00', NULL, NULL, '', '0', NULL),
('388', '10', '33', '2017-10-02', '1013', '', '606060', '0', '0', '2', '5', '0', '0', '0000-00-00', NULL, NULL, '', '0', NULL),
('389', '10', '33', '2017-10-02', '2013', '', '-88060', '0', '0', NULL, NULL, '0', '0', '0000-00-00', NULL, NULL, '', '0', NULL),
('390', '20', '10', '2017-10-02', '2014', '', '0', '0', '0', NULL, NULL, '0', '0', '0000-00-00', NULL, NULL, '', '', NULL),
('391', '20', '10', '2017-10-02', '2011', '', '0', '0', '0', '3', '2', '0', '0', '0000-00-00', NULL, NULL, '', '', NULL),
('392', '20', '10', '2017-10-02', '5011', '', '0', '0', '0', NULL, NULL, '0', '0', '0000-00-00', NULL, NULL, '', '', NULL),
('397', '22', '18', '2017-10-02', '2011', '0', '328.8', '0', '0', '3', '1', '1234', '0', '2017-10-22', '2', '3', '4', '0', NULL),
('398', '22', '18', '2017-10-02', '1013', '', '4.2', '0', '0', NULL, NULL, '1234', '0', '2017-10-22', '2', '3', '4', '1234', NULL),
('399', '22', '18', '2017-10-02', '1015', '', '84', '0', '0', NULL, NULL, '1234', '0', '2017-10-22', '2', '3', '4', '1234', NULL),
('400', '22', '18', '2017-10-02', '1017', '', '1', '0', '0', NULL, NULL, '1234', '0', '2017-10-22', '2', '3', '4', '1234', NULL),
('401', '22', '18', '2017-10-02', '5041', '', '2', '0', '0', NULL, NULL, '1234', '0', '2017-10-22', '2', '3', '4', '1234', NULL),
('402', '22', '18', '2017-10-02', '10121', '', '-420', '0', '0', NULL, NULL, '1234', '0', '2017-10-22', '2', '3', '4', '1234', NULL),
('403', '22', '19', '2017-10-02', '2011', '0', '338', '0', '0', '3', '1', '5', '0', '2017-10-22', '5', '6', '7', '0', NULL),
('404', '22', '19', '2017-10-02', '2011', '', '18', '0', '0', NULL, NULL, '5', '0', '2017-10-22', '5', '6', '7', '5', NULL),
('405', '22', '19', '2017-10-02', '1015', '', '90', '0', '0', NULL, NULL, '5', '0', '2017-10-22', '5', '6', '7', '5', NULL),
('406', '22', '19', '2017-10-02', '1017', '', '2', '0', '0', NULL, NULL, '5', '0', '2017-10-22', '5', '6', '7', '5', NULL),
('407', '22', '19', '2017-10-02', '5041', '', '2', '0', '0', NULL, NULL, '5', '0', '2017-10-22', '5', '6', '7', '5', NULL),
('408', '22', '19', '2017-10-02', '10121', '', '-450', '0', '0', NULL, NULL, '5', '0', '2017-10-22', '5', '6', '7', '5', NULL),
('409', '22', '20', '2017-10-02', '2011', '0', '423.6', '0', '0', '3', '1', '0', '0', '2017-10-22', '8', '9', '10', '8', NULL),
('410', '22', '20', '2017-10-02', '1013', '', '118.8', '0', '0', NULL, NULL, '8', '0', '0020-00-08', '10', NULL, '', '9', NULL),
('411', '22', '20', '2017-10-02', '1013', '', '2376', '0', '0', NULL, NULL, '8', '0', '0020-00-08', '10', NULL, '', '9', NULL),
('412', '22', '20', '2017-10-02', '1013', '', '44', '0', '0', '0', '0', '8', '0', '0020-00-08', '10', NULL, '', '9', NULL),
('413', '22', '20', '2017-10-02', '1013', '', '1', '0', '0', '0', NULL, '0', '0', '0000-00-00', NULL, NULL, '', '', NULL),
('414', '22', '20', '2017-10-02', '10121', '', '-423.6', '0', '0', NULL, NULL, '0', '0', '2017-10-22', '8', '9', '10', '8', NULL),
('415', '22', '20', '2017-10-02', '4023', '', '-2539.8', '0', '0', NULL, NULL, '0', '0', '2017-10-22', '8', '9', '10', '8', NULL),
('416', '22', '21', '2017-10-02', '2011', '0', '629', '0', '0', '3', '1', '0', '0', '0000-00-00', '22-10-2017', NULL, '', '', NULL),
('417', '22', '21', '2017-10-02', '1013', '', '8', '0', '0', NULL, NULL, '0', '0', '2017-10-22', NULL, NULL, '', '', NULL),
('418', '22', '21', '2017-10-02', '1015', '', '160', '0', '0', NULL, NULL, '0', '0', '2017-10-22', NULL, NULL, '', '', NULL),
('419', '22', '21', '2017-10-02', '1017', '', '1', '0', '0', NULL, NULL, '0', '0', '2017-10-22', NULL, NULL, '', '', NULL),
('420', '22', '21', '2017-10-02', '5041', '', '2', '0', '0', NULL, NULL, '0', '0', '2017-10-22', NULL, NULL, '', '', NULL),
('421', '22', '21', '2017-10-02', '10121', '', '-800', '0', '0', NULL, NULL, '0', '0', '2017-10-22', NULL, NULL, '', '', NULL);
INSERT INTO `0_gl_trans` VALUES
('422', '22', '22', '2017-10-02', '2011', '0', '346.8', '0', '0', '3', '1', '0', '0', '0000-00-00', '22-10-2017', '7', '8', '9', NULL),
('423', '22', '22', '2017-10-02', '1013', '', '4.2', '0', '0', NULL, NULL, '7789', '0', '2017-10-22', '7', '8', '9', '7789', NULL),
('424', '22', '22', '2017-10-02', '10123', '', '63', '0', '0', NULL, NULL, '7789', '0', '2017-10-22', '7', '8', '9', '7789', NULL),
('425', '22', '22', '2017-10-02', '1017', '', '4', '0', '0', NULL, NULL, '7789', '0', '2017-10-22', '7', '8', '9', '7789', NULL),
('426', '22', '22', '2017-10-02', '5041', '', '2', '0', '0', NULL, NULL, '7789', '0', '2017-10-22', '7', '8', '9', '7789', NULL),
('427', '22', '22', '2017-10-02', '10121', '', '-420', '0', '0', NULL, NULL, '7789', '0', '2017-10-22', '7', '8', '9', '7789', NULL),
('428', '22', '23', '2017-10-02', '2011', '0', '565.8', '0', '0', '3', '1', '5', '0', '2017-10-22', '5', '6', '7', '0', NULL),
('429', '22', '23', '2017-10-02', '1013', '', '7.2', '0', '0', NULL, NULL, '5', '0', '2017-10-22', '5', '6', '7', '5', NULL),
('430', '22', '23', '2017-10-02', '1015', '', '144', '0', '0', NULL, NULL, '5', '0', '2017-10-22', '5', '6', '7', '5', NULL),
('431', '22', '23', '2017-10-02', '1017', '', '1', '0', '0', NULL, NULL, '5', '0', '2017-10-22', '5', '6', '7', '5', NULL),
('432', '22', '23', '2017-10-02', '5041', '', '2', '0', '0', NULL, NULL, '5', '0', '2017-10-22', '5', '6', '7', '5', NULL),
('433', '22', '23', '2017-10-02', '10121', '', '-720', '0', '0', NULL, NULL, '5', '0', '2017-10-22', '5', '6', '7', '5', NULL),
('434', '12', '11', '2017-10-02', '10111', '', '454.8', '0', '0', NULL, NULL, '0', '0', '2017-10-02', '8', '9', '10', '889', NULL),
('435', '12', '11', '2017-10-02', '1013', '', '-540', '0', '0', '2', '5', '889', '0', '2017-10-02', '8', '9', '10', '0', NULL),
('436', '12', '11', '2017-10-02', '1013', '', '5.4', '0', '0', '2', '5', '889', '0', '2017-10-02', '8', '9', '10', '0', NULL),
('437', '12', '11', '2017-10-02', '1013', '', '64.8', '0', '0', '2', '5', '889', '0', '2017-10-02', '8', '9', '10', '0', NULL),
('438', '12', '11', '2017-10-02', '1013', '', '7', '0', '0', '2', '5', '889', '0', '2017-10-02', '8', '9', '10', '0', NULL),
('439', '12', '11', '2017-10-02', '1013', '', '8', '0', '0', '2', '5', '889', '0', '2017-10-02', '8', '9', '10', '0', NULL),
('440', '12', '11', '2017-10-02', '4023', '', '-0', '0', '0', NULL, NULL, '0', '0', '2017-10-02', '8', '9', '10', '889', NULL),
('441', '12', '12', '2017-10-02', '10123', '', '547', '0', '0', NULL, NULL, '0', '0', '2017-10-02', '8', '9', '7', '778', NULL),
('442', '12', '12', '2017-10-02', '1013', '', '-700', '0', '0', '2', '5', '778', '0', '2017-10-02', '8', '9', '7', '0', NULL),
('443', '12', '12', '2017-10-02', '1013', '', '7', '0', '0', '2', '5', '778', '0', '2017-10-02', '8', '9', '7', '0', NULL),
('444', '12', '12', '2017-10-02', '1013', '', '140', '0', '0', '2', '5', '778', '0', '2017-10-02', '8', '9', '7', '0', NULL),
('445', '12', '12', '2017-10-02', '1013', '', '4', '0', '0', '2', '5', '778', '0', '2017-10-02', '8', '9', '7', '0', NULL),
('446', '12', '12', '2017-10-02', '1013', '', '2', '0', '0', '2', '5', '778', '0', '2017-10-02', '8', '9', '7', '0', NULL),
('447', '22', '24', '2017-10-02', '2011', '0', '352.5', '0', '0', '3', '1', '112', '0', '2017-10-22', '1', '1', '2', '0', NULL),
('448', '22', '24', '2017-10-02', '1013', '', '4.5', '0', '0', NULL, NULL, '112', '0', '2017-10-22', '1', '1', '2', '112', NULL),
('449', '22', '24', '2017-10-02', '1015', '', '90', '0', '0', NULL, NULL, '112', '0', '2017-10-22', '1', '1', '2', '112', NULL),
('450', '22', '24', '2017-10-02', '1017', '', '1', '0', '0', NULL, NULL, '112', '0', '2017-10-22', '1', '1', '2', '112', NULL),
('451', '22', '24', '2017-10-02', '5041', '', '2', '0', '0', NULL, NULL, '112', '0', '2017-10-22', '1', '1', '2', '112', NULL),
('452', '22', '24', '2017-10-02', '10121', '', '-450', '0', '0', NULL, NULL, '112', '0', '2017-10-22', '1', '1', '2', '112', NULL),
('453', '1', '7', '2017-10-02', '5011', 'memo', '120', '0', '0', NULL, NULL, '885', '0', '2017-10-02', '8', '8', '5', '0', NULL),
('454', '1', '7', '2017-10-02', '10123', '', '-120', '0', '0', NULL, NULL, '885', '0', '2017-10-02', '8', '5', '', '8', NULL),
('455', '22', '25', '2017-10-03', '2011', '0', '6156.51', '0', '0', '3', '1', '0', '0', '2017-10-23', NULL, NULL, '', '0', NULL),
('456', '22', '25', '2017-10-03', '2011', '', '246.26', '0', '0', NULL, NULL, '0', '0', '2017-10-23', NULL, NULL, '', '', NULL),
('457', '22', '25', '2017-10-03', '10121', '', '-6402.77', '0', '0', NULL, NULL, '0', '0', '2017-10-23', NULL, NULL, '', '', NULL),
('458', '22', '26', '2017-10-03', '2011', '0', '80', '0', '0', '3', '1', '0', '0', '2017-10-23', NULL, NULL, '', '0', NULL),
('459', '22', '26', '2017-10-03', '1015', '', '20', '0', '0', NULL, NULL, '0', '0', '2017-10-23', NULL, NULL, '', '', NULL),
('460', '22', '26', '2017-10-03', '10121', '', '-100', '0', '0', NULL, NULL, '0', '0', '2017-10-23', NULL, NULL, '', '', NULL),
('461', '0', '1', '2017-10-03', '10111', 'Overhead Cost', '-1', '0', '0', NULL, NULL, '0', '0', '0000-00-00', NULL, NULL, '', '', NULL),
('462', '0', '1', '2017-10-03', '1023', 'Overhead Cost', '1', '0', '0', NULL, NULL, '0', '0', '0000-00-00', NULL, NULL, '', '', NULL),
('463', '0', '2', '2017-10-03', '10111', 'Labour Cost', '-1', '0', '0', NULL, NULL, '0', '0', '0000-00-00', NULL, NULL, '', '', NULL),
('464', '0', '2', '2017-10-03', '1023', 'Labour Cost', '1', '0', '0', NULL, NULL, '0', '0', '0000-00-00', NULL, NULL, '', '', NULL),
('465', '29', '2', '2017-10-03', '1021', '03-10-2017: 1 * Test Item', '-43352771.53', '0', '0', NULL, NULL, '0', '0', '0000-00-00', NULL, NULL, '', '', NULL),
('466', '29', '2', '2017-10-03', '1023', '03-10-2017: 1 * Test Item', '43352771.53', '0', '0', NULL, NULL, '0', '0', '0000-00-00', NULL, NULL, '', '', NULL),
('467', '26', '2', '2017-10-03', '1023', '', '-43352773.53', '0', '0', NULL, NULL, '0', '0', '0000-00-00', NULL, NULL, '', '', NULL),
('468', '26', '2', '2017-10-03', '1021', '', '43352773.53', '0', '0', NULL, NULL, '0', '0', '0000-00-00', NULL, NULL, '', '', NULL),
('469', '10', '36', '2017-10-03', '4011', '', '-2241000', '0', '0', NULL, NULL, '0', '0', '0000-00-00', NULL, NULL, '', '0', NULL),
('470', '10', '36', '2017-10-03', '1013', '', '2569372.65', '0', '0', '2', '5', '0', '0', '0000-00-00', NULL, NULL, '', '0', NULL),
('471', '10', '36', '2017-10-03', '4025', '', '44820', '0', '0', NULL, NULL, '0', '0', '0000-00-00', NULL, NULL, '', '0', NULL),
('472', '10', '36', '2017-10-03', '4025', '', '135', '0', '0', NULL, NULL, '0', '0', '0000-00-00', NULL, NULL, '', '0', NULL),
('473', '10', '36', '2017-10-03', '2013', '', '-373327.65', '0', '0', NULL, NULL, '0', '0', '0000-00-00', NULL, NULL, '', '0', NULL),
('474', '0', '3', '2017-10-04', '10111', 'Overhead Cost', '0', '0', '0', NULL, NULL, '0', '0', '0000-00-00', NULL, NULL, '', '', NULL),
('475', '0', '3', '2017-10-04', '1023', 'Overhead Cost', '0', '0', '0', NULL, NULL, '0', '0', '0000-00-00', NULL, NULL, '', '', NULL),
('476', '0', '4', '2017-10-04', '10111', 'Labour Cost', '0', '0', '0', NULL, NULL, '0', '0', '0000-00-00', NULL, NULL, '', '', NULL),
('477', '0', '4', '2017-10-04', '1023', 'Labour Cost', '0', '0', '0', NULL, NULL, '0', '0', '0000-00-00', NULL, NULL, '', '', NULL),
('478', '29', '3', '2017-10-04', '1021', '04-10-2017: 1 * Test Item', '0', '0', '0', NULL, NULL, '0', '0', '0000-00-00', NULL, NULL, '', '', NULL),
('479', '29', '3', '2017-10-04', '1023', '04-10-2017: 1 * Test Item', '0', '0', '0', NULL, NULL, '0', '0', '0000-00-00', NULL, NULL, '', '', NULL),
('480', '26', '3', '2017-10-04', '1023', '', '0', '0', '0', NULL, NULL, '0', '0', '0000-00-00', NULL, NULL, '', '', NULL),
('481', '26', '3', '2017-10-04', '1021', '', '0', '0', '0', NULL, NULL, '0', '0', '0000-00-00', NULL, NULL, '', '', NULL),
('482', '10', '37', '2017-10-04', '4011', '', '-498000', '0', '0', NULL, NULL, '0', '0', '0000-00-00', NULL, NULL, '', '0', NULL),
('483', '10', '37', '2017-10-04', '1013', '', '582660', '0', '0', '2', '5', '0', '0', '0000-00-00', NULL, NULL, '', '0', NULL),
('484', '10', '37', '2017-10-04', '2013', '', '-84660', '0', '0', NULL, NULL, '0', '0', '0000-00-00', NULL, NULL, '', '0', NULL),
('485', '10', '38', '2017-10-04', '4011', '', '-498000', '0', '0', NULL, NULL, '0', '0', '0000-00-00', NULL, NULL, '', '0', NULL),
('486', '10', '38', '2017-10-04', '1013', '', '582660', '0', '0', '2', '5', '0', '0', '0000-00-00', NULL, NULL, '', '0', NULL),
('487', '10', '38', '2017-10-04', '2013', '', '-84660', '0', '0', NULL, NULL, '0', '0', '0000-00-00', NULL, NULL, '', '0', NULL),
('488', '10', '39', '2017-10-04', '4011', '', '-547800', '0', '0', NULL, NULL, '0', '0', '0000-00-00', NULL, NULL, '', '0', NULL),
('489', '10', '39', '2017-10-04', '1013', '', '640926', '0', '0', '2', '5', '0', '0', '0000-00-00', NULL, NULL, '', '0', NULL),
('490', '10', '39', '2017-10-04', '2013', '', '-93126', '0', '0', NULL, NULL, '0', '0', '0000-00-00', NULL, NULL, '', '0', NULL),
('491', '10', '40', '2017-10-04', '4011', '', '-647400', '0', '0', NULL, NULL, '0', '0', '0000-00-00', NULL, NULL, '', '0', NULL),
('492', '10', '40', '2017-10-04', '1013', '', '757458', '0', '0', '2', '5', '0', '0', '0000-00-00', NULL, NULL, '', '0', NULL),
('493', '10', '40', '2017-10-04', '2013', '', '-110058', '0', '0', NULL, NULL, '0', '0', '0000-00-00', NULL, NULL, '', '0', NULL),
('494', '10', '41', '2017-10-04', '4011', '', '-896400', '0', '0', NULL, NULL, '0', '0', '0000-00-00', NULL, NULL, '', '0', NULL),
('495', '10', '41', '2017-10-04', '1013', '', '1048788', '0', '0', '2', '5', '0', '0', '0000-00-00', NULL, NULL, '', '0', NULL),
('496', '10', '41', '2017-10-04', '2013', '', '-152388', '0', '0', NULL, NULL, '0', '0', '0000-00-00', NULL, NULL, '', '0', NULL),
('497', '10', '42', '2017-10-04', '4011', '', '-900', '0', '0', NULL, NULL, '0', '0', '0000-00-00', NULL, NULL, '', '0', NULL),
('498', '10', '42', '2017-10-04', '1013', '', '1053', '0', '0', '2', '5', '0', '0', '0000-00-00', NULL, NULL, '', '0', NULL),
('499', '10', '42', '2017-10-04', '2013', '', '-153', '0', '0', NULL, NULL, '0', '0', '0000-00-00', NULL, NULL, '', '0', NULL),
('500', '10', '43', '2017-10-04', '4011', '', '-300', '0', '0', NULL, NULL, '0', '0', '0000-00-00', NULL, NULL, '', '0', NULL),
('501', '10', '43', '2017-10-04', '1013', '', '351', '0', '0', '2', '5', '0', '0', '0000-00-00', NULL, NULL, '', '0', NULL),
('502', '10', '43', '2017-10-04', '2013', '', '-51', '0', '0', NULL, NULL, '0', '0', '0000-00-00', NULL, NULL, '', '0', NULL),
('503', '10', '44', '2017-10-05', '4011', '', '-498000', '0', '0', NULL, NULL, '0', '0', '0000-00-00', NULL, NULL, '', '0', NULL),
('504', '10', '44', '2017-10-05', '4025', '', '24900', '0', '0', NULL, NULL, '0', '0', '0000-00-00', NULL, NULL, '', '0', NULL),
('505', '10', '44', '2017-10-05', '1013', '', '378480', '0', '0', '2', '3', '0', '0', '0000-00-00', NULL, NULL, '', '0', NULL),
('506', '10', '44', '2017-10-05', '4025', '', '94620', '0', '0', NULL, NULL, '0', '0', '0000-00-00', NULL, NULL, '', '0', NULL),
('507', '10', '45', '2017-10-05', '3012', '', '-10000', '0', '0', NULL, NULL, '0', '0', '0000-00-00', NULL, NULL, '', '0', NULL),
('508', '10', '45', '2017-10-05', '1013', '', '11700', '0', '0', '2', '5', '0', '0', '0000-00-00', NULL, NULL, '', '0', NULL),
('509', '10', '45', '2017-10-05', '2013', '', '-1700', '0', '0', NULL, NULL, '0', '0', '0000-00-00', NULL, NULL, '', '0', NULL),
('510', '43', '2', '2017-10-05', '2011', '', '-10529', '0', '0', '3', '2', '0', '0', '0000-00-00', NULL, NULL, '', '0', NULL),
('511', '43', '2', '2017-10-05', '5011', '', '300', '0', '0', NULL, NULL, '0', '0', '0000-00-00', NULL, NULL, '', '0', NULL),
('512', '43', '2', '2017-10-05', '5011', '', '300', '0', '0', NULL, NULL, '0', '0', '0000-00-00', NULL, NULL, '', '0', NULL),
('513', '43', '2', '2017-10-05', '5011', '', '300', '0', '0', NULL, NULL, '0', '0', '0000-00-00', NULL, NULL, '', '0', NULL),
('514', '43', '2', '2017-10-05', '1021', '', '5000', '0', '0', NULL, NULL, '0', '0', '0000-00-00', NULL, NULL, '', '0', NULL),
('515', '43', '2', '2017-10-05', '1021', '', '50', '0', '0', NULL, NULL, '0', '0', NULL, NULL, NULL, '', '', NULL),
('516', '43', '2', '2017-10-05', '1021', '', '51', '0', '0', NULL, NULL, '0', '0', NULL, NULL, NULL, '', '', NULL),
('517', '43', '2', '2017-10-05', '1021', '', '408', '0', '0', NULL, NULL, '0', '0', NULL, NULL, NULL, '', '', NULL),
('518', '43', '2', '2017-10-05', '1021', '', '255', '0', '0', NULL, NULL, '0', '0', NULL, NULL, NULL, '', '', NULL),
('519', '43', '2', '2017-10-05', '1021', '', '980', '0', '0', NULL, NULL, '0', '0', NULL, NULL, NULL, '', '', NULL),
('520', '43', '2', '2017-10-05', '1021', '', '371', '0', '0', NULL, NULL, '0', '0', NULL, NULL, NULL, '', '', NULL),
('521', '43', '2', '2017-10-05', '1021', '', '0', '0', '0', NULL, NULL, '0', '0', NULL, NULL, NULL, '', '', NULL),
('522', '43', '2', '2017-10-05', '1021', '', '0', '0', '0', NULL, NULL, '0', '0', NULL, NULL, NULL, '', '', NULL),
('523', '0', '5', '2017-10-05', '1021', 'Supplier invoice adjustment for zero inventory of 2001 Invoice 002/2017', '-4945', '0', '0', NULL, NULL, '0', '0', '0000-00-00', NULL, NULL, '', '', NULL),
('524', '0', '5', '2017-10-05', '5014', 'Supplier invoice adjustment for zero inventory of 2001 Invoice 002/2017', '4945', '0', '0', NULL, NULL, '0', '0', '0000-00-00', NULL, NULL, '', '', NULL),
('525', '43', '2', '2017-10-05', '5011', '', '1500', '0', '0', NULL, NULL, '0', '0', '0000-00-00', NULL, NULL, '', '0', NULL),
('526', '43', '2', '2017-10-05', '4023', '', '1014', '0', '0', NULL, NULL, '0', '0', '0000-00-00', NULL, NULL, '', '', NULL),
('527', '10', '46', '2017-10-05', '4011', '', '-10000', '0', '0', NULL, NULL, '0', '0', '0000-00-00', NULL, NULL, '', '0', NULL),
('528', '10', '46', '2017-10-05', '1013', '', '11700', '0', '0', '2', '5', '0', '0', '0000-00-00', NULL, NULL, '', '0', NULL),
('529', '10', '46', '2017-10-05', '2013', '', '-1700', '0', '0', NULL, NULL, '0', '0', '0000-00-00', NULL, NULL, '', '0', NULL),
('530', '10', '47', '2017-10-05', '4011', '', '-5500', '0', '0', NULL, NULL, '0', '0', '0000-00-00', NULL, NULL, '', '0', NULL),
('531', '10', '47', '2017-10-05', '1013', '', '6435', '0', '0', '2', '5', '0', '0', '0000-00-00', NULL, NULL, '', '0', NULL),
('532', '10', '47', '2017-10-05', '2013', '', '-935', '0', '0', NULL, NULL, '0', '0', '0000-00-00', NULL, NULL, '', '0', NULL),
('533', '10', '48', '2017-10-05', '4011', '', '-500', '0', '0', NULL, NULL, '0', '0', '0000-00-00', NULL, NULL, '', '0', NULL),
('534', '10', '48', '2017-10-05', '1013', '', '585', '0', '0', '2', '4', '0', '0', '0000-00-00', NULL, NULL, '', '0', NULL),
('535', '10', '48', '2017-10-05', '2013', '', '-85', '0', '0', NULL, NULL, '0', '0', '0000-00-00', NULL, NULL, '', '0', NULL),
('536', '10', '49', '2017-10-06', '4011', '', '-597600', '0', '0', NULL, NULL, '0', '0', '0000-00-00', NULL, NULL, '', '0', NULL),
('537', '10', '49', '2017-10-06', '1013', '', '699192', '0', '0', '2', '5', '0', '0', '0000-00-00', NULL, NULL, '', '0', NULL),
('538', '10', '49', '2017-10-06', '2013', '', '-101592', '0', '0', NULL, NULL, '0', '0', '0000-00-00', NULL, NULL, '', '0', NULL),
('542', '20', '11', '2017-10-06', '2014', '', '51', '0', '0', NULL, NULL, '0', '0', '0000-00-00', NULL, NULL, '', '0', NULL),
('543', '20', '11', '2017-10-06', '2011', '', '-351', '0', '0', '3', '2', '0', '0', '0000-00-00', NULL, NULL, '', '0', NULL),
('544', '20', '11', '2017-10-06', '5011', '', '300', '0', '0', NULL, NULL, '0', '0', '0000-00-00', NULL, NULL, '', '0', NULL),
('545', '20', '12', '2017-10-06', '2014', '', '612', '0', '0', NULL, NULL, '0', '0', '0000-00-00', NULL, NULL, '', '0', NULL),
('546', '20', '12', '2017-10-06', '2011', '', '-4212', '0', '0', '3', '2', '0', '0', '0000-00-00', NULL, NULL, '', '0', NULL),
('547', '20', '12', '2017-10-06', '5011', '', '3600', '0', '0', NULL, NULL, '0', '0', '0000-00-00', NULL, NULL, '', '0', NULL),
('548', '20', '13', '2017-10-06', '2011', '', '0', '0', '0', '3', '8', '0', '0', '0000-00-00', NULL, NULL, '', '0', NULL),
('549', '20', '13', '2017-10-06', '1021', '', '0', '0', '0', NULL, NULL, '0', '0', '0000-00-00', NULL, NULL, '', '0', NULL),
('550', '22', '27', '2017-10-06', '2011', '0', '5850', '0', '0', '3', '8', '0', '0', '2017-10-26', NULL, NULL, '', '0', NULL),
('551', '22', '27', '2017-10-06', '10121', '', '-5850', '0', '0', NULL, NULL, '0', '0', '2017-10-26', NULL, NULL, '', '', NULL),
('552', '20', '14', '2017-10-06', '2014', '', '765', '0', '0', NULL, NULL, '0', '0', '0000-00-00', NULL, NULL, '', '0', NULL),
('553', '20', '14', '2017-10-06', '2011', '', '-5265', '0', '0', '3', '4', '0', '0', '0000-00-00', NULL, NULL, '', '0', NULL),
('554', '20', '14', '2017-10-06', '1021', '', '4500', '0', '0', NULL, NULL, '0', '0', '0000-00-00', NULL, NULL, '', '0', NULL),
('555', '10', '50', '2017-10-06', '4011', '', '-7200', '0', '0', NULL, NULL, '0', '0', '0000-00-00', NULL, NULL, '', '0', NULL),
('556', '10', '50', '2017-10-06', '1013', '', '8424', '0', '0', '2', '5', '0', '0', '0000-00-00', NULL, NULL, '', '0', NULL),
('557', '10', '50', '2017-10-06', '2013', '', '-1224', '0', '0', NULL, NULL, '0', '0', '0000-00-00', NULL, NULL, '', '0', NULL),
('558', '12', '13', '2017-10-06', '10122', '', '8424', '0', '0', NULL, NULL, '0', '0', '0000-00-00', '0', '0', '0', '0', NULL),
('559', '12', '13', '2017-10-06', '1013', '', '-8424', '0', '0', '2', '5', '0', '0', '0000-00-00', '0', '0', '0', '0', NULL),
('560', '10', '51', '2017-10-06', '4011', '', '-5000', '0', '0', NULL, NULL, '0', '0', '0000-00-00', NULL, NULL, '', '0', NULL),
('561', '10', '51', '2017-10-06', '1013', '', '5850', '0', '0', '2', '5', '0', '0', '0000-00-00', NULL, NULL, '', '0', NULL),
('562', '10', '51', '2017-10-06', '2013', '', '-850', '0', '0', NULL, NULL, '0', '0', '0000-00-00', NULL, NULL, '', '0', NULL),
('563', '10', '52', '2017-10-06', '4011', '', '-5000', '0', '0', NULL, NULL, '0', '0', '0000-00-00', NULL, NULL, '', '0', NULL),
('564', '10', '52', '2017-10-06', '1013', '', '5000', '0', '0', '2', '6', '0', '0', '0000-00-00', NULL, NULL, '', '0', NULL),
('565', '12', '14', '2017-10-06', '10122', '', '5000', '0', '0', NULL, NULL, '0', '0', '0000-00-00', '0', '0', '0', '0', NULL),
('566', '12', '14', '2017-10-06', '1013', '', '-5000', '0', '0', '2', '6', '0', '0', '0000-00-00', '0', '0', '0', '0', NULL),
('567', '10', '53', '2017-10-06', '4011', '', '-5000', '0', '0', NULL, NULL, '0', '0', '0000-00-00', NULL, NULL, '', '0', NULL),
('568', '10', '53', '2017-10-06', '1013', '', '5000', '0', '0', '2', '6', '0', '0', '0000-00-00', NULL, NULL, '', '0', NULL),
('569', '10', '54', '2017-10-06', '4011', '', '-5000', '0', '0', NULL, NULL, '0', '0', '0000-00-00', NULL, NULL, '', '0', NULL),
('570', '10', '54', '2017-10-06', '4011', '', '-5000', '0', '0', NULL, NULL, '0', '0', '0000-00-00', NULL, NULL, '', '0', NULL),
('571', '10', '54', '2017-10-06', '1013', '', '10000', '0', '0', '2', '6', '0', '0', '0000-00-00', NULL, NULL, '', '0', NULL),
('572', '10', '55', '2017-10-06', '4011', '', '-5000', '0', '0', NULL, NULL, '0', '0', '0000-00-00', NULL, NULL, '', '0', NULL),
('573', '10', '55', '2017-10-06', '1013', '', '5000', '0', '0', '2', '6', '0', '0', '0000-00-00', NULL, NULL, '', '0', NULL),
('574', '20', '15', '2017-10-07', '2014', '', '1785', '0', '0', NULL, NULL, '0', '0', '0000-00-00', NULL, NULL, '', '0', NULL),
('575', '20', '15', '2017-10-07', '2011', '', '-12285', '0', '0', '3', '3', '0', '0', '0000-00-00', NULL, NULL, '', '0', NULL),
('576', '20', '15', '2017-10-07', '1021', '', '5000', '0', '0', NULL, NULL, '0', '0', '0000-00-00', NULL, NULL, '', '0', NULL),
('577', '20', '15', '2017-10-07', '1021', '', '5500', '0', '0', NULL, NULL, '0', '0', '0000-00-00', NULL, NULL, '', '0', NULL),
('578', '22', '28', '2017-10-07', '2011', '0', '12285', '0', '0', '3', '3', '0', '0', '2017-10-27', NULL, NULL, '', '0', NULL),
('579', '22', '28', '2017-10-07', '10121', '', '-12285', '0', '0', NULL, NULL, '0', '0', '2017-10-27', NULL, NULL, '', '', NULL),
('580', '20', '16', '2017-10-07', '2014', '', '807.5', '0', '0', NULL, NULL, '0', '0', '0000-00-00', NULL, NULL, '', '0', NULL),
('581', '20', '16', '2017-10-07', '2011', '', '-5557.5', '0', '0', '3', '4', '0', '0', '0000-00-00', NULL, NULL, '', '0', NULL),
('582', '20', '16', '2017-10-07', '1021', '', '4750', '0', '0', NULL, NULL, '0', '0', '0000-00-00', NULL, NULL, '', '0', NULL),
('583', '22', '29', '2017-10-07', '2011', '0', '10822.5', '0', '0', '3', '4', '0', '0', '2017-10-27', NULL, NULL, '', '0', NULL),
('584', '22', '29', '2017-10-07', '10121', '', '-10822.5', '0', '0', NULL, NULL, '0', '0', '2017-10-27', NULL, NULL, '', '', NULL),
('585', '20', '17', '2017-10-07', '2014', '', '994.5', '0', '0', NULL, NULL, '0', '0', '0000-00-00', NULL, NULL, '', '0', NULL),
('586', '20', '17', '2017-10-07', '2011', '', '-6844.5', '0', '0', '3', '8', '0', '0', '0000-00-00', NULL, NULL, '', '0', NULL),
('587', '20', '17', '2017-10-07', '1021', '', '5850', '0', '0', NULL, NULL, '0', '0', '0000-00-00', NULL, NULL, '', '0', NULL),
('588', '22', '30', '2017-10-07', '2011', '0', '6844.5', '0', '0', '3', '8', '0', '0', '2017-10-27', NULL, NULL, '', '0', NULL),
('589', '22', '30', '2017-10-07', '10121', '', '-6844.5', '0', '0', NULL, NULL, '0', '0', '2017-10-27', NULL, NULL, '', '', NULL),
('590', '13', '63', '2017-10-07', '5011', '', '2625', '0', '0', NULL, NULL, '0', '0', '0000-00-00', NULL, NULL, '', '', NULL),
('591', '13', '63', '2017-10-07', '1021', '', '-2625', '0', '0', NULL, NULL, '0', '0', '0000-00-00', NULL, NULL, '', '', NULL),
('592', '10', '56', '2017-10-07', '4011', '', '-8547.01', '0', '0', NULL, NULL, '0', '0', '0000-00-00', NULL, NULL, '', '0', NULL),
('593', '10', '56', '2017-10-07', '1013', '', '10000', '0', '0', '2', '15', '0', '0', '0000-00-00', NULL, NULL, '', '0', NULL),
('594', '10', '56', '2017-10-07', '2013', '', '-1452.99', '0', '0', NULL, NULL, '0', '0', '0000-00-00', NULL, NULL, '', '0', NULL),
('595', '12', '15', '2017-10-07', '10123', '', '10000', '0', '0', NULL, NULL, '0', '0', '2017-10-07', NULL, NULL, '', '', NULL),
('596', '12', '15', '2017-10-07', '1013', '', '-10000', '0', '0', '2', '15', '0', '0', '2017-10-07', NULL, NULL, '', '0', NULL),
('597', '13', '64', '2017-10-07', '5011', '', '2312.5', '0', '0', NULL, NULL, '0', '0', '0000-00-00', NULL, NULL, '', '', NULL),
('598', '13', '64', '2017-10-07', '1021', '', '-2312.5', '0', '0', NULL, NULL, '0', '0', '0000-00-00', NULL, NULL, '', '', NULL),
('599', '10', '57', '2017-10-07', '4011', '', '-7692.31', '0', '0', NULL, NULL, '0', '0', '0000-00-00', NULL, NULL, '', '0', NULL),
('600', '10', '57', '2017-10-07', '1013', '', '9000', '0', '0', '2', '17', '0', '0', '0000-00-00', NULL, NULL, '', '0', NULL),
('601', '10', '57', '2017-10-07', '2013', '', '-1307.69', '0', '0', NULL, NULL, '0', '0', '0000-00-00', NULL, NULL, '', '0', NULL),
('602', '12', '16', '2017-10-07', '10121', '', '9000', '0', '0', NULL, NULL, '0', '0', '2017-10-07', NULL, NULL, '', '', NULL),
('603', '12', '16', '2017-10-07', '1013', '', '-9000', '0', '0', '2', '17', '0', '0', '2017-10-07', NULL, NULL, '', '0', NULL),
('604', '22', '31', '2017-10-07', '2011', '0', '624', '0', '0', '3', '2', '0', '0', '2017-10-27', NULL, NULL, '', '0', NULL),
('605', '22', '31', '2017-10-07', '1014', '', '-8', '0', '0', NULL, NULL, '0', '0', '2017-10-27', NULL, NULL, '', '', NULL),
('606', '22', '31', '2017-10-07', '1015', '', '-164', '0', '0', NULL, NULL, '0', '0', '2017-10-27', NULL, NULL, '', '', NULL),
('607', '22', '31', '2017-10-07', '2011', '', '-11', '0', '0', '0', NULL, '0', '0', '2017-10-27', NULL, NULL, '', '', NULL),
('608', '22', '31', '2017-10-07', '3012', '', '-12', '0', '0', NULL, NULL, '0', '0', '2017-10-27', NULL, NULL, '', '', NULL),
('609', '22', '31', '2017-10-07', '10121', '', '-429', '0', '0', NULL, NULL, '0', '0', '2017-10-27', NULL, NULL, '', '', NULL),
('610', '12', '17', '2017-10-07', '10123', '', '1798290', '0', '0', NULL, NULL, '0', '0', '2017-10-07', NULL, NULL, '', '', NULL),
('611', '12', '17', '2017-10-07', '1013', '', '-1798290', '0', '0', '2', '24', '0', '0', '2017-10-07', NULL, NULL, '', '0', NULL),
('612', '41', '2', '2017-10-07', '1033', 'BOOKING REF: 1342', '1765900', '0', '0', NULL, NULL, '0', '0', '0000-00-00', NULL, NULL, '', '0', NULL),
('613', '41', '2', '2017-10-07', '1033', 'BOOKING REF: 1343', '1765900', '0', '0', NULL, NULL, '0', '0', '0000-00-00', NULL, NULL, '', '0', NULL),
('614', '41', '2', '2017-10-07', '10111', '', '-3531800', '0', '0', NULL, NULL, '0', '0', '0000-00-00', NULL, NULL, '', '', NULL),
('615', '1', '8', '2017-10-07', '1033', '', '1759894', '1', '0', NULL, NULL, '0', '0', '2017-10-07', NULL, NULL, '', '0', NULL),
('616', '1', '8', '2017-10-07', '1033', '', '1759894', '0', '0', NULL, NULL, '0', '0', '2017-10-07', NULL, NULL, '', '0', NULL),
('617', '1', '8', '2017-10-07', '10123', '', '-3519788', '0', '0', NULL, NULL, '0', '0', '2017-10-07', NULL, NULL, '', '', NULL),
('618', '10', '58', '2017-10-07', '4022', '', '-1537000', '0', '0', NULL, NULL, '0', '0', '0000-00-00', NULL, NULL, '', '0', NULL),
('619', '10', '58', '2017-10-07', '1013', '', '1798290', '0', '0', '2', '24', '0', '0', '0000-00-00', NULL, NULL, '', '0', NULL),
('620', '10', '58', '2017-10-07', '2013', '', '-261290', '0', '0', NULL, NULL, '0', '0', '0000-00-00', NULL, NULL, '', '0', NULL),
('621', '13', '65', '2017-10-07', '4011', '', '-1537000', '0', '0', NULL, NULL, '0', '0', '0000-00-00', NULL, NULL, '', '0', NULL),
('622', '13', '65', '2017-10-07', '4022', '', '1537000', '0', '0', NULL, NULL, '0', '0', '0000-00-00', NULL, NULL, '', '0', NULL),
('623', '2', '2', '2017-10-07', '1013', '', '-2587500', '2', '0', '2', '25', '0', '0', '2017-10-07', NULL, NULL, '', '0', NULL),
('624', '2', '2', '2017-10-07', '10121', '', '2587500', '0', '0', NULL, NULL, '0', '0', '2017-10-07', NULL, NULL, '', '', NULL),
('625', '1', '9', '2017-10-07', '2019', '', '2587500', '2', '0', NULL, NULL, '0', '0', '2017-10-07', NULL, NULL, '', '0', NULL),
('626', '1', '9', '2017-10-07', '10121', '', '-2587500', '0', '0', NULL, NULL, '0', '0', '2017-10-07', NULL, NULL, '', '', NULL),
('627', '20', '18', '2017-10-07', '2014', '', '266390', '0', '0', NULL, NULL, '0', '0', '0000-00-00', NULL, NULL, '', '0', NULL),
('628', '20', '18', '2017-10-07', '2019', '', '-1833390', '0', '0', '3', '9', '0', '0', '0000-00-00', NULL, NULL, '', '0', NULL),
('629', '20', '18', '2017-10-07', '5011', '', '1567000', '0', '0', NULL, NULL, '0', '0', '0000-00-00', NULL, NULL, '', '0', NULL),
('630', '20', '18', '2017-10-07', '5011', '', '0', '0', '0', NULL, NULL, '0', '0', '0000-00-00', NULL, NULL, '', '0', NULL),
('631', '20', '19', '2017-10-07', '2014', '', '462740', '0', '0', NULL, NULL, '0', '0', '0000-00-00', NULL, NULL, '', '0', NULL),
('632', '20', '19', '2017-10-07', '2019', '', '-3184740', '0', '0', '3', '9', '0', '0', '0000-00-00', NULL, NULL, '', '0', NULL),
('633', '20', '19', '2017-10-07', '5011', '', '2722000', '0', '0', NULL, NULL, '0', '0', '0000-00-00', NULL, NULL, '', '0', NULL),
('634', '10', '59', '2017-10-07', '4022', '', '-1339316.24', '0', '0', NULL, NULL, '0', '0', '0000-00-00', NULL, NULL, '', '0', NULL),
('635', '10', '59', '2017-10-07', '1013', '', '1567000', '0', '0', '2', '25', '0', '0', '0000-00-00', NULL, NULL, '', '0', NULL),
('636', '10', '59', '2017-10-07', '2013', '', '-227683.76', '0', '0', NULL, NULL, '0', '0', '0000-00-00', NULL, NULL, '', '0', NULL),
('637', '20', '20', '2017-10-08', '2011', '', '0', '0', '0', '3', '2', '0', '0', '0000-00-00', NULL, NULL, '', '0', NULL),
('638', '20', '20', '2017-10-08', '5011', '', '0', '0', '0', NULL, NULL, '0', '0', '0000-00-00', NULL, NULL, '', '0', NULL),
('639', '20', '21', '2017-10-08', '2014', '', '1700', '0', '0', NULL, NULL, '0', '0', '0000-00-00', NULL, NULL, '', '0', NULL),
('640', '20', '21', '2017-10-08', '2011', '', '-11700', '0', '0', '3', '2', '0', '0', '0000-00-00', NULL, NULL, '', '0', NULL),
('641', '20', '21', '2017-10-08', '5011', '', '10000', '0', '0', NULL, NULL, '0', '0', '0000-00-00', NULL, NULL, '', '0', NULL),
('642', '10', '61', '2017-10-08', '4011', '', '-1000', '0', '0', NULL, NULL, '0', '0', '0000-00-00', NULL, NULL, '', '0', NULL),
('643', '10', '61', '2017-10-08', '1013', '', '1170', '0', '0', '2', '24', '0', '0', '0000-00-00', NULL, NULL, '', '0', NULL),
('644', '10', '61', '2017-10-08', '2013', '', '-170', '0', '0', NULL, NULL, '0', '0', '0000-00-00', NULL, NULL, '', '0', NULL),
('645', '12', '18', '2017-10-08', '10123', '', '1', '0', '0', NULL, NULL, '0', '0', '2017-10-08', NULL, NULL, '', '', NULL),
('646', '12', '18', '2017-10-08', '1013', '', '-1', '0', '0', '2', '24', '0', '0', '2017-10-08', NULL, NULL, '', '0', NULL),
('647', '22', '32', '2017-10-09', '2011', '0', '271', '0', '0', '3', '2', '0', '0', '2017-10-29', NULL, NULL, '', '0', NULL),
('648', '22', '32', '2017-10-09', '1015', '', '-70', '0', '0', NULL, NULL, '0', '0', '2017-10-29', NULL, NULL, '', '', NULL),
('649', '22', '32', '2017-10-09', '1014', '', '-4', '0', '0', NULL, NULL, '0', '0', '2017-10-29', NULL, NULL, '', '', NULL),
('650', '22', '32', '2017-10-09', '2011', '', '-4', '0', '0', '0', NULL, '0', '0', '2017-10-29', NULL, NULL, '', '', NULL),
('651', '22', '32', '2017-10-09', '3012', '', '-2', '0', '0', NULL, NULL, '0', '0', '2017-10-29', NULL, NULL, '', '', NULL),
('652', '22', '32', '2017-10-09', '10121', '', '-191', '0', '0', NULL, NULL, '0', '0', '2017-10-29', NULL, NULL, '', '', NULL),
('653', '12', '19', '2017-10-09', '10111', '', '377', '0', '0', NULL, NULL, '0', '0', '2017-10-09', NULL, NULL, '', '', NULL),
('654', '12', '19', '2017-10-09', '1013', '', '-500', '0', '0', '2', '24', '0', '0', '2017-10-09', NULL, NULL, '', '0', NULL),
('655', '12', '19', '2017-10-09', '1013', '', '100', '0', '0', '2', '24', '0', '0', '2017-10-09', NULL, NULL, '', '0', NULL),
('656', '12', '19', '2017-10-09', '1013', '', '20', '0', '0', '2', '24', '0', '0', '2017-10-09', NULL, NULL, '', '0', NULL),
('657', '12', '19', '2017-10-09', '1013', '', '1', '0', '0', '2', '24', '0', '0', '2017-10-09', NULL, NULL, '', '0', NULL),
('658', '12', '19', '2017-10-09', '1013', '', '2', '0', '0', '2', '24', '0', '0', '2017-10-09', NULL, NULL, '', '0', NULL),
('659', '20', '22', '2017-10-09', '2014', '', '34000', '0', '0', NULL, NULL, '0', '0', '0000-00-00', NULL, NULL, '', '0', NULL),
('660', '20', '22', '2017-10-09', '2011', '', '-234000', '0', '0', '3', '10', '0', '0', '0000-00-00', NULL, NULL, '', '0', NULL),
('661', '20', '22', '2017-10-09', '1021', '', '200000', '0', '0', NULL, NULL, '0', '0', '0000-00-00', NULL, NULL, '', '0', NULL),
('662', '22', '33', '2017-10-09', '2011', '0', '200000', '0', '0', '3', '10', '0', '0', '2017-10-29', NULL, NULL, '', '0', NULL),
('663', '22', '33', '2017-10-09', '10122', '', '-200000', '0', '0', NULL, NULL, '0', '0', '2017-10-29', NULL, NULL, '', '', NULL),
('664', '20', '23', '2017-10-09', '2014', '', '0', '0', '0', NULL, NULL, '0', '0', '0000-00-00', NULL, NULL, '', '0', NULL),
('665', '20', '23', '2017-10-09', '2011', '', '-320000', '0', '0', '3', '11', '0', '0', '0000-00-00', NULL, NULL, '', '0', NULL),
('666', '20', '23', '2017-10-09', '1021', '', '320000', '0', '0', NULL, NULL, '0', '0', '0000-00-00', NULL, NULL, '', '0', NULL),
('667', '22', '34', '2017-10-09', '2011', '0', '320000', '0', '0', '3', '11', '0', '0', '2017-10-29', NULL, NULL, '', '0', NULL),
('668', '22', '34', '2017-10-09', '10122', '', '-320000', '0', '0', NULL, NULL, '0', '0', '2017-10-29', NULL, NULL, '', '', NULL),
('669', '20', '24', '2017-10-09', '2014', '', '19125', '0', '0', NULL, NULL, '0', '0', '0000-00-00', NULL, NULL, '', '0', NULL),
('670', '20', '24', '2017-10-09', '2011', '', '-131625', '0', '0', '3', '12', '0', '0', '0000-00-00', NULL, NULL, '', '0', NULL),
('671', '20', '24', '2017-10-09', '1021', '', '112500', '0', '0', NULL, NULL, '0', '0', '0000-00-00', NULL, NULL, '', '0', NULL),
('672', '22', '35', '2017-10-09', '2011', '0', '131625', '0', '0', '3', '12', '0', '0', '2017-10-29', NULL, NULL, '', '0', NULL),
('673', '22', '35', '2017-10-09', '10123', '', '-131625', '0', '0', NULL, NULL, '0', '0', '2017-10-29', NULL, NULL, '', '', NULL),
('674', '20', '25', '2017-10-09', '2014', '', '15937.5', '0', '0', NULL, NULL, '0', '0', '0000-00-00', NULL, NULL, '', '0', NULL),
('675', '20', '25', '2017-10-09', '2011', '', '-109687.5', '0', '0', '3', '13', '0', '0', '0000-00-00', NULL, NULL, '', '0', NULL),
('676', '20', '25', '2017-10-09', '1021', '', '93750', '0', '0', NULL, NULL, '0', '0', '0000-00-00', NULL, NULL, '', '0', NULL),
('677', '22', '36', '2017-10-09', '2011', '0', '109687.5', '0', '0', '3', '13', '0', '0', '2017-10-29', NULL, NULL, '', '0', NULL),
('678', '22', '36', '2017-10-09', '10123', '', '-109687.5', '0', '0', NULL, NULL, '0', '0', '2017-10-29', NULL, NULL, '', '', NULL),
('679', '13', '69', '2017-10-09', '5011', '', '100000', '0', '0', NULL, NULL, '0', '0', '0000-00-00', NULL, NULL, '', '', NULL),
('680', '13', '69', '2017-10-09', '1021', '', '-100000', '0', '0', NULL, NULL, '0', '0', '0000-00-00', NULL, NULL, '', '', NULL),
('681', '10', '62', '2017-10-09', '4011', '', '-128205.1', '0', '0', NULL, NULL, '0', '0', '0000-00-00', NULL, NULL, '', '0', NULL),
('682', '10', '62', '2017-10-09', '1013', '', '150000', '0', '0', '2', '27', '0', '0', '0000-00-00', NULL, NULL, '', '0', NULL),
('683', '10', '62', '2017-10-09', '2013', '', '-21794.9', '0', '0', NULL, NULL, '0', '0', '0000-00-00', NULL, NULL, '', '0', NULL),
('684', '12', '20', '2017-10-09', '10122', '', '150000', '0', '0', NULL, NULL, '0', '0', '2017-10-09', NULL, NULL, '', '', NULL),
('685', '12', '20', '2017-10-09', '1013', '', '-150000', '0', '0', '2', '27', '0', '0', '2017-10-09', NULL, NULL, '', '0', NULL),
('686', '13', '70', '2017-10-09', '5011', '', '37500', '0', '0', NULL, NULL, '0', '0', '0000-00-00', NULL, NULL, '', '', NULL),
('687', '13', '70', '2017-10-09', '1021', '', '-37500', '0', '0', NULL, NULL, '0', '0', '0000-00-00', NULL, NULL, '', '', NULL),
('688', '10', '63', '2017-10-09', '4011', '', '-44871.8', '0', '0', NULL, NULL, '0', '0', '0000-00-00', NULL, NULL, '', '0', NULL),
('689', '10', '63', '2017-10-09', '1013', '', '52500', '0', '0', '2', '27', '0', '0', '0000-00-00', NULL, NULL, '', '0', NULL),
('690', '10', '63', '2017-10-09', '2013', '', '-7628.2', '0', '0', NULL, NULL, '0', '0', '0000-00-00', NULL, NULL, '', '0', NULL),
('691', '12', '21', '2017-10-09', '10121', '', '52500', '0', '0', NULL, NULL, '0', '0', '2017-10-09', NULL, NULL, '', '', NULL),
('692', '12', '21', '2017-10-09', '1013', '', '-52500', '0', '0', '2', '27', '0', '0', '2017-10-09', NULL, NULL, '', '0', NULL),
('693', '13', '71', '2017-10-09', '5011', '', '96000', '0', '0', NULL, NULL, '0', '0', '0000-00-00', NULL, NULL, '', '', NULL),
('694', '13', '71', '2017-10-09', '1021', '', '-96000', '0', '0', NULL, NULL, '0', '0', '0000-00-00', NULL, NULL, '', '', NULL),
('695', '13', '71', '2017-10-09', '5011', '', '67500', '0', '0', NULL, NULL, '0', '0', '0000-00-00', NULL, NULL, '', '', NULL),
('696', '13', '71', '2017-10-09', '1021', '', '-67500', '0', '0', NULL, NULL, '0', '0', '0000-00-00', NULL, NULL, '', '', NULL),
('697', '10', '64', '2017-10-09', '4011', '', '-123076.9', '0', '0', NULL, NULL, '0', '0', '0000-00-00', NULL, NULL, '', '0', NULL),
('698', '10', '64', '2017-10-09', '4011', '', '-76923.1', '0', '0', NULL, NULL, '0', '0', '0000-00-00', NULL, NULL, '', '0', NULL),
('699', '10', '64', '2017-10-09', '1013', '', '234000', '0', '0', '2', '28', '0', '0', '0000-00-00', NULL, NULL, '', '0', NULL),
('700', '10', '64', '2017-10-09', '2013', '', '-34000', '0', '0', NULL, NULL, '0', '0', '0000-00-00', NULL, NULL, '', '0', NULL),
('701', '12', '22', '2017-10-09', '10122', '', '234000', '0', '0', NULL, NULL, '0', '0', '2017-10-09', NULL, NULL, '', '', NULL),
('702', '12', '22', '2017-10-09', '1013', '', '-234000', '0', '0', '2', '28', '0', '0', '2017-10-09', NULL, NULL, '', '0', NULL),
('703', '10', '65', '2017-10-09', '4011', '', '-2326495.7', '0', '0', NULL, NULL, '0', '0', '0000-00-00', NULL, NULL, '', '0', NULL),
('704', '10', '65', '2017-10-09', '1013', '', '2722000', '0', '0', '2', '17', '0', '0', '0000-00-00', NULL, NULL, '', '0', NULL),
('705', '10', '65', '2017-10-09', '2013', '', '-395504.3', '0', '0', NULL, NULL, '0', '0', '0000-00-00', NULL, NULL, '', '0', NULL),
('706', '12', '23', '2017-10-09', '10122', '', '2722000', '0', '0', NULL, NULL, '0', '0', '0000-00-00', '0', '0', '0', '0', NULL),
('707', '12', '23', '2017-10-09', '1013', '', '-2722000', '0', '0', '2', '17', '0', '0', '0000-00-00', '0', '0', '0', '0', NULL),
('708', '13', '72', '2017-10-09', '5011', '', '2625', '0', '0', NULL, NULL, '0', '0', '0000-00-00', NULL, NULL, '', '', NULL),
('709', '13', '72', '2017-10-09', '1021', '', '-2625', '0', '0', NULL, NULL, '0', '0', '0000-00-00', NULL, NULL, '', '', NULL),
('710', '10', '66', '2017-10-09', '4011', '', '-8547', '0', '0', NULL, NULL, '0', '0', '0000-00-00', NULL, NULL, '', '0', NULL),
('711', '10', '66', '2017-10-09', '1013', '', '10000', '0', '0', '2', '15', '0', '0', '0000-00-00', NULL, NULL, '', '0', NULL),
('712', '10', '66', '2017-10-09', '2013', '', '-1453', '0', '0', NULL, NULL, '0', '0', '0000-00-00', NULL, NULL, '', '0', NULL),
('713', '10', '68', '2017-10-09', '4011', '', '-1200', '0', '0', NULL, NULL, '0', '0', '0000-00-00', NULL, NULL, '', '0', NULL),
('714', '10', '68', '2017-10-09', '1013', '', '1404', '0', '0', '2', '24', '0', '0', '0000-00-00', NULL, NULL, '', '0', NULL),
('715', '10', '68', '2017-10-09', '2013', '', '-204', '0', '0', NULL, NULL, '0', '0', '0000-00-00', NULL, NULL, '', '0', NULL),
('716', '10', '69', '2017-10-09', '4011', '', '-12000', '0', '0', NULL, NULL, '0', '0', '0000-00-00', NULL, NULL, '', '0', NULL),
('717', '10', '69', '2017-10-09', '1013', '', '15210', '0', '0', '2', '24', '0', '0', '0000-00-00', NULL, NULL, '', '0', NULL),
('718', '10', '69', '2017-10-09', '4021', '', '-1000', '0', '0', NULL, NULL, '0', '0', '0000-00-00', NULL, NULL, '', '0', NULL),
('719', '10', '69', '2017-10-09', '2013', '', '-2210', '0', '0', NULL, NULL, '0', '0', '0000-00-00', NULL, NULL, '', '0', NULL),
('720', '10', '70', '2017-10-09', '4011', '', '-100000', '0', '0', NULL, NULL, '0', '0', '0000-00-00', NULL, NULL, '', '0', NULL),
('721', '10', '70', '2017-10-09', '1013', '', '122850', '0', '0', '2', '24', '0', '0', '0000-00-00', NULL, NULL, '', '0', NULL),
('722', '10', '70', '2017-10-09', '5032', '', '-5000', '0', '0', NULL, NULL, '0', '0', '0000-00-00', NULL, NULL, '', '0', NULL),
('723', '10', '70', '2017-10-09', '2013', '', '-17850', '0', '0', NULL, NULL, '0', '0', '0000-00-00', NULL, NULL, '', '0', NULL),
('724', '10', '71', '2017-10-09', '1013', '', '7020', '0', '0', '2', '24', '0', '0', '0000-00-00', NULL, NULL, '', '0', NULL),
('725', '10', '71', '2017-10-09', '4021', '', '-6000', '0', '0', NULL, NULL, '0', '0', '0000-00-00', NULL, NULL, '', '0', NULL),
('726', '10', '71', '2017-10-09', '2013', '', '-1020', '0', '0', NULL, NULL, '0', '0', '0000-00-00', NULL, NULL, '', '0', NULL),
('727', '10', '72', '2017-10-09', '4011', '', '-100000', '0', '0', NULL, NULL, '0', '0', '0000-00-00', NULL, NULL, '', '0', NULL),
('728', '10', '72', '2017-10-09', '1013', '', '125190', '0', '0', '2', '24', '0', '0', '0000-00-00', NULL, NULL, '', '0', NULL),
('729', '10', '72', '2017-10-09', '4021', '', '-7000', '0', '0', NULL, NULL, '0', '0', '0000-00-00', NULL, NULL, '', '0', NULL),
('730', '10', '72', '2017-10-09', '2013', '', '-18190', '0', '0', NULL, NULL, '0', '0', '0000-00-00', NULL, NULL, '', '0', NULL),
('731', '10', '73', '2017-10-09', '4011', '', '-228000', '0', '0', NULL, NULL, '0', '0', '0000-00-00', NULL, NULL, '', '0', NULL),
('732', '10', '73', '2017-10-09', '1013', '', '276120', '0', '0', '2', '24', '0', '0', '0000-00-00', NULL, NULL, '', '0', NULL),
('733', '10', '73', '2017-10-09', '5032', '', '-8000', '0', '0', NULL, NULL, '0', '0', '0000-00-00', NULL, NULL, '', '0', NULL),
('734', '10', '73', '2017-10-09', '2013', '', '-40120', '0', '0', NULL, NULL, '0', '0', '0000-00-00', NULL, NULL, '', '0', NULL),
('735', '10', '74', '2017-10-09', '4011', '', '-228000', '0', '0', NULL, NULL, '0', '0', '0000-00-00', NULL, NULL, '', '0', NULL),
('736', '10', '74', '2017-10-09', '1013', '', '272610', '0', '0', '2', '24', '0', '0', '0000-00-00', NULL, NULL, '', '0', NULL),
('737', '10', '74', '2017-10-09', '4021', '', '-5000', '0', '0', NULL, NULL, '0', '0', '0000-00-00', NULL, NULL, '', '0', NULL),
('738', '10', '74', '2017-10-09', '2013', '', '-39610', '0', '0', NULL, NULL, '0', '0', '0000-00-00', NULL, NULL, '', '0', NULL),
('739', '20', '26', '2017-10-10', '2014', '', '0', '0', '0', NULL, NULL, '0', '0', '0000-00-00', NULL, NULL, '', '0', NULL),
('740', '20', '26', '2017-10-10', '2011', '', '0', '0', '0', '3', '14', '0', '0', '0000-00-00', NULL, NULL, '', '0', NULL),
('741', '20', '26', '2017-10-10', '1021', '', '0', '0', '0', NULL, NULL, '0', '0', '0000-00-00', NULL, NULL, '', '0', NULL),
('742', '22', '37', '2017-10-10', '2011', '0', '29250', '0', '0', '3', '14', '0', '0', '2017-10-30', NULL, NULL, '', '0', NULL),
('743', '22', '37', '2017-10-10', '5036', '', '-25', '0', '0', NULL, NULL, '0', '0', '2017-10-30', NULL, NULL, '', '', NULL),
('744', '22', '37', '2017-10-10', '10122', '', '-29225', '0', '0', NULL, NULL, '0', '0', '2017-10-30', NULL, NULL, '', '', NULL),
('745', '22', '38', '2017-10-10', '2011', '0', '29250', '0', '0', '3', '14', '0', '0', '2017-10-30', NULL, NULL, '', '0', NULL),
('746', '22', '38', '2017-10-10', '10122', '', '-29250', '0', '0', NULL, NULL, '0', '0', '2017-10-30', NULL, NULL, '', '', NULL),
('747', '12', '24', '2017-10-10', '10123', '', '234', '0', '0', NULL, NULL, '0', '0', '2017-10-11', NULL, NULL, '', '123', NULL),
('748', '12', '24', '2017-10-10', '1013', '', '-468', '0', '0', '2', '24', '123', '0', '2017-10-11', NULL, NULL, '', '0', NULL),
('749', '12', '24', '2017-10-10', '4025', '', '234', '0', '0', NULL, NULL, '123', '0', '2017-10-11', NULL, NULL, '', '0', NULL),
('750', '20', '27', '2017-10-10', '2014', '', '4250', '0', '0', NULL, NULL, '0', '0', '0000-00-00', NULL, NULL, '', '0', NULL),
('751', '20', '27', '2017-10-10', '2011', '', '-29250', '0', '0', '3', '14', '0', '0', '0000-00-00', NULL, NULL, '', '0', NULL),
('752', '20', '27', '2017-10-10', '1021', '', '25000', '0', '0', NULL, NULL, '0', '0', '0000-00-00', NULL, NULL, '', '0', NULL),
('753', '21', '5', '2017-10-10', '2014', '', '-4250', '0', '0', NULL, NULL, '0', '0', '0000-00-00', NULL, NULL, '', '0', NULL),
('754', '21', '5', '2017-10-10', '2011', '', '29250', '0', '0', '3', '14', '0', '0', '0000-00-00', NULL, NULL, '', '0', NULL),
('755', '21', '5', '2017-10-10', '1021', '', '-25000', '0', '0', NULL, NULL, '0', '0', '0000-00-00', NULL, NULL, '', '0', NULL),
('756', '20', '28', '2017-10-10', '2014', '', '0', '0', '0', NULL, NULL, '0', '0', '0000-00-00', NULL, NULL, '', '0', NULL),
('757', '20', '28', '2017-10-10', '2011', '', '0', '0', '0', '3', '14', '0', '0', '0000-00-00', NULL, NULL, '', '0', NULL),
('758', '20', '28', '2017-10-10', '1021', '', '0', '0', '0', NULL, NULL, '0', '0', '0000-00-00', NULL, NULL, '', '0', NULL),
('759', '20', '29', '2017-10-10', '2014', '', '4250', '0', '0', NULL, NULL, '0', '0', '0000-00-00', NULL, NULL, '', '0', NULL),
('760', '20', '29', '2017-10-10', '2011', '', '-29250', '0', '0', '3', '14', '0', '0', '0000-00-00', NULL, NULL, '', '0', NULL),
('761', '20', '29', '2017-10-10', '1021', '', '25000', '0', '0', NULL, NULL, '0', '0', '0000-00-00', NULL, NULL, '', '0', NULL),
('762', '13', '80', '2017-10-10', '5011', '', '11750', '0', '0', NULL, NULL, '0', '0', '0000-00-00', NULL, NULL, '', '', NULL),
('763', '13', '80', '2017-10-10', '1021', '', '-11750', '0', '0', NULL, NULL, '0', '0', '0000-00-00', NULL, NULL, '', '', NULL),
('764', '10', '75', '2017-10-10', '4011', '', '-24102.6', '0', '0', NULL, NULL, '0', '0', '0000-00-00', NULL, NULL, '', '0', NULL),
('765', '10', '75', '2017-10-10', '1013', '', '28200', '0', '0', '2', '29', '0', '0', '0000-00-00', NULL, NULL, '', '0', NULL),
('766', '10', '75', '2017-10-10', '2013', '', '-4097.4', '0', '0', NULL, NULL, '0', '0', '0000-00-00', NULL, NULL, '', '0', NULL),
('767', '12', '25', '2017-10-10', '10122', '', '28200', '0', '0', NULL, NULL, '0', '0', '2017-10-10', NULL, NULL, '', '', NULL),
('768', '12', '25', '2017-10-10', '1013', '', '-28200', '0', '0', '2', '29', '0', '0', '2017-10-10', NULL, NULL, '', '0', NULL),
('769', '12', '26', '2017-10-10', '10122', '', '1000000', '0', '0', NULL, NULL, '0', '0', '2017-10-10', NULL, NULL, '', '', NULL),
('770', '12', '26', '2017-10-10', '1013', '', '-1000000', '0', '0', '2', '29', '0', '0', '2017-10-10', NULL, NULL, '', '0', NULL),
('771', '20', '30', '2017-10-10', '2014', '', '255000', '0', '0', NULL, NULL, '0', '0', '0000-00-00', NULL, NULL, '', '0', NULL),
('772', '20', '30', '2017-10-10', '2011', '', '-1755000', '0', '0', '3', '14', '0', '0', '0000-00-00', NULL, NULL, '', '0', NULL),
('773', '20', '30', '2017-10-10', '1021', '', '1500000', '0', '0', NULL, NULL, '0', '0', '0000-00-00', NULL, NULL, '', '0', NULL),
('774', '22', '39', '2017-10-10', '2011', '0', '1755000', '0', '0', '3', '14', '0', '0', '2017-10-30', NULL, NULL, '', '0', NULL),
('775', '22', '39', '2017-10-10', '10122', '', '-1755000', '0', '0', NULL, NULL, '0', '0', '2017-10-30', NULL, NULL, '', '', NULL),
('776', '12', '27', '2017-10-10', '10122', '', '500000', '0', '0', NULL, NULL, '0', '0', '2017-10-10', NULL, NULL, '', '', NULL),
('777', '12', '27', '2017-10-10', '1013', '', '-500000', '0', '0', '2', '29', '0', '0', '2017-10-10', NULL, NULL, '', '0', NULL),
('778', '13', '81', '2017-10-10', '4011', '', '-1169231.4', '0', '0', NULL, NULL, '0', '0', '0000-00-00', NULL, NULL, '', '0', NULL),
('779', '13', '81', '2017-10-10', '5011', '', '900000', '0', '0', NULL, NULL, '0', '0', '0000-00-00', NULL, NULL, '', '', NULL),
('780', '13', '81', '2017-10-10', '1021', '', '-900000', '0', '0', NULL, NULL, '0', '0', '0000-00-00', NULL, NULL, '', '', NULL),
('781', '13', '81', '2017-10-10', '4022', '', '1169231.4', '0', '0', NULL, NULL, '0', '0', '0000-00-00', NULL, NULL, '', '0', NULL),
('782', '13', '82', '2017-10-10', '5011', '', '3750', '0', '0', NULL, NULL, '0', '0', '0000-00-00', NULL, NULL, '', '', NULL),
('783', '13', '82', '2017-10-10', '1021', '', '-3750', '0', '0', NULL, NULL, '0', '0', '0000-00-00', NULL, NULL, '', '', NULL),
('784', '10', '76', '2017-10-10', '4011', '', '-4273.5', '0', '0', NULL, NULL, '0', '0', '0000-00-00', NULL, NULL, '', '0', NULL),
('785', '10', '76', '2017-10-10', '1013', '', '5000', '0', '0', '2', '30', '0', '0', '0000-00-00', NULL, NULL, '', '0', NULL),
('786', '10', '76', '2017-10-10', '2013', '', '-726.5', '0', '0', NULL, NULL, '0', '0', '0000-00-00', NULL, NULL, '', '0', NULL),
('787', '13', '83', '2017-10-10', '5011', '', '250', '0', '0', NULL, NULL, '0', '0', '0000-00-00', NULL, NULL, '', '', NULL),
('788', '13', '83', '2017-10-10', '1021', '', '-250', '0', '0', NULL, NULL, '0', '0', '0000-00-00', NULL, NULL, '', '', NULL),
('789', '10', '77', '2017-10-10', '4011', '', '-213.7', '0', '0', NULL, NULL, '0', '0', '0000-00-00', NULL, NULL, '', '0', NULL),
('790', '10', '77', '2017-10-10', '1013', '', '250', '0', '0', '2', '30', '0', '0', '0000-00-00', NULL, NULL, '', '0', NULL),
('791', '10', '77', '2017-10-10', '2013', '', '-36.3', '0', '0', NULL, NULL, '0', '0', '0000-00-00', NULL, NULL, '', '0', NULL),
('792', '12', '28', '2017-10-10', '10121', '', '250', '0', '0', NULL, NULL, '0', '0', '2017-10-10', NULL, NULL, '', '', NULL),
('793', '12', '28', '2017-10-10', '1013', '', '-250', '0', '0', '2', '30', '0', '0', '2017-10-10', NULL, NULL, '', '0', NULL),
('794', '13', '84', '2017-10-10', '5011', '', '8000', '0', '0', NULL, NULL, '0', '0', '0000-00-00', NULL, NULL, '', '', NULL),
('795', '13', '84', '2017-10-10', '1021', '', '-8000', '0', '0', NULL, NULL, '0', '0', '0000-00-00', NULL, NULL, '', '', NULL),
('796', '10', '78', '2017-10-10', '4011', '', '-10256.4', '0', '0', NULL, NULL, '0', '0', '0000-00-00', NULL, NULL, '', '0', NULL),
('797', '10', '78', '2017-10-10', '1013', '', '12000', '0', '0', '2', '30', '0', '0', '0000-00-00', NULL, NULL, '', '0', NULL),
('798', '10', '78', '2017-10-10', '2013', '', '-1743.6', '0', '0', NULL, NULL, '0', '0', '0000-00-00', NULL, NULL, '', '0', NULL),
('799', '12', '29', '2017-10-10', '10121', '', '12000', '0', '0', NULL, NULL, '0', '0', '2017-10-10', NULL, NULL, '', '', NULL),
('800', '12', '29', '2017-10-10', '1013', '', '-12000', '0', '0', '2', '30', '0', '0', '2017-10-10', NULL, NULL, '', '0', NULL),
('801', '13', '85', '2017-10-10', '5011', '', '462.5', '0', '0', NULL, NULL, '0', '0', '0000-00-00', NULL, NULL, '', '', NULL),
('802', '13', '85', '2017-10-10', '1021', '', '-462.5', '0', '0', NULL, NULL, '0', '0', '0000-00-00', NULL, NULL, '', '', NULL),
('803', '10', '79', '2017-10-10', '4011', '', '-1538.5', '0', '0', NULL, NULL, '0', '0', '0000-00-00', NULL, NULL, '', '0', NULL),
('804', '10', '79', '2017-10-10', '1013', '', '1800', '0', '0', '2', '30', '0', '0', '0000-00-00', NULL, NULL, '', '0', NULL),
('805', '10', '79', '2017-10-10', '2013', '', '-261.5', '0', '0', NULL, NULL, '0', '0', '0000-00-00', NULL, NULL, '', '0', NULL),
('806', '12', '30', '2017-10-10', '10122', '', '6800', '0', '0', NULL, NULL, '0', '0', '2017-10-10', NULL, NULL, '', '', NULL),
('807', '12', '30', '2017-10-10', '1013', '', '-6800', '0', '0', '2', '30', '0', '0', '2017-10-10', NULL, NULL, '', '0', NULL),
('808', '13', '86', '2017-10-10', '5011', '', '7500', '0', '0', NULL, NULL, '0', '0', '0000-00-00', NULL, NULL, '', '', NULL),
('809', '13', '86', '2017-10-10', '1021', '', '-7500', '0', '0', NULL, NULL, '0', '0', '0000-00-00', NULL, NULL, '', '', NULL),
('810', '10', '80', '2017-10-10', '4011', '', '-8974.4', '0', '0', NULL, NULL, '0', '0', '0000-00-00', NULL, NULL, '', '0', NULL),
('811', '10', '80', '2017-10-10', '1013', '', '10500', '0', '0', '2', '30', '0', '0', '0000-00-00', NULL, NULL, '', '0', NULL),
('812', '10', '80', '2017-10-10', '2013', '', '-1525.6', '0', '0', NULL, NULL, '0', '0', '0000-00-00', NULL, NULL, '', '0', NULL),
('813', '20', '31', '2017-10-10', '2014', '', '42.5', '0', '0', NULL, NULL, '0', '0', '0000-00-00', NULL, NULL, '', '0', NULL),
('814', '20', '31', '2017-10-10', '2011', '', '-292.5', '0', '0', '3', '15', '0', '0', '0000-00-00', NULL, NULL, '', '0', NULL),
('815', '20', '31', '2017-10-10', '1021', '', '250', '0', '0', NULL, NULL, '0', '0', '0000-00-00', NULL, NULL, '', '0', NULL),
('816', '22', '40', '2017-10-10', '2011', '0', '292.5', '0', '0', '3', '15', '0', '0', '2017-10-30', NULL, NULL, '', '0', NULL);
INSERT INTO `0_gl_trans` VALUES
('817', '22', '40', '2017-10-10', '10121', '', '-292.5', '0', '0', NULL, NULL, '0', '0', '2017-10-30', NULL, NULL, '', '', NULL),
('818', '20', '32', '2017-10-10', '2014', '', '9180', '0', '0', NULL, NULL, '0', '0', '0000-00-00', NULL, NULL, '', '0', NULL),
('819', '20', '32', '2017-10-10', '2011', '', '-63180', '0', '0', '3', '15', '0', '0', '0000-00-00', NULL, NULL, '', '0', NULL),
('820', '20', '32', '2017-10-10', '1021', '', '54000', '0', '0', NULL, NULL, '0', '0', '0000-00-00', NULL, NULL, '', '0', NULL),
('821', '22', '41', '2017-10-10', '2011', '0', '63180', '0', '0', '3', '15', '0', '0', '2017-10-30', NULL, NULL, '', '0', NULL),
('822', '22', '41', '2017-10-10', '10121', '', '-63180', '0', '0', NULL, NULL, '0', '0', '2017-10-30', NULL, NULL, '', '', NULL),
('823', '20', '33', '2017-10-10', '2014', '', '8500', '0', '0', NULL, NULL, '0', '0', '0000-00-00', NULL, NULL, '', '0', NULL),
('824', '20', '33', '2017-10-10', '2011', '', '-58500', '0', '0', '3', '12', '0', '0', '0000-00-00', NULL, NULL, '', '0', NULL),
('825', '20', '33', '2017-10-10', '5011', '', '20000', '0', '0', NULL, NULL, '0', '0', '0000-00-00', NULL, NULL, '', '0', NULL),
('826', '20', '33', '2017-10-10', '1021', '', '30000', '0', '0', NULL, NULL, '0', '0', '0000-00-00', NULL, NULL, '', '0', NULL),
('827', '22', '42', '2017-10-10', '2011', '0', '78000', '0', '0', '3', '15', '0', '0', '2017-10-30', NULL, NULL, '', '0', NULL),
('828', '22', '42', '2017-10-10', '10121', '', '-78000', '0', '0', NULL, NULL, '0', '0', '2017-10-30', NULL, NULL, '', '', NULL),
('829', '20', '34', '2017-10-10', '2014', '', '425', '0', '0', NULL, NULL, '0', '0', '0000-00-00', NULL, NULL, '', '0', NULL),
('830', '20', '34', '2017-10-10', '2011', '', '-2925', '0', '0', '3', '12', '0', '0', '0000-00-00', NULL, NULL, '', '0', NULL),
('831', '20', '34', '2017-10-10', '1021', '', '2500', '0', '0', NULL, NULL, '0', '0', '0000-00-00', NULL, NULL, '', '0', NULL),
('832', '22', '43', '2017-10-10', '2011', '0', '78999', '0', '0', '3', '15', '0', '0', '2017-10-30', NULL, NULL, '', '0', NULL),
('833', '22', '43', '2017-10-10', '10121', '', '-78999', '0', '0', NULL, NULL, '0', '0', '2017-10-30', NULL, NULL, '', '', NULL),
('834', '13', '87', '2017-10-10', '5011', '', '90000', '0', '0', NULL, NULL, '0', '0', '0000-00-00', NULL, NULL, '', '', NULL),
('835', '13', '87', '2017-10-10', '1021', '', '-90000', '0', '0', NULL, NULL, '0', '0', '0000-00-00', NULL, NULL, '', '', NULL),
('836', '10', '81', '2017-10-10', '4011', '', '-210000', '0', '0', NULL, NULL, '0', '0', '0000-00-00', NULL, NULL, '', '0', NULL),
('837', '10', '81', '2017-10-10', '1013', '', '245700', '0', '0', '2', '7', '0', '0', '0000-00-00', NULL, NULL, '', '0', NULL),
('838', '10', '81', '2017-10-10', '2013', '', '-35700', '0', '0', NULL, NULL, '0', '0', '0000-00-00', NULL, NULL, '', '0', NULL);

### Structure of table `0_grn_batch` ###

DROP TABLE IF EXISTS `0_grn_batch`;

CREATE TABLE `0_grn_batch` (
  `id` int(11) NOT NULL AUTO_INCREMENT,
  `supplier_id` int(11) NOT NULL DEFAULT '0',
  `purch_order_no` int(11) DEFAULT NULL,
  `reference` varchar(60) COLLATE utf8_unicode_ci NOT NULL DEFAULT '',
  `delivery_date` date NOT NULL DEFAULT '0000-00-00',
  `loc_code` varchar(5) COLLATE utf8_unicode_ci DEFAULT NULL,
  `rate` double DEFAULT '1',
  `requisition_no` int(11) NOT NULL,
  `h_text1` varchar(30) COLLATE utf8_unicode_ci NOT NULL,
  `h_text2` varchar(30) COLLATE utf8_unicode_ci NOT NULL,
  `h_text3` varchar(30) COLLATE utf8_unicode_ci NOT NULL,
  `h_comb1` varchar(30) COLLATE utf8_unicode_ci NOT NULL,
  `h_comb2` varchar(30) COLLATE utf8_unicode_ci NOT NULL,
  `h_comb3` varchar(30) COLLATE utf8_unicode_ci NOT NULL,
  `Comments1` text COLLATE utf8_unicode_ci NOT NULL,
  `Comments2` text COLLATE utf8_unicode_ci NOT NULL,
  PRIMARY KEY (`id`),
  KEY `delivery_date` (`delivery_date`),
  KEY `purch_order_no` (`purch_order_no`)
) ENGINE=InnoDB AUTO_INCREMENT=72 DEFAULT CHARSET=utf8 COLLATE=utf8_unicode_ci ;

### Data of table `0_grn_batch` ###

INSERT INTO `0_grn_batch` VALUES
('1', '1', '1', 'GRN001/09/2017', '2017-09-13', 'DEF', '1', '0', '', '', '', '0', '0', '0', 'Memo1:	', 'Memo2:	'),
('2', '1', '2', 'auto', '2017-09-13', 'DEF', '1', '0', '', '', '', '', '', '', '', ''),
('3', '1', '3', 'GRN002/09/2017', '2017-09-13', 'DEF', '1', '0', '', '', '', '0', '0', '0', '', ''),
('4', '1', '4', 'GRN002/09/2017', '2017-09-15', 'DEF', '1', '1222333333', '', '', '', '0', '0', '0', '', ''),
('5', '1', '3', 'GRN003/09/2017', '2017-09-15', 'DEF', '1', '0', '', '', '', '0', '0', '0', '', ''),
('6', '1', '5', 'GRN004/09/2017', '2017-09-17', 'DEF', '1', '0', '', '', '', '0', '0', '0', '', ''),
('7', '1', '6', 'GRN005/09/2017', '2017-09-17', 'DEF', '1', '0', '', '', '', '0', '0', '0', '', ''),
('8', '1', '7', 'GRN006/09/2017', '2017-09-17', 'DEF', '1', '0', '', '', '', '0', '0', '0', '', ''),
('9', '1', '8', 'GRN007/09/2017', '2017-09-26', 'DEF', '1', '0', '', '', '', '0', '0', '0', '', ''),
('10', '2', '9', 'GRN008/09/2017', '2017-09-28', 'DEF', '1', '0', '', '', '', '0', '0', '0', '', ''),
('11', '2', '10', 'GRN009/09/2017', '2017-09-28', 'DEF', '1', '0', '', '', '', '0', '0', '0', '', ''),
('12', '2', '11', 'GRN010/09/2017', '2017-09-29', 'DEF', '1', '2323', '', '', '', '0', '0', '0', '', ''),
('13', '2', '12', 'GRN011/09/2017', '2017-09-29', 'DEF', '1', '213213', '', '', '', '0', '0', '0', '', ''),
('14', '2', '13', 'GRN012/09/2017', '2017-09-29', 'DEF', '1', '0', '', '', '', '0', '0', '0', '', ''),
('15', '2', '14', 'GRN013/09/2017', '2017-09-30', 'DEF', '1', '0', '', '', '', '0', '0', '0', '', ''),
('16', '2', '15', 'auto', '2017-09-30', 'DEF', '1', '435', '', '', '', '', '', '', '', ''),
('17', '2', '16', 'GRN001/10/2017', '2017-10-02', 'DEF', '1', '0', '', '', '', '0', '0', '0', '', ''),
('18', '2', '17', 'GRN001/10/2017', '2017-10-02', 'DEF', '1', '0', '', '', '', '0', '0', '0', '', ''),
('19', '2', '18', 'GRN002/10/2017', '2017-10-02', 'DEF', '1', '0', '', '', '', '0', '0', '0', '', ''),
('20', '2', '19', 'GRN003/10/2017', '2017-10-05', 'DEF', '1', '0', '', '', '', '0', '0', '0', '', ''),
('21', '2', '20', 'GRN004/10/2017', '2017-10-05', 'DEF', '1', '7', '', '', '', '0', '0', '0', '', ''),
('48', '2', '28', 'auto', '2017-10-06', 'DEF', '1', '6363', '', '', '', '', '', '', '', ''),
('49', '8', '29', 'GRN005/10/2017', '2017-10-06', 'DEF', '1', '0', '', '', '', '0', '0', '0', '', ''),
('50', '3', '22', 'GRN006/10/2017', '2017-10-06', 'DEF', '1', '0', '', '', '', '0', '0', '0', '', ''),
('51', '2', '30', 'auto', '2017-10-06', 'DEF', '1', '1222', '', '', '', '', '', '', '', ''),
('52', '4', '25', 'GRN007/10/2017', '2017-10-06', 'DEF', '1', '0', '', '', '', '0', '0', '0', '', ''),
('53', '3', '31', 'GRN008/10/2017', '2017-10-07', 'DEF', '1', '0', '', '', '', '0', '0', '0', '', ''),
('54', '4', '32', 'GRN009/10/2017', '2017-10-07', 'DEF', '1', '876876', '', '', '', '0', '0', '0', '', ''),
('55', '8', '33', 'GRN010/10/2017', '2017-10-07', 'DEF', '1', '0', '', '', '', '0', '0', '0', '', ''),
('56', '9', '34', 'GRN011/10/2017', '2017-10-07', 'DEF', '1', '0', '', '', '', '0', '0', '0', '', ''),
('57', '9', '35', 'auto', '2017-10-07', 'DEF', '1', '3100209', '', '', '', '', '', '', '', ''),
('58', '2', '36', 'auto', '2017-10-08', 'DEF', '1', '0', '', '', '', '', '', '', '', ''),
('59', '2', '37', 'auto', '2017-10-08', 'DEF', '1', '0', '', '', '', '', '', '', '', ''),
('60', '10', '38', 'GRN012/10/2017', '2017-10-09', 'DEF', '1', '8765', '', '', '', '0', '0', '0', '', ''),
('61', '11', '39', 'GRN013/10/2017', '2017-10-09', 'DEF', '1', '5674', '', '', '', '0', '0', '0', '', ''),
('62', '12', '40', 'GRN014/10/2017', '2017-10-09', 'DEF', '1', '54246', '', '', '', '0', '0', '0', '', ''),
('63', '13', '41', 'GRN015/10/2017', '2017-10-09', 'DEF', '1', '433467', '', '', '', '0', '0', '0', '', ''),
('64', '12', '42', 'GRN016/10/2017', '2017-10-10', 'DEF', '1', '0', '', '', '', '0', '0', '0', '', ''),
('65', '14', '43', 'GRN017/10/2017', '2017-10-10', 'DEF', '1', '90078601', '', '', '', '0', '0', '0', '', ''),
('66', '14', '44', 'GRN018/10/2017', '2017-10-10', 'DEF', '1', '90078601', '', '', '', '0', '0', '0', '', ''),
('67', '14', '45', 'GRN019/10/2017', '2017-10-10', 'DEF', '1', '544089', '', '', '', '0', '0', '0', '', ''),
('68', '15', '46', 'GRN020/10/2017', '2017-10-10', 'DEF', '1', '0', '', '', '', '0', '0', '0', '', ''),
('69', '15', '47', 'GRN021/10/2017', '2017-10-10', 'DEF', '1', '0', '', '', '', '0', '0', '0', '', ''),
('70', '12', '48', 'GRN022/10/2017', '2017-10-10', 'DEF', '1', '0', '', '', '', '0', '0', '0', '', ''),
('71', '12', '49', 'GRN023/10/2017', '2017-10-10', 'DEF', '1', '0', '', '', '', '0', '0', '0', '', '');

### Structure of table `0_grn_items` ###

DROP TABLE IF EXISTS `0_grn_items`;

CREATE TABLE `0_grn_items` (
  `id` int(11) NOT NULL AUTO_INCREMENT,
  `grn_batch_id` int(11) DEFAULT NULL,
  `po_detail_item` int(11) NOT NULL DEFAULT '0',
  `item_code` varchar(20) COLLATE utf8_unicode_ci NOT NULL DEFAULT '',
  `description` tinytext COLLATE utf8_unicode_ci,
  `qty_recd` double NOT NULL DEFAULT '0',
  `quantity_inv` double NOT NULL DEFAULT '0',
  `grn_batch` varchar(50) COLLATE utf8_unicode_ci NOT NULL,
  `text1` varchar(30) COLLATE utf8_unicode_ci NOT NULL,
  `text2` varchar(30) COLLATE utf8_unicode_ci NOT NULL,
  `text3` varchar(30) COLLATE utf8_unicode_ci NOT NULL,
  `text4` varchar(55) COLLATE utf8_unicode_ci NOT NULL,
  `text5` varchar(55) COLLATE utf8_unicode_ci NOT NULL,
  `text6` varchar(55) COLLATE utf8_unicode_ci NOT NULL,
  `amount1` double NOT NULL,
  `amount2` double NOT NULL,
  `amount3` double NOT NULL,
  `amount4` double NOT NULL,
  `amount5` double NOT NULL,
  `amount6` double NOT NULL,
  `date1` date NOT NULL DEFAULT '0000-00-00',
  `date2` date NOT NULL DEFAULT '0000-00-00',
  `date3` date NOT NULL DEFAULT '0000-00-00',
  `combo1` int(11) NOT NULL,
  `combo2` int(11) NOT NULL,
  `combo3` int(11) NOT NULL,
  `combo4` int(11) NOT NULL,
  `combo5` int(11) NOT NULL,
  `combo6` int(11) NOT NULL,
  PRIMARY KEY (`id`),
  KEY `grn_batch_id` (`grn_batch_id`)
) ENGINE=InnoDB AUTO_INCREMENT=49 DEFAULT CHARSET=utf8 COLLATE=utf8_unicode_ci ;

### Data of table `0_grn_items` ###

INSERT INTO `0_grn_items` VALUES
('1', '1', '1', '1001', 'Test Item', '10', '10', '', '', '', '', '', '', '', '0', '0', '0', '0', '0', '0', '0000-00-00', '0000-00-00', '0000-00-00', '0', '0', '0', '0', '0', '0'),
('2', '2', '2', '1001', 'Test Item', '0', '0', '', '', '', '', '', '', '', '0', '0', '0', '0', '0', '0', '0000-00-00', '0000-00-00', '0000-00-00', '0', '0', '0', '0', '0', '0'),
('3', '3', '3', '1001', 'Test Item', '0', '0', '', '', '', '', '', '', '', '0', '0', '0', '0', '0', '0', '0000-00-00', '0000-00-00', '0000-00-00', '0', '0', '0', '0', '0', '0'),
('4', '4', '4', '1001', 'Test Item', '10', '0', '', '', '', '', '', '', '', '0', '0', '0', '0', '0', '0', '0000-00-00', '0000-00-00', '0000-00-00', '0', '0', '0', '0', '0', '0'),
('5', '5', '3', '1001', 'Test Item', '1', '0', '', '', '', '', '', '', '', '0', '0', '0', '0', '0', '0', '0000-00-00', '0000-00-00', '0000-00-00', '0', '0', '0', '0', '0', '0'),
('6', '6', '5', '1001', 'Test Item', '1', '0', '', '1', '2', '3', '41', '51', '61', '0', '0', '0', '0', '0', '0', '0000-00-00', '0000-00-00', '0000-00-00', '0', '0', '0', '0', '0', '0'),
('7', '6', '6', '1001', 'Test Item', '1', '0', '', '1', '2', '3', '4', '5', '6', '0', '0', '0', '0', '0', '0', '0000-00-00', '0000-00-00', '0000-00-00', '0', '0', '0', '0', '0', '0'),
('8', '7', '7', '1001', 'Test Item', '1', '1', '', '1', '2', '3', '4', '5', '6', '0', '0', '0', '0', '0', '0', '0000-00-00', '0000-00-00', '0000-00-00', '0', '0', '0', '0', '0', '0'),
('9', '8', '8', '1001', 'Test Item', '1', '0', '', '11', '111', '1111', '1', '11111', '1', '0', '0', '0', '0', '0', '0', '0000-00-00', '0000-00-00', '0000-00-00', '0', '0', '0', '0', '0', '0'),
('10', '9', '9', '1001', 'Test Item', '1', '0', '', '', '', '', '', '', '', '0', '0', '0', '0', '0', '0', '0000-00-00', '0000-00-00', '0000-00-00', '0', '0', '0', '0', '0', '0'),
('11', '10', '10', '3001', 'MODULO', '1', '1', '', '', '', '', '', '', '', '0', '0', '0', '0', '0', '0', '0000-00-00', '0000-00-00', '0000-00-00', '0', '0', '0', '0', '0', '0'),
('12', '11', '11', '1001', 'Test Item', '1', '1', '', '', '', '', '', '', '', '0', '0', '0', '0', '0', '0', '0000-00-00', '0000-00-00', '0000-00-00', '0', '0', '0', '0', '0', '0'),
('13', '12', '12', '3001', 'MODULO', '0', '0', '', '11', '22', '44', '666', '7877', '888', '999', '1', '3', '555', '666', '7', '2017-09-12', '2017-09-15', '2017-09-29', '1', '1', '1', '1', '1', '0'),
('14', '13', '13', '3001', 'MODULO', '0', '0', '', '1', '23', '45455', '65', '6', '66', '78', '7', '98', '7', '3', '33', '2017-09-29', '2017-09-29', '2017-09-29', '1', '0', '1', '0', '1', '0'),
('15', '14', '14', '3001', 'MODULO', '0', '0', '', '1', '33', '45', '55', '5', '65', '66', '677', '7', '7', '77', '7', '2017-09-29', '2017-09-29', '2017-09-29', '1', '1', '1', '1', '1', '0'),
('16', '15', '15', '3001', 'MODULO', '1', '1', '', '9', '8', '7', '6', '5', '4', '3', '2', '1', '3', '4', '5', '2017-09-25', '2017-09-26', '2017-09-27', '1', '0', '1', '0', '1', '0'),
('17', '16', '16', '3001', 'MODULO', '0', '0', '', '66', '55', '44', '332', '22', '11', '22', '33', '44', '55', '66', '77', '2017-09-30', '2017-09-30', '2017-09-30', '1', '1', '1', '1', '1', '1'),
('18', '17', '17', '3001', 'MODULO', '0', '0', '', '', '', '', '', '', '', '0', '0', '0', '0', '0', '0', '0000-00-00', '0000-00-00', '0000-00-00', '0', '0', '0', '0', '0', '0'),
('19', '18', '18', '3001', 'MODULO', '1', '1', '', '', '', '', '', '', '', '0', '0', '0', '0', '0', '0', '0000-00-00', '0000-00-00', '0000-00-00', '0', '0', '0', '0', '0', '0'),
('20', '19', '19', '3001', 'MODULO', '1', '1', '', '', '', '', '', '', '', '0', '0', '0', '0', '0', '0', '0000-00-00', '0000-00-00', '0000-00-00', '0', '0', '0', '0', '0', '0'),
('21', '20', '20', '2001', 'BOPP PLAIN BST', '5', '5', '', '', '', '', '', '', '', '0', '0', '0', '0', '0', '0', '0000-00-00', '0000-00-00', '0000-00-00', '0', '0', '0', '0', '0', '0'),
('22', '21', '21', '3001', 'MODULO', '5', '5', '', '', '', '', '', '', '', '0', '0', '0', '0', '0', '0', '0000-00-00', '0000-00-00', '0000-00-00', '0', '0', '0', '0', '0', '0'),
('24', '48', '29', '3001', 'MODULO', '1', '1', '0', '', '', '', '', '', '', '0', '0', '0', '0', '0', '0', '0000-00-00', '0000-00-00', '0000-00-00', '0', '0', '0', '0', '0', '0'),
('25', '49', '30', '00003', 'Premium White', '10', '10', '0', '', '', '', '', '', '', '0', '0', '0', '0', '0', '0', '0000-00-00', '0000-00-00', '0000-00-00', '0', '0', '0', '0', '0', '0'),
('26', '50', '23', '00001', 'Vinyl Blue', '10', '10', '0', '', '', '', '', '', '', '0', '0', '0', '0', '0', '0', '0000-00-00', '0000-00-00', '0000-00-00', '0', '0', '0', '0', '0', '0'),
('27', '51', '31', '3001', 'MODULO', '12', '12', '0', '', '', '', '', '', '', '0', '0', '0', '0', '0', '0', '0000-00-00', '0000-00-00', '0000-00-00', '0', '0', '0', '0', '0', '0'),
('28', '52', '26', '00002', 'Mist Green', '10', '10', '0', '', '', '', '', '', '', '0', '0', '0', '0', '0', '0', '0000-00-00', '0000-00-00', '0000-00-00', '0', '0', '0', '0', '0', '0'),
('29', '53', '32', '00001', 'Vinyl Blue', '10', '10', '0', '', '', '', '', '', '', '0', '0', '0', '0', '0', '0', '0000-00-00', '0000-00-00', '0000-00-00', '0', '0', '0', '0', '0', '0'),
('30', '54', '33', '00002', 'Mist Green', '10', '10', '0', '', '', '', '', '', '', '0', '0', '0', '0', '0', '0', '0000-00-00', '0000-00-00', '0000-00-00', '0', '0', '0', '0', '0', '0'),
('31', '55', '34', '00003', 'Premium White', '10', '10', '0', '', '', '', '', '', '', '0', '0', '0', '0', '0', '0', '0000-00-00', '0000-00-00', '0000-00-00', '0', '0', '0', '0', '0', '0'),
('32', '56', '35', 'CITYMT1.3UF', 'CITYMT1.3UF', '1', '1', '0', '', '', '', '', '', '', '0', '0', '0', '0', '0', '0', '0000-00-00', '0000-00-00', '0000-00-00', '0', '0', '0', '0', '0', '0'),
('33', '56', '36', 'C_TITANIUM', 'C_TITANIUM', '1', '1', '0', '', '', '', '', '', '', '0', '0', '0', '0', '0', '0', '0000-00-00', '0000-00-00', '0000-00-00', '0', '0', '0', '0', '0', '0'),
('34', '57', '37', 'CIVICOUMF', 'CIVIC O-U-M-F', '1', '1', '0', '', '', '', '', '', '', '0', '0', '0', '0', '0', '0', '0000-00-00', '0000-00-00', '0000-00-00', '0', '0', '0', '0', '0', '0'),
('35', '58', '38', 'C_TITANIUM', 'C_TITANIUM', '1', '1', '0', '', '', '', '', '', '', '0', '0', '0', '0', '0', '0', '0000-00-00', '0000-00-00', '0000-00-00', '0', '0', '0', '0', '0', '0'),
('36', '59', '39', 'C_TITANIUM', 'C_TITANIUM', '10', '10', '0', '', '', '', '', '', '', '0', '0', '0', '0', '0', '0', '0000-00-00', '0000-00-00', '0000-00-00', '0', '0', '0', '0', '0', '0'),
('37', '60', '40', '900', 'Inflatable Beds', '20', '20', '0', '', '', '', '', '', '', '0', '0', '0', '0', '0', '0', '0000-00-00', '0000-00-00', '0000-00-00', '0', '0', '0', '0', '0', '0'),
('38', '61', '41', '901', 'HP-Printer', '40', '40', '0', '', '', '', '', '', '', '0', '0', '0', '0', '0', '0', '0000-00-00', '0000-00-00', '0000-00-00', '0', '0', '0', '0', '0', '0'),
('39', '62', '42', '902', 'Scanncer(HP)', '15', '15', '0', '', '', '', '', '', '', '0', '0', '0', '0', '0', '0', '0000-00-00', '0000-00-00', '0000-00-00', '0', '0', '0', '0', '0', '0'),
('40', '63', '43', '904', 'Cordless Phone(Braun)', '25', '25', '0', '', '', '', '', '', '', '0', '0', '0', '0', '0', '0', '0000-00-00', '0000-00-00', '0000-00-00', '0', '0', '0', '0', '0', '0'),
('41', '64', '44', 'C_TITANIUM', 'C_TITANIUM', '100', '100', '0', '', '', '', '', '', '', '0', '0', '0', '0', '0', '0', '0000-00-00', '0000-00-00', '0000-00-00', '0', '0', '0', '0', '0', '0'),
('42', '65', '45', '8000', 'Birthday Cards', '0', '0', '0', '', '', '', '', '', '', '0', '0', '0', '0', '0', '0', '0000-00-00', '0000-00-00', '0000-00-00', '0', '0', '0', '0', '0', '0'),
('43', '66', '46', '8000', 'Birthday Cards', '500', '500', '0', '', '', '', '', '', '', '0', '0', '0', '0', '0', '0', '0000-00-00', '0000-00-00', '0000-00-00', '0', '0', '0', '0', '0', '0'),
('44', '67', '47', '8001', 'LED TV', '30', '30', '0', '', '', '', '', '', '', '0', '0', '0', '0', '0', '0', '0000-00-00', '0000-00-00', '0000-00-00', '0', '0', '0', '0', '0', '0'),
('45', '68', '48', '8000', 'Birthday Cards', '10', '10', '0', '', '', '', '', '', '', '0', '0', '0', '0', '0', '0', '0000-00-00', '0000-00-00', '0000-00-00', '0', '0', '0', '0', '0', '0'),
('46', '69', '49', '902', 'Scanncer(HP)', '18', '18', '0', '', '', '', '', '', '', '0', '0', '0', '0', '0', '0', '0000-00-00', '0000-00-00', '0000-00-00', '0', '0', '0', '0', '0', '0'),
('47', '70', '50', '900', 'Inflatable Beds', '5', '5', '0', '', '', '', '', '', '', '0', '0', '0', '0', '0', '0', '0000-00-00', '0000-00-00', '0000-00-00', '0', '0', '0', '0', '0', '0'),
('48', '71', '51', '007', 'Kinley Bottles', '100', '100', '0', '', '', '', '', '', '', '0', '0', '0', '0', '0', '0', '0000-00-00', '0000-00-00', '0000-00-00', '0', '0', '0', '0', '0', '0');

### Structure of table `0_groups` ###

DROP TABLE IF EXISTS `0_groups`;

CREATE TABLE `0_groups` (
  `id` smallint(6) unsigned NOT NULL AUTO_INCREMENT,
  `description` varchar(60) COLLATE utf8_unicode_ci NOT NULL DEFAULT '',
  `inactive` tinyint(1) NOT NULL DEFAULT '0',
  PRIMARY KEY (`id`),
  UNIQUE KEY `description` (`description`)
) ENGINE=InnoDB AUTO_INCREMENT=7 DEFAULT CHARSET=utf8 COLLATE=utf8_unicode_ci ;

### Data of table `0_groups` ###

INSERT INTO `0_groups` VALUES
('1', 'Small', '0'),
('2', 'Medium', '0'),
('3', 'Large', '0');

### Structure of table `0_h_combo1` ###

DROP TABLE IF EXISTS `0_h_combo1`;

CREATE TABLE `0_h_combo1` (
  `combo_code` int(11) NOT NULL AUTO_INCREMENT,
  `description` varchar(60) COLLATE utf8_unicode_ci NOT NULL DEFAULT '',
  `inactive` tinyint(1) NOT NULL DEFAULT '0',
  PRIMARY KEY (`combo_code`),
  UNIQUE KEY `description` (`description`)
) ENGINE=InnoDB DEFAULT CHARSET=utf8 COLLATE=utf8_unicode_ci ;

### Data of table `0_h_combo1` ###


### Structure of table `0_h_combo2` ###

DROP TABLE IF EXISTS `0_h_combo2`;

CREATE TABLE `0_h_combo2` (
  `combo_code` int(11) NOT NULL AUTO_INCREMENT,
  `description` varchar(60) COLLATE utf8_unicode_ci NOT NULL DEFAULT '',
  `inactive` tinyint(1) NOT NULL DEFAULT '0',
  PRIMARY KEY (`combo_code`),
  UNIQUE KEY `description` (`description`)
) ENGINE=InnoDB DEFAULT CHARSET=utf8 COLLATE=utf8_unicode_ci ;

### Data of table `0_h_combo2` ###


### Structure of table `0_h_combo3` ###

DROP TABLE IF EXISTS `0_h_combo3`;

CREATE TABLE `0_h_combo3` (
  `combo_code` int(11) NOT NULL AUTO_INCREMENT,
  `description` varchar(60) COLLATE utf8_unicode_ci NOT NULL DEFAULT '',
  `inactive` tinyint(1) NOT NULL DEFAULT '0',
  PRIMARY KEY (`combo_code`),
  UNIQUE KEY `description` (`description`)
) ENGINE=InnoDB DEFAULT CHARSET=utf8 COLLATE=utf8_unicode_ci ;

### Data of table `0_h_combo3` ###


### Structure of table `0_hf_pref` ###

DROP TABLE IF EXISTS `0_hf_pref`;

CREATE TABLE `0_hf_pref` (
  `name` varchar(60) NOT NULL,
  `label_value` varchar(60) NOT NULL,
  `type` tinyint(1) NOT NULL,
  `enable` tinyint(1) NOT NULL,
  `s_position` tinyint(1) DEFAULT NULL,
  `p_position` tinyint(1) NOT NULL,
  `s_width` tinyint(4) NOT NULL DEFAULT '20',
  `p_width` tinyint(4) NOT NULL DEFAULT '20',
  PRIMARY KEY (`name`),
  UNIQUE KEY `s_position` (`s_position`)
) ENGINE=InnoDB DEFAULT CHARSET=latin1 ;

### Data of table `0_hf_pref` ###

INSERT INTO `0_hf_pref` VALUES
('f_combo1', 'comb4', '2', '0', '19', '0', '10', '10'),
('f_combo2', 'comb5', '2', '0', '20', '0', '10', '10'),
('f_combo3', 'comb6', '2', '0', '21', '0', '10', '10'),
('f_comment1', 'Grm/Mircon', '1', '0', '16', '0', '10', '10'),
('f_comment2', 'Length', '1', '0', '17', '0', '10', '10'),
('f_comment3', '6', '1', '0', '18', '0', '10', '10'),
('f_date1', 'date1', '3', '0', '22', '0', '10', '10'),
('f_date2', 'date2', '3', '0', '23', '0', '10', '10'),
('f_date3', 'date3', '3', '0', '24', '0', '10', '10'),
('f_text1', 'Text Field 4', '4', '1', '13', '0', '10', '10'),
('f_text2', 'Text Field 5', '4', '0', '14', '0', '10', '10'),
('f_text3', 'Text Field 6', '4', '0', '15', '0', '10', '10'),
('h_amount1', 'Factor', '1', '0', '4', '0', '10', '10'),
('h_amount2', 'Width(Inch)/Paper', '1', '0', '5', '0', '10', '10'),
('h_amount3', 'Width (MM)', '1', '0', '6', '0', '10', '10'),
('h_combo1', 'comb1', '2', '0', '7', '0', '10', '10'),
('h_combo2', 'comb2', '2', '0', '8', '0', '10', '10'),
('h_combo3', 'comb3', '2', '0', '9', '0', '10', '10'),
('h_date1', 'date1', '3', '0', '10', '0', '10', '10'),
('h_date2', 'date2', '3', '0', '11', '0', '10', '10'),
('h_date3', 'date3', '3', '0', '12', '0', '10', '10'),
('h_text1', '', '4', '0', '0', '0', '0', '0'),
('h_text2', 'Text Field 2	', '4', '0', '2', '0', '10', '10'),
('h_text3', 'Text Field 3	', '4', '0', '3', '0', '10', '10'),
('total_amount', '5', '30', '0', NULL, '0', '10', '10'),
('total_combo', '6', '30', '0', NULL, '0', '10', '10'),
('total_date', '3', '30', '0', NULL, '0', '10', '10'),
('total_text', '1', '30', '0', NULL, '0', '10', '10');

### Structure of table `0_item_codes` ###

DROP TABLE IF EXISTS `0_item_codes`;

CREATE TABLE `0_item_codes` (
  `id` int(11) unsigned NOT NULL AUTO_INCREMENT,
  `item_code` varchar(20) COLLATE utf8_unicode_ci NOT NULL,
  `stock_id` varchar(20) COLLATE utf8_unicode_ci NOT NULL,
  `description` varchar(200) COLLATE utf8_unicode_ci NOT NULL DEFAULT '',
  `category_id` smallint(6) unsigned NOT NULL,
  `quantity` double NOT NULL DEFAULT '1',
  `is_foreign` tinyint(1) NOT NULL DEFAULT '0',
  `inactive` tinyint(1) NOT NULL DEFAULT '0',
  PRIMARY KEY (`id`),
  UNIQUE KEY `stock_id` (`stock_id`,`item_code`),
  KEY `item_code` (`item_code`)
) ENGINE=InnoDB AUTO_INCREMENT=32 DEFAULT CHARSET=utf8 COLLATE=utf8_unicode_ci ;

### Data of table `0_item_codes` ###

INSERT INTO `0_item_codes` VALUES
('1', '1001', '1001', 'Test Item', '2', '1', '0', '0'),
('2', '2001', '2001', 'BOPP PLAIN BST', '2', '1', '0', '0'),
('3', '2002', '2002', 'CITY MANUAL 1.3', '2', '1', '0', '0'),
('4', '3001', '3001', 'MODULO', '3', '1', '0', '0'),
('5', '234', '234', 'HAREEM', '2', '1', '0', '0'),
('6', '123', '123', '123', '2', '1', '0', '0'),
('7', '64654656', '64654656', 'hareemnademm', '2', '1', '0', '0'),
('8', '231321321', '231321321', 'hareemnadeem', '2', '1', '0', '0'),
('9', '1223145665478979', '1223145665478979', 'hareemnadeem', '2', '1', '0', '0'),
('10', '131321', '131321', 'syeda hareem nadeem hussain hashmi', '2', '1', '0', '0'),
('11', 'BOPP1', 'BOPP1', 'BOPP1', '2', '1', '0', '0'),
('12', 'OB', 'OB', 'Opening Balance Equity', '2', '1', '0', '0'),
('13', '007', '007', 'Kinley Bottles', '2', '1', '0', '0'),
('14', '00001', '00001', 'Vinyl Blue', '2', '1', '0', '0'),
('15', '00002', '00002', 'Mist Green', '2', '1', '0', '0'),
('16', '000021', '000021', 'Mist Green', '2', '1', '0', '0'),
('17', '00003', '00003', 'Premium White', '2', '1', '0', '0'),
('18', 'mo4', 'mo4', 'Havoline Motor Oil 20W50 ', '2', '1', '0', '0'),
('19', 'CIVICOUMF', 'CIVICOUMF', 'CIVIC O-U-M-F', '7', '1', '0', '0'),
('20', 'C_TITANIUM', 'C_TITANIUM', 'C_TITANIUM', '6', '1', '0', '0'),
('21', 'CITYMT1.3MU', 'CITYMT1.3MU', 'CITYMT1.3-MUF', '3', '1', '0', '0'),
('22', 'CITYMT1.3UF', 'CITYMT1.3UF', 'CITYMT1.3UF', '7', '1', '0', '0'),
('23', 'CITYMT1.3UNF', 'CITYMT1.3UNF', 'CITYMT1.3UNF', '7', '1', '0', '0'),
('24', 'WHITE', 'WHITE', 'WHITE', '6', '1', '0', '0'),
('25', '900', '900', 'Inflatable Beds', '8', '1', '0', '0'),
('26', '901', '901', 'HP-Printer', '9', '1', '0', '0'),
('27', '902', '902', 'Scanncer(HP)', '9', '1', '0', '0'),
('28', '904', '904', 'Cordless Phone(Braun)', '10', '1', '0', '0'),
('29', '8000', '8000', 'Birthday Cards', '11', '1', '0', '0'),
('30', '8001', '8001', 'LED TV', '12', '1', '0', '0'),
('31', '8002', '8002', 'Electronic Speaking Dictionary', '12', '1', '0', '0');

### Structure of table `0_item_pref` ###

DROP TABLE IF EXISTS `0_item_pref`;

CREATE TABLE `0_item_pref` (
  `name` varchar(60) NOT NULL,
  `label_value` varchar(60) NOT NULL,
  `type` tinyint(1) NOT NULL,
  `item_enable` tinyint(1) NOT NULL,
  `sale_enable` tinyint(1) NOT NULL,
  `purchase_enable` tinyint(1) NOT NULL,
  `s_position` tinyint(1) DEFAULT NULL,
  `p_position` tinyint(1) NOT NULL,
  `s_width` tinyint(4) NOT NULL DEFAULT '20',
  `p_width` tinyint(4) NOT NULL DEFAULT '20',
  PRIMARY KEY (`name`),
  UNIQUE KEY `s_position` (`s_position`)
) ENGINE=InnoDB DEFAULT CHARSET=latin1 ;

### Data of table `0_item_pref` ###

INSERT INTO `0_item_pref` VALUES
('amount1', 'Factor', '1', '1', '1', '1', '19', '0', '10', '10'),
('amount2', 'Width(Inch)/Paper', '1', '1', '0', '0', '2', '0', '10', '10'),
('amount3', 'Width (MM)', '1', '0', '0', '0', '3', '0', '10', '10'),
('amount4', 'Grm/Mircon', '1', '0', '0', '0', '5', '0', '10', '10'),
('amount5', 'Length', '1', '0', '0', '0', '7', '0', '10', '10'),
('amount6', '6', '1', '0', '0', '0', '15', '0', '10', '10'),
('combo1', 'comb1', '2', '0', '0', '0', '4', '0', '10', '10'),
('combo2', 'comb2', '2', '0', '0', '0', '6', '0', '10', '10'),
('combo3', 'comb3', '2', '0', '0', '0', '14', '0', '10', '10'),
('combo4', 'comb4', '2', '0', '0', '0', '16', '0', '10', '10'),
('combo5', 'comb5', '2', '0', '0', '0', '17', '0', '10', '10'),
('combo6', 'comb6', '2', '0', '0', '0', '18', '0', '10', '10'),
('date1', 'date1', '3', '0', '0', '0', '8', '0', '10', '10'),
('date2', 'date2', '3', '0', '0', '0', '12', '0', '10', '10'),
('date3', 'date3', '3', '0', '0', '0', '13', '0', '10', '10'),
('text1', 'Constant', '4', '0', '0', '0', '1', '0', '10', '10'),
('text2', 'Text Field 2	', '4', '0', '0', '0', '9', '0', '10', '10'),
('text3', 'Text Field 3	', '4', '0', '0', '0', '10', '0', '10', '10'),
('text4', 'Text Field 4', '4', '0', '0', '0', '11', '0', '10', '10'),
('text5', 'Text Field 5', '4', '0', '0', '0', '20', '0', '10', '10'),
('text6', 'Text Field 6', '4', '0', '0', '0', '21', '0', '10', '10'),
('total_amount', '5', '30', '0', '0', '0', NULL, '0', '10', '10'),
('total_combo', '6', '30', '0', '0', '0', NULL, '0', '10', '10'),
('total_date', '3', '30', '0', '0', '0', NULL, '0', '10', '10'),
('total_text', '1', '30', '0', '0', '0', NULL, '0', '10', '10');

### Structure of table `0_item_tax_type_exemptions` ###

DROP TABLE IF EXISTS `0_item_tax_type_exemptions`;

CREATE TABLE `0_item_tax_type_exemptions` (
  `item_tax_type_id` int(11) NOT NULL DEFAULT '0',
  `tax_type_id` int(11) NOT NULL DEFAULT '0',
  PRIMARY KEY (`item_tax_type_id`,`tax_type_id`)
) ENGINE=InnoDB DEFAULT CHARSET=utf8 COLLATE=utf8_unicode_ci ;

### Data of table `0_item_tax_type_exemptions` ###


### Structure of table `0_item_tax_types` ###

DROP TABLE IF EXISTS `0_item_tax_types`;

CREATE TABLE `0_item_tax_types` (
  `id` int(11) NOT NULL AUTO_INCREMENT,
  `name` varchar(60) COLLATE utf8_unicode_ci NOT NULL DEFAULT '',
  `exempt` tinyint(1) NOT NULL DEFAULT '0',
  `inactive` tinyint(1) NOT NULL DEFAULT '0',
  PRIMARY KEY (`id`),
  UNIQUE KEY `name` (`name`)
) ENGINE=InnoDB AUTO_INCREMENT=3 DEFAULT CHARSET=utf8 COLLATE=utf8_unicode_ci ;

### Data of table `0_item_tax_types` ###

INSERT INTO `0_item_tax_types` VALUES
('1', 'Tax Exempt', '0', '0'),
('2', 'Taxable', '0', '0');

### Structure of table `0_item_units` ###

DROP TABLE IF EXISTS `0_item_units`;

CREATE TABLE `0_item_units` (
  `abbr` varchar(20) COLLATE utf8_unicode_ci NOT NULL,
  `name` varchar(40) COLLATE utf8_unicode_ci NOT NULL,
  `decimals` tinyint(2) NOT NULL,
  `inactive` tinyint(1) NOT NULL DEFAULT '0',
  PRIMARY KEY (`abbr`),
  UNIQUE KEY `name` (`name`)
) ENGINE=InnoDB DEFAULT CHARSET=utf8 COLLATE=utf8_unicode_ci ;

### Data of table `0_item_units` ###

INSERT INTO `0_item_units` VALUES
('boxes', 'boxes', '-1', '0'),
('ltr', 'litre', '-1', '0'),
('pcs', 'pcs', '-1', '0');

### Structure of table `0_journal` ###

DROP TABLE IF EXISTS `0_journal`;

CREATE TABLE `0_journal` (
  `type` smallint(6) NOT NULL DEFAULT '0',
  `trans_no` int(11) NOT NULL DEFAULT '0',
  `tran_date` date DEFAULT '0000-00-00',
  `reference` varchar(60) COLLATE utf8_unicode_ci NOT NULL DEFAULT '',
  `source_ref` varchar(60) COLLATE utf8_unicode_ci NOT NULL DEFAULT '',
  `event_date` date DEFAULT '0000-00-00',
  `doc_date` date NOT NULL DEFAULT '0000-00-00',
  `currency` char(3) COLLATE utf8_unicode_ci NOT NULL DEFAULT '',
  `amount` double NOT NULL DEFAULT '0',
  `rate` double NOT NULL DEFAULT '1',
  PRIMARY KEY (`type`,`trans_no`),
  KEY `tran_date` (`tran_date`)
) ENGINE=InnoDB DEFAULT CHARSET=utf8 COLLATE=utf8_unicode_ci ;

### Data of table `0_journal` ###

INSERT INTO `0_journal` VALUES
('0', '1', '2017-10-03', 'JV001/10/2017', '', '2017-10-03', '2017-10-03', 'PKR', '1', '1'),
('0', '2', '2017-10-03', 'JV002/10/2017', '', '2017-10-03', '2017-10-03', 'PKR', '1', '1'),
('0', '3', '2017-10-04', 'JV003/10/2017', '', '2017-10-04', '2017-10-04', 'PKR', '1', '1'),
('0', '4', '2017-10-04', 'JV004/10/2017', '', '2017-10-04', '2017-10-04', 'PKR', '1', '1'),
('35', '1', '2017-09-13', 'CU001/09/2017', '', '2017-09-13', '2017-09-13', 'PKR', '14229', '1'),
('35', '2', '2017-09-15', 'CU002/09/2017', '', '2017-09-15', '2017-09-15', 'PKR', '256010554.8', '1'),
('35', '3', '2017-09-15', 'CU003/09/2017', '', '2017-09-15', '2017-09-15', 'PKR', '21336462', '1'),
('35', '4', '2017-09-15', 'CU004/09/2017', '', '2017-09-15', '2017-09-15', 'PKR', '256010554.8', '1'),
('35', '5', '2017-09-15', 'CU005/09/2017', '', '2017-09-15', '2017-09-15', 'PKR', '21336462', '1'),
('35', '6', '2017-09-15', 'CU006/09/2017', '', '2017-09-15', '2017-09-15', 'PKR', '256010554.8', '1'),
('35', '7', '2017-09-15', 'CU007/09/2017', '', '2017-09-15', '2017-09-15', 'PKR', '21336462', '1'),
('35', '8', '2017-09-15', 'CU008/09/2017', '', '2017-09-15', '2017-09-15', 'PKR', '256010554.8', '1'),
('35', '9', '2017-09-15', 'CU009/09/2017', '', '2017-09-15', '2017-09-15', 'PKR', '21336462', '1'),
('35', '10', '2017-09-15', 'CU010/09/2017', '', '2017-09-15', '2017-09-15', 'PKR', '256010554.8', '1'),
('35', '11', '2017-09-15', 'CU011/09/2017', '', '2017-09-15', '2017-09-15', 'PKR', '21336462', '1'),
('35', '12', '2017-09-15', 'CU012/09/2017', '', '2017-09-15', '2017-09-15', 'PKR', '650291603270.4', '1'),
('35', '13', '2017-10-03', 'CU001/10/2017', '', '2017-10-03', '2017-10-03', 'PKR', '0', '1'),
('35', '14', '2017-10-04', 'CU002/10/2017', '', '2017-10-04', '2017-10-04', 'PKR', '0', '1');

### Structure of table `0_loc_stock` ###

DROP TABLE IF EXISTS `0_loc_stock`;

CREATE TABLE `0_loc_stock` (
  `loc_code` char(5) COLLATE utf8_unicode_ci NOT NULL DEFAULT '',
  `stock_id` char(20) COLLATE utf8_unicode_ci NOT NULL DEFAULT '',
  `reorder_level` double NOT NULL DEFAULT '0',
  `rack_location` varchar(55) COLLATE utf8_unicode_ci DEFAULT NULL,
  PRIMARY KEY (`loc_code`,`stock_id`),
  KEY `stock_id` (`stock_id`)
) ENGINE=InnoDB DEFAULT CHARSET=utf8 COLLATE=utf8_unicode_ci ;

### Data of table `0_loc_stock` ###

INSERT INTO `0_loc_stock` VALUES
('DEF', '00001', '0', NULL),
('DEF', '00002', '0', NULL),
('DEF', '000021', '0', NULL),
('DEF', '00003', '0', NULL),
('DEF', '007', '100', NULL),
('DEF', '1001', '0', NULL),
('DEF', '1223145665478979', '0', NULL),
('DEF', '123', '0', NULL),
('DEF', '131321', '0', NULL),
('DEF', '2001', '0', NULL),
('DEF', '2002', '0', NULL),
('DEF', '231321321', '0', NULL),
('DEF', '234', '0', NULL),
('DEF', '3001', '0', NULL),
('DEF', '64654656', '0', NULL),
('DEF', '8000', '0', NULL),
('DEF', '8001', '0', NULL),
('DEF', '8002', '0', NULL),
('DEF', '900', '10', NULL),
('DEF', '901', '10', NULL),
('DEF', '902', '10', NULL),
('DEF', '904', '10', NULL),
('DEF', 'BOPP1', '0', NULL),
('DEF', 'C_TITANIUM', '0', NULL),
('DEF', 'CITYMT1.3MU', '0', NULL),
('DEF', 'CITYMT1.3UF', '0', NULL),
('DEF', 'CITYMT1.3UNF', '0', NULL),
('DEF', 'CIVICOUMF', '0', NULL),
('DEF', 'mo4', '0', NULL),
('DEF', 'OB', '0', NULL),
('DEF', 'WHITE', '0', NULL),
('KHI', '00001', '0', NULL),
('KHI', '00002', '0', NULL),
('KHI', '000021', '0', NULL),
('KHI', '00003', '0', NULL),
('KHI', '007', '100', NULL),
('KHI', '1001', '0', NULL),
('KHI', '1223145665478979', '0', NULL),
('KHI', '123', '0', NULL),
('KHI', '131321', '0', NULL),
('KHI', '2001', '0', NULL),
('KHI', '2002', '0', NULL),
('KHI', '231321321', '0', NULL),
('KHI', '234', '0', NULL),
('KHI', '3001', '0', NULL),
('KHI', '64654656', '0', NULL),
('KHI', '8000', '0', NULL),
('KHI', '8001', '0', NULL),
('KHI', '8002', '0', NULL),
('KHI', '900', '10', NULL),
('KHI', '901', '10', NULL),
('KHI', '902', '10', NULL),
('KHI', '904', '10', NULL),
('KHI', 'BOPP1', '0', NULL),
('KHI', 'C_TITANIUM', '0', NULL),
('KHI', 'CITYMT1.3MU', '0', NULL),
('KHI', 'CITYMT1.3UF', '0', NULL),
('KHI', 'CITYMT1.3UNF', '0', NULL),
('KHI', 'CIVICOUMF', '0', NULL),
('KHI', 'mo4', '0', NULL),
('KHI', 'OB', '0', NULL),
('KHI', 'WHITE', '0', NULL);

### Structure of table `0_locations` ###

DROP TABLE IF EXISTS `0_locations`;

CREATE TABLE `0_locations` (
  `loc_code` varchar(5) COLLATE utf8_unicode_ci NOT NULL DEFAULT '',
  `location_name` varchar(60) COLLATE utf8_unicode_ci NOT NULL DEFAULT '',
  `delivery_address` tinytext COLLATE utf8_unicode_ci NOT NULL,
  `phone` varchar(30) COLLATE utf8_unicode_ci NOT NULL DEFAULT '',
  `phone2` varchar(30) COLLATE utf8_unicode_ci NOT NULL DEFAULT '',
  `fax` varchar(30) COLLATE utf8_unicode_ci NOT NULL DEFAULT '',
  `email` varchar(100) COLLATE utf8_unicode_ci NOT NULL DEFAULT '',
  `contact` varchar(30) COLLATE utf8_unicode_ci NOT NULL DEFAULT '',
  `fixed_asset` tinyint(1) NOT NULL DEFAULT '0',
  `inactive` tinyint(1) NOT NULL DEFAULT '0',
  PRIMARY KEY (`loc_code`)
) ENGINE=InnoDB DEFAULT CHARSET=utf8 COLLATE=utf8_unicode_ci ;

### Data of table `0_locations` ###

INSERT INTO `0_locations` VALUES
('DEF', 'Default', 'N/A', '', '', '', 'emailsent@gmail.com', '', '0', '0'),
('KHI', 'Karachi', '', '', '', '', '', '', '0', '0');

### Structure of table `0_movement_types` ###

DROP TABLE IF EXISTS `0_movement_types`;

CREATE TABLE `0_movement_types` (
  `id` int(11) NOT NULL AUTO_INCREMENT,
  `name` varchar(60) COLLATE utf8_unicode_ci NOT NULL DEFAULT '',
  `inactive` tinyint(1) NOT NULL DEFAULT '0',
  PRIMARY KEY (`id`),
  UNIQUE KEY `name` (`name`)
) ENGINE=MyISAM AUTO_INCREMENT=3 DEFAULT CHARSET=utf8 COLLATE=utf8_unicode_ci ;

### Data of table `0_movement_types` ###

INSERT INTO `0_movement_types` VALUES
('1', 'Adjustment', '0'),
('2', 'Opening Balance', '0');

### Structure of table `0_payment_terms` ###

DROP TABLE IF EXISTS `0_payment_terms`;

CREATE TABLE `0_payment_terms` (
  `terms_indicator` int(11) NOT NULL AUTO_INCREMENT,
  `terms` char(80) COLLATE utf8_unicode_ci NOT NULL DEFAULT '',
  `days_before_due` smallint(6) NOT NULL DEFAULT '0',
  `day_in_following_month` smallint(6) NOT NULL DEFAULT '0',
  `inactive` tinyint(1) NOT NULL DEFAULT '0',
  PRIMARY KEY (`terms_indicator`),
  UNIQUE KEY `terms` (`terms`)
) ENGINE=InnoDB AUTO_INCREMENT=7 DEFAULT CHARSET=utf8 COLLATE=utf8_unicode_ci ;

### Data of table `0_payment_terms` ###

INSERT INTO `0_payment_terms` VALUES
('3', 'Payment due within 10 days', '10', '0', '0'),
('4', 'Cash Only', '0', '0', '0'),
('5', '90 Days', '90', '0', '0'),
('6', 'Advance Payment', '-1', '0', '0');

### Structure of table `0_ph_combo1` ###

DROP TABLE IF EXISTS `0_ph_combo1`;

CREATE TABLE `0_ph_combo1` (
  `combo_code` int(11) NOT NULL AUTO_INCREMENT,
  `description` varchar(60) COLLATE utf8_unicode_ci NOT NULL DEFAULT '',
  `inactive` tinyint(1) NOT NULL DEFAULT '0',
  PRIMARY KEY (`combo_code`),
  UNIQUE KEY `description` (`description`)
) ENGINE=InnoDB DEFAULT CHARSET=utf8 COLLATE=utf8_unicode_ci ;

### Data of table `0_ph_combo1` ###


### Structure of table `0_ph_combo2` ###

DROP TABLE IF EXISTS `0_ph_combo2`;

CREATE TABLE `0_ph_combo2` (
  `combo_code` int(11) NOT NULL AUTO_INCREMENT,
  `description` varchar(60) COLLATE utf8_unicode_ci NOT NULL DEFAULT '',
  `inactive` tinyint(1) NOT NULL DEFAULT '0',
  PRIMARY KEY (`combo_code`),
  UNIQUE KEY `description` (`description`)
) ENGINE=InnoDB DEFAULT CHARSET=utf8 COLLATE=utf8_unicode_ci ;

### Data of table `0_ph_combo2` ###


### Structure of table `0_ph_combo3` ###

DROP TABLE IF EXISTS `0_ph_combo3`;

CREATE TABLE `0_ph_combo3` (
  `combo_code` int(11) NOT NULL AUTO_INCREMENT,
  `description` varchar(60) COLLATE utf8_unicode_ci NOT NULL DEFAULT '',
  `inactive` tinyint(1) NOT NULL DEFAULT '0',
  PRIMARY KEY (`combo_code`),
  UNIQUE KEY `description` (`description`)
) ENGINE=InnoDB DEFAULT CHARSET=utf8 COLLATE=utf8_unicode_ci ;

### Data of table `0_ph_combo3` ###


### Structure of table `0_prices` ###

DROP TABLE IF EXISTS `0_prices`;

CREATE TABLE `0_prices` (
  `id` int(11) NOT NULL AUTO_INCREMENT,
  `stock_id` varchar(20) COLLATE utf8_unicode_ci NOT NULL DEFAULT '',
  `sales_type_id` int(11) NOT NULL DEFAULT '0',
  `curr_abrev` char(3) COLLATE utf8_unicode_ci NOT NULL DEFAULT '',
  `price` double NOT NULL DEFAULT '0',
  PRIMARY KEY (`id`),
  UNIQUE KEY `price` (`stock_id`,`sales_type_id`,`curr_abrev`)
) ENGINE=InnoDB AUTO_INCREMENT=27 DEFAULT CHARSET=utf8 COLLATE=utf8_unicode_ci ;

### Data of table `0_prices` ###

INSERT INTO `0_prices` VALUES
('4', '1002', '2', 'PKR', '200'),
('5', '001', '1', 'PKR', '77.72'),
('6', 'FG1001', '3', 'PKR', '500'),
('7', 'FG1002', '3', 'PKR', '550'),
('8', '1001', '3', 'PKR', '0'),
('9', 'FG1004', '3', 'PKR', '300'),
('10', 'FG1003', '3', 'PKR', '200'),
('11', 'FG1005', '3', 'PKR', '150'),
('12', 'FG1006', '3', 'PKR', '250'),
('13', '2002', '1', 'PKR', '1537000'),
('14', '3001', '1', 'PKR', '49800'),
('15', '007', '1', 'PKR', '100'),
('17', '00002', '1', 'PKR', '1800'),
('18', '00003', '1', 'PKR', '2500'),
('19', 'CIVICOUMF', '1', 'PKR', '2722000'),
('20', 'CITYMT1.3MU', '1', 'PKR', '1567000'),
('21', 'CITYMT1.3UNF', '1', 'PKR', '1637000'),
('22', 'CITYMT1.3UF', '1', 'PKR', '1567000'),
('23', '900', '1', 'PKR', '15000'),
('24', '901', '1', 'PKR', '12000'),
('25', '902', '1', 'PKR', '10500'),
('26', '904', '1', 'PKR', '5000');

### Structure of table `0_print_profiles` ###

DROP TABLE IF EXISTS `0_print_profiles`;

CREATE TABLE `0_print_profiles` (
  `id` smallint(6) unsigned NOT NULL AUTO_INCREMENT,
  `profile` varchar(30) COLLATE utf8_unicode_ci NOT NULL,
  `report` varchar(5) COLLATE utf8_unicode_ci DEFAULT NULL,
  `printer` tinyint(3) unsigned DEFAULT NULL,
  PRIMARY KEY (`id`),
  UNIQUE KEY `profile` (`profile`,`report`)
) ENGINE=InnoDB AUTO_INCREMENT=10 DEFAULT CHARSET=utf8 COLLATE=utf8_unicode_ci ;

### Data of table `0_print_profiles` ###

INSERT INTO `0_print_profiles` VALUES
('1', 'Out of office', NULL, '0'),
('2', 'Sales Department', NULL, '0'),
('3', 'Central', NULL, '2'),
('4', 'Sales Department', '104', '2'),
('5', 'Sales Department', '105', '2'),
('6', 'Sales Department', '107', '2'),
('7', 'Sales Department', '109', '2'),
('8', 'Sales Department', '110', '2'),
('9', 'Sales Department', '201', '2');

### Structure of table `0_printers` ###

DROP TABLE IF EXISTS `0_printers`;

CREATE TABLE `0_printers` (
  `id` tinyint(3) unsigned NOT NULL AUTO_INCREMENT,
  `name` varchar(20) COLLATE utf8_unicode_ci NOT NULL,
  `description` varchar(60) COLLATE utf8_unicode_ci NOT NULL,
  `queue` varchar(20) COLLATE utf8_unicode_ci NOT NULL,
  `host` varchar(40) COLLATE utf8_unicode_ci NOT NULL,
  `port` smallint(11) unsigned NOT NULL,
  `timeout` tinyint(3) unsigned NOT NULL,
  PRIMARY KEY (`id`),
  UNIQUE KEY `name` (`name`)
) ENGINE=InnoDB AUTO_INCREMENT=4 DEFAULT CHARSET=utf8 COLLATE=utf8_unicode_ci ;

### Data of table `0_printers` ###

INSERT INTO `0_printers` VALUES
('1', 'QL500', 'Label printer', 'QL500', 'server', '127', '20'),
('2', 'Samsung', 'Main network printer', 'scx4521F', 'server', '515', '5'),
('3', 'Local', 'Local print server at user IP', 'lp', '', '515', '10');

### Structure of table `0_purch_data` ###

DROP TABLE IF EXISTS `0_purch_data`;

CREATE TABLE `0_purch_data` (
  `supplier_id` int(11) NOT NULL DEFAULT '0',
  `stock_id` char(20) COLLATE utf8_unicode_ci NOT NULL DEFAULT '',
  `price` double NOT NULL DEFAULT '0',
  `suppliers_uom` char(50) COLLATE utf8_unicode_ci NOT NULL DEFAULT '',
  `conversion_factor` double NOT NULL DEFAULT '1',
  `supplier_description` char(50) COLLATE utf8_unicode_ci NOT NULL DEFAULT '',
  PRIMARY KEY (`supplier_id`,`stock_id`)
) ENGINE=InnoDB DEFAULT CHARSET=utf8 COLLATE=utf8_unicode_ci ;

### Data of table `0_purch_data` ###

INSERT INTO `0_purch_data` VALUES
('1', '00001', '500', 'pc', '1', ''),
('1', '00003', '550', 'pcs', '1', ''),
('1', '1001', '0', '', '1', 'Test Item'),
('2', '00002', '450', 'pcs', '1', ''),
('2', '007', '75', '', '1', ''),
('2', '1001', '400', '', '1', 'Test Item'),
('2', '2001', '1000', '', '1', 'BOPP PLAIN BST'),
('2', '3001', '300', '', '1', 'MODULO'),
('2', '901', '8000', 'pcs', '1', ''),
('2', '902', '7500', 'pcs', '1', ''),
('2', '904', '3750', 'pcs', '1', ''),
('2', 'C_TITANIUM', '1000', '', '1', 'C_TITANIUM'),
('3', '00001', '550', '', '1', 'Vinyl Blue'),
('3', '900', '10000', 'pcs', '1', ''),
('4', '00002', '475', '', '1', 'Mist Green'),
('8', '00003', '585', '', '1', 'Premium White'),
('9', 'C_TITANIUM', '0', '', '1', 'C_TITANIUM'),
('9', 'CITYMT1.3UF', '1567000', '', '1', 'CITYMT1.3UF'),
('9', 'CIVICOUMF', '2722000', '', '1', 'CIVIC O-U-M-F'),
('10', '900', '10000', '', '1', 'Inflatable Beds'),
('11', '901', '8000', '', '1', 'HP-Printer'),
('12', '007', '25', '', '1', 'Kinley Bottles'),
('12', '900', '6000', '', '1', 'Inflatable Beds'),
('12', '902', '7500', '', '1', 'Scanncer(HP)'),
('12', 'C_TITANIUM', '200', '', '1', 'C_TITANIUM'),
('13', '904', '3750', '', '1', 'Cordless Phone(Braun)'),
('14', '8000', '50', '', '1', 'Birthday Cards'),
('14', '8001', '50000', '', '1', 'LED TV'),
('15', '8000', '25', '', '1', 'Birthday Cards'),
('15', '902', '3000', '', '1', 'Scanncer(HP)');

### Structure of table `0_purch_order_details` ###

DROP TABLE IF EXISTS `0_purch_order_details`;

CREATE TABLE `0_purch_order_details` (
  `po_detail_item` int(11) NOT NULL AUTO_INCREMENT,
  `order_no` int(11) NOT NULL DEFAULT '0',
  `item_code` varchar(20) COLLATE utf8_unicode_ci NOT NULL DEFAULT '',
  `description` tinytext COLLATE utf8_unicode_ci,
  `delivery_date` date NOT NULL DEFAULT '0000-00-00',
  `qty_invoiced` double NOT NULL DEFAULT '0',
  `unit_price` double NOT NULL DEFAULT '0',
  `act_price` double NOT NULL DEFAULT '0',
  `std_cost_unit` double NOT NULL DEFAULT '0',
  `quantity_ordered` double NOT NULL DEFAULT '0',
  `quantity_received` double NOT NULL DEFAULT '0',
  `text1` varchar(30) COLLATE utf8_unicode_ci NOT NULL,
  `text2` varchar(30) COLLATE utf8_unicode_ci NOT NULL,
  `text3` varchar(30) COLLATE utf8_unicode_ci NOT NULL,
  `text4` varchar(30) COLLATE utf8_unicode_ci NOT NULL,
  `text5` varchar(30) COLLATE utf8_unicode_ci NOT NULL,
  `text6` varchar(30) COLLATE utf8_unicode_ci NOT NULL,
  `amount1` double NOT NULL,
  `amount2` double NOT NULL,
  `amount3` double NOT NULL,
  `amount4` double NOT NULL,
  `amount5` double NOT NULL,
  `amount6` double NOT NULL,
  `date1` date NOT NULL DEFAULT '0000-00-00',
  `date2` date NOT NULL DEFAULT '0000-00-00',
  `date3` date NOT NULL DEFAULT '0000-00-00',
  `combo1` int(11) NOT NULL,
  `combo2` int(11) NOT NULL,
  `combo3` int(11) NOT NULL,
  `combo4` int(11) NOT NULL,
  `combo5` int(11) NOT NULL,
  `combo6` int(11) NOT NULL,
  `op_po` tinyint(1) DEFAULT NULL,
  PRIMARY KEY (`po_detail_item`),
  KEY `order` (`order_no`,`po_detail_item`),
  KEY `itemcode` (`item_code`)
) ENGINE=InnoDB AUTO_INCREMENT=52 DEFAULT CHARSET=utf8 COLLATE=utf8_unicode_ci ;

### Data of table `0_purch_order_details` ###

INSERT INTO `0_purch_order_details` VALUES
('1', '1', '1001', 'Test Item', '2017-09-23', '10', '1000', '1000', '1000', '10', '10', '', '', '', '', '', '', '0', '0', '0', '0', '0', '0', '0000-00-00', '0000-00-00', '0000-00-00', '0', '0', '0', '0', '0', '0', NULL),
('2', '2', '1001', 'Test Item', '2017-09-13', '0', '1000', '1000', '1000', '10', '0', '', '', '', '', '', '', '0', '0', '0', '0', '0', '0', '0000-00-00', '0000-00-00', '0000-00-00', '0', '0', '0', '0', '0', '0', NULL),
('3', '3', '1001', 'Test Item', '2017-09-23', '0', '1000', '1000', '1007.3362678404', '1', '1', '', '', '', '', '', '', '0', '0', '0', '0', '0', '0', '0000-00-00', '0000-00-00', '0000-00-00', '0', '0', '0', '0', '0', '0', NULL),
('4', '4', '1001', 'Test Item', '2017-09-25', '0', '12000', '12000', '1007.3367571533', '10', '10', '', '', '', '', '', '', '0', '0', '0', '0', '0', '0', '0000-00-00', '0000-00-00', '0000-00-00', '0', '0', '0', '0', '0', '0', NULL),
('5', '5', '1001', 'Test Item', '2017-09-27', '0', '1000', '1000', '43367229.361147', '1', '1', '11', '21', '31', '41', '51', '61', '0', '0', '0', '0', '0', '0', '0000-00-00', '0000-00-00', '0000-00-00', '0', '0', '0', '0', '0', '0', NULL),
('6', '5', '1001', 'Test Item', '2017-09-27', '0', '1000', '1000', '43364337.508029', '1', '1', '1', '2', '3', '4', '5', '6', '0', '0', '0', '0', '0', '0', '0000-00-00', '0000-00-00', '0000-00-00', '0', '0', '0', '0', '0', '0', NULL),
('7', '6', '1001', 'Test Item', '2017-09-27', '1', '1000', '1000', '43361446.040568', '1', '1', '1', '2', '3', '4', '5', '6', '0', '0', '0', '0', '0', '0', '0000-00-00', '0000-00-00', '0000-00-00', '0', '0', '0', '0', '0', '0', NULL),
('8', '7', '1001', 'Test Item', '2017-09-27', '0', '1000', '1000', '43358554.958688', '1', '1', '11', '111', '1111', '1', '11111', '1', '0', '0', '0', '0', '0', '0', '0000-00-00', '0000-00-00', '0000-00-00', '0', '0', '0', '0', '0', '0', NULL),
('9', '8', '1001', 'Test Item', '2017-10-06', '0', '0', '0', '43355663.038795', '1', '1', '', '', '', '', '', '', '0', '0', '0', '0', '0', '0', '0000-00-00', '0000-00-00', '0000-00-00', '0', '0', '0', '0', '0', '0', NULL),
('10', '9', '3001', 'MODULO', '2017-10-08', '1', '300', '300', '0', '1', '1', '', '', '', '', '', '', '0', '0', '0', '0', '0', '0', '0000-00-00', '0000-00-00', '0000-00-00', '0', '0', '0', '0', '0', '0', NULL),
('11', '10', '1001', 'Test Item', '2017-10-08', '1', '400', '400', '43352771.531323', '1', '1', '', '', '', '', '', '', '0', '0', '0', '0', '0', '0', '0000-00-00', '0000-00-00', '0000-00-00', '0', '0', '0', '0', '0', '0', NULL),
('12', '11', '3001', 'MODULO', '2017-10-09', '0', '300', '300', '0', '0', '0', '11', '22', '44', '666', '7877', '888', '999', '1', '3', '555', '666', '7', '2017-09-20', '2017-09-21', '2017-09-29', '1', '1', '1', '1', '1', '1', NULL),
('13', '12', '3001', 'MODULO', '2017-10-09', '0', '300', '300', '0', '0', '0', '1', '23', '45455', '65', '6', '66', '78', '7', '98', '7', '3', '33', '2017-09-29', '2017-09-29', '2017-09-29', '1', '0', '1', '0', '1', '0', NULL),
('14', '13', '3001', 'MODULO', '2017-10-09', '0', '300', '300', '0', '0', '0', '1', '33', '45', '55', '5', '65', '66', '677', '7', '7', '77', '7', '2017-09-29', '2017-09-29', '2017-09-29', '1', '1', '1', '1', '1', '1', NULL),
('15', '14', '3001', 'MODULO', '2017-10-10', '1', '300', '300', '0', '1', '1', '9', '8', '7', '6', '5', '4', '3', '2', '1', '3', '4', '5', '2017-09-25', '2017-09-26', '2017-09-27', '1', '0', '1', '0', '1', '0', NULL),
('16', '15', '3001', 'MODULO', '2017-09-30', '0', '300', '300', '0', '0', '0', '66', '55', '44', '332', '22', '11', '22', '33', '44', '55', '66', '77', '2017-09-30', '2017-09-30', '2017-09-30', '1', '1', '1', '1', '1', '1', NULL),
('17', '16', '3001', 'MODULO', '2017-10-12', '0', '300', '300', '0', '11', '0', '', '', '', '', '', '', '0', '0', '0', '0', '0', '0', '0000-00-00', '0000-00-00', '0000-00-00', '0', '0', '0', '0', '0', '0', NULL),
('18', '17', '3001', 'MODULO', '2017-10-12', '1', '300', '300', '0', '1', '1', '', '', '', '', '', '', '0', '0', '0', '0', '0', '0', '0000-00-00', '0000-00-00', '0000-00-00', '0', '0', '0', '0', '0', '0', NULL),
('19', '18', '3001', 'MODULO', '2017-10-12', '1', '300', '300', '0', '1', '1', '', '', '', '', '', '', '0', '0', '0', '0', '0', '0', '0000-00-00', '0000-00-00', '0000-00-00', '0', '0', '0', '0', '0', '0', NULL),
('20', '19', '2001', 'BOPP PLAIN BST', '2017-10-15', '5', '1000', '1000', '1000', '5', '5', '', '', '', '', '', '', '0', '0', '0', '0', '0', '0', '0000-00-00', '0000-00-00', '0000-00-00', '0', '0', '0', '0', '0', '0', NULL),
('21', '20', '3001', 'MODULO', '2017-10-15', '5', '300', '300', '0', '5', '5', '', '', '', '', '', '', '0', '0', '0', '0', '0', '0', '0000-00-00', '0000-00-00', '0000-00-00', '0', '0', '0', '0', '0', '0', NULL),
('22', '21', '007', 'Kinley Bottles', '2017-10-16', '0', '75', '0', '0', '500', '0', '', '', '', '', '', '', '0', '0', '0', '0', '0', '0', '0000-00-00', '0000-00-00', '0000-00-00', '0', '0', '0', '0', '0', '0', NULL),
('23', '22', '00001', 'Vinyl Blue', '2017-10-16', '10', '500', '500', '500', '10', '10', '', '', '', '', '', '', '0', '0', '0', '0', '0', '0', '0000-00-00', '0000-00-00', '0000-00-00', '0', '0', '0', '0', '0', '0', NULL),
('26', '25', '00002', 'Mist Green', '2017-10-16', '10', '450', '450', '450', '10', '10', '', '', '', '', '', '', '0', '0', '0', '0', '0', '0', '0000-00-00', '0000-00-00', '0000-00-00', '0', '0', '0', '0', '0', '0', NULL),
('29', '28', '3001', 'MODULO', '2017-10-06', '1', '300', '300', '426.8', '1', '1', '', '', '', '', '', '', '0', '0', '0', '0', '0', '0', '0000-00-00', '0000-00-00', '0000-00-00', '0', '0', '0', '0', '0', '0', NULL),
('30', '29', '00003', 'Premium White', '2017-10-16', '10', '0', '550', '550', '10', '10', '', '', '', '', '', '', '0', '0', '0', '0', '0', '0', '0000-00-00', '0000-00-00', '0000-00-00', '0', '0', '0', '0', '0', '0', NULL),
('31', '30', '3001', 'MODULO', '2017-10-06', '12', '300', '300', '426.8', '12', '12', '', '', '', '', '', '', '0', '0', '0', '0', '0', '0', '0000-00-00', '0000-00-00', '0000-00-00', '0', '0', '0', '0', '0', '0', NULL),
('32', '31', '00001', 'Vinyl Blue', '2017-10-17', '10', '550', '550', '525', '10', '10', '', '', '', '', '', '', '0', '0', '0', '0', '0', '0', '0000-00-00', '0000-00-00', '0000-00-00', '0', '0', '0', '0', '0', '0', NULL),
('33', '32', '00002', 'Mist Green', '2017-10-17', '10', '475', '475', '462.5', '10', '10', '', '', '', '', '', '', '0', '0', '0', '0', '0', '0', '0000-00-00', '0000-00-00', '0000-00-00', '0', '0', '0', '0', '0', '0', NULL),
('34', '33', '00003', 'Premium White', '2017-10-17', '10', '585', '585', '567.5', '10', '10', '', '', '', '', '', '', '0', '0', '0', '0', '0', '0', '0000-00-00', '0000-00-00', '0000-00-00', '0', '0', '0', '0', '0', '0', NULL),
('35', '34', 'CITYMT1.3UF', 'CITYMT1.3UF', '2017-10-17', '1', '1567000', '1567000', '0', '1', '1', '', '', '', '', '', '', '0', '0', '0', '0', '0', '0', '0000-00-00', '0000-00-00', '0000-00-00', '0', '0', '0', '0', '0', '0', NULL),
('36', '34', 'C_TITANIUM', 'C_TITANIUM', '2017-10-17', '1', '0', '0', '0', '1', '1', '', '', '', '', '', '', '0', '0', '0', '0', '0', '0', '0000-00-00', '0000-00-00', '0000-00-00', '0', '0', '0', '0', '0', '0', NULL),
('37', '35', 'CIVICOUMF', 'CIVIC O-U-M-F', '2017-10-07', '1', '2722000', '2722000', '0', '1', '1', '', '', '', '', '', '', '0', '0', '0', '0', '0', '0', '0000-00-00', '0000-00-00', '0000-00-00', '0', '0', '0', '0', '0', '0', NULL),
('38', '36', 'C_TITANIUM', 'C_TITANIUM', '2017-10-08', '1', '0', '0', '0', '1', '1', '', '', '', '', '', '', '0', '0', '0', '0', '0', '0', '0000-00-00', '0000-00-00', '0000-00-00', '0', '0', '0', '0', '0', '0', NULL),
('39', '37', 'C_TITANIUM', 'C_TITANIUM', '2017-10-08', '10', '1000', '1000', '0', '10', '10', '', '', '', '', '', '', '0', '0', '0', '0', '0', '0', '0000-00-00', '0000-00-00', '0000-00-00', '0', '0', '0', '0', '0', '0', NULL),
('40', '38', '900', 'Inflatable Beds', '2017-10-11', '20', '10000', '10000', '10000', '20', '20', '', '', '', '', '', '', '0', '0', '0', '0', '0', '0', '0000-00-00', '0000-00-00', '0000-00-00', '0', '0', '0', '0', '0', '0', NULL),
('41', '39', '901', 'HP-Printer', '2017-10-19', '40', '8000', '8000', '8000', '40', '40', '', '', '', '', '', '', '0', '0', '0', '0', '0', '0', '0000-00-00', '0000-00-00', '0000-00-00', '0', '0', '0', '0', '0', '0', NULL),
('42', '40', '902', 'Scanncer(HP)', '2017-10-19', '15', '7500', '7500', '7500', '15', '15', '', '', '', '', '', '', '0', '0', '0', '0', '0', '0', '0000-00-00', '0000-00-00', '0000-00-00', '0', '0', '0', '0', '0', '0', NULL),
('43', '41', '904', 'Cordless Phone(Braun)', '2017-10-19', '25', '3750', '3750', '3750', '25', '25', '', '', '', '', '', '', '0', '0', '0', '0', '0', '0', '0000-00-00', '0000-00-00', '0000-00-00', '0', '0', '0', '0', '0', '0', NULL),
('44', '42', 'C_TITANIUM', 'C_TITANIUM', '2017-10-20', '100', '200', '200', '0', '100', '100', '', '', '', '', '', '', '0', '0', '0', '0', '0', '0', '0000-00-00', '0000-00-00', '0000-00-00', '0', '0', '0', '0', '0', '0', NULL),
('45', '43', '8000', 'Birthday Cards', '2017-10-20', '0', '50', '50', '50', '0', '0', '', '', '', '', '', '', '0', '0', '0', '0', '0', '0', '0000-00-00', '0000-00-00', '0000-00-00', '0', '0', '0', '0', '0', '0', NULL),
('46', '44', '8000', 'Birthday Cards', '2017-10-20', '500', '50', '50', '50', '500', '500', '', '', '', '', '', '', '0', '0', '0', '0', '0', '0', '0000-00-00', '0000-00-00', '0000-00-00', '0', '0', '0', '0', '0', '0', NULL),
('47', '45', '8001', 'LED TV', '2017-10-20', '30', '50000', '50000', '50000', '30', '30', '', '', '', '', '', '', '0', '0', '0', '0', '0', '0', '0000-00-00', '0000-00-00', '0000-00-00', '0', '0', '0', '0', '0', '0', NULL),
('48', '46', '8000', 'Birthday Cards', '2017-10-20', '10', '25', '25', '49.074074074074', '10', '10', '', '', '', '', '', '', '0', '0', '0', '0', '0', '0', '0000-00-00', '0000-00-00', '0000-00-00', '0', '0', '0', '0', '0', '0', NULL),
('49', '47', '902', 'Scanncer(HP)', '2017-10-20', '18', '3000', '3000', '4500', '18', '18', '', '', '', '', '', '', '0', '0', '0', '0', '0', '0', '0000-00-00', '0000-00-00', '0000-00-00', '0', '0', '0', '0', '0', '0', NULL),
('50', '48', '900', 'Inflatable Beds', '2017-10-20', '5', '6000', '6000', '8666.6666666667', '5', '5', '', '', '', '', '', '', '0', '0', '0', '0', '0', '0', '0000-00-00', '0000-00-00', '0000-00-00', '0', '0', '0', '0', '0', '0', NULL),
('51', '49', '007', 'Kinley Bottles', '2017-10-20', '100', '25', '25', '25', '100', '100', '', '', '', '', '', '', '0', '0', '0', '0', '0', '0', '0000-00-00', '0000-00-00', '0000-00-00', '0', '0', '0', '0', '0', '0', NULL);

### Structure of table `0_purch_orders` ###

DROP TABLE IF EXISTS `0_purch_orders`;

CREATE TABLE `0_purch_orders` (
  `order_no` int(11) NOT NULL AUTO_INCREMENT,
  `supplier_id` int(11) NOT NULL DEFAULT '0',
  `comments` tinytext COLLATE utf8_unicode_ci,
  `ord_date` date NOT NULL DEFAULT '0000-00-00',
  `reference` tinytext COLLATE utf8_unicode_ci NOT NULL,
  `requisition_no` tinytext COLLATE utf8_unicode_ci,
  `into_stock_location` varchar(5) COLLATE utf8_unicode_ci NOT NULL DEFAULT '',
  `delivery_address` tinytext COLLATE utf8_unicode_ci NOT NULL,
  `total` double NOT NULL DEFAULT '0',
  `prep_amount` double NOT NULL DEFAULT '0',
  `alloc` double NOT NULL DEFAULT '0',
  `tax_included` tinyint(1) NOT NULL DEFAULT '0',
  `pr` varchar(60) COLLATE utf8_unicode_ci NOT NULL,
  `payments` int(11) NOT NULL,
  `delivery_term` varchar(50) COLLATE utf8_unicode_ci NOT NULL,
  `sales_tax` varchar(50) COLLATE utf8_unicode_ci NOT NULL,
  `h_text1` varchar(30) COLLATE utf8_unicode_ci NOT NULL,
  `h_text2` varchar(30) COLLATE utf8_unicode_ci NOT NULL,
  `h_text3` varchar(30) COLLATE utf8_unicode_ci NOT NULL,
  `h_comb1` varchar(30) COLLATE utf8_unicode_ci NOT NULL,
  `h_comb2` varchar(30) COLLATE utf8_unicode_ci NOT NULL,
  `h_comb3` varchar(30) COLLATE utf8_unicode_ci NOT NULL,
  `Comments1` text COLLATE utf8_unicode_ci NOT NULL,
  `Comments2` text COLLATE utf8_unicode_ci NOT NULL,
  `Comments3` text COLLATE utf8_unicode_ci NOT NULL,
  `Comments4` text COLLATE utf8_unicode_ci NOT NULL,
  `Comments5` text COLLATE utf8_unicode_ci NOT NULL,
  `Comments6` text COLLATE utf8_unicode_ci,
  `requisition_detail_id` int(11) DEFAULT NULL,
  `op_po` varchar(20) COLLATE utf8_unicode_ci DEFAULT NULL,
  `receive_ref` varchar(20) COLLATE utf8_unicode_ci DEFAULT NULL,
  PRIMARY KEY (`order_no`),
  KEY `ord_date` (`ord_date`)
) ENGINE=InnoDB AUTO_INCREMENT=50 DEFAULT CHARSET=utf8 COLLATE=utf8_unicode_ci ;

### Data of table `0_purch_orders` ###

INSERT INTO `0_purch_orders` VALUES
('1', '1', 'Memo:	', '2017-09-13', 'PO001/09/2017', NULL, 'DEF', 'N/A', '10000', '0', '0', '0', '', '5', '', '', '', '', '', '', '', '', 'Memo1:	', 'Memo2:	', '', '', '', NULL, NULL, NULL, NULL),
('2', '1', NULL, '2017-09-13', 'auto', 'dwefwde', 'DEF', 'N/A', '10000', '0', '0', '0', '', '5', '', '', '', '', '', '', '', '', '', '', '', '', '', NULL, NULL, NULL, NULL),
('3', '1', NULL, '2017-09-13', 'PO002/09/2017', NULL, 'DEF', 'N/A', '1000', '0', '0', '0', '', '5', '', '', '', '', '', '', '', '', '', '', '', '', '', NULL, NULL, NULL, NULL),
('4', '1', 'aaaaaaaa', '2017-09-15', 'PO003/09/2017', '1222333333', 'DEF', 'N/A', '120000', '0', '0', '0', '212222', '5', '', '', '', '', '', '', '', '', '', '', '', '', '', NULL, NULL, NULL, NULL),
('5', '1', NULL, '2017-09-17', 'PO004/09/2017', NULL, 'DEF', 'N/A', '2000', '0', '0', '0', '', '5', '', '', '', '', '', '', '', '', '', '', '', '', '', NULL, NULL, NULL, NULL),
('6', '1', NULL, '2017-09-17', 'PO005/09/2017', NULL, 'DEF', 'N/A', '1000', '0', '0', '0', '', '5', '', '', '', '', '', '', '', '', '', '', '', '', '', NULL, NULL, NULL, NULL),
('7', '1', NULL, '2017-09-17', 'PO006/09/2017', NULL, 'DEF', 'N/A', '1000', '0', '0', '0', '', '5', '', '', '', '', '', '', '', '', '', '', '', '', '', NULL, NULL, NULL, NULL),
('8', '1', NULL, '2017-09-26', 'PO007/09/2017', NULL, 'DEF', 'N/A', '0', '0', '0', '0', '', '5', '', '', '', '', '', '', '', '', '', '', '', '', '', NULL, NULL, NULL, NULL),
('9', '2', NULL, '2017-09-28', 'PO008/09/2017', NULL, 'DEF', 'N/A', '351', '0', '0', '0', '', '5', '', '', '', '', '', '', '', '', '', '', '', '', '', NULL, NULL, NULL, NULL),
('10', '2', NULL, '2017-09-28', 'PO009/09/2017', NULL, 'DEF', 'N/A', '468', '0', '0', '0', '', '5', '', '', '', '', '', '', '', '', '', '', '', '', '', NULL, NULL, NULL, NULL),
('11', '2', NULL, '2017-09-29', 'PO010/09/2017', '2323', 'DEF', 'N/A', '351', '0', '0', '0', '', '5', '', '', '', '', '', '', '', '', '', '', '', '', '', NULL, NULL, NULL, NULL),
('12', '2', NULL, '2017-09-29', 'PO011/09/2017', '213213', 'DEF', 'N/A', '35100', '0', '0', '0', '', '5', '', '', '', '', '', '', '', '', '', '', '', '', '', NULL, NULL, NULL, NULL),
('13', '2', NULL, '2017-09-29', 'PO012/09/2017', NULL, 'DEF', 'N/A', '35100', '0', '0', '0', '', '5', '', '', '', '', '', '', '', '', '', '', '', '', '', NULL, NULL, NULL, NULL),
('14', '2', NULL, '2017-09-30', 'PO013/09/2017', NULL, 'DEF', 'N/A', '351', '0', '0', '0', '', '5', '', '', '', '', '', '', '', '', '', '', '', '', '', NULL, NULL, NULL, NULL),
('15', '2', NULL, '2017-09-30', 'auto', '435', 'DEF', 'N/A', '35100', '0', '0', '0', '', '5', '', '', '', '', '', '', '', '', '', '', '', '', '', NULL, NULL, NULL, NULL),
('16', '2', NULL, '2017-10-02', 'PO001/10/2017', NULL, 'DEF', 'N/A', '3861', '0', '0', '0', '', '5', '', '', '', '', '', '', '', '', '', '', '', '', '', NULL, NULL, NULL, NULL),
('17', '2', NULL, '2017-10-02', 'PO002/10/2017', NULL, 'DEF', 'N/A', '351', '0', '0', '0', '3233', '5', '', '', '', '', '', '', '', '', '', '', '', '', '', NULL, NULL, NULL, NULL),
('18', '2', NULL, '2017-10-02', 'PO003/10/2017', NULL, 'DEF', 'N/A', '351', '0', '0', '0', '231', '5', '', '', '', '', '', '', '', '', '', '', '', '', '', NULL, NULL, NULL, NULL),
('19', '2', NULL, '2017-10-05', 'PO004/10/2017', NULL, 'DEF', 'N/A', '5850', '0', '0', '0', '', '5', '', '', '', '', '', '', '', '', '', '', '', '', '', NULL, NULL, NULL, NULL),
('20', '2', NULL, '2017-10-05', 'PO005/10/2017', '007', 'DEF', 'N/A', '1755', '0', '0', '0', '', '5', '', '', '', '', '', '', '', '', '', '', '', '', '', NULL, NULL, NULL, NULL),
('21', '1', 'Mineral water bottles must be packaged properly.', '2017-10-06', 'PO006/10/2017', 'qwerty', 'DEF', 'xyz street', '37500', '0', '0', '0', '', '5', '', '', '', '', '', '', '', '', '', '', '', '', '', NULL, NULL, NULL, NULL),
('22', '3', NULL, '2017-10-06', 'PO007/10/2017', NULL, 'DEF', 'N/A', '5850', '0', '0', '0', '', '5', '', '', '', '', '', '', '', '', '', '', '', '', '', NULL, NULL, NULL, NULL),
('25', '4', NULL, '2017-10-06', 'PO008/10/2017', NULL, 'DEF', 'N/A', '5265', '0', '0', '0', '', '5', '', '', '', '', '', '', '', '', '', '', '', '', '', NULL, NULL, NULL, NULL),
('28', '2', NULL, '2017-10-06', 'auto', '6363', 'DEF', 'N/A', '351', '0', '0', '0', '', '5', '', '', '', '', '', '', '', '', '', '', '', '', '', NULL, NULL, NULL, NULL),
('29', '8', NULL, '2017-10-06', 'PO009/10/2017', NULL, 'DEF', 'N/A', '0', '0', '0', '0', '', '5', '', '', '', '', '', '', '', '', '', '', '', '', '', NULL, NULL, NULL, NULL),
('30', '2', NULL, '2017-10-06', 'auto', '1222', 'DEF', 'N/A', '4212', '0', '0', '0', '', '5', '', '', '', '', '', '', '', '', '', '', '', '', '', NULL, NULL, NULL, NULL),
('31', '3', NULL, '2017-10-07', 'PO010/10/2017', NULL, 'DEF', 'N/A', '6435', '0', '0', '0', '', '5', '', '', '', '', '', '', '', '', '', '', '', '', '', NULL, NULL, NULL, NULL),
('32', '4', NULL, '2017-10-07', 'PO011/10/2017', '876876', 'DEF', 'N/A', '5557.5', '0', '0', '0', '', '5', '', '', '', '', '', '', '', '', '', '', '', '', '', NULL, NULL, NULL, NULL),
('33', '8', NULL, '2017-10-07', 'PO012/10/2017', NULL, 'DEF', 'N/A', '6844.5', '0', '0', '0', '', '5', '', '', '', '', '', '', '', '', '', '', '', '', '', NULL, NULL, NULL, NULL),
('34', '9', NULL, '2017-10-07', 'PO013/10/2017', 'HACPL INV No', 'DEF', 'hsf k01', '1833390', '0', '0', '0', '1101237', '5', '', '', '', '', '', '', '', '', '', '', '', '', '', NULL, NULL, NULL, NULL),
('35', '9', NULL, '2017-10-07', 'auto', '3100209', 'DEF', 'N/A', '3184740', '0', '0', '0', '', '5', '', '', '', '', '', '', '', '', '', '', '', '', '', NULL, NULL, NULL, NULL),
('36', '2', NULL, '2017-10-08', 'auto', 'fwrfw', 'DEF', 'N/A', '0', '0', '0', '0', '', '5', '', '', '', '', '', '', '', '', '', '', '', '', '', NULL, NULL, NULL, NULL),
('37', '2', NULL, '2017-10-08', 'auto', 'r234r32', 'DEF', 'N/A', '11700', '0', '0', '0', '', '5', '', '', '', '', '', '', '', '', '', '', '', '', '', NULL, NULL, NULL, NULL),
('38', '10', NULL, '2017-10-09', 'PO014/10/2017', '8765', 'DEF', 'Kavish Crown, Karachi', '234000', '0', '0', '0', '', '3', '', '', '', '', '', '', '', '', '', '', '', '', '', NULL, NULL, NULL, NULL),
('39', '11', NULL, '2017-10-09', 'PO015/10/2017', '5674', 'DEF', 'Kavish Crown, Karachi', '374400', '0', '0', '0', '', '3', '', '', '', '', '', '', '', '', '', '', '', '', '', NULL, NULL, NULL, NULL),
('40', '12', NULL, '2017-10-09', 'PO016/10/2017', '54246', 'DEF', 'N/A', '131625', '0', '0', '0', '', '5', '', '', '', '', '', '', '', '', '', '', '', '', '', NULL, NULL, NULL, NULL),
('41', '13', NULL, '2017-10-09', 'PO017/10/2017', '433467', 'DEF', 'Crown Plaza, Karachi', '109687.5', '0', '0', '0', '', '5', '', '', '', '', '', '', '', '', '', '', '', '', '', NULL, NULL, NULL, NULL),
('42', '12', NULL, '2017-10-10', 'PO018/10/2017', NULL, 'DEF', 'N/A', '23400', '0', '0', '0', '', '5', '', '', '', '', '', '', '', '', '', '', '', '', '', NULL, NULL, NULL, NULL),
('43', '14', 'Should be properly packaged!', '2017-10-10', 'PO019/10/2017', '090078601', 'DEF', 'Kavish Crown Plaza, Karachi.', '29250', '0', '0', '0', '', '3', '', '', '', '', '', '', '', '', '', '', '', '', '', NULL, NULL, NULL, NULL),
('44', '14', NULL, '2017-10-10', 'PO020/10/2017', '090078601', 'DEF', 'Kavish Crown Plaza, Karachi', '29250', '0', '29250', '0', '', '3', '', '', '', '', '', '', '', '', '', '', '', '', '', NULL, NULL, NULL, NULL),
('45', '14', 'Electronic items must be properly checked at the port to verify proper functionality', '2017-10-10', 'PO021/10/2017', '544089', 'DEF', 'Kavish Crown Plaza, Karachi', '1755000', '0', '0', '0', '', '3', '', '', '', '', '', '', '', '', '', '', '', '', '', NULL, NULL, NULL, NULL),
('46', '15', NULL, '2017-10-10', 'PO022/10/2017', NULL, 'DEF', 'N/A', '292.5', '0', '0', '0', '', '5', '', '', '', '', '', '', '', '', '', '', '', '', '', NULL, NULL, NULL, NULL),
('47', '15', NULL, '2017-10-10', 'PO023/10/2017', NULL, 'DEF', 'N/A', '63180', '0', '0', '0', '', '5', '', '', '', '', '', '', '', '', '', '', '', '', '', NULL, NULL, NULL, NULL),
('48', '12', NULL, '2017-10-10', 'PO024/10/2017', NULL, 'DEF', 'N/A', '35100', '0', '0', '0', '', '5', '', '', '', '', '', '', '', '', '', '', '', '', '', NULL, NULL, NULL, NULL),
('49', '12', NULL, '2017-10-10', 'PO025/10/2017', NULL, 'DEF', 'N/A', '2925', '0', '0', '0', '', '5', '', '', '', '', '', '', '', '', '', '', '', '', '', NULL, NULL, NULL, NULL);

### Structure of table `0_purch_pref` ###

DROP TABLE IF EXISTS `0_purch_pref`;

CREATE TABLE `0_purch_pref` (
  `name` varchar(20) NOT NULL,
  `label_value` varchar(30) NOT NULL,
  `po_enable` tinyint(1) NOT NULL,
  `grn_enable` tinyint(1) NOT NULL,
  PRIMARY KEY (`name`)
) ENGINE=InnoDB DEFAULT CHARSET=latin1 ;

### Data of table `0_purch_pref` ###

INSERT INTO `0_purch_pref` VALUES
('cart1', '', '0', '0'),
('cart2', '', '0', '0'),
('cart3', '', '0', '0'),
('cart4', '', '0', '0'),
('cart5', 'Header 5', '0', '0'),
('cart6', 'Header 6', '0', '0'),
('footer_long_text1', 'Header Combo Label 3', '0', '0'),
('footer_long_text2', '', '0', '0'),
('header_combo1', '', '0', '0'),
('header_combo2', '', '0', '0'),
('header_combo3', 'Header Combo Label 3', '1', '0'),
('header_long_text', '', '0', '0'),
('header_text1', 'Label text 1', '0', '0'),
('header_text2', ' Text Label 2', '0', '0'),
('header_text3', 'Label text 3', '0', '0'),
('h_combo1', 'h1', '0', '1'),
('h_combo2', 'h2', '0', '1'),
('h_combo3', 'h3', '0', '1'),
('total_headers', 'h1', '0', '0'),
('total_headers2', 'f', '0', '0');

### Structure of table `0_quick_entries` ###

DROP TABLE IF EXISTS `0_quick_entries`;

CREATE TABLE `0_quick_entries` (
  `id` smallint(6) unsigned NOT NULL AUTO_INCREMENT,
  `type` tinyint(1) NOT NULL DEFAULT '0',
  `description` varchar(60) COLLATE utf8_unicode_ci NOT NULL,
  `usage` varchar(120) COLLATE utf8_unicode_ci DEFAULT NULL,
  `base_amount` double NOT NULL DEFAULT '0',
  `base_desc` varchar(60) COLLATE utf8_unicode_ci DEFAULT NULL,
  `bal_type` tinyint(1) NOT NULL DEFAULT '0',
  PRIMARY KEY (`id`),
  KEY `description` (`description`)
) ENGINE=InnoDB AUTO_INCREMENT=4 DEFAULT CHARSET=utf8 COLLATE=utf8_unicode_ci ;

### Data of table `0_quick_entries` ###

INSERT INTO `0_quick_entries` VALUES
('1', '1', 'Maintenance', NULL, '0', 'Amount', '0'),
('2', '4', 'Phone', NULL, '0', 'Amount', '0'),
('3', '2', 'Cash Sales', 'Retail sales without invoice', '0', 'Amount', '0');

### Structure of table `0_quick_entry_lines` ###

DROP TABLE IF EXISTS `0_quick_entry_lines`;

CREATE TABLE `0_quick_entry_lines` (
  `id` smallint(6) unsigned NOT NULL AUTO_INCREMENT,
  `qid` smallint(6) unsigned NOT NULL,
  `amount` double DEFAULT '0',
  `memo` tinytext COLLATE utf8_unicode_ci NOT NULL,
  `action` varchar(2) COLLATE utf8_unicode_ci NOT NULL,
  `dest_id` varchar(15) COLLATE utf8_unicode_ci NOT NULL DEFAULT '',
  `dimension_id` smallint(6) unsigned DEFAULT NULL,
  `dimension2_id` smallint(6) unsigned DEFAULT NULL,
  PRIMARY KEY (`id`),
  KEY `qid` (`qid`)
) ENGINE=InnoDB AUTO_INCREMENT=7 DEFAULT CHARSET=utf8 COLLATE=utf8_unicode_ci ;

### Data of table `0_quick_entry_lines` ###

INSERT INTO `0_quick_entry_lines` VALUES
('1', '1', '0', '', 't-', '1', '0', '0'),
('2', '2', '0', '', 't-', '1', '0', '0'),
('3', '3', '0', '', 't-', '1', '0', '0'),
('4', '3', '0', '', '=', '4010', '0', '0'),
('5', '1', '0', '', '=', '5765', '0', '0'),
('6', '2', '0', '', '=', '5780', '0', '0');

### Structure of table `0_recurrent_invoices` ###

DROP TABLE IF EXISTS `0_recurrent_invoices`;

CREATE TABLE `0_recurrent_invoices` (
  `id` smallint(6) unsigned NOT NULL AUTO_INCREMENT,
  `description` varchar(60) COLLATE utf8_unicode_ci NOT NULL DEFAULT '',
  `order_no` int(11) unsigned NOT NULL,
  `debtor_no` int(11) unsigned DEFAULT NULL,
  `group_no` smallint(6) unsigned DEFAULT NULL,
  `days` int(11) NOT NULL DEFAULT '0',
  `monthly` int(11) NOT NULL DEFAULT '0',
  `begin` date NOT NULL DEFAULT '0000-00-00',
  `end` date NOT NULL DEFAULT '0000-00-00',
  `last_sent` date NOT NULL DEFAULT '0000-00-00',
  PRIMARY KEY (`id`),
  UNIQUE KEY `description` (`description`)
) ENGINE=InnoDB AUTO_INCREMENT=2 DEFAULT CHARSET=utf8 COLLATE=utf8_unicode_ci ;

### Data of table `0_recurrent_invoices` ###

INSERT INTO `0_recurrent_invoices` VALUES
('1', 'Weekly Maintenance', '6', '1', '1', '7', '0', '2015-04-01', '2020-05-07', '2015-04-08');

### Structure of table `0_reflines` ###

DROP TABLE IF EXISTS `0_reflines`;

CREATE TABLE `0_reflines` (
  `id` int(11) NOT NULL AUTO_INCREMENT,
  `trans_type` int(11) NOT NULL,
  `prefix` char(5) COLLATE utf8_unicode_ci NOT NULL DEFAULT '',
  `pattern` varchar(35) COLLATE utf8_unicode_ci NOT NULL DEFAULT '1',
  `description` varchar(60) COLLATE utf8_unicode_ci NOT NULL DEFAULT '',
  `default` tinyint(1) NOT NULL DEFAULT '0',
  `inactive` tinyint(1) NOT NULL DEFAULT '0',
  PRIMARY KEY (`id`),
  UNIQUE KEY `prefix` (`trans_type`,`prefix`)
) ENGINE=InnoDB AUTO_INCREMENT=28 DEFAULT CHARSET=utf8 COLLATE=utf8_unicode_ci ;

### Data of table `0_reflines` ###

INSERT INTO `0_reflines` VALUES
('1', '0', 'JV', '{001}/{MM}/{YYYY}', '', '1', '0'),
('2', '1', 'BPV', '{001}/{MM}/{YYYY}', '', '1', '0'),
('3', '2', 'BRV', '{001}/{MM}/{YYYY}', '', '1', '0'),
('4', '4', 'FT', '{001}/{MM}/{YYYY}', '', '1', '0'),
('5', '10', 'SI', '{001}/{MM}/{YYYY}', '107', '1', '0'),
('6', '11', 'CCN', '{001}/{MM}/{YYYY}', '113', '1', '0'),
('7', '12', 'CP', '{001}/{MM}/{YYYY}', '', '1', '0'),
('8', '13', 'DN', '{001}/{MM}/{YYYY}', '110', '1', '0'),
('9', '16', 'LT', '{001}/{MM}/{YYYY}', '', '1', '0'),
('10', '17', 'IA', '{001}/{MM}/{YYYY}', '', '1', '0'),
('11', '18', 'PO', '{001}/{MM}/{YYYY}', '209', '1', '0'),
('12', '20', 'PI', '{001}/{MM}/{YYYY}', '', '1', '0'),
('13', '21', 'SCN', '{001}/{MM}/{YYYY}', '', '1', '0'),
('14', '22', 'SP', '{001}/{MM}/{YYYY}', '210', '1', '0'),
('15', '25', 'GRN', '{001}/{MM}/{YYYY}', '', '1', '0'),
('16', '26', 'WO', '{001}/{MM}/{YYYY}', '409', '1', '0'),
('17', '28', 'WOI', '{001}/{MM}/{YYYY}', '', '1', '0'),
('18', '29', 'WOP', '{001}/{MM}/{YYYY}', '', '1', '0'),
('19', '30', 'SO', '{001}/{MM}/{YYYY}', '10912', '1', '0'),
('20', '32', 'SQ', '{001}/{MM}/{YYYY}', '110', '1', '0'),
('21', '35', 'CU', '{001}/{MM}/{YYYY}', '', '1', '0'),
('22', '40', 'CC', '{001}/{MM}/{YYYY}', '', '1', '0'),
('23', '41', 'CPV', '{001}/{MM}/{YYYY}', '', '1', '0'),
('24', '42', 'CRV', '{001}/{MM}/{YYYY}', '', '1', '0'),
('25', '43', '', '{001}/{YYYY}', '', '1', '0'),
('26', '10', 'GST', '{001}/{MM}/{YYYY}', '107', '0', '0'),
('27', '32', 'GST', '{001}/{MM}/{YYYY}', '109', '0', '0');

### Structure of table `0_refs` ###

DROP TABLE IF EXISTS `0_refs`;

CREATE TABLE `0_refs` (
  `id` int(11) NOT NULL DEFAULT '0',
  `type` int(11) NOT NULL DEFAULT '0',
  `reference` varchar(100) COLLATE utf8_unicode_ci NOT NULL DEFAULT '',
  PRIMARY KEY (`id`,`type`),
  KEY `Type_and_Reference` (`type`,`reference`)
) ENGINE=InnoDB DEFAULT CHARSET=utf8 COLLATE=utf8_unicode_ci ;

### Data of table `0_refs` ###

INSERT INTO `0_refs` VALUES
('1', '0', 'JV001/10/2017'),
('2', '0', 'JV002/10/2017'),
('3', '0', 'JV003/10/2017'),
('4', '0', 'JV004/10/2017'),
('5', '0', 'JV005/10/2017'),
('1', '1', 'BPV001/09/2017'),
('5', '1', 'BPV001/10/2017'),
('2', '1', 'BPV002/09/2017'),
('6', '1', 'BPV002/10/2017'),
('3', '1', 'BPV003/09/2017'),
('7', '1', 'BPV003/10/2017'),
('4', '1', 'BPV004/09/2017'),
('8', '1', 'BPV004/10/2017'),
('9', '1', 'BPV005/10/2017'),
('1', '2', 'BRV001/10/2017'),
('2', '2', 'BRV002/10/2017'),
('24', '10', 'GST001/09/2017'),
('1', '10', 'SI001/09/2017'),
('34', '10', 'SI001/10/2015'),
('32', '10', 'SI001/10/2017'),
('2', '10', 'SI002/09/2017'),
('35', '10', 'SI002/10/2015'),
('33', '10', 'SI002/10/2017'),
('3', '10', 'SI003/09/2017'),
('36', '10', 'SI003/10/2017'),
('4', '10', 'SI004/09/2017'),
('37', '10', 'SI004/10/2017'),
('5', '10', 'SI005/09/2017'),
('38', '10', 'SI005/10/2017'),
('6', '10', 'SI006/09/2017'),
('39', '10', 'SI006/10/2017'),
('7', '10', 'SI007/09/2017'),
('40', '10', 'SI007/10/2017'),
('8', '10', 'SI008/09/2017'),
('41', '10', 'SI008/10/2017'),
('9', '10', 'SI009/09/2017'),
('42', '10', 'SI009/10/2017'),
('10', '10', 'SI010/09/2017'),
('43', '10', 'SI010/10/2017'),
('11', '10', 'SI011/09/2017'),
('44', '10', 'SI011/10/2017'),
('12', '10', 'SI012/09/2017'),
('45', '10', 'SI012/10/2017'),
('13', '10', 'SI013/09/2017'),
('46', '10', 'SI013/10/2017'),
('14', '10', 'SI014/09/2017'),
('47', '10', 'SI014/10/2017'),
('15', '10', 'SI015/09/2017'),
('48', '10', 'SI015/10/2017'),
('16', '10', 'SI016/09/2017'),
('49', '10', 'SI016/10/2017'),
('17', '10', 'SI017/09/2017'),
('50', '10', 'SI017/10/2017'),
('18', '10', 'SI018/09/2017'),
('51', '10', 'SI018/10/2017'),
('19', '10', 'SI019/09/2017'),
('52', '10', 'SI019/10/2017'),
('20', '10', 'SI020/09/2017'),
('53', '10', 'SI020/10/2017'),
('21', '10', 'SI021/09/2017'),
('54', '10', 'SI021/10/2017'),
('22', '10', 'SI022/09/2017'),
('55', '10', 'SI022/10/2017'),
('23', '10', 'SI023/09/2017'),
('56', '10', 'SI023/10/2017'),
('25', '10', 'SI024/09/2017'),
('57', '10', 'SI024/10/2017'),
('26', '10', 'SI025/09/2017'),
('58', '10', 'SI025/10/2017'),
('27', '10', 'SI026/09/2017'),
('59', '10', 'SI026/10/2017'),
('28', '10', 'SI027/09/2017'),
('60', '10', 'SI027/10/2017'),
('29', '10', 'SI028/09/2017'),
('61', '10', 'SI028/10/2017'),
('30', '10', 'SI029/09/2017'),
('62', '10', 'SI029/10/2017'),
('31', '10', 'SI030/09/2017'),
('63', '10', 'SI030/10/2017'),
('64', '10', 'SI031/10/2017'),
('65', '10', 'SI032/10/2017'),
('66', '10', 'SI033/10/2017'),
('67', '10', 'SI034/10/2017'),
('68', '10', 'SI035/10/2017'),
('69', '10', 'SI036/10/2017'),
('70', '10', 'SI037/10/2017'),
('71', '10', 'SI038/10/2017'),
('72', '10', 'SI039/10/2017'),
('73', '10', 'SI040/10/2017'),
('74', '10', 'SI041/10/2017'),
('75', '10', 'SI042/10/2017'),
('76', '10', 'SI043/10/2017'),
('77', '10', 'SI044/10/2017'),
('78', '10', 'SI045/10/2017'),
('79', '10', 'SI046/10/2017'),
('80', '10', 'SI047/10/2017'),
('81', '10', 'SI048/10/2017'),
('1', '11', 'CCN001/09/2017'),
('2', '11', 'CCN002/09/2017'),
('3', '11', 'CCN003/09/2017'),
('4', '11', 'CCN004/09/2017'),
('1', '12', 'CP001/09/2017'),
('9', '12', 'CP001/10/2017'),
('2', '12', 'CP002/09/2017'),
('10', '12', 'CP002/10/2017'),
('3', '12', 'CP003/09/2017'),
('11', '12', 'CP003/10/2017'),
('4', '12', 'CP004/09/2017'),
('12', '12', 'CP004/10/2017'),
('5', '12', 'CP005/09/2017'),
('13', '12', 'CP005/10/2017'),
('6', '12', 'CP006/09/2017'),
('14', '12', 'CP006/10/2017'),
('7', '12', 'CP007/09/2017'),
('15', '12', 'CP007/10/2017'),
('8', '12', 'CP008/09/2017'),
('16', '12', 'CP008/10/2017'),
('17', '12', 'CP009/10/2017'),
('18', '12', 'CP010/10/2017'),
('19', '12', 'CP011/10/2017'),
('20', '12', 'CP012/10/2017'),
('21', '12', 'CP013/10/2017'),
('22', '12', 'CP014/10/2017'),
('23', '12', 'CP015/10/2017'),
('24', '12', 'CP016/10/2017'),
('25', '12', 'CP017/10/2017'),
('26', '12', 'CP018/10/2017'),
('27', '12', 'CP019/10/2017'),
('28', '12', 'CP020/10/2017'),
('29', '12', 'CP021/10/2017'),
('30', '12', 'CP022/10/2017'),
('1', '13', 'DN001/09/2017'),
('39', '13', 'DN001/10/2017'),
('2', '13', 'DN002/09/2017'),
('44', '13', 'DN002/10/2017'),
('3', '13', 'DN003/09/2017'),
('45', '13', 'DN003/10/2017'),
('4', '13', 'DN004/09/2017'),
('50', '13', 'DN004/10/2017'),
('5', '13', 'DN005/09/2017'),
('52', '13', 'DN005/10/2017'),
('6', '13', 'DN006/09/2017'),
('55', '13', 'DN006/10/2017'),
('7', '13', 'DN007/09/2017'),
('63', '13', 'DN007/10/2017'),
('9', '13', 'DN008/09/2017'),
('64', '13', 'DN008/10/2017'),
('10', '13', 'DN009/09/2017'),
('65', '13', 'DN009/10/2017'),
('12', '13', 'DN010/09/2017'),
('66', '13', 'DN010/10/2017'),
('14', '13', 'DN011/09/2017'),
('69', '13', 'DN011/10/2017'),
('20', '13', 'DN012/09/2017'),
('70', '13', 'DN012/10/2017'),
('22', '13', 'DN013/09/2017'),
('71', '13', 'DN013/10/2017'),
('25', '13', 'DN014/09/2017'),
('72', '13', 'DN014/10/2017'),
('27', '13', 'DN015/09/2017'),
('78', '13', 'DN015/10/2017'),
('28', '13', 'DN016/09/2017'),
('79', '13', 'DN016/10/2017'),
('30', '13', 'DN017/09/2017'),
('80', '13', 'DN017/10/2017'),
('31', '13', 'DN018/09/2017'),
('81', '13', 'DN018/10/2017'),
('32', '13', 'DN019/09/2017'),
('82', '13', 'DN019/10/2017'),
('33', '13', 'DN020/09/2017'),
('83', '13', 'DN020/10/2017'),
('34', '13', 'DN021/09/2017'),
('84', '13', 'DN021/10/2017'),
('35', '13', 'DN022/09/2017'),
('85', '13', 'DN022/10/2017'),
('36', '13', 'DN023/09/2017'),
('86', '13', 'DN023/10/2017'),
('87', '13', 'DN024/10/2017'),
('1', '16', 'LT001/09/2017'),
('2', '16', 'LT002/09/2017'),
('1', '17', 'IA001/09/2017'),
('2', '17', 'IA002/09/2017'),
('3', '17', 'IA003/09/2017'),
('1', '18', 'PO001/09/2017'),
('16', '18', 'PO001/10/2017'),
('3', '18', 'PO002/09/2017'),
('17', '18', 'PO002/10/2017'),
('4', '18', 'PO003/09/2017'),
('18', '18', 'PO003/10/2017'),
('5', '18', 'PO004/09/2017'),
('19', '18', 'PO004/10/2017'),
('6', '18', 'PO005/09/2017'),
('20', '18', 'PO005/10/2017'),
('7', '18', 'PO006/09/2017'),
('21', '18', 'PO006/10/2017'),
('8', '18', 'PO007/09/2017'),
('22', '18', 'PO007/10/2017'),
('9', '18', 'PO008/09/2017'),
('25', '18', 'PO008/10/2017'),
('10', '18', 'PO009/09/2017'),
('29', '18', 'PO009/10/2017'),
('11', '18', 'PO010/09/2017'),
('31', '18', 'PO010/10/2017'),
('12', '18', 'PO011/09/2017'),
('32', '18', 'PO011/10/2017'),
('13', '18', 'PO012/09/2017'),
('33', '18', 'PO012/10/2017'),
('14', '18', 'PO013/09/2017'),
('34', '18', 'PO013/10/2017'),
('38', '18', 'PO014/10/2017'),
('39', '18', 'PO015/10/2017'),
('40', '18', 'PO016/10/2017'),
('41', '18', 'PO017/10/2017'),
('42', '18', 'PO018/10/2017'),
('43', '18', 'PO019/10/2017'),
('44', '18', 'PO020/10/2017'),
('45', '18', 'PO021/10/2017'),
('46', '18', 'PO022/10/2017'),
('47', '18', 'PO023/10/2017'),
('48', '18', 'PO024/10/2017'),
('49', '18', 'PO025/10/2017'),
('1', '20', 'PI001/09/2017'),
('2', '20', 'PI001/09/2017'),
('3', '20', 'PI001/09/2017'),
('10', '20', 'PI001/10/2017'),
('11', '20', 'PI001/10/2017'),
('4', '20', 'PI002/09/2017'),
('12', '20', 'PI002/10/2017'),
('5', '20', 'PI003/09/2017'),
('13', '20', 'PI003/10/2017'),
('6', '20', 'PI004/09/2017'),
('14', '20', 'PI004/10/2017'),
('7', '20', 'PI005/09/2017'),
('15', '20', 'PI005/10/2017'),
('8', '20', 'PI006/09/2017'),
('16', '20', 'PI006/10/2017'),
('9', '20', 'PI007/09/2017'),
('17', '20', 'PI007/10/2017'),
('18', '20', 'PI008/10/2017'),
('19', '20', 'PI009/10/2017'),
('20', '20', 'PI010/10/2017'),
('21', '20', 'PI011/10/2017'),
('22', '20', 'PI012/10/2017'),
('23', '20', 'PI013/10/2017'),
('24', '20', 'PI014/10/2017'),
('25', '20', 'PI015/10/2017'),
('26', '20', 'PI016/10/2017'),
('27', '20', 'PI017/10/2017'),
('28', '20', 'PI018/10/2017'),
('29', '20', 'PI019/10/2017'),
('30', '20', 'PI020/10/2017'),
('31', '20', 'PI021/10/2017'),
('32', '20', 'PI022/10/2017'),
('33', '20', 'PI023/10/2017'),
('34', '20', 'PI024/10/2017'),
('1', '21', 'SCN001/09/2017'),
('5', '21', 'SCN001/10/2017'),
('2', '21', 'SCN002/09/2017'),
('3', '21', 'SCN003/09/2017'),
('4', '21', 'SCN004/09/2017'),
('1', '22', 'SP001/09/2017'),
('12', '22', 'SP001/10/2017'),
('2', '22', 'SP002/09/2017'),
('13', '22', 'SP002/10/2017'),
('3', '22', 'SP003/09/2017'),
('14', '22', 'SP003/10/2017'),
('4', '22', 'SP004/09/2017'),
('15', '22', 'SP004/10/2017'),
('5', '22', 'SP005/09/2017'),
('16', '22', 'SP005/10/2017'),
('6', '22', 'SP006/09/2017'),
('17', '22', 'SP006/10/2017'),
('7', '22', 'SP007/09/2017'),
('18', '22', 'SP007/10/2017'),
('8', '22', 'SP008/09/2017'),
('19', '22', 'SP008/10/2017'),
('9', '22', 'SP009/09/2017'),
('20', '22', 'SP009/10/2017'),
('10', '22', 'SP010/09/2017'),
('21', '22', 'SP010/10/2017'),
('11', '22', 'SP011/09/2017'),
('22', '22', 'SP011/10/2017'),
('23', '22', 'SP012/10/2017'),
('24', '22', 'SP013/10/2017'),
('25', '22', 'SP014/10/2017'),
('26', '22', 'SP015/10/2017'),
('27', '22', 'SP016/10/2017'),
('28', '22', 'SP017/10/2017'),
('29', '22', 'SP018/10/2017'),
('30', '22', 'SP019/10/2017'),
('31', '22', 'SP020/10/2017'),
('32', '22', 'SP021/10/2017'),
('33', '22', 'SP022/10/2017'),
('34', '22', 'SP023/10/2017'),
('35', '22', 'SP024/10/2017'),
('36', '22', 'SP025/10/2017'),
('37', '22', 'SP026/10/2017'),
('38', '22', 'SP027/10/2017'),
('39', '22', 'SP028/10/2017'),
('40', '22', 'SP029/10/2017'),
('41', '22', 'SP030/10/2017'),
('42', '22', 'SP031/10/2017'),
('43', '22', 'SP032/10/2017'),
('1', '25', 'GRN001/09/2017'),
('17', '25', 'GRN001/10/2017'),
('18', '25', 'GRN001/10/2017'),
('3', '25', 'GRN002/09/2017'),
('4', '25', 'GRN002/09/2017'),
('19', '25', 'GRN002/10/2017'),
('5', '25', 'GRN003/09/2017'),
('20', '25', 'GRN003/10/2017'),
('6', '25', 'GRN004/09/2017'),
('21', '25', 'GRN004/10/2017'),
('7', '25', 'GRN005/09/2017'),
('49', '25', 'GRN005/10/2017'),
('8', '25', 'GRN006/09/2017'),
('50', '25', 'GRN006/10/2017'),
('9', '25', 'GRN007/09/2017'),
('52', '25', 'GRN007/10/2017'),
('10', '25', 'GRN008/09/2017'),
('53', '25', 'GRN008/10/2017'),
('11', '25', 'GRN009/09/2017'),
('54', '25', 'GRN009/10/2017'),
('12', '25', 'GRN010/09/2017'),
('55', '25', 'GRN010/10/2017'),
('13', '25', 'GRN011/09/2017'),
('56', '25', 'GRN011/10/2017'),
('14', '25', 'GRN012/09/2017'),
('60', '25', 'GRN012/10/2017'),
('15', '25', 'GRN013/09/2017'),
('61', '25', 'GRN013/10/2017'),
('62', '25', 'GRN014/10/2017'),
('63', '25', 'GRN015/10/2017'),
('64', '25', 'GRN016/10/2017'),
('65', '25', 'GRN017/10/2017'),
('66', '25', 'GRN018/10/2017'),
('67', '25', 'GRN019/10/2017'),
('68', '25', 'GRN020/10/2017'),
('69', '25', 'GRN021/10/2017'),
('70', '25', 'GRN022/10/2017'),
('71', '25', 'GRN023/10/2017'),
('1', '26', 'WO001/09/2017'),
('2', '26', 'WO001/10/2017'),
('3', '26', 'WO002/10/2017'),
('1', '29', 'WOP001/09/2017'),
('2', '29', 'WOP001/10/2017'),
('3', '29', 'WOP002/10/2017'),
('1', '30', 'SO001/09/2017'),
('59', '30', 'SO001/10/2014'),
('52', '30', 'SO001/10/2017'),
('53', '30', 'SO002/10/2017'),
('2', '30', 'SO003/09/2017'),
('55', '30', 'SO003/10/2017'),
('3', '30', 'SO004/09/2017'),
('56', '30', 'SO004/10/2017'),
('4', '30', 'SO005/09/2017'),
('62', '30', 'SO005/10/2017'),
('5', '30', 'SO006/09/2017'),
('63', '30', 'SO006/10/2017'),
('6', '30', 'SO007/09/2017'),
('68', '30', 'SO007/10/2017'),
('7', '30', 'SO008/09/2017'),
('69', '30', 'SO008/10/2017'),
('8', '30', 'SO009/09/2017'),
('71', '30', 'SO009/10/2017'),
('9', '30', 'SO010/09/2017'),
('74', '30', 'SO010/10/2017'),
('10', '30', 'SO011/09/2017'),
('82', '30', 'SO011/10/2017'),
('11', '30', 'SO012/09/2017'),
('83', '30', 'SO012/10/2017'),
('84', '30', 'SO013/10/2017'),
('13', '30', 'SO015/09/2017'),
('86', '30', 'SO015/10/2017'),
('14', '30', 'SO016/09/2017'),
('87', '30', 'SO016/10/2017'),
('15', '30', 'SO017/09/2017'),
('16', '30', 'SO018/09/2017'),
('88', '30', 'SO018/10/2017'),
('17', '30', 'SO019/09/2017'),
('91', '30', 'SO019/10/2017'),
('19', '30', 'SO020/09/2017'),
('92', '30', 'SO020/10/2017'),
('20', '30', 'SO021/09/2017'),
('93', '30', 'SO021/10/2017'),
('21', '30', 'SO022/09/2017'),
('23', '30', 'SO023/09/2017'),
('85', '30', 'SO023/10/2017'),
('24', '30', 'SO024/09/2017'),
('99', '30', 'SO024/10/2017'),
('30', '30', 'SO025/09/2017'),
('100', '30', 'SO025/10/2017'),
('31', '30', 'SO026/09/2017'),
('101', '30', 'SO026/10/2017'),
('33', '30', 'SO027/09/2017'),
('102', '30', 'SO027/10/2017'),
('34', '30', 'SO028/09/2017'),
('103', '30', 'SO028/10/2017'),
('37', '30', 'SO029/09/2017'),
('104', '30', 'SO029/10/2017'),
('38', '30', 'SO030/09/2017'),
('105', '30', 'SO030/10/2017'),
('40', '30', 'SO031/09/2017'),
('106', '30', 'SO031/10/2017'),
('41', '30', 'SO032/09/2017'),
('107', '30', 'SO032/10/2017'),
('43', '30', 'SO033/09/2017'),
('108', '30', 'SO033/10/2017'),
('44', '30', 'SO034/09/2017'),
('109', '30', 'SO034/10/2017'),
('45', '30', 'SO035/09/2017'),
('46', '30', 'SO036/09/2017'),
('47', '30', 'SO037/09/2017'),
('48', '30', 'SO038/09/2017'),
('49', '30', 'SO039/09/2017'),
('50', '30', 'SO040/09/2017'),
('21', '32', 'GST001/09/2017'),
('37', '32', 'GST001/10/2017'),
('1', '32', 'SQ001/09/2017'),
('34', '32', 'SQ001/10/2011'),
('28', '32', 'SQ002/10/2017'),
('2', '32', 'SQ003/09/2017'),
('27', '32', 'SQ003/10/2017'),
('3', '32', 'SQ004/09/2017'),
('29', '32', 'SQ004/10/2017'),
('4', '32', 'SQ005/09/2017'),
('30', '32', 'SQ005/10/2017'),
('5', '32', 'SQ006/09/2017'),
('31', '32', 'SQ006/10/2017'),
('6', '32', 'SQ007/09/2017'),
('32', '32', 'SQ007/10/2017'),
('7', '32', 'SQ008/09/2017'),
('33', '32', 'SQ008/10/2017'),
('8', '32', 'SQ009/09/2017'),
('35', '32', 'SQ009/10/2017'),
('9', '32', 'SQ010/09/2017'),
('10', '32', 'SQ011/09/2017'),
('36', '32', 'SQ011/10/2017'),
('38', '32', 'SQ012/10/2017'),
('39', '32', 'SQ013/10/2017'),
('13', '32', 'SQ014/09/2017'),
('40', '32', 'SQ014/10/2017'),
('14', '32', 'SQ015/09/2017'),
('41', '32', 'SQ015/10/2017'),
('15', '32', 'SQ016/09/2017'),
('42', '32', 'SQ016/10/2017'),
('16', '32', 'SQ017/09/2017'),
('43', '32', 'SQ017/10/2017'),
('17', '32', 'SQ018/09/2017'),
('44', '32', 'SQ018/10/2017'),
('18', '32', 'SQ019/09/2017'),
('19', '32', 'SQ020/09/2017'),
('45', '32', 'SQ020/10/2017'),
('20', '32', 'SQ021/09/2017'),
('46', '32', 'SQ021/10/2017'),
('22', '32', 'SQ022/09/2017'),
('47', '32', 'SQ022/10/2017'),
('23', '32', 'SQ023/09/2017'),
('48', '32', 'SQ023/10/2017'),
('24', '32', 'SQ024/09/2017'),
('49', '32', 'SQ024/10/2017'),
('25', '32', 'SQ025/09/2017'),
('50', '32', 'SQ025/10/2017'),
('26', '32', 'SQ026/09/2017'),
('51', '32', 'SQ026/10/2017'),
('52', '32', 'SQ027/10/2017'),
('11', '32', 'SQ028/09/2017'),
('53', '32', 'SQ028/10/2017'),
('12', '32', 'SQ029/09/2017'),
('54', '32', 'SQ029/10/2017'),
('55', '32', 'SQ030/10/2017'),
('56', '32', 'SQ031/10/2017'),
('1', '35', 'CU001/09/2017'),
('13', '35', 'CU001/10/2017'),
('2', '35', 'CU002/09/2017'),
('14', '35', 'CU002/10/2017'),
('3', '35', 'CU003/09/2017'),
('4', '35', 'CU004/09/2017'),
('5', '35', 'CU005/09/2017'),
('6', '35', 'CU006/09/2017'),
('7', '35', 'CU007/09/2017'),
('8', '35', 'CU008/09/2017'),
('9', '35', 'CU009/09/2017'),
('10', '35', 'CU010/09/2017'),
('11', '35', 'CU011/09/2017'),
('12', '35', 'CU012/09/2017'),
('1', '40', 'CC001/10/2017'),
('2', '40', 'CC002/10/2017'),
('1', '41', 'CPV001/10/2017'),
('2', '41', 'CPV002/10/2017'),
('1', '43', '001/2017'),
('2', '43', '002/2017');

### Structure of table `0_report_profiles` ###

DROP TABLE IF EXISTS `0_report_profiles`;

CREATE TABLE `0_report_profiles` (
  `id` smallint(6) unsigned NOT NULL AUTO_INCREMENT,
  `profile` varchar(30) COLLATE utf8_unicode_ci NOT NULL,
  `report` varchar(5) COLLATE utf8_unicode_ci DEFAULT NULL,
  `printer` tinyint(3) unsigned DEFAULT NULL,
  `value` int(11) NOT NULL,
  PRIMARY KEY (`id`),
  UNIQUE KEY `profile` (`profile`,`report`)
) ENGINE=InnoDB AUTO_INCREMENT=152 DEFAULT CHARSET=utf8 COLLATE=utf8_unicode_ci ;

### Data of table `0_report_profiles` ###

INSERT INTO `0_report_profiles` VALUES
('41', 'testing', NULL, NULL, '0'),
('42', 'testing', '101', '1', '0'),
('43', 'testing', '102', '1', '0'),
('44', 'testing', '103', '1', '0'),
('45', 'testing', '104', '1', '0'),
('46', 'testing', '105', '1', '0'),
('47', 'testing', '106', '1', '0'),
('48', 'testing', '107', '1', '0'),
('49', 'testing', '108', '1', '0'),
('50', 'testing', '109', '1', '0'),
('87', 'RPL', NULL, '1', '0'),
('88', 'RPL', '101', '1', '0'),
('89', 'RPL', '102', '1', '0'),
('90', 'RPL', '103', '1', '0'),
('91', 'RPL', '104', '1', '0'),
('92', 'RPL', '105', '1', '0'),
('93', 'RPL', '106', '1', '0'),
('94', 'RPL', '107', '1', '0'),
('95', 'RPL', '108', '1', '0'),
('96', 'RPL', '109', '1', '0'),
('97', 'RPL', '110', '1', '0'),
('98', 'RPL', '111', '1', '0'),
('99', 'RPL', '112', '1', '0'),
('100', 'RPL', '113', '1', '0'),
('101', 'RPL', '114', '1', '0'),
('102', 'RPL', '201', '1', '0'),
('103', 'RPL', '202', '1', '0'),
('104', 'RPL', '203', '1', '0'),
('105', 'RPL', '204', '1', '0'),
('106', 'RPL', '205', '1', '0'),
('107', 'RPL', '209', '1', '0'),
('108', 'RPL', '210', '1', '0'),
('109', 'RPL', '301', '1', '0'),
('110', 'RPL', '302', '1', '0'),
('111', 'RPL', '303', '1', '0'),
('112', 'RPL', '304', '1', '0'),
('113', 'RPL', '305', '1', '0'),
('114', 'RPL', '306', '1', '0'),
('115', 'RPL', '307', '1', '0'),
('116', 'RPL', '308', '1', '0'),
('117', 'RPL', '309', '1', '0'),
('118', 'RPL', '401', '1', '0'),
('119', 'RPL', '402', '1', '0'),
('120', 'RPL', '409', '1', '0'),
('121', 'RPL', '451', '1', '0'),
('122', 'RPL', '501', '1', '0'),
('123', 'RPL', '601', '1', '0'),
('124', 'RPL', '602', '1', '0'),
('125', 'RPL', '701', '1', '0'),
('126', 'RPL', '702', '1', '0'),
('127', 'RPL', '704', '1', '0'),
('128', 'RPL', '705', '1', '0'),
('129', 'RPL', '706', '1', '0'),
('130', 'RPL', '707', '1', '0'),
('131', 'RPL', '708', '1', '0'),
('132', 'RPL', '709', '1', '0'),
('133', 'RPL', '710', '1', '0'),
('134', 'RPL', '1009', '1', '0'),
('135', 'RPL', '1011', '1', '0'),
('136', 'RPL', '1012', '1', '0'),
('137', 'RPL', '1013', '1', '0'),
('138', 'RPL', '1014', '1', '0'),
('139', 'RPL', '1015', '1', '0'),
('140', 'RPL', '1016', '1', '0'),
('141', 'RPL', '1017', '1', '0'),
('142', 'RPL', '1018', '1', '0'),
('143', 'RPL', '1071', '1', '0'),
('144', 'RPL', '1072', '1', '0'),
('145', 'RPL', '1073', '1', '0'),
('146', 'RPL', '1091', '1', '0'),
('147', 'RPL', '1100', '1', '0'),
('148', 'RPL', '2099', '1', '0'),
('149', 'RPL', '3041', '1', '0'),
('150', 'RPL', '3042', '1', '0'),
('151', 'RPL', '22011', '1', '0');

### Structure of table `0_requisition_details` ###

DROP TABLE IF EXISTS `0_requisition_details`;

CREATE TABLE `0_requisition_details` (
  `requisition_detail_id` bigint(20) unsigned NOT NULL AUTO_INCREMENT,
  `requisition_id` int(11) DEFAULT NULL,
  `item_code` varchar(20) COLLATE utf8_unicode_ci DEFAULT NULL,
  `supplier_id` int(11) DEFAULT NULL,
  `lpo_id` int(11) DEFAULT '0',
  `order_quantity` int(11) NOT NULL DEFAULT '0',
  `estimate_price` double NOT NULL DEFAULT '0',
  `quantity` int(11) NOT NULL DEFAULT '0',
  `price` double NOT NULL DEFAULT '0',
  `purpose` varchar(320) COLLATE utf8_unicode_ci DEFAULT NULL,
  `make_po` int(11) DEFAULT NULL,
  PRIMARY KEY (`requisition_detail_id`),
  UNIQUE KEY `requisition_detail_id` (`requisition_detail_id`),
  KEY `0_requisition_details_requisition_id` (`requisition_id`),
  KEY `0_requisition_details_item_code` (`item_code`),
  KEY `0_requisition_details_supplier_id` (`supplier_id`)
) ENGINE=InnoDB AUTO_INCREMENT=4 DEFAULT CHARSET=utf8 COLLATE=utf8_unicode_ci ;

### Data of table `0_requisition_details` ###

INSERT INTO `0_requisition_details` VALUES
('1', '2', '1001', NULL, '0', '10', '2555', '10', '2555', 'abc', '0'),
('2', '2', '1001', NULL, '0', '100', '12000', '100', '12000', '1233', '0'),
('3', '4', '1001', '0', '0', '100', '12000', '100', '12000', 'qqqq', '0');

### Structure of table `0_requisitions` ###

DROP TABLE IF EXISTS `0_requisitions`;

CREATE TABLE `0_requisitions` (
  `requisition_id` bigint(20) unsigned NOT NULL AUTO_INCREMENT,
  `point_of_use` varchar(50) COLLATE utf8_unicode_ci DEFAULT NULL,
  `narrative` varchar(240) COLLATE utf8_unicode_ci DEFAULT NULL,
  `application_date` datetime DEFAULT NULL,
  `completed` tinyint(4) NOT NULL DEFAULT '0',
  `processed` tinyint(4) NOT NULL DEFAULT '0',
  `inactive` tinyint(4) NOT NULL DEFAULT '0',
  `details` text COLLATE utf8_unicode_ci,
  PRIMARY KEY (`requisition_id`),
  UNIQUE KEY `requisition_id` (`requisition_id`)
) ENGINE=InnoDB AUTO_INCREMENT=5 DEFAULT CHARSET=utf8 COLLATE=utf8_unicode_ci ;

### Data of table `0_requisitions` ###

INSERT INTO `0_requisitions` VALUES
('1', 'aasdsdd', 'xxdfcfg', '2017-09-14 03:51:21', '0', '0', '0', 'xxdff'),
('2', 'aasdfgh azyz', 'axyz', '2017-09-14 04:18:25', '1', '0', '0', 'ayz'),
('3', 'saa', 'aaaaa', '2017-09-15 10:37:15', '0', '0', '0', 'aaaa'),
('4', 'aaa', 'aaa', '2017-09-15 10:37:59', '1', '0', '0', 'aaaa');

### Structure of table `0_sales_order_details` ###

DROP TABLE IF EXISTS `0_sales_order_details`;

CREATE TABLE `0_sales_order_details` (
  `id` int(11) NOT NULL AUTO_INCREMENT,
  `order_no` int(11) NOT NULL DEFAULT '0',
  `trans_type` smallint(6) NOT NULL DEFAULT '30',
  `stk_code` varchar(20) COLLATE utf8_unicode_ci NOT NULL DEFAULT '',
  `description` tinytext COLLATE utf8_unicode_ci,
  `qty_sent` double NOT NULL DEFAULT '0',
  `unit_price` double NOT NULL DEFAULT '0',
  `quantity` double NOT NULL DEFAULT '0',
  `invoiced` double NOT NULL DEFAULT '0',
  `discount_percent` double NOT NULL DEFAULT '0',
  `units_id` varchar(20) COLLATE utf8_unicode_ci NOT NULL,
  `con_factor` double NOT NULL,
  `text1` varchar(55) COLLATE utf8_unicode_ci NOT NULL,
  `text2` varchar(55) COLLATE utf8_unicode_ci NOT NULL,
  `text3` varchar(55) COLLATE utf8_unicode_ci NOT NULL,
  `text4` varchar(55) COLLATE utf8_unicode_ci NOT NULL,
  `text5` varchar(55) COLLATE utf8_unicode_ci NOT NULL,
  `text6` varchar(55) COLLATE utf8_unicode_ci NOT NULL,
  `amount1` double NOT NULL,
  `amount2` double NOT NULL,
  `amount3` double NOT NULL,
  `amount4` double NOT NULL,
  `amount5` double NOT NULL,
  `amount6` double NOT NULL,
  `date1` date NOT NULL DEFAULT '0000-00-00',
  `date2` date NOT NULL DEFAULT '0000-00-00',
  `date3` date NOT NULL DEFAULT '0000-00-00',
  `combo1` int(11) NOT NULL,
  `combo2` int(11) NOT NULL,
  `combo3` int(11) NOT NULL,
  `combo4` int(11) NOT NULL,
  `combo5` int(11) NOT NULL,
  `combo6` int(11) NOT NULL,
  `op_so` varchar(20) COLLATE utf8_unicode_ci DEFAULT NULL,
  PRIMARY KEY (`id`),
  KEY `sorder` (`trans_type`,`order_no`),
  KEY `stkcode` (`stk_code`)
) ENGINE=InnoDB AUTO_INCREMENT=183 DEFAULT CHARSET=utf8 COLLATE=utf8_unicode_ci ;

### Data of table `0_sales_order_details` ###

INSERT INTO `0_sales_order_details` VALUES
('1', '1', '32', '1001', 'Test Item', '10', '100', '10', '0', '0', '', '0', '0', '0', '0', '0', '', '', '0', '0', '0', '0', '0', '0', '0000-00-00', '0000-00-00', '0000-00-00', '0', '0', '0', '0', '0', '0', NULL),
('2', '1', '30', '1001', 'Test Item', '10', '100', '10', '0', '0', '', '0', '0', '0', '0', '0', '', '', '0', '0', '0', '0', '0', '0', '0000-00-00', '0000-00-00', '0000-00-00', '0', '0', '0', '0', '0', '0', NULL),
('3', '2', '30', '1001', 'Test Item', '10', '100', '10', '0', '0', '', '0', '0', '0', '0', '0', '', '', '0', '0', '0', '0', '0', '0', '0000-00-00', '0000-00-00', '0000-00-00', '0', '0', '0', '0', '0', '0', NULL),
('4', '3', '30', '1001', 'Test Item', '0', '1200', '15', '0', '0', '', '0', '0', '0', '0', '0', '', '', '0', '0', '0', '0', '0', '0', '0000-00-00', '0000-00-00', '0000-00-00', '0', '0', '0', '0', '0', '0', NULL),
('5', '4', '30', '1001', 'Test Item', '5', '12000', '5', '0', '0.02', '', '0', '0', '0', '0', '0', '', '', '0', '0', '0', '0', '0', '0', '0000-00-00', '0000-00-00', '0000-00-00', '0', '0', '0', '0', '0', '0', NULL),
('6', '5', '30', '1001', 'Test Item', '1', '10000', '1', '0', '0', '', '0', '0', '0', '0', '0', '', '', '0', '0', '0', '0', '0', '0', '0000-00-00', '0000-00-00', '0000-00-00', '0', '0', '0', '0', '0', '0', NULL),
('7', '6', '30', '1001', 'Test Item', '1', '5000', '1', '0', '0', '', '0', '0', '0', '0', '0', '', '', '0', '0', '0', '0', '0', '0', '0000-00-00', '0000-00-00', '0000-00-00', '0', '0', '0', '0', '0', '0', NULL),
('8', '2', '32', '1001', 'Test Item', '2', '44000000', '2', '0', '0', '', '0', '0', '0', '0', '0', '', '', '0', '0', '0', '0', '0', '0', '0000-00-00', '0000-00-00', '0000-00-00', '0', '0', '0', '0', '0', '0', NULL),
('9', '7', '30', '1001', 'Test Item', '0', '44000000', '2', '0', '0', '', '0', '0', '0', '0', '0', '', '', '0', '0', '0', '0', '0', '0', '0000-00-00', '0000-00-00', '0000-00-00', '0', '0', '0', '0', '0', '0', NULL),
('10', '3', '32', '1001', 'Test Item', '1', '44000000', '1', '0', '0', '', '0', '0', '0', '0', '0', '', '', '0', '0', '0', '0', '0', '0', '0000-00-00', '0000-00-00', '0000-00-00', '0', '0', '0', '0', '0', '0', NULL),
('12', '8', '30', '1001', 'Test Item', '0', '44000000', '2', '0', '0', '', '0', '0', '0', '0', '0', '', '', '0', '0', '0', '0', '0', '0', '0000-00-00', '0000-00-00', '0000-00-00', '0', '0', '0', '0', '0', '0', NULL),
('15', '4', '32', '1001', 'Test Item', '1', '123456789', '1', '0', '0', '', '0', '1', '2', '3', '4', '', '', '5', '6', '7', '8', '0', '0', '2019-09-09', '2020-09-22', '2021-09-22', '1', '1', '1', '0', '0', '0', NULL),
('16', '9', '30', '1001', 'Test Item', '0', '123456789', '1', '0', '0', '', '0', '1', '2', '3', '4', '', '', '5', '6', '7', '8', '0', '0', '2019-09-09', '2020-09-22', '2021-09-22', '1', '1', '1', '0', '0', '0', NULL),
('17', '5', '32', '1001', 'Test Item', '1', '100000', '1', '0', '0', '', '0', '1', '2', '3', '4', '', '', '5', '6', '7', '8', '0', '0', '2019-09-09', '2020-09-22', '2021-09-22', '1', '1', '1', '0', '0', '0', NULL),
('18', '10', '30', '1001', 'Test Item', '1', '100000', '1', '0', '0', '', '0', '1', '2', '3', '4', '', '', '5', '6', '7', '8', '0', '0', '2019-09-09', '2020-09-22', '2021-09-22', '1', '1', '1', '0', '0', '0', NULL),
('19', '6', '32', '1001', 'Test Item', '1', '12000', '1', '0', '0', '', '0', '1', '2', '3', '4', '', '', '5', '6', '7', '8', '0', '0', '2019-09-09', '2020-10-20', '2021-10-21', '1', '1', '1', '0', '0', '0', NULL),
('20', '11', '30', '1001', 'Test Item', '1', '12000', '1', '0', '0', '', '0', '1', '2', '3', '4', '', '', '5', '6', '7', '8', '0', '0', '2019-09-09', '2020-10-20', '2021-10-21', '1', '1', '1', '0', '0', '0', NULL),
('21', '12', '30', '1001', 'Test Item', '1', '12000', '1', '0', '0', '', '0', '1', '2', '3', '4', '', '', '5', '6', '7', '8', '0', '0', '2019-09-09', '2020-09-22', '2021-09-22', '0', '1', '0', '0', '0', '0', NULL),
('22', '7', '32', '1001', 'Test Item', '1', '1000', '1', '0', '0', '', '0', '1', '2', '3', '4', '', '', '5', '6', '7', '8', '0', '0', '2017-09-22', '2017-09-22', '2017-09-22', '1', '1', '1', '0', '0', '0', NULL),
('23', '13', '30', '1001', 'Test Item', '0', '1000', '1', '0', '0', '', '0', '11', '22', '33', '44', '', '', '55', '66', '77', '88', '0', '0', '2017-09-19', '2017-09-18', '2017-09-16', '0', '1', '1', '0', '0', '0', NULL),
('24', '8', '32', '1001', 'Test Item', '1', '0', '1', '0', '0', '', '0', '112', '4444', '5', '5', '', '', '5', '5', '5', '5', '0', '0', '0000-00-00', '2017-09-05', '2017-09-05', '1', '1', '0', '0', '0', '0', NULL),
('25', '14', '30', '1001', 'Test Item', '1', '0', '1', '0', '0', '', '0', '112', '4444', '5', '5', '', '', '5', '5', '5', '5', '0', '0', '0000-00-00', '2017-09-05', '2017-09-05', '1', '1', '0', '0', '0', '0', NULL),
('26', '15', '30', '2002', 'CITY MANUAL 1.3', '0', '1537000', '1', '0', '0', '', '0', '0', '0', '0', '0', '', '', '0', '0', '0', '0', '0', '0', '0000-00-00', '0000-00-00', '0000-00-00', '0', '0', '0', '0', '0', '0', NULL),
('27', '15', '30', '3001', 'MODULO', '0', '49800', '1', '0', '0', '', '0', '0', '0', '0', '0', '', '', '0', '0', '0', '0', '0', '0', '0000-00-00', '0000-00-00', '0000-00-00', '0', '0', '0', '0', '0', '0', NULL),
('28', '16', '30', '2002', 'CITY MANUAL 1.3', '1', '1537000', '1', '0', '0', '', '0', '0', '0', '0', '0', '', '', '0', '0', '0', '0', '0', '0', '0000-00-00', '0000-00-00', '0000-00-00', '0', '0', '0', '0', '0', '0', NULL),
('29', '16', '30', '3001', 'MODULO', '1', '49800', '1', '0', '0', '', '0', '0', '0', '0', '0', '', '', '0', '0', '0', '0', '0', '0', '0000-00-00', '0000-00-00', '0000-00-00', '0', '0', '0', '0', '0', '0', NULL),
('30', '17', '30', '3001', 'MODULO', '0', '49800', '1', '0', '0', '', '0', '0', '0', '0', '0', '', '', '0', '0', '0', '0', '0', '0', '0000-00-00', '0000-00-00', '0000-00-00', '0', '0', '0', '0', '0', '0', NULL),
('31', '18', '30', '2002', 'CITY MANUAL 1.3', '1', '1537000', '1', '0', '0', '', '0', '0', '0', '0', '0', '', '', '0', '0', '0', '0', '0', '0', '0000-00-00', '0000-00-00', '0000-00-00', '0', '0', '0', '0', '0', '0', NULL),
('32', '22', '30', '3401', 'PISTON SEAL', '0', '0', '0', '0', '0.1', '', '0', '1', '2', '3', '4', '', '', '5', '6', '7', '8', '0', '0', '0000-00-00', '0000-00-00', '0000-00-00', '12', '13', '14', '0', '0', '0', NULL),
('33', '9', '32', '3001', 'MODULO', '1', '49800', '1', '0', '0', '', '0', '0', '0', '0', '0', '', '', '0', '0', '0', '0', '0', '0', '0000-00-00', '0000-00-00', '0000-00-00', '0', '0', '0', '0', '0', '0', NULL),
('34', '19', '30', '3001', 'MODULO', '0', '49800', '1', '0', '0', '', '0', '0', '0', '0', '0', '', '', '0', '0', '0', '0', '0', '0', '0000-00-00', '0000-00-00', '0000-00-00', '0', '0', '0', '0', '0', '0', NULL),
('35', '20', '30', '3001', 'MODULO', '0', '49800', '1', '0', '0', '', '0', '1', '2', '3', '4', '', '', '5', '6', '7', '8', '0', '0', '2017-09-24', '2017-09-24', '2017-09-24', '1', '0', '1', '0', '0', '0', NULL),
('36', '10', '32', '3001', 'MODULO', '1', '49800', '1', '0', '0', '', '0', '1', '2', '3', '4', '', '', '5', '6', '7', '8', '0', '0', '2017-09-24', '2017-09-24', '2017-09-24', '1', '0', '1', '0', '0', '0', NULL),
('37', '21', '30', '3001', 'MODULO', '1', '49800', '1', '0', '0', '', '0', '1', '2', '3', '4', '', '', '5', '6', '7', '8', '0', '0', '2017-09-24', '2017-09-24', '2017-09-24', '1', '0', '1', '0', '0', '0', NULL),
('38', '11', '32', '3001', 'MODULO', '0', '49800', '1', '0', '0', '', '0', '1', '2', '3', '4', '', '', '4', '5', '5', '65', '0', '0', '2017-09-24', '2017-09-24', '2017-09-24', '0', '0', '0', '0', '0', '0', NULL),
('39', '12', '32', '3001', 'MODULO', '0', '49800', '1', '0', '0', '', '0', '1', '2', '3', '4', '', '', '5', '6', '7', '8', '0', '0', '2017-09-24', '2017-09-24', '2017-09-24', '1', '1', '1', '0', '0', '0', NULL),
('40', '22', '30', '3001', 'MODULO', '1', '49800', '1', '0', '0', '', '0', '0', '0', '0', '0', '', '', '100', '200', '300', '400', '0', '0', '2017-09-01', '2017-09-02', '2017-09-03', '1', '1', '1', '0', '0', '0', NULL),
('41', '13', '32', '3001', 'MODULO', '1', '49800', '1', '0', '0', '', '0', '1', '2', '3', '4', '', '', '5', '6', '7', '8', '0', '0', '2017-09-25', '2017-09-25', '2017-09-25', '1', '1', '1', '0', '0', '0', NULL),
('42', '23', '30', '3001', 'MODULO', '0', '49800', '1', '0', '0', '', '0', '1', '2', '3', '4', '', '', '5', '6', '7', '8', '0', '0', '2017-09-25', '2017-09-25', '2017-09-25', '1', '1', '1', '0', '0', '0', NULL),
('43', '14', '32', '3001', 'MODULO', '1', '49800', '1', '0', '0', '', '0', '11', '22', '33', '44', '', '', '55', '66', '77', '88', '0', '0', '2017-09-25', '2017-09-25', '2017-09-25', '1', '1', '1', '0', '0', '0', NULL),
('44', '24', '30', '3001', 'MODULO', '1', '49800', '1', '0', '0', '', '0', '11', '22', '33', '44', '', '', '55', '66', '77', '88', '0', '0', '2017-09-25', '2017-09-25', '2017-09-25', '1', '1', '1', '0', '0', '0', NULL),
('45', '25', '30', '3001', 'MODULO', '1', '49800', '1', '0', '0', '', '0', '111', '222', '333', '444', '', '', '555', '666', '777', '888', '0', '0', '2017-09-25', '2017-09-25', '2017-09-25', '1', '1', '1', '0', '0', '0', NULL),
('46', '26', '30', '3001', 'MODULO', '1', '49800', '1', '0', '0', '', '0', '0', '0', '0', '0', '', '', '2', '2', '2', '2', '0', '0', '2017-09-01', '2017-09-02', '2017-09-03', '1', '1', '1', '0', '0', '0', NULL),
('47', '27', '30', '3001', 'MODULO', '1', '49800', '1', '0', '0', '', '0', '0', '0', '0', '0', '', '', '2', '2', '2', '2', '0', '0', '2017-09-01', '2017-09-02', '2017-09-03', '0', '0', '0', '0', '0', '0', NULL),
('48', '28', '30', '3001', 'MODULO', '1', '49800', '1', '0', '0', '', '0', '0', '0', '0', '0', '', '', '20', '30', '500', '0', '0', '0', '2017-09-25', '2017-09-25', '2017-09-25', '0', '0', '0', '0', '0', '0', NULL),
('49', '29', '30', '3001', 'MODULO', '1', '49800', '1', '0', '0', '', '0', '1', '2', '3', '4', '5', '6', '7', '8', '8', '8', '9', '99', '2017-09-25', '2017-09-25', '2017-09-25', '0', '0', '1', '1', '1', '1', NULL),
('50', '15', '32', '3001', 'MODULO', '1', '49800', '1', '0', '0', '', '0', '1', '3', '4', '5', '5', '55', '5', '5', '6', '6', '66', '6', '2017-09-25', '2017-09-25', '2017-09-25', '0', '0', '0', '0', '0', '0', NULL),
('51', '30', '30', '3001', 'MODULO', '0', '49800', '1', '0', '0', '', '0', '1', '3', '4', '5', '5', '55', '5', '5', '6', '6', '66', '6', '2017-09-25', '2017-09-25', '2017-09-25', '0', '0', '0', '0', '0', '0', NULL),
('52', '16', '32', '3001', 'MODULO', '1', '49800', '1', '0', '0', '', '0', '11', '22', '33', '44', '55', '66', '77', '88', '99', '111', '1', '11', '2017-09-25', '2017-09-25', '2017-09-25', '1', '1', '1', '0', '0', '0', NULL),
('53', '31', '30', '3001', 'MODULO', '1', '49800', '1', '0', '0', '', '0', '11', '22', '33', '44', '55', '66', '77', '88', '99', '111', '1', '11', '2017-09-25', '2017-09-25', '2017-09-25', '1', '1', '1', '0', '0', '0', NULL),
('54', '32', '30', '2001', 'BOPP PLAIN BST', '1', '1000', '1', '0', '0', '', '0', '36000', '10MIC', '', '', '', '', '0', '0', '0', '0', '0', '0', '0000-00-00', '0000-00-00', '0000-00-00', '0', '0', '0', '0', '0', '0', NULL),
('55', '33', '30', '1001', 'Test Item', '0', '100000', '1', '0', '0', '', '0', '1', '', '', '', '', '', '11', '22', '33', '44', '55', '0', '0000-00-00', '0000-00-00', '0000-00-00', '0', '0', '0', '0', '0', '0', NULL),
('56', '34', '30', '1001', 'Test Item', '1', '100000', '1', '0', '0', '', '0', '1', '', '', '', '', '', '11', '22', '33', '44', '55', '0', '0000-00-00', '0000-00-00', '0000-00-00', '0', '0', '0', '0', '0', '0', NULL),
('57', '35', '30', '3001', 'MODULO', '1', '49800', '1', '0', '0', '', '0', '', '', '', '', '', '', '0', '0', '0', '0', '0', '0', '0000-00-00', '0000-00-00', '0000-00-00', '0', '0', '0', '0', '0', '0', NULL),
('58', '36', '30', '2001', 'BOPP PLAIN BST', '10', '10000', '10', '0', '0', '', '0', 'No', '', '', '', '', '', '0.86', '6.5', '165', '10.5', '3', '0', '0000-00-00', '0000-00-00', '0000-00-00', '0', '0', '0', '0', '0', '0', NULL),
('59', '37', '30', '2001', 'BOPP PLAIN BST', '10', '1000', '10', '0', '0', '', '0', 'No', '', '', '', '', '', '0.86', '6.5', '165', '10.5', '3', '0', '0000-00-00', '0000-00-00', '0000-00-00', '0', '0', '0', '0', '0', '0', NULL),
('60', '17', '32', '3001', 'MODULO', '0', '49800', '0', '0', '0', '', '0', '', '', '', '', '', '', '111', '222', '333', '444', '555', '0', '0000-00-00', '0000-00-00', '0000-00-00', '0', '0', '0', '0', '0', '0', NULL),
('61', '17', '32', '3001', 'MODULO', '0', '49800', '0', '0', '0', '', '0', '', '', '', '', '', '', '111', '222', '333', '444', '555', '0', '0000-00-00', '0000-00-00', '0000-00-00', '0', '0', '0', '0', '0', '0', NULL),
('62', '18', '32', '3001', 'MODULO', '0', '49800', '0', '0', '0', '3001', '0', '', '', '', '', '', '', '111', '222', '333', '444', '555', '0', '0000-00-00', '0000-00-00', '0000-00-00', '0', '0', '0', '0', '0', '0', NULL),
('63', '19', '32', '3001', 'MODULO', '0', '49800', '0', '0', '0', '2001', '0', '', '', '', '', '', '', '111', '222', '333', '444', '555', '0', '0000-00-00', '0000-00-00', '0000-00-00', '0', '0', '0', '0', '0', '0', NULL),
('64', '20', '32', '3001', 'MODULO', '0', '49800', '0', '0', '0', '3001', '0', '', '', '', '', '', '', '111', '222', '333', '444', '555', '0', '0000-00-00', '0000-00-00', '0000-00-00', '0', '0', '0', '0', '0', '0', NULL),
('65', '38', '30', '3001', 'MODULO', '0', '49800', '0', '0', '0', '3001', '0', '', '', '', '', '', '', '111', '222', '333', '444', '555', '0', '0000-00-00', '0000-00-00', '0000-00-00', '0', '0', '0', '0', '0', '0', NULL),
('67', '39', '30', '3001', 'MODULO', '0', '49800', '0', '0', '0', '2001', '0', '', '', '', '', '', '', '111', '222', '333', '444', '555', '0', '0000-00-00', '0000-00-00', '0000-00-00', '0', '0', '0', '0', '0', '0', NULL),
('68', '21', '32', '3001', 'MODULO', '1', '49800', '1', '0', '0', '', '0', '', '', '', '', '', '', '0', '0', '0', '0', '0', '0', '0000-00-00', '0000-00-00', '0000-00-00', '0', '0', '0', '0', '0', '0', NULL),
('69', '22', '32', '3001', 'MODULO', '1', '49800', '1', '0', '0', '', '0', '', '', '', '', '', '', '0', '0', '0', '0', '0', '0', '0000-00-00', '0000-00-00', '0000-00-00', '0', '0', '0', '0', '0', '0', NULL),
('70', '40', '30', '3001', 'MODULO', '1', '49800', '1', '0', '0', '', '0', '', '', '', '', '', '', '0', '0', '0', '0', '0', '0', '0000-00-00', '0000-00-00', '0000-00-00', '0', '0', '0', '0', '0', '0', NULL),
('71', '41', '30', '3001', 'MODULO', '1', '49800', '1', '0', '0', '', '0', '', '', '', '', '', '', '0', '0', '0', '0', '0', '0', '0000-00-00', '0000-00-00', '0000-00-00', '0', '0', '0', '0', '0', '0', NULL),
('72', '42', '30', '3001', 'MODULO', '1', '49800', '1', '0', '0', '3001', '0', '', '', '', '', '', '', '444', '5', '0', '0', '0', '0', '0000-00-00', '0000-00-00', '0000-00-00', '0', '0', '0', '0', '0', '0', NULL),
('73', '43', '30', '3001', 'MODULO', '111', '49800', '111', '0', '0', '3001', '0', '', '', '', '', '', '', '111', '222', '0', '0', '0', '0', '0000-00-00', '0000-00-00', '0000-00-00', '0', '0', '0', '0', '0', '0', NULL),
('74', '44', '30', '3001', 'MODULO', '0', '49800', '0', '0', '0', '3001', '0', '', '', '', '', '', '', '6', '5', '0', '0', '0', '0', '0000-00-00', '0000-00-00', '0000-00-00', '0', '0', '0', '0', '0', '0', NULL),
('75', '45', '30', '3001', 'MODULO', '100', '49800', '100', '0', '0', '3001', '0', '', '', '', '', '', '', '88', '66', '0', '0', '0', '0', '0000-00-00', '0000-00-00', '0000-00-00', '0', '0', '0', '0', '0', '0', NULL),
('76', '46', '30', '3001', 'MODULO', '55', '49800', '3333', '0', '0', '3001', '0', '', '', '', '', '', '', '111', '222', '0', '0', '0', '0', '0000-00-00', '0000-00-00', '0000-00-00', '0', '0', '0', '0', '0', '0', NULL),
('77', '23', '32', '3001', 'MODULO', '343', '49800', '343', '0', '0', '3001', '0', '', '', '', '', '', '', '111', '222', '0', '0', '0', '0', '0000-00-00', '0000-00-00', '0000-00-00', '0', '0', '0', '0', '0', '0', NULL),
('78', '47', '30', '3001', 'MODULO', '343', '49800', '343', '0', '0', '3001', '0', '', '', '', '', '', '', '1', '2', '0', '0', '0', '0', '0000-00-00', '0000-00-00', '0000-00-00', '0', '0', '0', '0', '0', '0', NULL),
('79', '48', '30', '1001', 'Test Item', '333', '0', '333', '0', '0', '3001', '0', '', '', '', '', '', '', '11', '22', '0', '0', '0', '0', '0000-00-00', '0000-00-00', '0000-00-00', '0', '0', '0', '0', '0', '0', NULL),
('80', '24', '32', '3001', 'MODULO', '0', '49800', '10', '0', '0', '', '0', '', '', '', '', '', '', '800', '500', '0', '0', '0', '0', '0000-00-00', '0000-00-00', '0000-00-00', '0', '0', '0', '0', '0', '0', NULL),
('81', '25', '32', '3001', 'MODULO', '555', '49800', '555', '0', '0', '', '0', '', '', '', '', '', '', '700', '600', '0', '0', '0', '0', '0000-00-00', '0000-00-00', '0000-00-00', '0', '0', '0', '0', '0', '0', NULL),
('82', '49', '30', '3001', 'MODULO', '555', '49800', '555', '0', '0', '', '0', '', '', '', '', '', '', '700', '600', '0', '0', '0', '0', '0000-00-00', '0000-00-00', '0000-00-00', '0', '0', '0', '0', '0', '0', NULL),
('83', '26', '32', '3001', 'MODULO', '10', '49800', '10', '0', '0', '', '0', '11', '22', '333', '444', '555', '666', '111', '222', '333', '444', '555', '4', '2017-09-25', '2017-09-26', '2017-09-27', '1', '1', '1', '1', '1', '1', NULL),
('84', '50', '30', '3001', 'MODULO', '10', '49800', '10', '0', '0', '', '0', '11', '22', '333', '444', '555', '666', '111', '222', '333', '444', '555', '4', '2017-09-25', '2017-09-26', '2017-09-27', '1', '1', '1', '1', '1', '1', NULL),
('85', '51', '30', '3001', 'MODULO', '10', '49800', '10', '0', '0', '', '0', '11', '22', '33', '44', '55', '66', '111', '222', '333', '444', '555', '777', '0000-00-00', '0000-00-00', '0000-00-00', '0', '0', '0', '0', '0', '0', NULL),
('86', '27', '32', '3001', 'MODULO', '222', '49800', '222', '0', '0', '', '0', '', '', '', '', '', '', '111', '222', '333', '444', '555', '0', '0000-00-00', '0000-00-00', '0000-00-00', '0', '0', '0', '0', '0', '0', NULL),
('87', '52', '30', '3001', 'MODULO', '0', '49800', '32323', '0', '0', '', '0', '222', '2121', '1212', '121', '232', '23232', '111', '222', '333', '444', '555', '3232', '0000-00-00', '0000-00-00', '0000-00-00', '0', '0', '0', '0', '0', '0', NULL),
('88', '28', '32', '3001', 'MODULO', '0', '49800', '1111', '0', '0', '', '0', '', '', '', '', '', '', '111', '222', '333', '444', '555', '0', '0000-00-00', '0000-00-00', '0000-00-00', '0', '0', '0', '0', '0', '0', NULL),
('89', '53', '30', '3001', 'MODULO', '0', '49800', '222', '0', '0', '', '0', '', '', '', '', '', '', '111', '222', '333', '444', '555', '0', '0000-00-00', '0000-00-00', '0000-00-00', '0', '0', '0', '0', '0', '0', NULL),
('90', '54', '30', '3001', 'MODULO', '0', '49800', '0', '0', '0', '', '0', '', '', '', '', '', '', '111', '222', '333', '444', '555', '0', '0000-00-00', '0000-00-00', '0000-00-00', '0', '0', '0', '0', '0', '0', NULL),
('91', '29', '32', '3001', 'MODULO', '0', '49800', '0', '0', '0', '', '0', '', '', '', '', '', '', '111', '222', '333', '444', '555', '0', '0000-00-00', '0000-00-00', '0000-00-00', '0', '0', '0', '0', '0', '0', NULL),
('92', '30', '32', '3001', 'MODULO', '0', '49800', '0', '0', '0', '', '0', '', '', '', '', '', '', '111', '222', '333', '444', '555', '0', '0000-00-00', '0000-00-00', '0000-00-00', '0', '0', '0', '0', '0', '0', NULL),
('93', '31', '32', '3001', 'MODULO', '10', '49800', '10', '0', '0', '', '0', '', '', '', '', '', '', '111', '222', '333', '444', '555', '0', '0000-00-00', '0000-00-00', '0000-00-00', '0', '0', '0', '0', '0', '0', NULL),
('94', '55', '30', '3001', 'MODULO', '0', '49800', '10', '0', '0', '', '0', '', '', '', '', '', '', '111', '222', '333', '444', '555', '0', '0000-00-00', '0000-00-00', '0000-00-00', '0', '0', '0', '0', '0', '0', NULL),
('95', '32', '32', '3001', 'MODULO', '10', '49800', '10', '0', '0', '', '0', '', '', '', '', '', '', '0', '0', '0', '0', '0', '0', '0000-00-00', '0000-00-00', '0000-00-00', '0', '0', '0', '0', '0', '0', NULL),
('96', '32', '32', '64654656', 'hareemnademm', '20', '1000', '20', '0', '0', '', '0', '', '', '', '', '', '', '0', '0', '0', '0', '0', '0', '0000-00-00', '0000-00-00', '0000-00-00', '0', '0', '0', '0', '0', '0', NULL),
('97', '56', '30', '3001', 'MODULO', '10', '49800', '10', '0', '0', '', '0', '', '', '', '', '', '', '0', '0', '0', '0', '0', '0', '0000-00-00', '0000-00-00', '0000-00-00', '0', '0', '0', '0', '0', '0', NULL),
('98', '56', '30', '64654656', 'hareemnademm', '20', '1000', '20', '0', '0', '', '0', '', '', '', '', '', '', '0', '0', '0', '0', '0', '0', '0000-00-00', '0000-00-00', '0000-00-00', '0', '0', '0', '0', '0', '0', NULL),
('99', '57', '30', '3001', 'MODULO', '0', '49800', '0', '0', '0', '', '0', '', '', '', '', '', '', '0', '0', '0', '0', '0', '0', '0000-00-00', '0000-00-00', '0000-00-00', '0', '0', '0', '0', '0', '0', NULL),
('100', '58', '30', '3001', 'MODULO', '0', '49800', '0', '0', '0', '', '0', '', '', '', '', '', '', '0', '0', '0', '0', '0', '0', '0000-00-00', '0000-00-00', '0000-00-00', '0', '0', '0', '0', '0', '0', NULL),
('101', '33', '32', '3001', 'MODULO', '0', '49800', '0', '0', '0', '', '0', '', '', '', '', '', '', '0', '0', '0', '0', '0', '0', '0000-00-00', '0000-00-00', '0000-00-00', '0', '0', '0', '0', '0', '0', NULL),
('102', '59', '30', '3001', 'MODULO', '0', '49800', '0', '0', '0', '', '0', '', '', '', '', '', '', '0', '0', '0', '0', '0', '0', '0000-00-00', '0000-00-00', '0000-00-00', '0', '0', '0', '0', '0', '0', NULL),
('103', '34', '32', '3001', 'MODULO', '0', '49800', '0', '0', '0', '', '0', '', '', '', '', '', '', '0', '0', '0', '0', '0', '0', '0000-00-00', '0000-00-00', '0000-00-00', '0', '0', '0', '0', '0', '0', NULL),
('104', '60', '30', '3001', 'MODULO', '45', '49800', '45', '0', '0', '', '0', '', '', '', '', '', '', '0', '0', '0', '0', '0', '0', '0000-00-00', '0000-00-00', '0000-00-00', '0', '0', '0', '0', '0', '0', NULL),
('105', '61', '30', '3001', 'MODULO', '10', '49800', '10', '0', '0', 'ltr', '3', '', '', '', '', '', '', '0', '0', '0', '0', '0', '0', '0000-00-00', '0000-00-00', '0000-00-00', '0', '0', '0', '0', '0', '0', NULL),
('106', '35', '32', '3001', 'MODULO', '10', '49800', '10', '0', '0', 'ltr', '5', '', '', '', '', '', '', '0', '0', '0', '0', '0', '0', '0000-00-00', '0000-00-00', '0000-00-00', '0', '0', '0', '0', '0', '0', NULL),
('107', '62', '30', '3001', 'MODULO', '10', '49800', '10', '0', '0', 'pcs', '5', '', '', '', '', '', '', '0', '0', '0', '0', '0', '0', '0000-00-00', '0000-00-00', '0000-00-00', '0', '0', '0', '0', '0', '0', NULL),
('108', '63', '30', '3001', 'MODULO', '11', '49800', '11', '0', '0', 'ltr', '6', '', '', '', '', '', '', '0', '0', '0', '0', '0', '0', '0000-00-00', '0000-00-00', '0000-00-00', '0', '0', '0', '0', '0', '0', NULL),
('109', '64', '30', '3001', 'MODULO', '13', '49800', '13', '0', '0', 'ltr', '7', '', '', '', '', '', '', '0', '0', '0', '0', '0', '0', '0000-00-00', '0000-00-00', '0000-00-00', '0', '0', '0', '0', '0', '0', NULL),
('110', '65', '30', '3001', 'MODULO', '18', '49800', '18', '0', '0', 'pcs', '9', '', '', '', '', '', '', '0', '0', '0', '0', '0', '0', '0000-00-00', '0000-00-00', '0000-00-00', '0', '0', '0', '0', '0', '0', NULL),
('111', '66', '30', 'BOPP1', 'BOPP1', '1', '900', '1', '0', '0', 'boxes', '3', '', '', '', '', '', '', '0', '0', '0', '0', '0', '0', '0000-00-00', '0000-00-00', '0000-00-00', '0', '0', '0', '0', '0', '0', NULL),
('112', '67', '30', 'BOPP1', 'BOPP1', '1', '300', '1', '0', '0', 'pcs', '3', '', '', '', '', '', '', '0', '0', '0', '0', '0', '0', '0000-00-00', '0000-00-00', '0000-00-00', '0', '0', '0', '0', '0', '0', NULL),
('113', '36', '32', '3001', 'MODULO', '0', '49800', '0', '0', '0', '', '0', '', '', '', '', '', '', '0', '0', '0', '0', '0', '0', '0000-00-00', '0000-00-00', '0000-00-00', '0', '0', '0', '0', '0', '0', NULL),
('114', '37', '32', '3001', 'MODULO', '0', '49800', '0', '0', '0', '', '0', '', '', '', '', '', '', '0', '0', '0', '0', '0', '0', '0000-00-00', '0000-00-00', '0000-00-00', '0', '0', '0', '0', '0', '0', NULL),
('115', '38', '32', '3001', 'MODULO', '23', '49800', '23', '0', '0.05', '', '0', '', '', '', '', '', '', '0', '0', '0', '0', '0', '0', '0000-00-00', '0000-00-00', '0000-00-00', '0', '0', '0', '0', '0', '0', NULL),
('116', '68', '30', '3001', 'MODULO', '0', '49800', '23', '0', '0.05', '', '0', '', '', '', '', '', '', '0', '0', '0', '0', '0', '0', '0000-00-00', '0000-00-00', '0000-00-00', '0', '0', '0', '0', '0', '0', NULL),
('117', '39', '32', '3001', 'MODULO', '10', '49800', '10', '0', '0.05', '', '0', '', '', '', '', '', '', '0', '0', '0', '0', '0', '0', '0000-00-00', '0000-00-00', '0000-00-00', '0', '0', '0', '0', '0', '0', NULL),
('118', '69', '30', '3001', 'MODULO', '10', '49800', '10', '0', '0.05', '', '0', '', '', '', '', '', '', '0', '0', '0', '0', '0', '0', '0000-00-00', '0000-00-00', '0000-00-00', '0', '0', '0', '0', '0', '0', NULL),
('119', '70', '30', 'OB', 'Opening Balance Equity', '10', '1000', '10', '0', '0', '', '0', '', '', '', '', '', '', '0', '0', '0', '0', '0', '0', '0000-00-00', '0000-00-00', '0000-00-00', '0', '0', '0', '0', '0', '0', NULL),
('120', '71', '30', '3001', 'MODULO', '5', '49800', '5', '0', '0', '', '0', '', '', '', '', '', '', '0', '0', '0', '0', '0', '0', '0000-00-00', '0000-00-00', '0000-00-00', '0', '0', '0', '0', '0', '0', NULL),
('121', '72', '30', '123', '123', '10', '1000', '10', '0', '0', 'ltr', '0', '', '', '', '', '', '', '0', '0', '0', '0', '0', '0', '0000-00-00', '0000-00-00', '0000-00-00', '0', '0', '0', '0', '0', '0', NULL),
('122', '73', '30', '123', '123', '11', '500', '11', '0', '0', 'pcs', '5', '', '', '', '', '', '', '0', '0', '0', '0', '0', '0', '0000-00-00', '0000-00-00', '0000-00-00', '0', '0', '0', '0', '0', '0', NULL),
('123', '40', '32', '64654656', 'hareemnademm', '5', '100', '5', '0', '0', 'pcs', '1', '', '', '', '', '', '', '0', '0', '0', '0', '0', '0', '0000-00-00', '0000-00-00', '0000-00-00', '0', '0', '0', '0', '0', '0', NULL),
('124', '74', '30', '64654656', 'hareemnademm', '5', '100', '5', '0', '0', 'pcs', '1', '', '', '', '', '', '', '0', '0', '0', '0', '0', '0', '0000-00-00', '0000-00-00', '0000-00-00', '0', '0', '0', '0', '0', '0', NULL),
('125', '75', '30', '3001', 'MODULO', '12', '49800', '12', '0', '0', 'pcs', '122', '', '', '', '', '', '', '0', '0', '0', '0', '0', '0', '0000-00-00', '0000-00-00', '0000-00-00', '0', '0', '0', '0', '0', '0', NULL),
('126', '76', '30', 'mo4', 'Havoline Motor Oil 20W50 ', '4', '1800', '4', '0', '0', 'pcs', '4', '', '', '', '', '', '', '0', '0', '0', '0', '0', '0', '0000-00-00', '0000-00-00', '0000-00-00', '0', '0', '0', '0', '0', '0', NULL),
('127', '77', '30', 'mo4', 'Havoline Motor Oil 20W50 ', '1', '5000', '1', '0', '0', 'boxes', '4', '', '', '', '', '', '', '0', '0', '0', '0', '0', '0', '0000-00-00', '0000-00-00', '0000-00-00', '0', '0', '0', '0', '0', '0', NULL),
('128', '78', '30', 'mo4', 'Havoline Motor Oil 20W50 ', '1', '5000', '1', '0', '0', 'boxes', '1', '', '', '', '', '', '', '0', '0', '0', '0', '0', '0', '0000-00-00', '0000-00-00', '0000-00-00', '0', '0', '0', '0', '0', '0', NULL),
('129', '79', '30', 'mo4', 'Havoline Motor Oil 20W50 ', '1', '5000', '1', '0', '0', 'boxes', '1', '', '', '', '', '', '', '0', '0', '0', '0', '0', '0', '0000-00-00', '0000-00-00', '0000-00-00', '0', '0', '0', '0', '0', '0', NULL),
('130', '80', '30', 'mo4', 'Havoline Motor Oil 20W50 ', '1', '5000', '1', '0', '0', 'boxes', '4', '', '', '', '', '', '', '0', '0', '0', '0', '0', '0', '0000-00-00', '0000-00-00', '0000-00-00', '0', '0', '0', '0', '0', '0', NULL),
('131', '80', '30', 'mo4', 'Havoline Motor Oil 20W50 ', '1', '5000', '1', '0', '0', 'boxes', '4', '', '', '', '', '', '', '0', '0', '0', '0', '0', '0', '0000-00-00', '0000-00-00', '0000-00-00', '0', '0', '0', '0', '0', '0', NULL),
('132', '81', '30', 'mo4', 'Havoline Motor Oil 20W50 ', '1', '5000', '1', '0', '0', 'boxes', '4', '', '', '', '', '', '', '0', '0', '0', '0', '0', '0', '0000-00-00', '0000-00-00', '0000-00-00', '0', '0', '0', '0', '0', '0', NULL),
('133', '41', '32', '00001', 'Vinyl Blue', '5', '2000', '5', '0', '0', 'pcs', '0', '', '', '', '', '', '', '0', '0', '0', '0', '0', '0', '0000-00-00', '0000-00-00', '0000-00-00', '0', '0', '0', '0', '0', '0', NULL),
('134', '82', '30', '00001', 'Vinyl Blue', '5', '2000', '5', '0', '0', 'pcs', '0', '', '', '', '', '', '', '0', '0', '0', '0', '0', '0', '0000-00-00', '0000-00-00', '0000-00-00', '0', '0', '0', '0', '0', '0', NULL),
('135', '83', '30', '00001', 'Vinyl Blue', '5', '2000', '5', '0', '0', 'pcs', '0', '', '', '', '', '', '', '0', '0', '0', '0', '0', '0', '0000-00-00', '0000-00-00', '0000-00-00', '0', '0', '0', '0', '0', '0', NULL),
('136', '42', '32', '00002', 'Mist Green', '5', '1800', '5', '0', '0', 'pcs', '0', '', '', '', '', '', '', '0', '0', '0', '0', '0', '0', '0000-00-00', '0000-00-00', '0000-00-00', '0', '0', '0', '0', '0', '0', NULL),
('137', '84', '30', '00002', 'Mist Green', '5', '1800', '5', '0', '0', 'pcs', '0', '', '', '', '', '', '', '0', '0', '0', '0', '0', '0', '0000-00-00', '0000-00-00', '0000-00-00', '0', '0', '0', '0', '0', '0', NULL),
('138', '85', '30', '2002', 'CITY MANUAL 1.3', '0', '1537000', '1', '0', '0', 'pcs', '0', '', '', '', '', '', '', '0', '0', '0', '0', '0', '0', '0000-00-00', '0000-00-00', '0000-00-00', '0', '0', '0', '0', '0', '0', NULL),
('139', '86', '30', '2002', 'CITY MANUAL 1.3', '1', '1537000', '1', '1', '0', 'pcs', '0', '', '', '', '', '', '', '0', '0', '0', '0', '0', '0', '0000-00-00', '0000-00-00', '0000-00-00', '0', '0', '0', '0', '0', '0', NULL),
('140', '87', '30', 'CITYMT1.3UF', 'CITYMT1.3UF', '0', '1567000', '1', '1', '0', 'boxes', '0', '', '', '', '', '', '', '0', '0', '0', '0', '0', '0', '0000-00-00', '0000-00-00', '0000-00-00', '0', '0', '0', '0', '0', '0', NULL),
('141', '87', '30', 'WHITE', 'WHITE', '0', '0', '1', '1', '0', 'pcs', '0', '', '', '', '', '', '', '0', '0', '0', '0', '0', '0', '0000-00-00', '0000-00-00', '0000-00-00', '0', '0', '0', '0', '0', '0', NULL),
('142', '88', '30', 'CIVICOUMF', 'CIVIC O-U-M-F', '1', '2722000', '1', '0', '0', 'pcs', '0', '', '', '', '', '', '', '0', '0', '0', '0', '0', '0', '0000-00-00', '0000-00-00', '0000-00-00', '0', '0', '0', '0', '0', '0', NULL),
('143', '89', '30', 'C_TITANIUM', 'C_TITANIUM', '0', '0', '0', '0', '0', 'pcs', '0', '', '', '', '', '', '', '0', '0', '0', '0', '0', '0', '0000-00-00', '0000-00-00', '0000-00-00', '0', '0', '0', '0', '0', '0', NULL),
('144', '90', '30', 'C_TITANIUM', 'C_TITANIUM', '1', '1000', '1', '0', '0', 'pcs', '0', '', '', '', '', '', '', '0', '0', '0', '0', '0', '0', '0000-00-00', '0000-00-00', '0000-00-00', '0', '0', '0', '0', '0', '0', NULL),
('145', '43', '32', '900', 'Inflatable Beds', '10', '15000', '10', '0', '0', 'pcs', '12', '', '', '', '', '', '', '0', '0', '0', '0', '0', '0', '0000-00-00', '0000-00-00', '0000-00-00', '0', '0', '0', '0', '0', '0', NULL),
('146', '91', '30', '900', 'Inflatable Beds', '10', '15000', '10', '0', '0', 'pcs', '12', '', '', '', '', '', '', '0', '0', '0', '0', '0', '0', '0000-00-00', '0000-00-00', '0000-00-00', '0', '0', '0', '0', '0', '0', NULL),
('147', '44', '32', '902', 'Scanncer(HP)', '5', '10500', '5', '0', '0', 'pcs', '1', '', '', '', '', '', '', '0', '0', '0', '0', '0', '0', '0000-00-00', '0000-00-00', '0000-00-00', '0', '0', '0', '0', '0', '0', NULL),
('148', '92', '30', '902', 'Scanncer(HP)', '5', '10500', '5', '0', '0', 'pcs', '1', '', '', '', '', '', '', '0', '0', '0', '0', '0', '0', '0000-00-00', '0000-00-00', '0000-00-00', '0', '0', '0', '0', '0', '0', NULL),
('149', '45', '32', '901', 'HP-Printer', '12', '12000', '12', '0', '0', 'pcs', '1', '', '', '', '', '', '', '0', '0', '0', '0', '0', '0', '0000-00-00', '0000-00-00', '0000-00-00', '0', '0', '0', '0', '0', '0', NULL),
('150', '45', '32', '904', 'Cordless Phone(Braun)', '18', '5000', '18', '0', '0', 'pcs', '1', '', '', '', '', '', '', '0', '0', '0', '0', '0', '0', '0000-00-00', '0000-00-00', '0000-00-00', '0', '0', '0', '0', '0', '0', NULL),
('151', '93', '30', '901', 'HP-Printer', '12', '12000', '12', '0', '0', 'pcs', '1', '', '', '', '', '', '', '0', '0', '0', '0', '0', '0', '0000-00-00', '0000-00-00', '0000-00-00', '0', '0', '0', '0', '0', '0', NULL),
('152', '93', '30', '904', 'Cordless Phone(Braun)', '18', '5000', '18', '0', '0', 'pcs', '1', '', '', '', '', '', '', '0', '0', '0', '0', '0', '0', '0000-00-00', '0000-00-00', '0000-00-00', '0', '0', '0', '0', '0', '0', NULL),
('153', '94', '30', 'OB', 'Opening Balance Equity', '0', '50000', '0', '0', '0', 'boxes', '0', '', '', '', '', '', '', '0', '0', '0', '0', '0', '0', '0000-00-00', '0000-00-00', '0000-00-00', '0', '0', '0', '0', '0', '0', NULL),
('155', '95', '30', 'C_TITANIUM', 'C_TITANIUM', '1', '1200', '1', '0', '0', 'pcs', '1', '', '', '', '', '', '', '0', '0', '0', '0', '0', '0', '0000-00-00', '0000-00-00', '0000-00-00', '0', '0', '0', '0', '0', '0', NULL),
('156', '96', '30', 'C_TITANIUM', 'C_TITANIUM', '1', '12000', '1', '0', '0', 'pcs', '1', '', '', '', '', '', '', '0', '0', '0', '0', '0', '0', '0000-00-00', '0000-00-00', '0000-00-00', '0', '0', '0', '0', '0', '0', NULL),
('157', '97', '30', 'C_TITANIUM', 'C_TITANIUM', '1', '100000', '1', '0', '0', 'pcs', '0', '', '', '', '', '', '', '0', '0', '0', '0', '0', '0', '0000-00-00', '0000-00-00', '0000-00-00', '0', '0', '0', '0', '0', '0', NULL),
('158', '98', '30', 'C_TITANIUM', 'C_TITANIUM', '1', '0', '1', '0', '0', 'pcs', '50', '', '', '', '', '', '', '0', '0', '0', '0', '0', '0', '0000-00-00', '0000-00-00', '0000-00-00', '0', '0', '0', '0', '0', '0', NULL),
('159', '99', '30', 'C_TITANIUM', 'C_TITANIUM', '1', '100000', '1', '0', '0', 'pcs', '0', '', '', '', '', '', '', '0', '0', '0', '0', '0', '0', '0000-00-00', '0000-00-00', '0000-00-00', '0', '0', '0', '0', '0', '0', NULL),
('160', '100', '30', 'C_TITANIUM', 'C_TITANIUM', '1', '456000', '1', '0', '0', 'pcs', '0', '', '', '', '', '', '', '0', '0', '0', '0', '0', '0', '0000-00-00', '0000-00-00', '0000-00-00', '0', '0', '0', '0', '0', '0', NULL),
('161', '46', '32', 'C_TITANIUM', 'C_TITANIUM', '0', '0', '0', '0', '0', 'pcs', '1', '', '', '', '', '', '', '0', '0', '0', '0', '0', '0', '0000-00-00', '0000-00-00', '0000-00-00', '0', '0', '0', '0', '0', '0', NULL),
('162', '47', '32', 'C_TITANIUM', 'C_TITANIUM', '0', '500', '0', '0', '0', 'pcs', '0', '', '', '', '', '', '', '0', '0', '0', '0', '0', '0', '0000-00-00', '0000-00-00', '0000-00-00', '0', '0', '0', '0', '0', '0', NULL),
('163', '48', '32', '8000', 'Birthday Cards', '235', '120', '235', '0', '0', 'pcs', '100', '', '', '', '', '', '', '0', '0', '0', '0', '0', '0', '0000-00-00', '0000-00-00', '0000-00-00', '0', '0', '0', '0', '0', '0', NULL),
('164', '101', '30', '8000', 'Birthday Cards', '235', '120', '235', '0', '0', 'pcs', '100', '', '', '', '', '', '', '0', '0', '0', '0', '0', '0', '0000-00-00', '0000-00-00', '0000-00-00', '0', '0', '0', '0', '0', '0', NULL),
('165', '49', '32', '8001', 'LED TV', '18', '76000', '18', '0', '0', 'pcs', '50', '', '', '', '', '', '', '0', '0', '0', '0', '0', '0', '0000-00-00', '0000-00-00', '0000-00-00', '0', '0', '0', '0', '0', '0', NULL),
('166', '102', '30', '8001', 'LED TV', '18', '76000', '18', '0', '0', 'pcs', '50', '', '', '', '', '', '', '0', '0', '0', '0', '0', '0', '0000-00-00', '0000-00-00', '0000-00-00', '0', '0', '0', '0', '0', '0', NULL),
('167', '50', '32', '8000', 'Birthday Cards', '10', '50', '10', '0', '0', 'pcs', '100', '', '', '', '', '', '', '0', '0', '0', '0', '0', '0', '0000-00-00', '0000-00-00', '0000-00-00', '0', '0', '0', '0', '0', '0', NULL),
('168', '50', '32', 'WHITE', 'WHITE', '20', '100', '20', '0', '0', 'pcs', '0', '', '', '', '', '', '', '0', '0', '0', '0', '0', '0', '0000-00-00', '0000-00-00', '0000-00-00', '0', '0', '0', '0', '0', '0', NULL),
('169', '103', '30', '8000', 'Birthday Cards', '0', '50', '10', '0', '0', 'pcs', '100', '', '', '', '', '', '', '0', '0', '0', '0', '0', '0', '0000-00-00', '0000-00-00', '0000-00-00', '0', '0', '0', '0', '0', '0', NULL),
('170', '103', '30', 'WHITE', 'WHITE', '0', '100', '20', '0', '0', 'pcs', '0', '', '', '', '', '', '', '0', '0', '0', '0', '0', '0', '0000-00-00', '0000-00-00', '0000-00-00', '0', '0', '0', '0', '0', '0', NULL),
('171', '51', '32', '904', 'Cordless Phone(Braun)', '1', '5000', '1', '0', '0', 'pcs', '1', '', '', '', '', '', '', '0', '0', '0', '0', '0', '0', '0000-00-00', '0000-00-00', '0000-00-00', '0', '0', '0', '0', '0', '0', NULL),
('172', '104', '30', '904', 'Cordless Phone(Braun)', '1', '5000', '1', '0', '0', 'pcs', '1', '', '', '', '', '', '', '0', '0', '0', '0', '0', '0', '0000-00-00', '0000-00-00', '0000-00-00', '0', '0', '0', '0', '0', '0', NULL),
('173', '52', '32', '8000', 'Birthday Cards', '5', '50', '5', '0', '0', 'pcs', '100', '', '', '', '', '', '', '0', '0', '0', '0', '0', '0', '0000-00-00', '0000-00-00', '0000-00-00', '0', '0', '0', '0', '0', '0', NULL),
('174', '105', '30', '8000', 'Birthday Cards', '5', '50', '5', '0', '0', 'pcs', '100', '', '', '', '', '', '', '0', '0', '0', '0', '0', '0', '0000-00-00', '0000-00-00', '0000-00-00', '0', '0', '0', '0', '0', '0', NULL),
('175', '53', '32', '901', 'HP-Printer', '1', '12000', '1', '0', '0', 'pcs', '1', '', '', '', '', '', '', '0', '0', '0', '0', '0', '0', '0000-00-00', '0000-00-00', '0000-00-00', '0', '0', '0', '0', '0', '0', NULL),
('176', '106', '30', '901', 'HP-Printer', '1', '12000', '1', '0', '0', 'pcs', '1', '', '', '', '', '', '', '0', '0', '0', '0', '0', '0', '0000-00-00', '0000-00-00', '0000-00-00', '0', '0', '0', '0', '0', '0', NULL),
('177', '54', '32', '00002', 'Mist Green', '1', '1800', '1', '0', '0', 'pcs', '0', '', '', '', '', '', '', '0', '0', '0', '0', '0', '0', '0000-00-00', '0000-00-00', '0000-00-00', '0', '0', '0', '0', '0', '0', NULL),
('178', '107', '30', '00002', 'Mist Green', '1', '1800', '1', '0', '0', 'pcs', '0', '', '', '', '', '', '', '0', '0', '0', '0', '0', '0', '0000-00-00', '0000-00-00', '0000-00-00', '0', '0', '0', '0', '0', '0', NULL),
('179', '55', '32', '902', 'Scanncer(HP)', '1', '10500', '1', '0', '0', 'pcs', '1', '', '', '', '', '', '', '0', '0', '0', '0', '0', '0', '0000-00-00', '0000-00-00', '0000-00-00', '0', '0', '0', '0', '0', '0', NULL),
('180', '108', '30', '902', 'Scanncer(HP)', '1', '10500', '1', '0', '0', 'pcs', '1', '', '', '', '', '', '', '0', '0', '0', '0', '0', '0', '0000-00-00', '0000-00-00', '0000-00-00', '0', '0', '0', '0', '0', '0', NULL),
('181', '56', '32', '902', 'Scanncer(HP)', '20', '10500', '20', '0', '0', 'pcs', '1', '', '', '', '', '', '', '0', '0', '0', '0', '0', '0', '0000-00-00', '0000-00-00', '0000-00-00', '0', '0', '0', '0', '0', '0', NULL),
('182', '109', '30', '902', 'Scanncer(HP)', '20', '10500', '20', '0', '0', 'pcs', '1', '', '', '', '', '', '', '0', '0', '0', '0', '0', '0', '0000-00-00', '0000-00-00', '0000-00-00', '0', '0', '0', '0', '0', '0', NULL);

### Structure of table `0_sales_orders` ###

DROP TABLE IF EXISTS `0_sales_orders`;

CREATE TABLE `0_sales_orders` (
  `order_no` int(11) NOT NULL,
  `trans_type` smallint(6) NOT NULL DEFAULT '30',
  `version` tinyint(1) unsigned NOT NULL DEFAULT '0',
  `type` tinyint(1) NOT NULL DEFAULT '0',
  `debtor_no` int(11) NOT NULL DEFAULT '0',
  `branch_code` int(11) NOT NULL DEFAULT '0',
  `reference` varchar(100) COLLATE utf8_unicode_ci NOT NULL DEFAULT '',
  `customer_ref` tinytext COLLATE utf8_unicode_ci NOT NULL,
  `comments` tinytext COLLATE utf8_unicode_ci,
  `ord_date` date NOT NULL DEFAULT '0000-00-00',
  `order_type` int(11) NOT NULL DEFAULT '0',
  `ship_via` int(11) NOT NULL DEFAULT '0',
  `delivery_address` tinytext COLLATE utf8_unicode_ci NOT NULL,
  `contact_phone` varchar(30) COLLATE utf8_unicode_ci DEFAULT NULL,
  `contact_email` varchar(100) COLLATE utf8_unicode_ci DEFAULT NULL,
  `deliver_to` tinytext COLLATE utf8_unicode_ci NOT NULL,
  `freight_cost` double NOT NULL DEFAULT '0',
  `from_stk_loc` varchar(5) COLLATE utf8_unicode_ci NOT NULL DEFAULT '',
  `delivery_date` date NOT NULL DEFAULT '0000-00-00',
  `payment_terms` int(11) DEFAULT NULL,
  `total` double NOT NULL DEFAULT '0',
  `prep_amount` double NOT NULL DEFAULT '0',
  `alloc` double NOT NULL DEFAULT '0',
  `sample` tinyint(4) NOT NULL,
  `supply` tinyint(4) NOT NULL,
  `dc` tinyint(4) NOT NULL,
  `invoice` tinyint(4) NOT NULL,
  `application` varchar(60) COLLATE utf8_unicode_ci NOT NULL,
  `discount1` double NOT NULL,
  `discount2` double NOT NULL,
  `disc1` double NOT NULL,
  `disc2` double NOT NULL,
  `po_date` date NOT NULL DEFAULT '0000-00-00',
  `term_cond` longtext COLLATE utf8_unicode_ci,
  `h_text1` varchar(55) COLLATE utf8_unicode_ci NOT NULL,
  `h_text2` varchar(55) COLLATE utf8_unicode_ci NOT NULL,
  `h_text3` varchar(55) COLLATE utf8_unicode_ci NOT NULL,
  `h_amount1` double NOT NULL,
  `h_amount2` double NOT NULL,
  `h_amount3` double NOT NULL,
  `h_date1` date NOT NULL DEFAULT '0000-00-00',
  `h_date2` date NOT NULL DEFAULT '0000-00-00',
  `h_date3` date NOT NULL DEFAULT '0000-00-00',
  `h_combo1` int(11) NOT NULL,
  `h_combo2` int(11) NOT NULL,
  `h_combo3` int(11) NOT NULL,
  `f_text1` varchar(55) COLLATE utf8_unicode_ci NOT NULL,
  `f_text2` varchar(55) COLLATE utf8_unicode_ci NOT NULL,
  `f_text3` varchar(55) COLLATE utf8_unicode_ci NOT NULL,
  `f_date1` date NOT NULL DEFAULT '0000-00-00',
  `f_date2` date NOT NULL DEFAULT '0000-00-00',
  `f_date3` date NOT NULL DEFAULT '0000-00-00',
  `f_combo1` int(11) NOT NULL,
  `f_combo2` int(11) NOT NULL,
  `f_combo3` int(11) NOT NULL,
  `f_comment1` text COLLATE utf8_unicode_ci NOT NULL,
  `f_comment2` text COLLATE utf8_unicode_ci NOT NULL,
  `f_comment3` text COLLATE utf8_unicode_ci NOT NULL,
  PRIMARY KEY (`trans_type`,`order_no`)
) ENGINE=InnoDB DEFAULT CHARSET=utf8 COLLATE=utf8_unicode_ci ;

### Data of table `0_sales_orders` ###

INSERT INTO `0_sales_orders` VALUES
('1', '30', '1', '0', '1', '1', 'SO001/09/2017', '', 'Sales Quotation # 1', '2017-09-13', '3', '1', 'Karachi', NULL, NULL, 'Test Customer', '0', 'DEF', '2017-10-13', '5', '1000', '0', '0', '0', '0', '0', '0', '', '0', '0', '0', '0', '0000-00-00', NULL, '', '', '', '0', '0', '0', '0000-00-00', '0000-00-00', '0000-00-00', '0', '0', '0', '', '', '', '0000-00-00', '0000-00-00', '0000-00-00', '0', '0', '0', '', '', ''),
('2', '30', '2', '0', '1', '1', 'SO003/09/2017', '', NULL, '2017-09-13', '3', '1', 'Karachi', NULL, NULL, 'Test Customer', '0', 'DEF', '2017-09-14', '5', '1000', '0', '0', '0', '0', '0', '0', '', '0', '0', '0', '0', '0000-00-00', NULL, '', '', '', '0', '0', '0', '0000-00-00', '0000-00-00', '0000-00-00', '0', '0', '0', '', '', '', '0000-00-00', '0000-00-00', '0000-00-00', '0', '0', '0', '', '', ''),
('3', '30', '0', '0', '1', '1', 'SO004/09/2017', '', NULL, '2017-09-13', '3', '1', 'Karachi', NULL, NULL, 'Test Customer', '0', 'DEF', '2017-09-14', '5', '18000', '0', '0', '0', '0', '0', '0', '', '0', '0', '0', '0', '0000-00-00', NULL, '', '', '', '0', '0', '0', '0000-00-00', '0000-00-00', '0000-00-00', '0', '0', '0', '', '', '', '0000-00-00', '0000-00-00', '0000-00-00', '0', '0', '0', '', '', ''),
('4', '30', '1', '0', '1', '1', 'SO005/09/2017', '', NULL, '2017-09-13', '3', '1', 'Karachi', NULL, NULL, 'Test Customer', '0', 'DEF', '2017-09-14', '5', '58800', '0', '0', '0', '0', '0', '0', '', '1176', '0', '0', '0', '0000-00-00', NULL, '', '', '', '0', '0', '0', '0000-00-00', '0000-00-00', '0000-00-00', '0', '0', '0', '', '', '', '0000-00-00', '0000-00-00', '0000-00-00', '0', '0', '0', '', '', ''),
('5', '30', '1', '0', '1', '1', 'SO006/09/2017', '', NULL, '2017-09-14', '3', '1', 'Karachi', NULL, NULL, 'Test Customer', '0', 'DEF', '2017-09-15', '5', '10000', '0', '0', '0', '0', '0', '0', '', '0', '0', '0', '0', '0000-00-00', NULL, '', '', '', '0', '0', '0', '0000-00-00', '0000-00-00', '0000-00-00', '0', '0', '0', '', '', '', '0000-00-00', '0000-00-00', '0000-00-00', '0', '0', '0', '', '', ''),
('6', '30', '1', '0', '1', '1', 'SO007/09/2017', '', NULL, '2017-09-14', '3', '1', 'Karachi', NULL, NULL, 'Test Customer', '0', 'DEF', '2017-09-15', '5', '5000', '0', '0', '0', '0', '0', '0', '', '0', '0', '0', '0', '0000-00-00', NULL, '', '', '', '0', '0', '0', '0000-00-00', '0000-00-00', '0000-00-00', '0', '0', '0', '', '', '', '0000-00-00', '0000-00-00', '0000-00-00', '0', '0', '0', '', '', ''),
('7', '30', '0', '0', '3', '3', 'SO008/09/2017', '2134566666', 'Sales Quotation # 2', '2017-09-18', '3', '1', 'axyz', '021278699', NULL, 'DHL AXYZ', '0', 'DEF', '2017-10-18', '6', '88000000', '88000000', '88000000', '0', '0', '0', '0', '', '880000', '0', '1', '0', '0000-00-00', NULL, '', '', '', '0', '0', '0', '0000-00-00', '0000-00-00', '0000-00-00', '0', '0', '0', '', '', '', '0000-00-00', '0000-00-00', '0000-00-00', '0', '0', '0', '', '', ''),
('8', '30', '0', '0', '4', '4', 'SO009/09/2017', '', NULL, '2017-09-18', '3', '1', 'fghjdfghj', NULL, NULL, 'tcs1234', '0', 'DEF', '2017-09-19', '5', '102960000', '0', '0', '0', '0', '0', '0', '', '0', '0', '0', '0', '0000-00-00', NULL, '', '', '', '0', '0', '0', '0000-00-00', '0000-00-00', '0000-00-00', '0', '0', '0', '', '', '', '0000-00-00', '0000-00-00', '0000-00-00', '0', '0', '0', '', '', ''),
('9', '30', '0', '0', '3', '3', 'SO010/09/2017', '', 'Sales Quotation # 4', '2017-09-22', '3', '1', 'axyz', '021278699', NULL, 'DHL AXYZ', '0', 'DEF', '2017-10-22', '6', '123456789', '123456789', '0', '0', '0', '0', '0', '', '1234567.89', '0', '1', '0', '2017-09-22', NULL, '', '', '', '0', '0', '0', '0000-00-00', '0000-00-00', '0000-00-00', '0', '0', '0', '', '', '', '0000-00-00', '0000-00-00', '0000-00-00', '0', '0', '0', '', '', ''),
('10', '30', '1', '0', '3', '3', 'SO011/09/2017', '', 'Sales Quotation # 5', '2017-09-22', '3', '1', 'axyz', '021278699', NULL, 'DHL AXYZ', '0', 'DEF', '2017-09-23', '5', '100000', '0', '0', '0', '0', '0', '0', '', '1000', '0', '1', '0', '2017-09-22', NULL, '', '', '', '0', '0', '0', '0000-00-00', '0000-00-00', '0000-00-00', '0', '0', '0', '', '', '', '0000-00-00', '0000-00-00', '0000-00-00', '0', '0', '0', '', '', ''),
('11', '30', '1', '0', '3', '3', 'SO012/09/2017', '', 'Sales Quotation # 6', '2017-09-22', '3', '1', 'axyz', '021278699', NULL, 'DHL AXYZ', '0', 'DEF', '2017-09-23', '5', '12000', '0', '0', '0', '0', '0', '0', '', '0', '0', '0', '0', '2017-09-22', NULL, '', '', '', '0', '0', '0', '0000-00-00', '0000-00-00', '0000-00-00', '0', '0', '0', '', '', '', '0000-00-00', '0000-00-00', '0000-00-00', '0', '0', '0', '', '', ''),
('12', '30', '1', '0', '3', '3', 'auto', '', NULL, '2017-09-22', '3', '1', 'axyz', '021278699', NULL, 'DHL AXYZ', '0', 'DEF', '2017-09-22', '5', '12000', '0', '0', '0', '0', '0', '0', '', '0', '0', '0', '0', '2017-09-22', NULL, '', '', '', '0', '0', '0', '0000-00-00', '0000-00-00', '0000-00-00', '0', '0', '0', '', '', '', '0000-00-00', '0000-00-00', '0000-00-00', '0', '0', '0', '', '', ''),
('13', '30', '2', '0', '3', '3', 'SO015/09/2017', '', 'Sales Quotation # 7', '2017-09-22', '3', '1', 'axyz', '021278699', NULL, 'DHL AXYZ', '0', 'DEF', '2017-10-22', '6', '1000', '1000', '0', '0', '0', '0', '0', '', '0', '0', '0', '0', '2017-09-22', NULL, '', '', '', '0', '0', '0', '0000-00-00', '0000-00-00', '0000-00-00', '0', '0', '0', '', '', '', '0000-00-00', '0000-00-00', '0000-00-00', '0', '0', '0', '', '', ''),
('14', '30', '1', '0', '3', '3', 'SO016/09/2017', '', 'Sales Quotation # 8', '2017-09-22', '3', '1', 'axyz', '021278699', NULL, 'DHL AXYZ', '0', 'DEF', '2017-09-23', '3', '0', '0', '0', '0', '0', '0', '0', '', '0', '0', '0', '0', '2017-09-22', NULL, '', '', '', '0', '0', '0', '0000-00-00', '0000-00-00', '0000-00-00', '0', '0', '0', '', '', '', '0000-00-00', '0000-00-00', '0000-00-00', '0', '0', '0', '', '', ''),
('15', '30', '0', '0', '3', '3', 'SO017/09/2017', '', NULL, '2017-09-23', '3', '1', 'axyz', '021278699', NULL, 'DHL AXYZ', '0', 'DEF', '2017-09-24', '6', '1586800', '1586800', '1586800', '0', '0', '0', '0', '', '0', '0', '0', '0', '2017-09-23', NULL, '', '', '', '0', '0', '0', '0000-00-00', '0000-00-00', '0000-00-00', '0', '0', '0', '', '', '', '0000-00-00', '0000-00-00', '0000-00-00', '0', '0', '0', '', '', ''),
('16', '30', '1', '0', '1', '1', 'SO018/09/2017', '', NULL, '2017-09-23', '3', '1', 'Karachi', NULL, NULL, 'Test Customer', '0', 'DEF', '2017-09-24', '5', '1802604.8', '0', '0', '0', '0', '0', '0', '', '317360', '0', '20', '0', '2017-09-23', NULL, '', '', '', '0', '0', '0', '0000-00-00', '0000-00-00', '0000-00-00', '0', '0', '0', '', '', '', '0000-00-00', '0000-00-00', '0000-00-00', '0', '0', '0', '', '', ''),
('17', '30', '0', '0', '3', '3', 'SO019/09/2017', '', NULL, '2017-09-23', '3', '1', 'axyz', '021278699', NULL, 'DHL AXYZ', '0', 'DEF', '2017-09-24', '6', '49800', '49800', '0', '0', '0', '0', '0', '', '0', '0', '0', '0', '2017-09-23', NULL, '', '', '', '0', '0', '0', '0000-00-00', '0000-00-00', '0000-00-00', '0', '0', '0', '', '', '', '0000-00-00', '0000-00-00', '0000-00-00', '0', '0', '0', '', '', ''),
('18', '30', '1', '0', '3', '3', 'auto', '', NULL, '2017-09-23', '3', '1', 'axyz', '021278699', NULL, 'DHL AXYZ', '0', 'DEF', '2017-09-23', '5', '1537000', '0', '0', '0', '0', '0', '0', '', '0', '40', '0', '40', '2017-09-23', NULL, '', '', '', '0', '0', '0', '0000-00-00', '0000-00-00', '0000-00-00', '0', '0', '0', '', '', '', '0000-00-00', '0000-00-00', '0000-00-00', '0', '0', '0', '', '', ''),
('19', '30', '0', '0', '3', '3', 'SO020/09/2017', '', 'Sales Quotation # 9', '2017-09-23', '3', '1', 'axyz', '021278699', NULL, 'DHL AXYZ', '0', 'DEF', '2017-10-23', '6', '49800', '49800', '0', '0', '0', '0', '0', '', '0', '0', '0', '0', '2017-09-23', NULL, '', '', '', '0', '0', '0', '0000-00-00', '0000-00-00', '0000-00-00', '0', '0', '0', '', '', '', '0000-00-00', '0000-00-00', '0000-00-00', '0', '0', '0', '', '', ''),
('20', '30', '0', '0', '3', '3', 'SO021/09/2017', '', NULL, '2017-09-24', '3', '1', 'axyz', '021278699', NULL, 'DHL AXYZ', '0', 'DEF', '2017-09-25', '6', '49800', '49800', '0', '0', '0', '0', '0', '', '0', '0', '0', '0', '2017-09-24', NULL, '', '', '', '0', '0', '0', '0000-00-00', '0000-00-00', '0000-00-00', '0', '0', '0', '', '', '', '0000-00-00', '0000-00-00', '0000-00-00', '0', '0', '0', '', '', ''),
('21', '30', '1', '0', '3', '3', 'SO022/09/2017', '', 'Sales Quotation # 10', '2017-09-24', '3', '1', 'axyz', '021278699', NULL, 'DHL AXYZ', '0', 'DEF', '2017-09-25', '3', '49800', '0', '0', '0', '0', '0', '0', '', '0', '0', '0', '0', '2017-09-24', NULL, '', '', '', '0', '0', '0', '0000-00-00', '0000-00-00', '0000-00-00', '0', '0', '0', '', '', '', '0000-00-00', '0000-00-00', '0000-00-00', '0', '0', '0', '', '', ''),
('22', '30', '1', '0', '3', '3', 'auto', '', NULL, '2017-09-24', '3', '1', 'axyz', '021278699', NULL, 'DHL AXYZ', '0', 'DEF', '2017-09-24', '5', '49800', '0', '0', '0', '0', '0', '0', '', '0', '0', '0', '0', '2017-09-24', NULL, '', '', '', '0', '0', '0', '0000-00-00', '0000-00-00', '0000-00-00', '0', '0', '0', '', '', '', '0000-00-00', '0000-00-00', '0000-00-00', '0', '0', '0', '', '', ''),
('23', '30', '0', '0', '3', '3', 'SO023/09/2017', '', 'Sales Quotation # 13', '2017-09-25', '3', '1', 'axyz', '021278699', NULL, 'DHL AXYZ', '0', 'DEF', '2017-10-25', '6', '49800', '49800', '0', '0', '0', '0', '0', '', '0', '0', '0', '0', '2017-09-25', NULL, '', '', '', '0', '0', '0', '0000-00-00', '0000-00-00', '0000-00-00', '0', '0', '0', '', '', '', '0000-00-00', '0000-00-00', '0000-00-00', '0', '0', '0', '', '', ''),
('24', '30', '1', '0', '3', '3', 'SO024/09/2017', '', 'Sales Quotation # 14', '2017-09-25', '3', '1', 'axyz', '021278699', NULL, 'DHL AXYZ', '0', 'DEF', '2017-09-26', '3', '49800', '0', '0', '0', '0', '0', '0', '', '0', '0', '0', '0', '2017-09-25', NULL, '', '', '', '0', '0', '0', '0000-00-00', '0000-00-00', '0000-00-00', '0', '0', '0', '', '', '', '0000-00-00', '0000-00-00', '0000-00-00', '0', '0', '0', '', '', ''),
('25', '30', '1', '0', '3', '3', 'auto', '', NULL, '2017-09-25', '3', '1', 'axyz', '021278699', NULL, 'DHL AXYZ', '0', 'DEF', '2017-09-25', '5', '49800', '0', '0', '0', '0', '0', '0', '', '0', '0', '0', '0', '2017-09-25', NULL, '', '', '', '0', '0', '0', '0000-00-00', '0000-00-00', '0000-00-00', '0', '0', '0', '', '', '', '0000-00-00', '0000-00-00', '0000-00-00', '0', '0', '0', '', '', ''),
('26', '30', '1', '0', '3', '3', 'auto', '', NULL, '2017-09-25', '3', '1', 'axyz', '021278699', NULL, 'DHL AXYZ', '0', 'DEF', '2017-09-25', '5', '49800', '0', '0', '0', '0', '0', '0', '', '0', '0', '0', '0', '2017-09-25', NULL, '', '', '', '0', '0', '0', '0000-00-00', '0000-00-00', '0000-00-00', '0', '0', '0', '', '', '', '0000-00-00', '0000-00-00', '0000-00-00', '0', '0', '0', '', '', ''),
('27', '30', '1', '0', '3', '3', 'auto', '', NULL, '2017-09-25', '3', '1', 'axyz', '021278699', NULL, 'DHL AXYZ', '0', 'DEF', '2017-09-25', '5', '49800', '0', '0', '0', '0', '0', '0', '', '0', '0', '0', '0', '2017-09-25', NULL, '', '', '', '0', '0', '0', '0000-00-00', '0000-00-00', '0000-00-00', '0', '0', '0', '', '', '', '0000-00-00', '0000-00-00', '0000-00-00', '0', '0', '0', '', '', ''),
('28', '30', '1', '0', '3', '3', 'auto', '', NULL, '2017-09-25', '3', '1', 'axyz', '021278699', NULL, 'DHL AXYZ', '0', 'DEF', '2017-09-25', '5', '49800', '0', '0', '0', '0', '0', '0', '', '0', '0', '0', '0', '2017-09-25', NULL, '', '', '', '0', '0', '0', '0000-00-00', '0000-00-00', '0000-00-00', '0', '0', '0', '', '', '', '0000-00-00', '0000-00-00', '0000-00-00', '0', '0', '0', '', '', ''),
('29', '30', '1', '0', '3', '3', 'auto', '', NULL, '2017-09-25', '3', '1', 'axyz', '021278699', NULL, 'DHL AXYZ', '0', 'DEF', '2017-09-25', '5', '49800', '0', '0', '0', '0', '0', '0', '', '0', '0', '0', '0', '2017-09-25', NULL, '', '', '', '0', '0', '0', '0000-00-00', '0000-00-00', '0000-00-00', '0', '0', '0', '', '', '', '0000-00-00', '0000-00-00', '0000-00-00', '0', '0', '0', '', '', ''),
('30', '30', '0', '0', '3', '3', 'SO025/09/2017', '', 'Sales Quotation # 15', '2017-09-25', '3', '1', 'axyz', '021278699', NULL, 'DHL AXYZ', '0', 'DEF', '2017-10-25', '6', '49800', '49800', '0', '0', '0', '0', '0', '', '0', '0', '0', '0', '2017-09-25', NULL, '', '', '', '0', '0', '0', '0000-00-00', '0000-00-00', '0000-00-00', '0', '0', '0', '', '', '', '0000-00-00', '0000-00-00', '0000-00-00', '0', '0', '0', '', '', ''),
('31', '30', '1', '0', '3', '3', 'SO026/09/2017', '', 'Sales Quotation # 16', '2017-09-25', '3', '1', 'axyz', '021278699', NULL, 'DHL AXYZ', '0', 'DEF', '2017-09-26', '3', '49800', '0', '0', '0', '0', '0', '0', '', '0', '0', '0', '0', '2017-09-25', NULL, '', '', '', '0', '0', '0', '0000-00-00', '0000-00-00', '0000-00-00', '0', '0', '0', '', '', '', '0000-00-00', '0000-00-00', '0000-00-00', '0', '0', '0', '', '', ''),
('32', '30', '1', '0', '3', '3', 'auto', '', NULL, '2017-09-25', '3', '1', 'axyz', '021278699', NULL, 'DHL AXYZ', '0', 'DEF', '2017-09-25', '5', '1000', '0', '0', '0', '0', '0', '0', '', '0', '0', '0', '0', '2017-09-25', NULL, '', '', '', '0', '0', '0', '0000-00-00', '0000-00-00', '0000-00-00', '0', '0', '0', '', '', '', '0000-00-00', '0000-00-00', '0000-00-00', '0', '0', '0', '', '', ''),
('33', '30', '0', '0', '3', '3', 'SO027/09/2017', '', NULL, '2017-09-26', '3', '1', 'axyz', '021278699', NULL, 'DHL AXYZ', '0', 'DEF', '2017-09-27', '6', '100000', '100000', '0', '0', '0', '0', '0', '', '10000', '10', '10', '10', '2017-09-26', NULL, '', '', '', '0', '0', '0', '0000-00-00', '0000-00-00', '0000-00-00', '0', '0', '0', '', '', '', '0000-00-00', '0000-00-00', '0000-00-00', '0', '0', '0', '', '', ''),
('34', '30', '1', '0', '3', '3', 'SO028/09/2017', '', NULL, '2017-09-26', '3', '1', 'axyz', '021278699', NULL, 'DHL AXYZ', '0', 'DEF', '2017-09-27', '5', '100000', '0', '0', '0', '0', '0', '0', '', '10000', '10', '10', '10', '2017-09-26', NULL, '', '', '', '0', '0', '0', '0000-00-00', '0000-00-00', '0000-00-00', '0', '0', '0', '', '', '', '0000-00-00', '0000-00-00', '0000-00-00', '0', '0', '0', '', '', ''),
('35', '30', '1', '0', '3', '3', 'auto', '', NULL, '2017-09-26', '3', '1', 'axyz', '021278699', NULL, 'DHL AXYZ', '0', 'DEF', '2017-09-26', '5', '49800', '0', '0', '0', '0', '0', '0', '', '14940', '40', '30', '40', '2017-09-26', NULL, '', '', '', '0', '0', '0', '0000-00-00', '0000-00-00', '0000-00-00', '0', '0', '0', '', '', '', '0000-00-00', '0000-00-00', '0000-00-00', '0', '0', '0', '', '', ''),
('36', '30', '1', '0', '2', '2', 'auto', '', NULL, '2017-09-26', '3', '1', 'Karachi', NULL, NULL, 'Test Customer2', '0', 'DEF', '2017-12-25', '5', '96600', '0', '0', '0', '0', '0', '0', '', '120000', '0', '120', '0', '2017-09-26', NULL, '', '', '', '0', '0', '0', '0000-00-00', '0000-00-00', '0000-00-00', '0', '0', '0', '', '', '', '0000-00-00', '0000-00-00', '0000-00-00', '0', '0', '0', '', '', ''),
('37', '30', '1', '0', '2', '2', 'SO029/09/2017', '', NULL, '2017-09-26', '3', '1', 'Karachi', NULL, NULL, 'Test Customer2', '0', 'DEF', '2017-09-27', '5', '11122', '0', '0', '0', '0', '0', '0', '', '3000', '400', '30', '40', '2017-09-26', NULL, '', '', '', '0', '0', '0', '0000-00-00', '0000-00-00', '0000-00-00', '0', '0', '0', '', '', '', '0000-00-00', '0000-00-00', '0000-00-00', '0', '0', '0', '', '', ''),
('38', '30', '0', '0', '3', '3', 'SO030/09/2017', '', 'Sales Quotation # 20', '2017-09-27', '3', '1', 'axyz', '021278699', NULL, 'DHL AXYZ', '0', 'DEF', '2017-09-28', '3', '0', '0', '0', '0', '0', '0', '0', '', '0', '0', '20', '0', '2017-09-27', NULL, '', '', '', '0', '0', '0', '0000-00-00', '0000-00-00', '0000-00-00', '0', '0', '0', '', '', '', '0000-00-00', '0000-00-00', '0000-00-00', '0', '0', '0', '', '', ''),
('39', '30', '1', '0', '3', '3', 'auto', '', NULL, '2017-09-27', '3', '1', 'axyz', '021278699', NULL, 'DHL AXYZ', '0', 'DEF', '2017-09-27', '5', '0', '0', '0', '0', '0', '0', '0', '', '0', '0', '20', '0', '2017-09-27', NULL, '', '', '', '0', '0', '0', '0000-00-00', '0000-00-00', '0000-00-00', '0', '0', '0', '', '', '', '0000-00-00', '0000-00-00', '0000-00-00', '0', '0', '0', '', '', ''),
('40', '30', '1', '0', '5', '5', 'SO031/09/2017', '', 'Sales Quotation # 21', '2017-09-28', '3', '1', 'ddsad', NULL, NULL, 'ansar', '0', 'DEF', '2017-10-28', '5', '58266', '0', '0', '0', '0', '0', '0', '', '0', '0', '0', '0', '2017-09-28', NULL, '', '', '', '0', '0', '0', '0000-00-00', '0000-00-00', '0000-00-00', '0', '0', '0', '', '', '', '0000-00-00', '0000-00-00', '0000-00-00', '0', '0', '0', '', '', ''),
('41', '30', '1', '0', '6', '6', 'SO032/09/2017', '', 'Sales Quotation # 22', '2017-09-28', '3', '1', 'fdssa', NULL, NULL, 'iqbal', '0', 'DEF', '2017-10-28', '5', '49800', '0', '0', '0', '0', '0', '0', '', '0', '0', '0', '0', '2017-09-28', NULL, '', '', '', '0', '0', '0', '0000-00-00', '0000-00-00', '0000-00-00', '0', '0', '0', '', '', '', '0000-00-00', '0000-00-00', '0000-00-00', '0', '0', '0', '', '', ''),
('42', '30', '1', '0', '5', '5', 'auto', '', NULL, '2017-09-29', '3', '1', 'ertrewrew', NULL, NULL, 'ansar', '0', 'DEF', '2017-12-28', '5', '58266', '0', '0', '0', '0', '0', '0', '', '0', '0', '0', '0', '2017-09-29', NULL, '', '', '', '0', '0', '0', '0000-00-00', '0000-00-00', '0000-00-00', '0', '0', '0', '', '', '', '0000-00-00', '0000-00-00', '0000-00-00', '0', '0', '0', '', '', ''),
('43', '30', '1', '0', '5', '5', 'SO033/09/2017', '', NULL, '2017-09-29', '3', '1', 'ewrewr', NULL, NULL, 'ansar', '0', 'DEF', '2017-09-30', '5', '6467526', '0', '0', '0', '0', '0', '0', '', '0', '0', '0', '0', '2017-09-29', NULL, '', '', '', '0', '0', '0', '0000-00-00', '0000-00-00', '0000-00-00', '0', '0', '0', '', '', '', '0000-00-00', '0000-00-00', '0000-00-00', '0', '0', '0', '', '', ''),
('44', '30', '0', '0', '5', '5', 'SO034/09/2017', '', NULL, '2017-09-29', '3', '1', 'fdfsfds', NULL, NULL, 'ansar', '0', 'DEF', '2017-09-30', '5', '0', '0', '0', '0', '0', '0', '0', '', '0', '0', '0', '0', '2017-09-29', NULL, '', '', '', '0', '0', '0', '0000-00-00', '0000-00-00', '0000-00-00', '0', '0', '0', '', '', '', '0000-00-00', '0000-00-00', '0000-00-00', '0', '0', '0', '', '', ''),
('45', '30', '1', '0', '5', '5', 'SO035/09/2017', '', NULL, '2017-09-29', '3', '1', 'dfsfdsf', NULL, NULL, 'ansar', '0', 'DEF', '2017-09-30', '5', '5826600', '0', '0', '0', '0', '0', '0', '', '0', '0', '0', '0', '2017-09-29', NULL, '', '', '', '0', '0', '0', '0000-00-00', '0000-00-00', '0000-00-00', '0', '0', '0', '', '', '', '0000-00-00', '0000-00-00', '0000-00-00', '0', '0', '0', '', '', ''),
('46', '30', '1', '0', '5', '5', 'SO036/09/2017', '', NULL, '2017-09-29', '3', '1', 'gdfgdf', NULL, NULL, 'ansar', '0', 'DEF', '2017-09-30', '5', '194200578', '0', '0', '0', '0', '0', '0', '', '0', '0', '0', '0', '2017-09-29', NULL, '', '', '', '0', '0', '0', '0000-00-00', '0000-00-00', '0000-00-00', '0', '0', '0', '', '', '', '0000-00-00', '0000-00-00', '0000-00-00', '0', '0', '0', '', '', ''),
('47', '30', '1', '0', '5', '5', 'SO037/09/2017', '', 'Sales Quotation # 23', '2017-09-29', '3', '1', 'fdsfds', NULL, NULL, 'ansar', '0', 'DEF', '2017-10-29', '5', '19985238', '0', '0', '0', '0', '0', '0', '', '0', '0', '0', '0', '2017-09-29', NULL, '', '', '', '0', '0', '0', '0000-00-00', '0000-00-00', '0000-00-00', '0', '0', '0', '', '', '', '0000-00-00', '0000-00-00', '0000-00-00', '0', '0', '0', '', '', ''),
('48', '30', '1', '0', '5', '5', 'SO038/09/2017', '', NULL, '2017-09-29', '3', '1', '4324', NULL, NULL, 'ansar', '0', 'DEF', '2017-09-30', '5', '0', '0', '0', '0', '0', '0', '0', '', '0', '0', '0', '0', '2017-09-29', NULL, '', '', '', '0', '0', '0', '0000-00-00', '0000-00-00', '0000-00-00', '0', '0', '0', '', '', '', '0000-00-00', '0000-00-00', '0000-00-00', '0', '0', '0', '', '', ''),
('49', '30', '1', '0', '5', '5', 'SO039/09/2017', '', 'Sales Quotation # 25', '2017-09-29', '3', '1', 'sdsadsa', NULL, NULL, 'ansar', '0', 'DEF', '2017-10-29', '5', '32337630', '0', '0', '0', '0', '0', '0', '', '0', '0', '0', '0', '2017-09-29', NULL, '', '', '', '0', '0', '0', '0000-00-00', '0000-00-00', '0000-00-00', '0', '0', '0', '', '', '', '0000-00-00', '0000-00-00', '0000-00-00', '0', '0', '0', '', '', ''),
('50', '30', '1', '0', '2', '2', 'SO040/09/2017', '', 'Sales Quotation # 26', '2017-09-30', '3', '1', 'Karachi', NULL, NULL, 'Test Customer2', '0', 'DEF', '2017-10-30', '5', '557262', '0', '0', '0', '0', '0', '0', '', '149400', '0', '30', '0', '2017-09-30', NULL, '', '', '', '0', '0', '0', '0000-00-00', '0000-00-00', '0000-00-00', '0', '0', '0', '', '', '', '0000-00-00', '0000-00-00', '0000-00-00', '0', '0', '0', '', '', ''),
('51', '30', '1', '0', '2', '2', 'auto', '', NULL, '2017-09-30', '3', '1', 'Karachi', NULL, NULL, 'Test Customer2', '0', 'DEF', '2017-12-29', '5', '557262', '0', '0', '0', '0', '0', '0', '', '149400', '0', '30', '0', '2017-09-30', NULL, '', '', '', '0', '0', '0', '0000-00-00', '0000-00-00', '0000-00-00', '0', '0', '0', '', '', '', '0000-00-00', '0000-00-00', '0000-00-00', '0', '0', '0', '', '', ''),
('52', '30', '0', '0', '2', '2', 'SO001/10/2017', '', NULL, '2017-10-01', '3', '1', 'Karachi', NULL, NULL, 'Test Customer2', '0', 'DEF', '2017-10-02', '5', '1801237962.6', '0', '0', '0', '0', '0', '0', '', '482905620', '0', '30', '0', '2017-10-01', NULL, '222', '333', '444', '555', '555', '56', '2017-10-01', '2017-10-01', '2017-10-01', '1', '1', '1', 'dsasadsa', 'adasdasd', 'adaa', '2017-10-01', '2017-10-01', '2017-10-01', '0', '0', '0', '3,213,213,213.00', '2,312,321.00', '32,132,132.00'),
('53', '30', '0', '0', '2', '2', 'SO002/10/2017', '', 'Sales Quotation # 27', '2017-10-01', '3', '1', 'Karachi', NULL, NULL, 'Test Customer2', '0', 'DEF', '2017-10-31', '5', '12371216.4', '0', '0', '0', '0', '0', '0', '', '3316680', '0', '30', '0', '2017-10-01', NULL, '11', '22', '33', '44', '55', '66', '2017-10-01', '2017-10-01', '2017-10-01', '1', '1', '1', '', '', '', '2017-10-01', '2017-10-01', '2017-10-01', '1', '1', '1', '555.00', '666.00', '777.00'),
('54', '30', '1', '0', '5', '5', 'auto', '', NULL, '2017-10-01', '3', '1', 'frfr3', NULL, NULL, 'ansar', '0', 'DEF', '2017-12-30', '5', '0', '0', '0', '0', '0', '0', '0', '', '0', '0', '0', '0', '2017-10-01', NULL, '', '', '', '0', '0', '0', '2017-10-01', '2017-10-01', '2017-10-01', '0', '0', '0', '', '', '', '2017-10-01', '2017-10-01', '2017-10-01', '0', '0', '0', '', '', ''),
('55', '30', '0', '0', '5', '5', 'SO003/10/2017', '', 'Sales Quotation # 31', '2017-10-02', '3', '1', 'gbdsfgdg', NULL, NULL, 'ansar', '0', 'DEF', '2017-11-01', '5', '582660', '0', '0', '0', '0', '0', '0', '', '0', '0', '0', '0', '2017-10-02', NULL, '', '', '', '0', '0', '0', '2017-10-02', '2017-10-02', '2017-10-02', '0', '0', '0', '', '', '', '2017-10-02', '2017-10-02', '2017-10-02', '0', '0', '0', '', '', ''),
('56', '30', '1', '0', '5', '5', 'SO004/10/2017', '', 'Sales Quotation # 32', '2017-10-02', '3', '1', 'fwrfwfg', NULL, NULL, 'ansar', '0', 'DEF', '2017-11-01', '5', '606060', '0', '0', '0', '0', '0', '0', '', '0', '0', '0', '0', '2017-10-02', NULL, '', '', '', '0', '0', '0', '0000-00-00', '0000-00-00', '0000-00-00', '0', '0', '0', '', '', '', '0000-00-00', '0000-00-00', '0000-00-00', '0', '0', '0', '', '', ''),
('57', '30', '1', '0', '5', '5', 'auto', '', NULL, '2015-10-02', '3', '1', 'khnmljjlk', NULL, NULL, 'ansar', '0', 'DEF', '2015-12-31', '5', '0', '0', '0', '0', '0', '0', '0', '', '0', '0', '0', '0', '2017-10-02', NULL, '', '', '', '0', '0', '0', '0000-00-00', '0000-00-00', '0000-00-00', '0', '0', '0', '', '', '', '0000-00-00', '0000-00-00', '0000-00-00', '0', '0', '0', '', '', ''),
('58', '30', '1', '0', '5', '5', 'auto', '', NULL, '2015-10-02', '3', '1', 'fhgjg', NULL, NULL, 'ansar', '0', 'DEF', '2015-12-31', '5', '0', '0', '0', '0', '0', '0', '0', '', '0', '0', '0', '0', '2017-10-02', NULL, '', '', '', '0', '0', '0', '0000-00-00', '0000-00-00', '0000-00-00', '0', '0', '0', '', '', '', '0000-00-00', '0000-00-00', '0000-00-00', '0', '0', '0', '', '', ''),
('59', '30', '0', '0', '5', '5', 'SO001/10/2014', '', 'Sales Quotation # 33', '2014-10-02', '3', '1', 'ty6bli', NULL, NULL, 'ansar', '0', 'DEF', '2014-10-04', '5', '0', '0', '0', '0', '0', '0', '0', '', '0', '0', '0', '0', '2017-10-02', NULL, '', '', '', '0', '0', '0', '0000-00-00', '0000-00-00', '0000-00-00', '0', '0', '0', '', '', '', '0000-00-00', '0000-00-00', '0000-00-00', '0', '0', '0', '', '', ''),
('60', '30', '1', '0', '5', '5', 'auto', '', NULL, '2017-10-03', '3', '1', '123', NULL, NULL, 'ansar', '0', 'DEF', '2018-01-01', '5', '2614327.65', '0', '0', '0', '0', '0', '0', '', '44820', '135', '2', '3', '2017-10-03', NULL, '', '', '', '0', '0', '0', '0000-00-00', '0000-00-00', '0000-00-00', '0', '0', '0', '', '', '', '0000-00-00', '0000-00-00', '0000-00-00', '0', '0', '0', '', '', ''),
('61', '30', '1', '0', '5', '5', 'auto', '', NULL, '2017-10-04', '3', '1', 'fwfwfw', NULL, NULL, 'ansar', '0', 'DEF', '2018-01-02', '5', '582660', '0', '0', '0', '0', '0', '0', '', '0', '0', '0', '0', '2017-10-04', NULL, '', '', '', '0', '0', '0', '0000-00-00', '0000-00-00', '0000-00-00', '0', '0', '0', '', '', '', '0000-00-00', '0000-00-00', '0000-00-00', '0', '0', '0', '', '', ''),
('62', '30', '1', '0', '5', '5', 'SO005/10/2017', '', 'Sales Quotation # 35', '2017-10-04', '3', '1', 'fwfwfw', NULL, NULL, 'ansar', '0', 'DEF', '2017-11-03', '5', '582660', '0', '0', '0', '0', '0', '0', '', '0', '0', '0', '0', '2017-10-04', NULL, '', '', '', '0', '0', '0', '0000-00-00', '0000-00-00', '0000-00-00', '0', '0', '0', '', '', '', '0000-00-00', '0000-00-00', '0000-00-00', '0', '0', '0', '', '', ''),
('63', '30', '1', '0', '5', '5', 'SO006/10/2017', '', NULL, '2017-10-04', '3', '1', 'cwcwd', NULL, NULL, 'ansar', '0', 'DEF', '2017-10-05', '5', '640926', '0', '0', '0', '0', '0', '0', '', '0', '0', '0', '0', '2017-10-04', NULL, '', '', '', '0', '0', '0', '0000-00-00', '0000-00-00', '0000-00-00', '0', '0', '0', '', '', '', '0000-00-00', '0000-00-00', '0000-00-00', '0', '0', '0', '', '', ''),
('64', '30', '1', '0', '5', '5', 'auto', '', NULL, '2017-10-04', '3', '1', 'uuohuo', NULL, NULL, 'ansar', '0', 'DEF', '2018-01-02', '5', '757458', '0', '0', '0', '0', '0', '0', '', '0', '0', '0', '0', '2017-10-04', NULL, '', '', '', '0', '0', '0', '0000-00-00', '0000-00-00', '0000-00-00', '0', '0', '0', '', '', '', '0000-00-00', '0000-00-00', '0000-00-00', '0', '0', '0', '', '', ''),
('65', '30', '1', '0', '5', '5', 'auto', '', NULL, '2017-10-04', '3', '1', 'cwcwc', NULL, NULL, 'ansar', '0', 'DEF', '2018-01-02', '5', '1048788', '0', '0', '0', '0', '0', '0', '', '0', '0', '0', '0', '2017-10-04', NULL, '', '', '', '0', '0', '0', '0000-00-00', '0000-00-00', '0000-00-00', '0', '0', '0', '', '', '', '0000-00-00', '0000-00-00', '0000-00-00', '0', '0', '0', '', '', ''),
('66', '30', '1', '0', '5', '5', 'auto', '', NULL, '2017-10-04', '3', '1', 'ff3f', NULL, NULL, 'ansar', '0', 'DEF', '2018-01-02', '5', '1053', '0', '0', '0', '0', '0', '0', '', '0', '0', '0', '0', '2017-10-04', NULL, '', '', '', '0', '0', '0', '0000-00-00', '0000-00-00', '0000-00-00', '0', '0', '0', '', '', '', '0000-00-00', '0000-00-00', '0000-00-00', '0', '0', '0', '', '', ''),
('67', '30', '1', '0', '5', '5', 'auto', '', NULL, '2017-10-04', '3', '1', 'dwefew', NULL, NULL, 'ansar', '0', 'DEF', '2018-01-02', '5', '351', '0', '0', '0', '0', '0', '0', '', '0', '0', '0', '0', '2017-10-04', NULL, '', '', '', '0', '0', '0', '0000-00-00', '0000-00-00', '0000-00-00', '0', '0', '0', '', '', '', '0000-00-00', '0000-00-00', '0000-00-00', '0', '0', '0', '', '', ''),
('68', '30', '0', '0', '3', '3', 'SO007/10/2017', '', 'Sales Quotation # 38', '2017-10-05', '1', '1', 'axyz', '021278699', NULL, 'DHL AXYZ', '0', 'DEF', '2017-11-04', '6', '1088130', '1088130', '0', '0', '0', '0', '0', '', '217626', '0', '20', '0', '2017-10-05', NULL, '', '', '', '0', '0', '0', '0000-00-00', '0000-00-00', '0000-00-00', '0', '0', '0', '', '', '', '0000-00-00', '0000-00-00', '0000-00-00', '0', '0', '0', '', '', ''),
('69', '30', '1', '0', '3', '3', 'SO008/10/2017', '', 'Sales Quotation # 39', '2017-10-05', '1', '1', 'axyz', '021278699', NULL, 'DHL AXYZ', '0', 'DEF', '2017-11-04', '5', '473100', '0', '0', '0', '0', '0', '0', '', '94620', '0', '20', '0', '2017-10-05', 'Not Available', '', '', '', '0', '0', '0', '0000-00-00', '0000-00-00', '0000-00-00', '0', '0', '0', '', '', '', '0000-00-00', '0000-00-00', '0000-00-00', '0', '0', '0', '', '', ''),
('70', '30', '1', '0', '5', '5', 'auto', '', NULL, '2017-10-05', '3', '1', 'dfgdf', NULL, NULL, 'ansar', '0', 'DEF', '2018-01-03', '5', '11700', '0', '0', '0', '0', '0', '0', '', '0', '0', '0', '0', '2017-10-05', NULL, '', '', '', '0', '0', '0', '0000-00-00', '0000-00-00', '0000-00-00', '0', '0', '0', '', '', '', '0000-00-00', '0000-00-00', '0000-00-00', '0', '0', '0', '', '', ''),
('71', '30', '1', '0', '5', '5', 'SO009/10/2017', '', NULL, '2017-10-05', '3', '1', 'xyz ', NULL, NULL, 'ansar', '0', 'DEF', '2017-10-06', '5', '291330', '0', '0', '0', '0', '0', '0', '', '0', '0', '0', '0', '2017-10-05', NULL, '', '', '', '0', '0', '0', '0000-00-00', '0000-00-00', '0000-00-00', '0', '0', '0', '', '', '', '0000-00-00', '0000-00-00', '0000-00-00', '0', '0', '0', '', '', ''),
('72', '30', '1', '0', '5', '5', 'auto', '', NULL, '2017-10-05', '3', '1', 'geg', NULL, NULL, 'ansar', '0', 'DEF', '2018-01-03', '5', '11700', '0', '0', '0', '0', '0', '0', '', '0', '0', '0', '0', '2017-10-05', NULL, '', '', '', '0', '0', '0', '0000-00-00', '0000-00-00', '0000-00-00', '0', '0', '0', '', '', '', '0000-00-00', '0000-00-00', '0000-00-00', '0', '0', '0', '', '', ''),
('73', '30', '1', '0', '5', '5', 'auto', '', NULL, '2017-10-05', '3', '1', 'fregfre3', NULL, NULL, 'ansar', '0', 'DEF', '2018-01-03', '5', '6435', '0', '0', '0', '0', '0', '0', '', '0', '0', '0', '0', '2017-10-05', NULL, '', '', '', '0', '0', '0', '0000-00-00', '0000-00-00', '0000-00-00', '0', '0', '0', '', '', '', '0000-00-00', '0000-00-00', '0000-00-00', '0', '0', '0', '', '', ''),
('74', '30', '1', '0', '4', '4', 'SO010/10/2017', '', 'Sales Quotation # 40', '2017-10-05', '3', '1', 'fghjdfghj', NULL, NULL, 'tcs1234', '0', 'DEF', '2017-11-04', '5', '585', '0', '0', '0', '0', '0', '0', '', '0', '0', '0', '0', '2017-10-05', NULL, '', '', '', '0', '0', '0', '0000-00-00', '0000-00-00', '0000-00-00', '0', '0', '0', '', '', '', '0000-00-00', '0000-00-00', '0000-00-00', '0', '0', '0', '', '', ''),
('75', '30', '1', '0', '5', '5', 'auto', '', NULL, '2017-10-06', '3', '1', '44', NULL, NULL, 'ansar', '0', 'DEF', '2018-01-04', '5', '699192', '0', '0', '0', '0', '0', '0', '', '0', '0', '0', '0', '2017-10-06', NULL, '', '', '', '0', '0', '0', '0000-00-00', '0000-00-00', '0000-00-00', '0', '0', '0', '', '', '', '0000-00-00', '0000-00-00', '0000-00-00', '0', '0', '0', '', '', ''),
('76', '30', '1', '0', '5', '5', 'auto', '', NULL, '2017-10-06', '3', '1', '', NULL, NULL, 'ansar', '0', 'DEF', '2017-10-06', '4', '8424', '0', '0', '0', '0', '0', '0', '', '0', '0', '0', '0', '0000-00-00', NULL, '', '', '', '0', '0', '0', '0000-00-00', '0000-00-00', '0000-00-00', '0', '0', '0', '', '', '', '0000-00-00', '0000-00-00', '0000-00-00', '0', '0', '0', '', '', ''),
('77', '30', '1', '0', '5', '5', 'auto', '', NULL, '2017-10-06', '3', '1', 'walking cus', NULL, NULL, 'ansar', '0', 'DEF', '2018-01-04', '5', '5850', '0', '0', '0', '0', '0', '0', '', '0', '0', '0', '0', '2017-10-06', NULL, '', '', '', '0', '0', '0', '0000-00-00', '0000-00-00', '0000-00-00', '0', '0', '0', '', '', '', '0000-00-00', '0000-00-00', '0000-00-00', '0', '0', '0', '', '', ''),
('78', '30', '1', '0', '6', '6', 'auto', '', NULL, '2017-10-06', '2', '1', '', NULL, NULL, 'iqbal', '0', 'DEF', '2017-10-06', '4', '5000', '0', '0', '0', '0', '0', '0', '', '0', '0', '0', '0', '0000-00-00', NULL, '', '', '', '0', '0', '0', '0000-00-00', '0000-00-00', '0000-00-00', '0', '0', '0', '', '', '', '0000-00-00', '0000-00-00', '0000-00-00', '0', '0', '0', '', '', ''),
('79', '30', '1', '0', '6', '6', 'auto', '', NULL, '2017-10-06', '3', '1', 'ghjk', NULL, NULL, 'iqbal', '0', 'DEF', '2018-01-04', '5', '5000', '0', '0', '0', '0', '0', '0', '', '0', '0', '0', '0', '2017-10-06', NULL, '', '', '', '0', '0', '0', '0000-00-00', '0000-00-00', '0000-00-00', '0', '0', '0', '', '', '', '0000-00-00', '0000-00-00', '0000-00-00', '0', '0', '0', '', '', ''),
('80', '30', '1', '0', '6', '6', 'auto', '', NULL, '2017-10-06', '3', '1', 'sd', NULL, NULL, 'iqbal', '0', 'DEF', '2018-01-04', '5', '10000', '0', '0', '0', '0', '0', '0', '', '0', '0', '0', '0', '2017-10-06', NULL, '', '', '', '0', '0', '0', '0000-00-00', '0000-00-00', '0000-00-00', '0', '0', '0', '', '', '', '0000-00-00', '0000-00-00', '0000-00-00', '0', '0', '0', '', '', ''),
('81', '30', '1', '0', '6', '6', 'auto', '', NULL, '2017-10-06', '3', '1', 'sd', NULL, NULL, 'iqbal', '0', 'DEF', '2018-01-04', '5', '5000', '0', '0', '0', '0', '0', '0', '', '0', '0', '0', '0', '2017-10-06', NULL, '', '', '', '0', '0', '0', '0000-00-00', '0000-00-00', '0000-00-00', '0', '0', '0', '', '', '', '0000-00-00', '0000-00-00', '0000-00-00', '0', '0', '0', '', '', ''),
('82', '30', '1', '0', '15', '8', 'SO011/10/2017', '', 'Sales Quotation # 41', '2017-10-07', '1', '1', 'xyz street', NULL, NULL, 'Stephanie Martins', '0', 'DEF', '2017-11-06', '5', '10000', '0', '0', '0', '0', '0', '0', '', '0', '0', '0', '0', '2017-10-07', NULL, '', '', '', '0', '0', '0', '0000-00-00', '0000-00-00', '0000-00-00', '0', '0', '0', '', '', '', '0000-00-00', '0000-00-00', '0000-00-00', '0', '0', '0', '', '', ''),
('83', '30', '1', '0', '15', '8', 'SO012/10/2017', '', 'Sales Quotation # 41', '2017-10-07', '1', '1', 'xyz street', NULL, NULL, 'Stephanie Martins', '0', 'DEF', '2017-11-06', '5', '10000', '0', '0', '0', '0', '0', '0', '', '0', '0', '0', '0', '2017-10-07', NULL, '', '', '', '0', '0', '0', '0000-00-00', '0000-00-00', '0000-00-00', '0', '0', '0', '', '', '', '0000-00-00', '0000-00-00', '0000-00-00', '0', '0', '0', '', '', ''),
('84', '30', '1', '0', '17', '9', 'SO013/10/2017', '', 'Sales Quotation # 42', '2017-10-07', '1', '1', 'xyqw street', NULL, NULL, 'Veronica Blakes', '0', 'DEF', '2017-11-06', '5', '9000', '0', '0', '0', '0', '0', '0', '', '0', '0', '0', '0', '2017-10-07', NULL, '', '', '', '0', '0', '0', '0000-00-00', '0000-00-00', '0000-00-00', '0', '0', '0', '', '', '', '0000-00-00', '0000-00-00', '0000-00-00', '0', '0', '0', '', '', ''),
('85', '30', '2', '0', '24', '11', 'SO023/10/2017', '', NULL, '2017-10-07', '3', '1', 'ferw', NULL, NULL, 'Ali Rahman', '0', 'DEF', '2017-10-08', '5', '1798290', '0', '0', '0', '0', '0', '0', '', '0', '0', '0', '0', '2017-10-07', NULL, '', '', '', '0', '0', '0', '0000-00-00', '0000-00-00', '0000-00-00', '0', '0', '0', '', '', '', '0000-00-00', '0000-00-00', '0000-00-00', '0', '0', '0', '', '', ''),
('86', '30', '1', '0', '24', '11', 'SO015/10/2017', '', NULL, '2017-10-07', '3', '1', 'ferw', NULL, NULL, 'Ali Rahman', '0', 'DEF', '2017-10-08', '6', '1798290', '1798290', '0', '0', '0', '0', '0', '', '0', '0', '0', '0', '2017-10-07', NULL, '', '', '', '0', '0', '0', '0000-00-00', '0000-00-00', '0000-00-00', '0', '0', '0', '', '', '', '0000-00-00', '0000-00-00', '0000-00-00', '0', '0', '0', '', '', ''),
('87', '30', '0', '0', '25', '12', 'SO016/10/2017', '3910000132', NULL, '2017-10-07', '1', '1', '021, SUIT, BANGLORE, STREET', NULL, NULL, 'HASAN RAZA', '0', 'DEF', '2017-10-08', '6', '1567000', '1567000', '0', '0', '0', '0', '0', '', '0', '0', '0', '0', '2017-10-07', NULL, '', '', '', '0', '0', '0', '0000-00-00', '0000-00-00', '0000-00-00', '0', '0', '0', '', '', '', '0000-00-00', '0000-00-00', '0000-00-00', '0', '0', '0', '', '', ''),
('88', '30', '2', '0', '17', '9', 'SO018/10/2017', '', NULL, '2017-10-07', '1', '1', 'xyqw street', NULL, NULL, 'Veronica Blakes', '0', 'DEF', '2017-10-07', '4', '2722000', '0', '0', '0', '0', '0', '0', '', '0', '0', '0', '0', '0000-00-00', NULL, '', '', '', '0', '0', '0', '0000-00-00', '0000-00-00', '0000-00-00', '0', '0', '0', '', '', '', '0000-00-00', '0000-00-00', '0000-00-00', '0', '0', '0', '', '', ''),
('89', '30', '1', '0', '24', '11', 'auto', '', NULL, '2017-10-08', '3', '1', 'ferw', NULL, NULL, 'Ali Rahman', '0', 'DEF', '2018-01-06', '5', '0', '0', '0', '0', '0', '0', '0', '', '0', '0', '0', '0', '2017-10-08', NULL, '', '', '', '0', '0', '0', '0000-00-00', '0000-00-00', '0000-00-00', '0', '0', '0', '', '', '', '0000-00-00', '0000-00-00', '0000-00-00', '0', '0', '0', '', '', ''),
('90', '30', '1', '0', '24', '11', 'auto', '', NULL, '2017-10-08', '3', '1', 'ferw', NULL, NULL, 'Ali Rahman', '0', 'DEF', '2018-01-06', '5', '1170', '0', '0', '0', '0', '0', '0', '', '0', '0', '0', '0', '2017-10-08', NULL, '', '', '', '0', '0', '0', '0000-00-00', '0000-00-00', '0000-00-00', '0', '0', '0', '', '', '', '0000-00-00', '0000-00-00', '0000-00-00', '0', '0', '0', '', '', ''),
('91', '30', '1', '0', '27', '15', 'SO019/10/2017', '', 'Sales Quotation # 43', '2017-10-09', '1', '1', 'xyz street, gujrat', NULL, NULL, 'Amna Saleem', '0', 'DEF', '2017-10-10', '3', '150000', '0', '0', '0', '0', '0', '0', '', '0', '0', '0', '0', '2017-10-09', NULL, '', '', '', '0', '0', '0', '0000-00-00', '0000-00-00', '0000-00-00', '0', '0', '0', '', '', '', '0000-00-00', '0000-00-00', '0000-00-00', '0', '0', '0', '', '', ''),
('92', '30', '1', '0', '27', '15', 'SO020/10/2017', '', 'Sales Quotation # 44', '2017-10-09', '1', '1', 'xyz street, gujrat', NULL, NULL, 'Amna Saleem', '0', 'DEF', '2017-10-10', '3', '52500', '0', '0', '0', '0', '0', '0', '', '0', '0', '0', '0', '2017-10-09', NULL, '', '', '', '0', '0', '0', '0000-00-00', '0000-00-00', '0000-00-00', '0', '0', '0', '', '', '', '0000-00-00', '0000-00-00', '0000-00-00', '0', '0', '0', '', '', ''),
('93', '30', '1', '0', '28', '16', 'SO021/10/2017', '', 'Sales Quotation # 45', '2017-10-09', '1', '1', 'qwerty street, karachi', NULL, NULL, 'Hassan Ibrahim', '0', 'DEF', '2017-10-10', '3', '234000', '0', '0', '0', '0', '0', '0', '', '0', '0', '0', '0', '2017-10-09', NULL, '', '', '', '0', '0', '0', '0000-00-00', '0000-00-00', '0000-00-00', '0', '0', '0', '', '', '', '0000-00-00', '0000-00-00', '0000-00-00', '0', '0', '0', '', '', ''),
('94', '30', '1', '0', '17', '9', 'auto', '', NULL, '2017-10-09', '1', '1', 'xyqw street', NULL, NULL, 'Veronica Blakes', '0', 'DEF', '2018-01-07', '5', '0', '0', '0', '0', '0', '0', '0', '', '0', '0', '0', '0', '2017-10-09', NULL, '', '', '', '0', '0', '0', '0000-00-00', '0000-00-00', '0000-00-00', '0', '0', '0', '', '', '', '0000-00-00', '0000-00-00', '0000-00-00', '0', '0', '0', '', '', ''),
('95', '30', '1', '0', '24', '11', 'auto', '', NULL, '2017-10-09', '3', '1', 'ferw', NULL, NULL, 'Ali Rahman', '0', 'DEF', '2018-01-07', '5', '1404', '0', '0', '0', '0', '0', '0', '', '0', '0', '0', '0', '2017-10-09', NULL, '', '', '', '0', '0', '0', '0000-00-00', '0000-00-00', '0000-00-00', '0', '0', '0', '', '', '', '0000-00-00', '0000-00-00', '0000-00-00', '0', '0', '0', '', '', ''),
('96', '30', '1', '0', '24', '11', 'auto', '', NULL, '2017-10-09', '3', '1', 'ferw', NULL, NULL, 'Ali Rahman', '1000', 'DEF', '2018-01-07', '5', '15380', '0', '0', '0', '0', '0', '0', '', '0', '0', '0', '0', '2017-10-09', NULL, '', '', '', '0', '0', '0', '0000-00-00', '0000-00-00', '0000-00-00', '0', '0', '0', '', '', '', '0000-00-00', '0000-00-00', '0000-00-00', '0', '0', '0', '', '', ''),
('97', '30', '1', '0', '24', '11', 'auto', '', NULL, '2017-10-09', '3', '2', 'ferw', NULL, NULL, 'Ali Rahman', '5000', 'DEF', '2018-01-07', '5', '123700', '0', '0', '0', '0', '0', '0', '', '0', '0', '0', '0', '2017-10-09', NULL, '', '', '', '0', '0', '0', '0000-00-00', '0000-00-00', '0000-00-00', '0', '0', '0', '', '', '', '0000-00-00', '0000-00-00', '0000-00-00', '0', '0', '0', '', '', ''),
('98', '30', '1', '0', '24', '11', 'auto', '', NULL, '2017-10-09', '3', '1', 'ferw', NULL, NULL, 'Ali Rahman', '6000', 'DEF', '2018-01-07', '5', '8040', '0', '0', '0', '0', '0', '0', '', '0', '0', '0', '0', '2017-10-09', NULL, '', '', '', '0', '0', '0', '0000-00-00', '0000-00-00', '0000-00-00', '0', '0', '0', '', '', '', '0000-00-00', '0000-00-00', '0000-00-00', '0', '0', '0', '', '', ''),
('99', '30', '1', '0', '24', '11', 'SO024/10/2017', '', NULL, '2017-10-09', '3', '1', 'ferw', NULL, NULL, 'Ali Rahman', '7000', 'DEF', '2017-10-10', '5', '126380', '0', '0', '0', '0', '0', '0', '', '0', '0', '0', '0', '2017-10-09', NULL, '', '', '', '0', '0', '0', '0000-00-00', '0000-00-00', '0000-00-00', '0', '0', '0', '', '', '', '0000-00-00', '0000-00-00', '0000-00-00', '0', '0', '0', '', '', ''),
('100', '30', '1', '0', '24', '11', 'SO025/10/2017', '', NULL, '2017-10-09', '3', '2', 'ferw', NULL, NULL, 'Ali Rahman', '8000', 'DEF', '2017-10-10', '5', '544240', '0', '0', '0', '0', '0', '0', '', '0', '0', '0', '0', '2017-10-09', NULL, '', '', '', '0', '0', '0', '0000-00-00', '0000-00-00', '0000-00-00', '0', '0', '0', '', '', '', '0000-00-00', '0000-00-00', '0000-00-00', '0', '0', '0', '', '', ''),
('101', '30', '1', '0', '29', '17', 'SO026/10/2017', '', 'Sales Quotation # 48', '2017-10-10', '1', '2', 'tyre plaza, gwadar', NULL, NULL, 'Tabraiz Ali', '0', 'DEF', '2017-10-11', '3', '28200', '0', '0', '0', '0', '0', '0', '', '0', '0', '0', '0', '2017-10-10', NULL, '', '', '', '0', '0', '0', '0000-00-00', '0000-00-00', '0000-00-00', '0', '0', '0', '', '', '', '0000-00-00', '0000-00-00', '0000-00-00', '0', '0', '0', '', '', ''),
('102', '30', '1', '0', '29', '17', 'SO027/10/2017', '', 'Sales Quotation # 49', '2017-10-10', '1', '2', 'tyre plaza, gwadar', NULL, NULL, 'Tabraiz Ali', '0', 'DEF', '2017-10-11', '6', '1368000', '1368000', '1368000', '0', '0', '0', '0', '', '0', '0', '0', '0', '2017-10-10', NULL, '', '', '', '0', '0', '0', '0000-00-00', '0000-00-00', '0000-00-00', '0', '0', '0', '', '', '', '0000-00-00', '0000-00-00', '0000-00-00', '0', '0', '0', '', '', ''),
('103', '30', '0', '0', '27', '15', 'SO028/10/2017', 'PO-143143', 'Sales Quotation # 50', '2017-10-10', '1', '1', 'xyz street, gujrat', NULL, NULL, 'Amna Saleem', '500', 'DEF', '2017-11-29', '5', '3000', '0', '0', '0', '0', '0', '0', '', '500', '3000', '0', '100', '2017-10-10', NULL, '', '', '', '0', '0', '0', '0000-00-00', '0000-00-00', '0000-00-00', '0', '0', '0', '', '', '', '0000-00-00', '0000-00-00', '0000-00-00', '0', '0', '0', '', '', ''),
('104', '30', '1', '0', '30', '19', 'SO029/10/2017', '', 'Sales Quotation # 51', '2017-10-10', '1', '2', 'Gulshan-e-Iqbal, Karachi', NULL, NULL, 'Outlet in Jauhar', '0', 'DEF', '2017-11-09', '5', '5000', '0', '0', '0', '0', '0', '0', '', '0', '0', '0', '0', '2017-10-10', 'Just a sample transaction to check if email option works', '', '', '', '0', '0', '0', '0000-00-00', '0000-00-00', '0000-00-00', '0', '0', '0', '', '', '', '0000-00-00', '0000-00-00', '0000-00-00', '0', '0', '0', '', '', ''),
('105', '30', '1', '0', '30', '19', 'SO030/10/2017', '', 'Sales Quotation # 52', '2017-10-10', '1', '2', 'Gulshan-e-Iqbal, Karachi', NULL, NULL, 'Outlet in Jauhar', '0', 'DEF', '2017-11-09', '5', '250', '0', '0', '0', '0', '0', '0', '', '0', '0', '0', '0', '2017-10-10', NULL, '', '', '', '0', '0', '0', '0000-00-00', '0000-00-00', '0000-00-00', '0', '0', '0', '', '', '', '0000-00-00', '0000-00-00', '0000-00-00', '0', '0', '0', '', '', ''),
('106', '30', '1', '0', '30', '19', 'SO031/10/2017', '', 'Sales Quotation # 53', '2017-10-10', '1', '2', 'Gulshan-e-Iqbal, Karachi', NULL, NULL, 'Outlet in Jauhar', '0', 'DEF', '2017-11-09', '5', '12000', '0', '0', '0', '0', '0', '0', '', '0', '0', '0', '0', '2017-10-10', NULL, '', '', '', '0', '0', '0', '0000-00-00', '0000-00-00', '0000-00-00', '0', '0', '0', '', '', '', '0000-00-00', '0000-00-00', '0000-00-00', '0', '0', '0', '', '', ''),
('107', '30', '1', '0', '30', '19', 'SO032/10/2017', '', 'Sales Quotation # 54', '2017-10-10', '1', '2', 'Gulshan-e-Iqbal, Karachi', NULL, NULL, 'Outlet in Jauhar', '0', 'DEF', '2017-11-09', '5', '1800', '0', '0', '0', '0', '0', '0', '', '0', '0', '0', '0', '2017-10-10', NULL, '', '', '', '0', '0', '0', '0000-00-00', '0000-00-00', '0000-00-00', '0', '0', '0', '', '', '', '0000-00-00', '0000-00-00', '0000-00-00', '0', '0', '0', '', '', ''),
('108', '30', '1', '0', '30', '19', 'SO033/10/2017', '', 'Sales Quotation # 55', '2017-10-10', '1', '2', 'Gulshan-e-Iqbal, Karachi', NULL, NULL, 'Outlet in Jauhar', '0', 'DEF', '2017-11-09', '5', '10500', '0', '0', '0', '0', '0', '0', '', '0', '0', '0', '0', '2017-10-10', NULL, '', '', '', '0', '0', '0', '0000-00-00', '0000-00-00', '0000-00-00', '0', '0', '0', '', '', '', '0000-00-00', '0000-00-00', '0000-00-00', '0', '0', '0', '', '', ''),
('109', '30', '1', '0', '7', '7', 'SO034/10/2017', '', 'Sales Quotation # 56', '2017-10-10', '3', '1', 'dfgfdg', NULL, NULL, 'Ramsha', '0', 'DEF', '2017-11-09', '5', '245700', '0', '0', '0', '0', '0', '0', '', '0', '0', '0', '0', '2017-10-10', NULL, '', '', '', '0', '0', '0', '0000-00-00', '0000-00-00', '0000-00-00', '0', '0', '0', '', '', '', '0000-00-00', '0000-00-00', '0000-00-00', '0', '0', '0', '', '', ''),
('1', '32', '0', '0', '1', '1', 'SQ001/09/2017', '', NULL, '2017-09-13', '3', '1', 'Karachi', NULL, NULL, 'Test Customer', '0', 'DEF', '2017-10-13', '5', '1000', '0', '0', '0', '0', '0', '0', '', '0', '0', '0', '0', '0000-00-00', NULL, '', '', '', '0', '0', '0', '0000-00-00', '0000-00-00', '0000-00-00', '0', '0', '0', '', '', '', '0000-00-00', '0000-00-00', '0000-00-00', '0', '0', '0', '', '', ''),
('2', '32', '1', '0', '3', '3', 'SQ003/09/2017', '2134566666', 'asdfghjklhjklghjklbnm,', '2017-09-18', '3', '1', 'axyz', '021278699', NULL, 'DHL AXYZ', '0', 'DEF', '2017-10-18', '6', '88000000', '88000000', '0', '0', '0', '0', '0', '', '880000', '0', '1', '0', '0000-00-00', NULL, '', '', '', '0', '0', '0', '0000-00-00', '0000-00-00', '0000-00-00', '0', '0', '0', '', '', '', '0000-00-00', '0000-00-00', '0000-00-00', '0', '0', '0', '', '', ''),
('3', '32', '0', '0', '4', '4', 'SQ004/09/2017', '', NULL, '2017-09-18', '3', '1', '', NULL, NULL, 'tcs1234', '0', 'DEF', '2017-10-18', '5', '44000000', '0', '0', '0', '0', '0', '0', '', '0', '0', '0', '0', '0000-00-00', NULL, '', '', '', '0', '0', '0', '0000-00-00', '0000-00-00', '0000-00-00', '0', '0', '0', '', '', '', '0000-00-00', '0000-00-00', '0000-00-00', '0', '0', '0', '', '', ''),
('4', '32', '0', '0', '3', '3', 'SQ005/09/2017', '', NULL, '2017-09-22', '3', '1', 'axyz', '021278699', NULL, 'DHL AXYZ', '0', 'DEF', '2017-10-22', '6', '123456789', '123456789', '0', '0', '0', '0', '0', '', '1234567.89', '0', '1', '0', '2017-09-22', NULL, '', '', '', '0', '0', '0', '0000-00-00', '0000-00-00', '0000-00-00', '0', '0', '0', '', '', '', '0000-00-00', '0000-00-00', '0000-00-00', '0', '0', '0', '', '', ''),
('5', '32', '0', '0', '3', '3', 'SQ006/09/2017', '', NULL, '2017-09-22', '3', '1', 'axyz', '021278699', NULL, 'DHL AXYZ', '0', 'DEF', '2017-09-23', '5', '100000', '0', '0', '0', '0', '0', '0', '', '1000', '0', '1', '0', '2017-09-22', NULL, '', '', '', '0', '0', '0', '0000-00-00', '0000-00-00', '0000-00-00', '0', '0', '0', '', '', '', '0000-00-00', '0000-00-00', '0000-00-00', '0', '0', '0', '', '', ''),
('6', '32', '0', '0', '3', '3', 'SQ007/09/2017', '', NULL, '2017-09-22', '3', '1', 'axyz', '021278699', NULL, 'DHL AXYZ', '0', 'DEF', '2017-09-23', '5', '12000', '0', '0', '0', '0', '0', '0', '', '0', '0', '0', '0', '2017-09-22', NULL, '', '', '', '0', '0', '0', '0000-00-00', '0000-00-00', '0000-00-00', '0', '0', '0', '', '', '', '0000-00-00', '0000-00-00', '0000-00-00', '0', '0', '0', '', '', ''),
('7', '32', '0', '0', '3', '3', 'SQ008/09/2017', '', NULL, '2017-09-22', '3', '1', 'axyz', '021278699', NULL, 'DHL AXYZ', '0', 'DEF', '2017-10-22', '6', '1000', '1000', '0', '0', '0', '0', '0', '', '0', '0', '0', '0', '2017-09-22', NULL, '', '', '', '0', '0', '0', '0000-00-00', '0000-00-00', '0000-00-00', '0', '0', '0', '', '', '', '0000-00-00', '0000-00-00', '0000-00-00', '0', '0', '0', '', '', ''),
('8', '32', '0', '0', '3', '3', 'SQ009/09/2017', '', NULL, '2017-09-22', '3', '1', 'axyz', '021278699', NULL, 'DHL AXYZ', '0', 'DEF', '2017-09-23', '3', '0', '0', '0', '0', '0', '0', '0', '', '0', '0', '0', '0', '2017-09-22', NULL, '', '', '', '0', '0', '0', '0000-00-00', '0000-00-00', '0000-00-00', '0', '0', '0', '', '', '', '0000-00-00', '0000-00-00', '0000-00-00', '0', '0', '0', '', '', ''),
('9', '32', '0', '0', '3', '3', 'SQ010/09/2017', '', '455', '2017-09-23', '3', '1', 'axyz', '021278699', NULL, 'DHL AXYZ', '0', 'DEF', '2017-10-23', '6', '49800', '49800', '0', '0', '0', '0', '0', '', '0', '0', '0', '0', '2017-09-23', NULL, '', '', '', '0', '0', '0', '0000-00-00', '0000-00-00', '0000-00-00', '0', '0', '0', '', '', '', '0000-00-00', '0000-00-00', '0000-00-00', '0', '0', '0', '', '', ''),
('10', '32', '0', '0', '3', '3', 'SQ011/09/2017', '', NULL, '2017-09-24', '3', '1', 'axyz', '021278699', NULL, 'DHL AXYZ', '0', 'DEF', '2017-09-25', '3', '49800', '0', '0', '0', '0', '0', '0', '', '0', '0', '0', '0', '2017-09-24', NULL, '', '', '', '0', '0', '0', '0000-00-00', '0000-00-00', '0000-00-00', '0', '0', '0', '', '', '', '0000-00-00', '0000-00-00', '0000-00-00', '0', '0', '0', '', '', ''),
('11', '32', '2', '0', '3', '3', 'SQ028/09/2017', '', NULL, '2017-09-24', '3', '1', 'axyz', '021278699', NULL, 'DHL AXYZ', '0', 'DEF', '2017-10-24', '6', '49800', '49800', '0', '0', '0', '0', '0', '', '0', '0', '0', '0', '2017-09-24', NULL, '', '', '', '0', '0', '0', '0000-00-00', '0000-00-00', '0000-00-00', '0', '0', '0', '', '', '', '0000-00-00', '0000-00-00', '0000-00-00', '0', '0', '0', '', '', ''),
('12', '32', '1', '0', '3', '3', 'SQ029/09/2017', '', NULL, '2017-09-24', '3', '1', 'axyz', '021278699', NULL, 'DHL AXYZ', '0', 'DEF', '2017-10-24', '6', '49800', '49800', '0', '0', '0', '0', '0', '', '0', '0', '0', '0', '2017-09-24', NULL, '', '', '', '0', '0', '0', '0000-00-00', '0000-00-00', '0000-00-00', '0', '0', '0', '', '', '', '0000-00-00', '0000-00-00', '0000-00-00', '0', '0', '0', '', '', ''),
('13', '32', '0', '0', '3', '3', 'SQ014/09/2017', '', NULL, '2017-09-25', '3', '1', 'axyz', '021278699', NULL, 'DHL AXYZ', '0', 'DEF', '2017-10-25', '6', '49800', '49800', '0', '0', '0', '0', '0', '', '0', '0', '0', '0', '2017-09-25', NULL, '', '', '', '0', '0', '0', '0000-00-00', '0000-00-00', '0000-00-00', '0', '0', '0', '', '', '', '0000-00-00', '0000-00-00', '0000-00-00', '0', '0', '0', '', '', '');
INSERT INTO `0_sales_orders` VALUES
('14', '32', '0', '0', '3', '3', 'SQ015/09/2017', '', NULL, '2017-09-25', '3', '1', 'axyz', '021278699', NULL, 'DHL AXYZ', '0', 'DEF', '2017-09-26', '3', '49800', '0', '0', '0', '0', '0', '0', '', '0', '0', '0', '0', '2017-09-25', NULL, '', '', '', '0', '0', '0', '0000-00-00', '0000-00-00', '0000-00-00', '0', '0', '0', '', '', '', '0000-00-00', '0000-00-00', '0000-00-00', '0', '0', '0', '', '', ''),
('15', '32', '0', '0', '3', '3', 'SQ016/09/2017', '', NULL, '2017-09-25', '3', '1', 'axyz', '021278699', NULL, 'DHL AXYZ', '0', 'DEF', '2017-10-25', '6', '49800', '49800', '0', '0', '0', '0', '0', '', '0', '0', '0', '0', '2017-09-25', NULL, '', '', '', '0', '0', '0', '0000-00-00', '0000-00-00', '0000-00-00', '0', '0', '0', '', '', '', '0000-00-00', '0000-00-00', '0000-00-00', '0', '0', '0', '', '', ''),
('16', '32', '0', '0', '3', '3', 'SQ017/09/2017', '', NULL, '2017-09-25', '3', '1', 'axyz', '021278699', NULL, 'DHL AXYZ', '0', 'DEF', '2017-10-25', '6', '49800', '49800', '0', '0', '0', '0', '0', '', '0', '0', '0', '0', '2017-09-25', NULL, '', '', '', '0', '0', '0', '0000-00-00', '0000-00-00', '0000-00-00', '0', '0', '0', '', '', '', '0000-00-00', '0000-00-00', '0000-00-00', '0', '0', '0', '', '', ''),
('17', '32', '0', '0', '3', '3', 'SQ018/09/2017', '', NULL, '2017-09-27', '3', '1', 'axyz', '021278699', NULL, 'DHL AXYZ', '0', 'DEF', '2017-09-28', '3', '0', '0', '0', '0', '0', '0', '0', '', '0', '0', '20', '0', '2017-09-27', NULL, '', '', '', '0', '0', '0', '0000-00-00', '0000-00-00', '0000-00-00', '0', '0', '0', '', '', '', '0000-00-00', '0000-00-00', '0000-00-00', '0', '0', '0', '', '', ''),
('18', '32', '0', '0', '3', '3', 'SQ019/09/2017', '', NULL, '2017-09-27', '3', '1', 'axyz', '021278699', NULL, 'DHL AXYZ', '0', 'DEF', '2017-09-28', '3', '0', '0', '0', '0', '0', '0', '0', '', '0', '0', '20', '0', '2017-09-27', NULL, '', '', '', '0', '0', '0', '0000-00-00', '0000-00-00', '0000-00-00', '0', '0', '0', '', '', '', '0000-00-00', '0000-00-00', '0000-00-00', '0', '0', '0', '', '', ''),
('19', '32', '0', '0', '3', '3', 'SQ020/09/2017', '', NULL, '2017-09-27', '3', '1', 'axyz', '021278699', NULL, 'DHL AXYZ', '0', 'DEF', '2017-09-27', '4', '0', '0', '0', '0', '0', '0', '0', '', '0', '0', '20', '0', '0000-00-00', NULL, '', '', '', '0', '0', '0', '0000-00-00', '0000-00-00', '0000-00-00', '0', '0', '0', '', '', '', '0000-00-00', '0000-00-00', '0000-00-00', '0', '0', '0', '', '', ''),
('20', '32', '0', '0', '3', '3', 'SQ021/09/2017', '', NULL, '2017-09-27', '3', '1', 'axyz', '021278699', NULL, 'DHL AXYZ', '0', 'DEF', '2017-09-28', '3', '0', '0', '0', '0', '0', '0', '0', '', '0', '0', '20', '0', '2017-09-27', NULL, '', '', '', '0', '0', '0', '0000-00-00', '0000-00-00', '0000-00-00', '0', '0', '0', '', '', '', '0000-00-00', '0000-00-00', '0000-00-00', '0', '0', '0', '', '', ''),
('21', '32', '0', '0', '5', '5', 'GST001/09/2017', '', NULL, '2017-09-28', '3', '1', '', NULL, NULL, 'ansar', '0', 'DEF', '2017-10-28', '5', '58266', '0', '0', '0', '0', '0', '0', '', '0', '0', '0', '0', '2017-09-28', NULL, '', '', '', '0', '0', '0', '0000-00-00', '0000-00-00', '0000-00-00', '0', '0', '0', '', '', '', '0000-00-00', '0000-00-00', '0000-00-00', '0', '0', '0', '', '', ''),
('22', '32', '0', '0', '6', '6', 'SQ022/09/2017', '', NULL, '2017-09-28', '3', '1', '', NULL, NULL, 'iqbal', '0', 'DEF', '2017-10-28', '5', '49800', '0', '0', '0', '0', '0', '0', '', '0', '0', '0', '0', '2017-09-28', NULL, '', '', '', '0', '0', '0', '0000-00-00', '0000-00-00', '0000-00-00', '0', '0', '0', '', '', '', '0000-00-00', '0000-00-00', '0000-00-00', '0', '0', '0', '', '', ''),
('23', '32', '0', '0', '5', '5', 'SQ023/09/2017', '', NULL, '2017-09-29', '3', '1', 'fdsfds', NULL, NULL, 'ansar', '0', 'DEF', '2017-10-29', '5', '19985238', '0', '0', '0', '0', '0', '0', '', '0', '0', '0', '0', '2017-09-29', NULL, '', '', '', '0', '0', '0', '0000-00-00', '0000-00-00', '0000-00-00', '0', '0', '0', '', '', '', '0000-00-00', '0000-00-00', '0000-00-00', '0', '0', '0', '', '', ''),
('24', '32', '0', '0', '5', '5', 'SQ024/09/2017', '', NULL, '2017-09-29', '3', '1', 'fdsfdsfds', NULL, NULL, 'ansar', '0', 'DEF', '2017-10-29', '5', '582660', '0', '0', '0', '0', '0', '0', '', '0', '0', '0', '0', '2017-09-29', NULL, '', '', '', '0', '0', '0', '0000-00-00', '0000-00-00', '0000-00-00', '0', '0', '0', '', '', '', '0000-00-00', '0000-00-00', '0000-00-00', '0', '0', '0', '', '', ''),
('25', '32', '0', '0', '5', '5', 'SQ025/09/2017', '', NULL, '2017-09-29', '3', '1', '', NULL, NULL, 'ansar', '0', 'DEF', '2017-10-29', '5', '32337630', '0', '0', '0', '0', '0', '0', '', '0', '0', '0', '0', '2017-09-29', NULL, '', '', '', '0', '0', '0', '0000-00-00', '0000-00-00', '0000-00-00', '0', '0', '0', '', '', '', '0000-00-00', '0000-00-00', '0000-00-00', '0', '0', '0', '', '', ''),
('26', '32', '0', '0', '2', '2', 'SQ026/09/2017', '', NULL, '2017-09-30', '3', '1', 'Karachi', NULL, NULL, 'Test Customer2', '0', 'DEF', '2017-10-30', '5', '557262', '0', '0', '0', '0', '0', '0', '', '149400', '0', '30', '0', '2017-09-30', NULL, '', '', '', '0', '0', '0', '0000-00-00', '0000-00-00', '0000-00-00', '0', '0', '0', '', '', '', '0000-00-00', '0000-00-00', '0000-00-00', '0', '0', '0', '', '', ''),
('27', '32', '1', '0', '2', '2', 'SQ003/10/2017', '', NULL, '2017-10-01', '3', '1', 'Karachi', NULL, NULL, 'Test Customer2', '0', 'DEF', '2017-10-31', '5', '12371216.4', '0', '0', '0', '0', '0', '0', '', '3316680', '0', '30', '0', '2017-10-01', NULL, '11', '22', '33', '44', '55', '66', '2017-10-01', '2017-10-01', '2017-10-01', '1', '1', '1', '', '', '', '2017-10-01', '2017-10-01', '2017-10-01', '1', '1', '1', '555.00', '666.00', '777.00'),
('28', '32', '0', '0', '5', '5', 'SQ002/10/2017', '', NULL, '2017-10-01', '3', '1', 'wqeq', '33333', NULL, 'ansar', '0', 'DEF', '2017-10-31', '5', '64733526', '0', '0', '0', '0', '0', '0', '', '0', '0', '0', '0', '2017-10-10', NULL, '333', '444', '555', '66', '777', '88', '2017-10-01', '2017-10-01', '2017-10-01', '0', '0', '0', '', '', '', '2017-10-01', '2017-10-01', '2017-10-01', '0', '0', '0', '', '', ''),
('29', '32', '0', '0', '5', '5', 'SQ004/10/2017', '', NULL, '2017-10-02', '3', '1', '', NULL, NULL, 'ansar', '0', 'DEF', '2017-11-01', '5', '0', '0', '0', '0', '0', '0', '0', '', '0', '0', '0', '0', '2017-10-02', NULL, '', '', '', '0', '0', '0', '2017-10-02', '2017-10-02', '2017-10-02', '0', '0', '0', '', '', '', '2017-10-02', '2017-10-02', '2017-10-02', '0', '0', '0', '', '', ''),
('30', '32', '0', '0', '5', '5', 'SQ005/10/2017', '', NULL, '2017-10-02', '3', '1', '', NULL, NULL, 'ansar', '0', 'DEF', '2017-11-01', '5', '0', '0', '0', '0', '0', '0', '0', '', '0', '0', '0', '0', '2017-10-02', NULL, '', '', '', '0', '0', '0', '2017-10-02', '2017-10-02', '2017-10-02', '0', '0', '0', '', '', '', '2017-10-02', '2017-10-02', '2017-10-02', '0', '0', '0', '', '', ''),
('31', '32', '0', '0', '5', '5', 'SQ006/10/2017', '', NULL, '2017-10-02', '3', '1', 'gbdsfgdg', NULL, NULL, 'ansar', '0', 'DEF', '2017-11-01', '5', '582660', '0', '0', '0', '0', '0', '0', '', '0', '0', '0', '0', '2017-10-02', NULL, '', '', '', '0', '0', '0', '2017-10-02', '2017-10-02', '2017-10-02', '0', '0', '0', '', '', '', '2017-10-02', '2017-10-02', '2017-10-02', '0', '0', '0', '', '', ''),
('32', '32', '0', '0', '5', '5', 'SQ007/10/2017', '', NULL, '2017-10-02', '3', '1', 'fwrfwfg', NULL, NULL, 'ansar', '0', 'DEF', '2017-11-01', '5', '606060', '0', '0', '0', '0', '0', '0', '', '0', '0', '0', '0', '2017-10-02', NULL, '', '', '', '0', '0', '0', '0000-00-00', '0000-00-00', '0000-00-00', '0', '0', '0', '', '', '', '0000-00-00', '0000-00-00', '0000-00-00', '0', '0', '0', '', '', ''),
('33', '32', '0', '0', '5', '5', 'SQ008/10/2017', '', NULL, '2015-10-02', '3', '1', '', NULL, NULL, 'ansar', '0', 'DEF', '2017-11-01', '5', '0', '0', '0', '0', '0', '0', '0', '', '0', '0', '0', '0', '2017-10-02', NULL, '', '', '', '0', '0', '0', '0000-00-00', '0000-00-00', '0000-00-00', '0', '0', '0', '', '', '', '0000-00-00', '0000-00-00', '0000-00-00', '0', '0', '0', '', '', ''),
('34', '32', '0', '0', '5', '5', 'SQ001/10/2011', '', NULL, '2011-10-02', '3', '1', '', NULL, NULL, 'ansar', '0', 'DEF', '2011-10-03', '5', '0', '0', '0', '0', '0', '0', '0', '', '0', '0', '0', '0', '2017-10-02', NULL, '', '', '', '0', '0', '0', '0000-00-00', '0000-00-00', '0000-00-00', '0', '0', '0', '', '', '', '0000-00-00', '0000-00-00', '0000-00-00', '0', '0', '0', '', '', ''),
('35', '32', '0', '0', '5', '5', 'SQ009/10/2017', '', NULL, '2017-10-04', '3', '1', '', NULL, NULL, 'ansar', '0', 'DEF', '2017-11-03', '5', '582660', '0', '0', '0', '0', '0', '0', '', '0', '0', '0', '0', '2017-10-04', NULL, '', '', '', '0', '0', '0', '0000-00-00', '0000-00-00', '0000-00-00', '0', '0', '0', '', '', '', '0000-00-00', '0000-00-00', '0000-00-00', '0', '0', '0', '', '', ''),
('36', '32', '1', '0', '7', '7', 'SQ011/10/2017', '', NULL, '2017-10-05', '3', '1', '', NULL, NULL, 'Ramsha', '0', 'DEF', '2017-11-04', '5', '0', '0', '0', '0', '0', '0', '0', '', '0', '0', '0', '0', '2017-10-05', NULL, '', '', '', '0', '0', '0', '0000-00-00', '0000-00-00', '0000-00-00', '0', '0', '0', '', '', '', '0000-00-00', '0000-00-00', '0000-00-00', '0', '0', '0', '', '', ''),
('37', '32', '0', '0', '7', '7', 'GST001/10/2017', '', NULL, '2017-10-05', '3', '1', '', NULL, NULL, 'Ramsha', '0', 'DEF', '2017-11-04', '5', '0', '0', '0', '0', '0', '0', '0', '', '0', '0', '0', '0', '2017-10-05', NULL, '', '', '', '0', '0', '0', '0000-00-00', '0000-00-00', '0000-00-00', '0', '0', '0', '', '', '', '0000-00-00', '0000-00-00', '0000-00-00', '0', '0', '0', '', '', ''),
('38', '32', '0', '0', '3', '3', 'SQ012/10/2017', '', NULL, '2017-10-05', '1', '1', 'axyz', '021278699', NULL, 'DHL AXYZ', '0', 'DEF', '2017-11-04', '6', '1088130', '1088130', '0', '0', '0', '0', '0', '', '217626', '0', '20', '0', '2017-10-05', NULL, '', '', '', '0', '0', '0', '0000-00-00', '0000-00-00', '0000-00-00', '0', '0', '0', '', '', '', '0000-00-00', '0000-00-00', '0000-00-00', '0', '0', '0', '', '', ''),
('39', '32', '0', '0', '3', '3', 'SQ013/10/2017', '', NULL, '2017-10-05', '1', '1', 'axyz', '021278699', NULL, 'DHL AXYZ', '0', 'DEF', '2017-11-04', '5', '473100', '0', '0', '0', '0', '0', '0', '', '94620', '0', '20', '0', '2017-10-05', 'Not Available', '', '', '', '0', '0', '0', '0000-00-00', '0000-00-00', '0000-00-00', '0', '0', '0', '', '', '', '0000-00-00', '0000-00-00', '0000-00-00', '0', '0', '0', '', '', ''),
('40', '32', '0', '0', '4', '4', 'SQ014/10/2017', '', NULL, '2017-10-05', '3', '1', 'fghjdfghj', NULL, NULL, 'tcs1234', '0', 'DEF', '2017-11-04', '5', '585', '0', '0', '0', '0', '0', '0', '', '0', '0', '0', '0', '2017-10-05', NULL, '', '', '', '0', '0', '0', '0000-00-00', '0000-00-00', '0000-00-00', '0', '0', '0', '', '', '', '0000-00-00', '0000-00-00', '0000-00-00', '0', '0', '0', '', '', ''),
('41', '32', '0', '0', '15', '8', 'SQ015/10/2017', '', NULL, '2017-10-07', '1', '1', 'xyz street', NULL, NULL, 'Stephanie Martins', '0', 'DEF', '2017-11-06', '5', '10000', '0', '0', '0', '0', '0', '0', '', '0', '0', '0', '0', '2017-10-07', NULL, '', '', '', '0', '0', '0', '0000-00-00', '0000-00-00', '0000-00-00', '0', '0', '0', '', '', '', '0000-00-00', '0000-00-00', '0000-00-00', '0', '0', '0', '', '', ''),
('42', '32', '0', '0', '17', '9', 'SQ016/10/2017', '', NULL, '2017-10-07', '1', '1', 'xyqw street', NULL, NULL, 'Veronica Blakes', '0', 'DEF', '2017-11-06', '5', '9000', '0', '0', '0', '0', '0', '0', '', '0', '0', '0', '0', '2017-10-07', NULL, '', '', '', '0', '0', '0', '0000-00-00', '0000-00-00', '0000-00-00', '0', '0', '0', '', '', '', '0000-00-00', '0000-00-00', '0000-00-00', '0', '0', '0', '', '', ''),
('43', '32', '0', '0', '27', '15', 'SQ017/10/2017', '', NULL, '2017-10-09', '1', '1', 'xyz street, gujrat', NULL, NULL, 'Amna Saleem', '0', 'DEF', '2017-10-10', '3', '150000', '0', '0', '0', '0', '0', '0', '', '0', '0', '0', '0', '2017-10-09', NULL, '', '', '', '0', '0', '0', '0000-00-00', '0000-00-00', '0000-00-00', '0', '0', '0', '', '', '', '0000-00-00', '0000-00-00', '0000-00-00', '0', '0', '0', '', '', ''),
('44', '32', '0', '0', '27', '15', 'SQ018/10/2017', '', NULL, '2017-10-09', '1', '1', 'xyz street, gujrat', NULL, NULL, 'Amna Saleem', '0', 'DEF', '2017-10-10', '3', '52500', '0', '0', '0', '0', '0', '0', '', '0', '0', '0', '0', '2017-10-09', NULL, '', '', '', '0', '0', '0', '0000-00-00', '0000-00-00', '0000-00-00', '0', '0', '0', '', '', '', '0000-00-00', '0000-00-00', '0000-00-00', '0', '0', '0', '', '', ''),
('45', '32', '1', '0', '28', '16', 'SQ020/10/2017', '', NULL, '2017-10-09', '1', '1', 'qwerty street, karachi', NULL, NULL, 'Hassan Ibrahim', '0', 'DEF', '2017-10-10', '3', '234000', '0', '0', '0', '0', '0', '0', '', '0', '0', '0', '0', '2017-10-09', NULL, '', '', '', '0', '0', '0', '0000-00-00', '0000-00-00', '0000-00-00', '0', '0', '0', '', '', '', '0000-00-00', '0000-00-00', '0000-00-00', '0', '0', '0', '', '', ''),
('46', '32', '0', '0', '24', '11', 'SQ021/10/2017', '', NULL, '2017-10-10', '3', '1', 'ferw', NULL, NULL, 'Ali Rahman', '0', 'DEF', '2017-11-09', '5', '0', '0', '0', '0', '0', '0', '0', '', '0', '0', '0', '0', '2017-10-10', NULL, '', '', '', '0', '0', '0', '0000-00-00', '0000-00-00', '0000-00-00', '0', '0', '0', '', '', '', '0000-00-00', '0000-00-00', '0000-00-00', '0', '0', '0', '', '', ''),
('47', '32', '0', '0', '24', '11', 'SQ022/10/2017', '', NULL, '2017-10-10', '3', '1', 'ferw', NULL, NULL, 'Ali Rahman', '0', 'DEF', '2017-11-09', '5', '0', '0', '0', '0', '0', '0', '0', '', '0', '0', '0', '0', '2017-10-10', NULL, '', '', '', '0', '0', '0', '0000-00-00', '0000-00-00', '0000-00-00', '0', '0', '0', '', '', '', '0000-00-00', '0000-00-00', '0000-00-00', '0', '0', '0', '', '', ''),
('48', '32', '0', '0', '29', '17', 'SQ023/10/2017', '', NULL, '2017-10-10', '1', '2', 'tyre plaza, gwadar', NULL, NULL, 'Tabraiz Ali', '0', 'DEF', '2017-10-11', '3', '28200', '0', '0', '0', '0', '0', '0', '', '0', '0', '0', '0', '2017-10-10', NULL, '', '', '', '0', '0', '0', '0000-00-00', '0000-00-00', '0000-00-00', '0', '0', '0', '', '', '', '0000-00-00', '0000-00-00', '0000-00-00', '0', '0', '0', '', '', ''),
('49', '32', '0', '0', '29', '17', 'SQ024/10/2017', '', NULL, '2017-10-10', '1', '2', 'tyre plaza, gwadar', NULL, NULL, 'Tabraiz Ali', '0', 'DEF', '2017-10-11', '6', '1368000', '1368000', '0', '0', '0', '0', '0', '', '0', '0', '0', '0', '2017-10-10', NULL, '', '', '', '0', '0', '0', '0000-00-00', '0000-00-00', '0000-00-00', '0', '0', '0', '', '', '', '0000-00-00', '0000-00-00', '0000-00-00', '0', '0', '0', '', '', ''),
('50', '32', '0', '0', '27', '15', 'SQ025/10/2017', 'PO-143143', 'fwfw\nfw3rfw3r\nvfw3rfgvrw3\n', '2017-10-10', '1', '1', 'xyz street, gujrat', NULL, NULL, 'Amna Saleem', '500', 'DEF', '2017-11-29', '5', '3000', '0', '0', '0', '0', '0', '0', '', '500', '3000', '20', '100', '2017-10-10', NULL, '', '', '', '0', '0', '0', '0000-00-00', '0000-00-00', '0000-00-00', '0', '0', '0', '', '', '', '0000-00-00', '0000-00-00', '0000-00-00', '0', '0', '0', '', '', ''),
('51', '32', '0', '0', '30', '19', 'SQ026/10/2017', '', NULL, '2017-10-10', '1', '2', 'Gulshan-e-Iqbal, Karachi', NULL, NULL, 'Outlet in Jauhar', '0', 'DEF', '2017-11-09', '5', '5000', '0', '0', '0', '0', '0', '0', '', '0', '0', '0', '0', '2017-10-10', NULL, '', '', '', '0', '0', '0', '0000-00-00', '0000-00-00', '0000-00-00', '0', '0', '0', '', '', '', '0000-00-00', '0000-00-00', '0000-00-00', '0', '0', '0', '', '', ''),
('52', '32', '0', '0', '30', '19', 'SQ027/10/2017', '', NULL, '2017-10-10', '1', '2', 'Gulshan-e-Iqbal, Karachi', NULL, NULL, 'Outlet in Jauhar', '0', 'DEF', '2017-11-09', '5', '250', '0', '0', '0', '0', '0', '0', '', '0', '0', '0', '0', '2017-10-10', NULL, '', '', '', '0', '0', '0', '0000-00-00', '0000-00-00', '0000-00-00', '0', '0', '0', '', '', '', '0000-00-00', '0000-00-00', '0000-00-00', '0', '0', '0', '', '', ''),
('53', '32', '0', '0', '30', '19', 'SQ028/10/2017', '', NULL, '2017-10-10', '1', '2', 'Gulshan-e-Iqbal, Karachi', NULL, NULL, 'Outlet in Jauhar', '0', 'DEF', '2017-11-09', '5', '12000', '0', '0', '0', '0', '0', '0', '', '0', '0', '0', '0', '2017-10-10', NULL, '', '', '', '0', '0', '0', '0000-00-00', '0000-00-00', '0000-00-00', '0', '0', '0', '', '', '', '0000-00-00', '0000-00-00', '0000-00-00', '0', '0', '0', '', '', ''),
('54', '32', '0', '0', '30', '19', 'SQ029/10/2017', '', NULL, '2017-10-10', '1', '2', 'Gulshan-e-Iqbal, Karachi', NULL, NULL, 'Outlet in Jauhar', '0', 'DEF', '2017-11-09', '5', '1800', '0', '0', '0', '0', '0', '0', '', '0', '0', '0', '0', '2017-10-10', NULL, '', '', '', '0', '0', '0', '0000-00-00', '0000-00-00', '0000-00-00', '0', '0', '0', '', '', '', '0000-00-00', '0000-00-00', '0000-00-00', '0', '0', '0', '', '', ''),
('55', '32', '0', '0', '30', '19', 'SQ030/10/2017', '', NULL, '2017-10-10', '1', '2', 'Gulshan-e-Iqbal, Karachi', NULL, NULL, 'Outlet in Jauhar', '0', 'DEF', '2017-11-09', '5', '10500', '0', '0', '0', '0', '0', '0', '', '0', '0', '0', '0', '2017-10-10', NULL, '', '', '', '0', '0', '0', '0000-00-00', '0000-00-00', '0000-00-00', '0', '0', '0', '', '', '', '0000-00-00', '0000-00-00', '0000-00-00', '0', '0', '0', '', '', ''),
('56', '32', '0', '0', '7', '7', 'SQ031/10/2017', '', NULL, '2017-10-10', '3', '1', '', NULL, NULL, 'Ramsha', '0', 'DEF', '2017-11-09', '5', '245700', '0', '0', '0', '0', '0', '0', '', '0', '0', '0', '0', '2017-10-10', NULL, '', '', '', '0', '0', '0', '0000-00-00', '0000-00-00', '0000-00-00', '0', '0', '0', '', '', '', '0000-00-00', '0000-00-00', '0000-00-00', '0', '0', '0', '', '', '');

### Structure of table `0_sales_pos` ###

DROP TABLE IF EXISTS `0_sales_pos`;

CREATE TABLE `0_sales_pos` (
  `id` smallint(6) unsigned NOT NULL AUTO_INCREMENT,
  `pos_name` varchar(30) COLLATE utf8_unicode_ci NOT NULL,
  `cash_sale` tinyint(1) NOT NULL,
  `credit_sale` tinyint(1) NOT NULL,
  `pos_location` varchar(5) COLLATE utf8_unicode_ci NOT NULL,
  `pos_account` smallint(6) unsigned NOT NULL,
  `inactive` tinyint(1) NOT NULL DEFAULT '0',
  PRIMARY KEY (`id`),
  UNIQUE KEY `pos_name` (`pos_name`)
) ENGINE=InnoDB AUTO_INCREMENT=2 DEFAULT CHARSET=utf8 COLLATE=utf8_unicode_ci ;

### Data of table `0_sales_pos` ###

INSERT INTO `0_sales_pos` VALUES
('1', 'Default', '1', '1', 'DEF', '2', '0');

### Structure of table `0_sales_pref` ###

DROP TABLE IF EXISTS `0_sales_pref`;

CREATE TABLE `0_sales_pref` (
  `name` varchar(20) NOT NULL,
  `label_value` varchar(30) NOT NULL,
  `so_enable` tinyint(1) NOT NULL,
  PRIMARY KEY (`name`)
) ENGINE=InnoDB DEFAULT CHARSET=latin1 ;

### Data of table `0_sales_pref` ###

INSERT INTO `0_sales_pref` VALUES
('amount_1', 'WIDTH (INCH)', '0'),
('amount_2', 'LENGTH', '0'),
('amount_3', 'No. Of Units', '0'),
('amount_4', 'amount_4', '0'),
('amount_5', 'amount_5', '0'),
('amount_6', 'amount_6', '0'),
('date1', 'DATE1', '1'),
('date2', 'DATE2', '1'),
('date3', 'Date3', '1'),
('f_combo1', 'footer_combo1', '0'),
('f_combo2', 'footer_combo2', '0'),
('f_combo3', 'Footer Combo 3', '0'),
('h_combo1', 'Combo 1', '0'),
('h_combo2', 'Combo 2', '0'),
('h_combo3', 'Combo 3', '0'),
('so_cart1', 'T1', '0'),
('so_cart2', 'T2', '0'),
('so_cart3', 'T3', '0'),
('so_cart4', 'T4', '0'),
('so_cart5', 'jhg', '0'),
('so_cart6', 'gjh', '0'),
('so_footer_long_text1', 'klhkhjkj', '0'),
('so_footer_long_text2', 'gjh', '0'),
('so_footer_long_text3', 'g', '0'),
('so_footer_long_text4', 'jh', '0'),
('so_footer_long_text5', 'gjh', '0'),
('so_footer_long_text6', 'jhg', '0'),
('so_header_combo1', 'Combo 1', '0'),
('so_header_combo2', 'Combo 2', '0'),
('so_header_combo3', 'Combo 3', '0'),
('so_header_combo4', 'so_header_combo4', '0'),
('so_header_combo5', 'so_header_combo5', '0'),
('so_header_combo6', 'so_header_combo6', '0'),
('so_header_long_text', '', '0'),
('so_header_text1', 'jhg', '0'),
('so_header_text2', 'gjh', '0'),
('so_header_text3', 'jhg', '0'),
('so_header_text4', 'so_header_text4', '0'),
('so_header_text5', 'so_header_text5', '0'),
('so_header_text6', 'so_header_text6', '0'),
('text_box_1', 'asd', '0'),
('text_box_2', 'sdfd', '0'),
('text_box_3', 'sd', '0'),
('text_box_4', '1', '0'),
('text_box_5', '2', '0'),
('text_box_6', '3', '0'),
('total_amount', '4', '0'),
('total_date', '3', '0'),
('total_footer', '1', '1'),
('total_footer_text', '1', '0'),
('total_headers', '4', '0'),
('total_headers2', '3', '0'),
('total_headers_long', '1', '0'),
('total_header_text', '1', '0'),
('total_h_combo', '1', '0'),
('total_long_footer', '1', '1');

### Structure of table `0_sales_types` ###

DROP TABLE IF EXISTS `0_sales_types`;

CREATE TABLE `0_sales_types` (
  `id` int(11) NOT NULL AUTO_INCREMENT,
  `sales_type` char(50) COLLATE utf8_unicode_ci NOT NULL DEFAULT '',
  `tax_included` int(1) NOT NULL DEFAULT '0',
  `factor` double NOT NULL DEFAULT '1',
  `inactive` tinyint(1) NOT NULL DEFAULT '0',
  PRIMARY KEY (`id`),
  UNIQUE KEY `sales_type` (`sales_type`)
) ENGINE=InnoDB AUTO_INCREMENT=4 DEFAULT CHARSET=utf8 COLLATE=utf8_unicode_ci ;

### Data of table `0_sales_types` ###

INSERT INTO `0_sales_types` VALUES
('1', 'Retail', '1', '1', '0'),
('2', 'Wholesale', '0', '0.7', '0'),
('3', 'Imtiaz Store', '0', '1', '0');

### Structure of table `0_salesman` ###

DROP TABLE IF EXISTS `0_salesman`;

CREATE TABLE `0_salesman` (
  `salesman_code` int(11) NOT NULL AUTO_INCREMENT,
  `salesman_name` char(60) COLLATE utf8_unicode_ci NOT NULL DEFAULT '',
  `salesman_phone` char(30) COLLATE utf8_unicode_ci NOT NULL DEFAULT '',
  `salesman_fax` char(30) COLLATE utf8_unicode_ci NOT NULL DEFAULT '',
  `salesman_email` varchar(100) COLLATE utf8_unicode_ci NOT NULL DEFAULT '',
  `provision` double NOT NULL DEFAULT '0',
  `break_pt` double NOT NULL DEFAULT '0',
  `provision2` double NOT NULL DEFAULT '0',
  `inactive` tinyint(1) NOT NULL DEFAULT '0',
  PRIMARY KEY (`salesman_code`),
  UNIQUE KEY `salesman_name` (`salesman_name`)
) ENGINE=InnoDB AUTO_INCREMENT=5 DEFAULT CHARSET=utf8 COLLATE=utf8_unicode_ci ;

### Data of table `0_salesman` ###

INSERT INTO `0_salesman` VALUES
('1', 'Rizwan', '021-2168563', '021-5646545', 'rizwan@honda-sf.com', '5', '1000', '4', '0'),
('3', 'Uzair', '021-3546621', '021-2156462', 'uzair@honda-sf.com', '5', '10000', '4', '0'),
('4', 'Zahid', '021-3546621', '021-2156462', 'zahid@honda-sf.com', '5', '1000', '4', '0');

### Structure of table `0_security_roles` ###

DROP TABLE IF EXISTS `0_security_roles`;

CREATE TABLE `0_security_roles` (
  `id` int(11) NOT NULL AUTO_INCREMENT,
  `role` varchar(30) COLLATE utf8_unicode_ci NOT NULL,
  `description` varchar(50) COLLATE utf8_unicode_ci DEFAULT NULL,
  `sections` text COLLATE utf8_unicode_ci,
  `areas` text COLLATE utf8_unicode_ci,
  `inactive` tinyint(1) NOT NULL DEFAULT '0',
  PRIMARY KEY (`id`),
  UNIQUE KEY `role` (`role`)
) ENGINE=InnoDB AUTO_INCREMENT=12 DEFAULT CHARSET=utf8 COLLATE=utf8_unicode_ci ;

### Data of table `0_security_roles` ###

INSERT INTO `0_security_roles` VALUES
('1', 'Inquiries', 'Inquiries', '768;2816;3072;3328;5632;5888;8192;8448;10752;11008;13312;15872;16128', '257;258;259;260;513;514;515;516;517;518;519;520;521;522;523;524;525;773;774;2822;3073;3075;3076;3077;3329;3330;3331;3332;3333;3334;3335;5377;5633;5640;5889;5890;5891;7937;7938;7939;7940;8193;8194;8450;8451;10497;10753;11009;11010;11012;13313;13315;15617;15618;15619;15620;15621;15622;15623;15624;15625;15626;15873;15882;16129;16130;16131;16132;775', '0'),
('2', 'System Administrator', 'System Administrator', '512;768;2816;3072;3328;5376;5632;5888;7936;8192;8448;9216;9472;9728;10496;10752;11008;13056;13312;15616;15872;16128;484352;943104;1008640', '513;514;515;516;517;518;519;520;521;522;523;524;525;526;769;770;771;772;773;774;775;2817;2818;2819;2820;2821;2822;2823;3073;3074;3082;3075;3076;3077;3078;3079;3080;3081;3329;3330;3331;3332;3333;3334;3335;5377;5633;5634;5635;5636;5637;5641;5638;5639;5640;5889;5890;5891;7937;7938;7939;7940;8193;8194;8195;8196;8197;8449;8450;8451;9217;9218;9220;9473;9474;9475;9476;9729;10497;10753;10754;10755;10756;10757;11009;11010;11011;11012;13057;13313;13314;13315;15617;15618;15619;15620;15621;15622;15623;15624;15628;15625;15626;15627;15630;15873;15874;15875;15876;15877;15878;15879;15880;15883;15881;15882;15884;16129;16130;16131;16132;484452;943204;943205;1008740', '0'),
('3', 'Salesman', 'Salesman', '768;3072;5632;8192;15872', '773;774;3073;3075;3081;5633;8194;15873;775', '0'),
('4', 'Stock Manager', 'Stock Manager', '768;2816;3072;3328;5632;5888;8192;8448;10752;11008;13312;15872;16128', '2818;2822;3073;3076;3077;3329;3330;3330;3330;3331;3331;3332;3333;3334;3335;5633;5640;5889;5890;5891;8193;8194;8450;8451;10753;11009;11010;11012;13313;13315;15882;16129;16130;16131;16132;775', '0'),
('5', 'Production Manager', 'Production Manager', '512;768;2816;3072;3328;5632;5888;8192;8448;10752;11008;13312;15616;15872;16128', '521;523;524;2818;2819;2820;2821;2822;2823;3073;3074;3076;3077;3078;3079;3080;3081;3329;3330;3330;3330;3331;3331;3332;3333;3334;3335;5633;5640;5640;5889;5890;5891;8193;8194;8196;8197;8450;8451;10753;10755;11009;11010;11012;13313;13315;15617;15619;15620;15621;15624;15624;15876;15877;15880;15882;16129;16130;16131;16132;775', '0'),
('6', 'Purchase Officer', 'Purchase Officer', '512;768;2816;3072;3328;5376;5632;5888;8192;8448;10752;11008;13312;15616;15872;16128', '521;523;524;2818;2819;2820;2821;2822;2823;3073;3074;3076;3077;3078;3079;3080;3081;3329;3330;3330;3330;3331;3331;3332;3333;3334;3335;5377;5633;5635;5640;5640;5889;5890;5891;8193;8194;8196;8197;8449;8450;8451;10753;10755;11009;11010;11012;13313;13315;15617;15619;15620;15621;15624;15624;15876;15877;15880;15882;16129;16130;16131;16132;775', '0'),
('7', 'AR Officer', 'AR Officer', '512;768;2816;3072;3328;5632;5888;8192;8448;10752;11008;13312;15616;15872;16128', '521;523;524;771;773;774;2818;2819;2820;2821;2822;2823;3073;3073;3074;3075;3076;3077;3078;3079;3080;3081;3081;3329;3330;3330;3330;3331;3331;3332;3333;3334;3335;5633;5633;5634;5637;5638;5639;5640;5640;5889;5890;5891;8193;8194;8194;8196;8197;8450;8451;10753;10755;11009;11010;11012;13313;13315;15617;15619;15620;15621;15624;15624;15873;15876;15877;15878;15880;15882;16129;16130;16131;16132;775', '0'),
('8', 'AP Officer', 'AP Officer', '5632', '5633;5635;5636;3073;3074;3082;3076;3077;3078;3079;3080;3081;3335;13057', '0'),
('9', 'Accountant', 'New Accountant', '5632', '5635;5636;521;523;524;771;772;773;774;775;2818;2819;2820;2821;2822;2823;3073;3074;3075;3076;3077;3078;3079;3080;3081;3329;3330;3331;3332;3333;3334;3335;5377;5889;5890;5891;7937;7938;7939;7940;8193;8194;8196;8197;8449;8450;8451;10497;10753;10755;11009;11010;11012;13313;13315;15617;15618;15619;15620;15621;15624;15873;15876;15877;15878;15880;15882;16129;16130;16131;16132', '0'),
('10', 'Sub Admin', 'Sub Admin', '512;768;2816;3072;3328;5376;5632;5888;8192;8448;10752;11008;13312;15616;15872;16128', '257;258;259;260;521;523;524;771;772;773;774;2818;2819;2820;2821;2822;2823;3073;3074;3082;3075;3076;3077;3078;3079;3080;3081;3329;3330;3331;3332;3333;3334;3335;5377;5633;5634;5635;5637;5638;5639;5640;5889;5890;5891;7937;7938;7939;7940;8193;8194;8196;8197;8449;8450;8451;10497;10753;10755;11009;11010;11012;13057;13313;13315;15617;15619;15620;15621;15624;15873;15874;15876;15877;15878;15879;15880;15882;16129;16130;16131;16132;775', '0'),
('11', 'cash account', 'cash account', '768;15616;15872', '774;15873;15877;15878;15879', '0');

### Structure of table `0_shippers` ###

DROP TABLE IF EXISTS `0_shippers`;

CREATE TABLE `0_shippers` (
  `shipper_id` int(11) NOT NULL AUTO_INCREMENT,
  `shipper_name` varchar(60) COLLATE utf8_unicode_ci NOT NULL DEFAULT '',
  `phone` varchar(30) COLLATE utf8_unicode_ci NOT NULL DEFAULT '',
  `phone2` varchar(30) COLLATE utf8_unicode_ci NOT NULL DEFAULT '',
  `contact` tinytext COLLATE utf8_unicode_ci NOT NULL,
  `address` tinytext COLLATE utf8_unicode_ci NOT NULL,
  `shipping_account` int(11) DEFAULT NULL,
  `inactive` tinyint(1) NOT NULL DEFAULT '0',
  PRIMARY KEY (`shipper_id`),
  UNIQUE KEY `name` (`shipper_name`)
) ENGINE=InnoDB AUTO_INCREMENT=3 DEFAULT CHARSET=utf8 COLLATE=utf8_unicode_ci ;

### Data of table `0_shippers` ###

INSERT INTO `0_shippers` VALUES
('1', 'Default', '', '', '', '', '4021', '0'),
('2', 'AHG-421', '', '', '', '', '5032', '0');

### Structure of table `0_sql_trail` ###

DROP TABLE IF EXISTS `0_sql_trail`;

CREATE TABLE `0_sql_trail` (
  `id` int(11) unsigned NOT NULL AUTO_INCREMENT,
  `sql` text COLLATE utf8_unicode_ci NOT NULL,
  `result` tinyint(1) NOT NULL,
  `msg` varchar(255) COLLATE utf8_unicode_ci NOT NULL,
  PRIMARY KEY (`id`)
) ENGINE=InnoDB DEFAULT CHARSET=utf8 COLLATE=utf8_unicode_ci ;

### Data of table `0_sql_trail` ###


### Structure of table `0_stock_category` ###

DROP TABLE IF EXISTS `0_stock_category`;

CREATE TABLE `0_stock_category` (
  `category_id` int(11) NOT NULL AUTO_INCREMENT,
  `description` varchar(60) COLLATE utf8_unicode_ci NOT NULL DEFAULT '',
  `dflt_tax_type` int(11) NOT NULL DEFAULT '1',
  `dflt_units` varchar(20) COLLATE utf8_unicode_ci NOT NULL DEFAULT 'each',
  `dflt_mb_flag` char(1) COLLATE utf8_unicode_ci NOT NULL DEFAULT 'B',
  `dflt_sales_act` varchar(15) COLLATE utf8_unicode_ci NOT NULL DEFAULT '',
  `dflt_cogs_act` varchar(15) COLLATE utf8_unicode_ci NOT NULL DEFAULT '',
  `dflt_inventory_act` varchar(15) COLLATE utf8_unicode_ci NOT NULL DEFAULT '',
  `dflt_adjustment_act` varchar(15) COLLATE utf8_unicode_ci NOT NULL DEFAULT '',
  `dflt_wip_act` varchar(15) COLLATE utf8_unicode_ci NOT NULL DEFAULT '',
  `dflt_dim1` int(11) DEFAULT NULL,
  `dflt_dim2` int(11) DEFAULT NULL,
  `inactive` tinyint(1) NOT NULL DEFAULT '0',
  `dflt_no_sale` tinyint(1) NOT NULL DEFAULT '0',
  `dflt_no_purchase` tinyint(1) NOT NULL DEFAULT '0',
  PRIMARY KEY (`category_id`),
  UNIQUE KEY `description` (`description`)
) ENGINE=InnoDB AUTO_INCREMENT=13 DEFAULT CHARSET=utf8 COLLATE=utf8_unicode_ci ;

### Data of table `0_stock_category` ###

INSERT INTO `0_stock_category` VALUES
('2', 'Material', '1', 'each', 'B', '4011', '5011', '1021', '5014', '1023', '0', '0', '0', '0', '0'),
('3', 'Supplies', '1', 'pcs', 'B', '4011', '5011', '1021', '5014', '1023', '0', '0', '0', '0', '0'),
('6', 'Color', '1', 'pcs', 'D', '4011', '5011', '1021', '5014', '1023', '0', '0', '0', '0', '0'),
('7', 'Vehicle', '1', 'pcs', 'D', '4011', '5011', '1021', '5014', '1023', '0', '0', '0', '0', '0'),
('8', 'Home-Furniture', '1', 'pcs', 'B', '4011', '5011', '1021', '5014', '1023', '0', '0', '0', '0', '0'),
('9', 'Computer Acessories', '1', 'pcs', 'B', '4011', '5011', '1021', '5014', '1023', '0', '0', '0', '0', '0'),
('10', 'Telephone, Mobile Phones etc', '1', 'pcs', 'B', '4011', '5011', '1021', '5014', '1023', '0', '0', '0', '0', '0'),
('11', 'Books and Cards Etc.', '2', 'pcs', 'B', '4011', '5011', '1021', '5014', '1023', '0', '0', '0', '0', '0'),
('12', 'Television, Electronics Etc.', '2', 'pcs', 'B', '4011', '5011', '1021', '5014', '1023', '0', '0', '0', '0', '0');

### Structure of table `0_stock_fa_class` ###

DROP TABLE IF EXISTS `0_stock_fa_class`;

CREATE TABLE `0_stock_fa_class` (
  `fa_class_id` varchar(20) COLLATE utf8_unicode_ci NOT NULL DEFAULT '',
  `parent_id` varchar(20) COLLATE utf8_unicode_ci NOT NULL DEFAULT '',
  `description` varchar(200) COLLATE utf8_unicode_ci NOT NULL DEFAULT '',
  `long_description` tinytext COLLATE utf8_unicode_ci NOT NULL,
  `depreciation_rate` double NOT NULL DEFAULT '0',
  `inactive` tinyint(1) NOT NULL DEFAULT '0',
  PRIMARY KEY (`fa_class_id`)
) ENGINE=InnoDB DEFAULT CHARSET=utf8 COLLATE=utf8_unicode_ci ;

### Data of table `0_stock_fa_class` ###

INSERT INTO `0_stock_fa_class` VALUES
('1', '', 'A', '', '10', '0'),
('11', '1', 'A-A', '', '10', '0'),
('2', '', 'B', '', '20', '0'),
('22', '2', 'B-B', '', '20', '0');

### Structure of table `0_stock_master` ###

DROP TABLE IF EXISTS `0_stock_master`;

CREATE TABLE `0_stock_master` (
  `stock_id` varchar(20) COLLATE utf8_unicode_ci NOT NULL DEFAULT '',
  `category_id` int(11) NOT NULL DEFAULT '0',
  `tax_type_id` int(11) NOT NULL DEFAULT '0',
  `description` varchar(200) COLLATE utf8_unicode_ci NOT NULL DEFAULT '',
  `long_description` tinytext COLLATE utf8_unicode_ci NOT NULL,
  `carton` varchar(55) COLLATE utf8_unicode_ci NOT NULL,
  `units` varchar(20) COLLATE utf8_unicode_ci NOT NULL DEFAULT 'each',
  `mb_flag` char(1) COLLATE utf8_unicode_ci NOT NULL DEFAULT 'B',
  `sales_account` varchar(15) COLLATE utf8_unicode_ci NOT NULL DEFAULT '',
  `cogs_account` varchar(15) COLLATE utf8_unicode_ci NOT NULL DEFAULT '',
  `inventory_account` varchar(15) COLLATE utf8_unicode_ci NOT NULL DEFAULT '',
  `adjustment_account` varchar(15) COLLATE utf8_unicode_ci NOT NULL DEFAULT '',
  `wip_account` varchar(15) COLLATE utf8_unicode_ci NOT NULL DEFAULT '',
  `dimension_id` int(11) DEFAULT NULL,
  `dimension2_id` int(11) DEFAULT NULL,
  `purchase_cost` double NOT NULL DEFAULT '0',
  `material_cost` double NOT NULL DEFAULT '0',
  `labour_cost` double NOT NULL DEFAULT '0',
  `overhead_cost` double NOT NULL DEFAULT '0',
  `inactive` tinyint(1) NOT NULL DEFAULT '0',
  `no_sale` tinyint(1) NOT NULL DEFAULT '0',
  `no_purchase` tinyint(1) NOT NULL DEFAULT '0',
  `editable` tinyint(1) NOT NULL DEFAULT '0',
  `depreciation_method` char(1) COLLATE utf8_unicode_ci NOT NULL DEFAULT 'S',
  `depreciation_rate` double NOT NULL DEFAULT '0',
  `depreciation_factor` double NOT NULL DEFAULT '1',
  `depreciation_start` date NOT NULL DEFAULT '0000-00-00',
  `depreciation_date` date NOT NULL DEFAULT '0000-00-00',
  `fa_class_id` varchar(20) COLLATE utf8_unicode_ci NOT NULL DEFAULT '',
  `salesman` int(11) NOT NULL,
  `batch_status` int(11) NOT NULL,
  `alt_units` varchar(11) COLLATE utf8_unicode_ci NOT NULL,
  `con_factor` double NOT NULL,
  `con_type` tinyint(1) NOT NULL,
  `text1` varchar(55) COLLATE utf8_unicode_ci NOT NULL,
  `text2` varchar(55) COLLATE utf8_unicode_ci NOT NULL,
  `text3` varchar(55) COLLATE utf8_unicode_ci NOT NULL,
  `text4` varchar(55) COLLATE utf8_unicode_ci NOT NULL,
  `text5` varchar(55) COLLATE utf8_unicode_ci NOT NULL,
  `text6` varchar(55) COLLATE utf8_unicode_ci NOT NULL,
  `amount1` double NOT NULL,
  `amount2` double NOT NULL,
  `amount3` double NOT NULL,
  `amount4` double NOT NULL,
  `amount5` double NOT NULL,
  `amount6` double NOT NULL,
  `date1` date NOT NULL DEFAULT '0000-00-00',
  `date2` date NOT NULL DEFAULT '0000-00-00',
  `date3` date NOT NULL DEFAULT '0000-00-00',
  `combo1` int(11) NOT NULL,
  `combo2` int(11) NOT NULL,
  `combo3` int(11) NOT NULL,
  `combo4` int(11) NOT NULL,
  `combo5` int(11) NOT NULL,
  `combo6` int(11) NOT NULL,
  `combo_so_1` varchar(60) COLLATE utf8_unicode_ci NOT NULL,
  `combo_so_2` varchar(60) COLLATE utf8_unicode_ci NOT NULL,
  `combo_so_3` varchar(60) COLLATE utf8_unicode_ci NOT NULL,
  `combo_so_4` varchar(60) COLLATE utf8_unicode_ci NOT NULL,
  `combo_so_5` varchar(60) COLLATE utf8_unicode_ci NOT NULL,
  `combo_so_6` varchar(60) COLLATE utf8_unicode_ci NOT NULL,
  PRIMARY KEY (`stock_id`)
) ENGINE=InnoDB DEFAULT CHARSET=utf8 COLLATE=utf8_unicode_ci ;

### Data of table `0_stock_master` ###

INSERT INTO `0_stock_master` VALUES
('00001', '2', '1', 'Vinyl Blue', 'Tiles', '12', 'pcs', 'B', '4011', '5011', '1021', '5014', '1023', '0', '0', '550', '525', '0', '0', '0', '0', '0', '0', '', '0', '0', '0000-00-00', '0000-00-00', '', '1', '0', 'pcs', '0', '0', '', '', '', '', '', '', '0', '0', '0', '0', '0', '0', '0000-00-00', '0000-00-00', '0000-00-00', '0', '0', '0', '0', '0', '0', '', '', '', '', '', ''),
('00002', '2', '1', 'Mist Green', 'Stone for Refurbishment', '12', 'pcs', 'B', '4011', '5011', '1021', '5014', '1023', '0', '0', '475', '462.5', '0', '0', '0', '0', '0', '0', '', '0', '0', '0000-00-00', '0000-00-00', '', '1', '0', 'pcs', '0', '0', '', '', '', '', '', '', '0', '0', '0', '0', '0', '0', '0000-00-00', '0000-00-00', '0000-00-00', '0', '0', '0', '0', '0', '0', '', '', '', '', '', ''),
('000021', '2', '1', 'Mist Green', 'Stone for Refurbishment', '12', 'pcs', 'B', '4011', '5011', '1021', '5014', '1023', '0', '0', '0', '0', '0', '0', '0', '0', '0', '0', '', '0', '0', '0000-00-00', '0000-00-00', '', '1', '0', 'pcs', '0', '0', '', '', '', '', '', '', '0', '0', '0', '0', '0', '0', '0000-00-00', '0000-00-00', '0000-00-00', '0', '0', '0', '0', '0', '0', '', '', '', '', '', ''),
('00003', '2', '1', 'Premium White', 'Tiles for Refurbishment', '12', 'pcs', 'B', '4011', '5011', '1021', '5014', '1023', '0', '0', '585', '567.5', '0', '0', '0', '0', '0', '0', '', '0', '0', '0000-00-00', '0000-00-00', '', '1', '0', 'pcs', '0', '0', '', '', '', '', '', '', '0', '0', '0', '0', '0', '0', '0000-00-00', '0000-00-00', '0000-00-00', '0', '0', '0', '0', '0', '0', '', '', '', '', '', ''),
('007', '2', '2', 'Kinley Bottles', 'Mineral Water Bottles', '10', 'pcs', 'B', '4011', '5011', '1021', '5014', '1023', '0', '0', '25', '25', '0', '0', '0', '0', '0', '0', '', '0', '0', '0000-00-00', '0000-00-00', '', '1', '0', 'ltr', '0', '0', '', '', '', '', '', '', '0', '0', '0', '0', '0', '0', '0000-00-00', '0000-00-00', '0000-00-00', '0', '0', '0', '0', '0', '0', '', '', '', '', '', ''),
('1001', '2', '2', 'Test Item', '', '', 'pcs', 'B', '4011', '5011', '1021', '5014', '1023', '0', '0', '400', '43352771.531323', '0', '0', '0', '0', '0', '0', '', '0', '0', '0000-00-00', '0000-00-00', '', '1', '0', '', '0', '0', '', '', '', '4', '5', '6', '0', '0', '0', '0', '0', '0', '2017-09-25', '2017-09-26', '2017-09-27', '0', '0', '0', '0', '0', '0', '', '', '', '', '', ''),
('1223145665478979', '2', '1', 'hareemnadeem', '23', '21231', 'ltr', 'B', '4011', '5011', '1021', '5014', '1023', '0', '0', '0', '0', '0', '0', '0', '1', '1', '1', '', '0', '0', '0000-00-00', '0000-00-00', '', '1', '0', '', '0', '0', '', '', '', '', '', '', '0', '0', '0', '0', '0', '0', '0000-00-00', '0000-00-00', '0000-00-00', '0', '0', '0', '0', '0', '0', '', '', '', '', '', ''),
('123', '2', '1', '123', '123', '', 'ltr', 'B', '4011', '5011', '1021', '5014', '1023', '0', '0', '0', '0', '0', '0', '0', '0', '0', '0', '', '0', '0', '0000-00-00', '0000-00-00', '', '1', '0', '', '0', '0', '6', '7', '8', '', '', '', '1', '23', '3', '4', '5', '0', '0000-00-00', '0000-00-00', '0000-00-00', '4', '1', '1', '1', '1', '5', '', '', '', '', '', ''),
('131321', '2', '1', 'syeda hareem nadeem hussain hashmi', '', '', 'ltr', 'B', '4011', '5011', '1021', '5014', '1023', '0', '0', '0', '0', '0', '0', '0', '1', '1', '1', '', '0', '0', '0000-00-00', '0000-00-00', '', '1', '0', '', '0', '0', '', '', '', '', '', '', '0', '0', '0', '0', '0', '0', '0000-00-00', '0000-00-00', '0000-00-00', '0', '0', '0', '0', '0', '0', '', '', '', '', '', ''),
('2001', '2', '1', 'BOPP PLAIN BST', '', '', 'pcs', 'M', '4011', '5011', '1021', '5014', '1023', '0', '0', '0', '1422.8', '0', '0', '0', '0', '0', '0', '', '0', '0', '0000-00-00', '0000-00-00', '', '1', '0', '', '0', '0', '150', 'wcwewc', '', '', '', '', '0.86', '6.5', '165', '10.5', '3600', '0', '0000-00-00', '0000-00-00', '0000-00-00', '0', '0', '0', '0', '0', '0', '', '', '', '', '', ''),
('2002', '2', '1', 'CITY MANUAL 1.3', '', '', 'pcs', 'B', '4011', '5011', '1021', '5014', '1023', '0', '0', '0', '0', '0', '0', '0', '0', '0', '0', '', '0', '0', '0000-00-00', '0000-00-00', '', '1', '0', '', '0', '0', '', '', '', '', '', '', '0', '0', '0', '0', '0', '0', '0000-00-00', '0000-00-00', '0000-00-00', '0', '0', '0', '0', '0', '0', '', '', '', '', '', ''),
('231321321', '2', '1', 'hareemnadeem', '1312', '12', 'ltr', 'B', '4011', '5011', '1021', '5014', '1023', '0', '0', '0', '0', '0', '0', '0', '1', '1', '1', '', '0', '0', '0000-00-00', '0000-00-00', '', '1', '0', '', '0', '0', '', '', '', '', '', '', '0', '0', '0', '0', '0', '0', '0000-00-00', '0000-00-00', '0000-00-00', '0', '0', '0', '0', '0', '0', '', '', '', '', '', ''),
('234', '2', '1', 'HAREEM', '', '', 'ltr', 'B', '4011', '5011', '1021', '5014', '1023', '0', '0', '0', '0', '0', '0', '0', '0', '0', '0', '', '0', '0', '0000-00-00', '0000-00-00', '', '1', '0', '', '0', '0', '', '', '', '', '', '', '0', '0', '0', '0', '0', '0', '0000-00-00', '0000-00-00', '0000-00-00', '4', '1', '1', '1', '2', '2', '', '', '', '', '', ''),
('3001', '3', '2', 'MODULO', '', '', 'pcs', 'D', '4011', '5011', '1021', '5014', '1023', '0', '0', '300', '426.8', '0', '0', '0', '0', '0', '0', '', '0', '0', '0000-00-00', '0000-00-00', '', '1', '0', 'boxes', '0', '0', '', '', '', '', '', '', '0', '0', '0', '0', '0', '0', '0000-00-00', '0000-00-00', '0000-00-00', '0', '0', '0', '0', '0', '0', '', '', '', '', '', ''),
('64654656', '2', '1', 'hareemnademm', '464', '', 'ltr', 'D', '4011', '5011', '1021', '5014', '1023', '0', '0', '0', '0', '0', '0', '0', '0', '0', '0', '', '0', '0', '0000-00-00', '0000-00-00', '', '1', '0', '', '0', '0', '', '', '', '', '', '', '0', '0', '0', '0', '0', '0', '0000-00-00', '0000-00-00', '0000-00-00', '4', '1', '1', '1', '1', '5', '', '', '', '', '', ''),
('8000', '11', '2', 'Birthday Cards', 'Published by John Lewis (Pvt) Ltd', '100', 'pcs', 'B', '4011', '5011', '1021', '5014', '1023', '0', '0', '25', '49.074074074074', '0', '0', '0', '0', '0', '0', '', '0', '0', '0000-00-00', '0000-00-00', '', '1', '0', 'boxes', '100', '0', '', '', '', '', '', '', '0', '0', '0', '0', '0', '0', '0000-00-00', '0000-00-00', '0000-00-00', '0', '0', '0', '0', '0', '0', '', '', '', '', '', ''),
('8001', '12', '2', 'LED TV', '1080p (Samsung) Made in Germany', '50', 'pcs', 'B', '4011', '5011', '1021', '5014', '1023', '0', '0', '50000', '50000', '0', '0', '0', '0', '0', '0', '', '0', '0', '0000-00-00', '0000-00-00', '', '3', '0', 'boxes', '50', '0', '', '', '', '', '', '', '0', '0', '0', '0', '0', '0', '0000-00-00', '0000-00-00', '0000-00-00', '0', '0', '0', '0', '0', '0', '', '', '', '', '', ''),
('8002', '12', '2', 'Electronic Speaking Dictionary', 'Merriam Webster (Speaking Dictionary) Manufactured in U.S.', '50', 'pcs', 'B', '4011', '5011', '1021', '5014', '1023', '0', '0', '0', '0', '0', '0', '0', '0', '0', '0', '', '0', '0', '0000-00-00', '0000-00-00', '', '4', '1', 'boxes', '50', '0', '', '', '', '', '', '', '0', '0', '0', '0', '0', '0', '0000-00-00', '0000-00-00', '0000-00-00', '0', '0', '0', '0', '0', '0', '', '', '', '', '', ''),
('900', '8', '1', 'Inflatable Beds', 'Made in Chine(Intex)', '12', 'pcs', 'B', '4011', '5011', '1021', '5014', '1023', '0', '0', '6000', '8666.6666666667', '0', '0', '0', '0', '0', '0', '', '0', '0', '0000-00-00', '0000-00-00', '', '3', '0', 'boxes', '12', '0', '', '', '', '', '', '', '0', '0', '0', '0', '0', '0', '0000-00-00', '0000-00-00', '0000-00-00', '0', '0', '0', '0', '0', '0', '', '', '', '', '', ''),
('901', '9', '1', 'HP-Printer', 'Made in China(HP Pvt Ltd)', '12', 'pcs', 'B', '4011', '5011', '1021', '5014', '1023', '0', '0', '8000', '8000', '0', '0', '0', '0', '0', '0', '', '0', '0', '0000-00-00', '0000-00-00', '', '1', '0', 'pcs', '1', '0', '', '', '', '', '', '', '0', '0', '0', '0', '0', '0', '0000-00-00', '0000-00-00', '0000-00-00', '0', '0', '0', '0', '0', '0', '', '', '', '', '', ''),
('902', '9', '1', 'Scanncer(HP)', 'Made in Germany', '12', 'pcs', 'B', '4011', '5011', '1021', '5014', '1023', '0', '0', '3000', '4500', '0', '0', '0', '0', '0', '0', '', '0', '0', '0000-00-00', '0000-00-00', '', '1', '0', 'pcs', '1', '0', '', '', '', '', '', '', '0', '0', '0', '0', '0', '0', '0000-00-00', '0000-00-00', '0000-00-00', '0', '0', '0', '0', '0', '0', '', '', '', '', '', ''),
('904', '10', '1', 'Cordless Phone(Braun)', 'Made in UK', '12', 'pcs', 'B', '4011', '5011', '1021', '5014', '1023', '0', '0', '3750', '3750', '0', '0', '0', '0', '0', '0', '', '0', '0', '0000-00-00', '0000-00-00', '', '3', '0', 'pcs', '1', '0', '', '', '', '', '', '', '0', '0', '0', '0', '0', '0', '0000-00-00', '0000-00-00', '0000-00-00', '0', '0', '0', '0', '0', '0', '', '', '', '', '', ''),
('BOPP1', '2', '1', 'BOPP1', '', '', 'pcs', 'B', '4011', '5011', '1021', '5014', '1023', '0', '0', '0', '0', '0', '0', '0', '0', '0', '0', '', '0', '0', '0000-00-00', '0000-00-00', '', '1', '0', '', '0', '0', '', '', '', '', '', '', '0', '0', '0', '0', '0', '0', '0000-00-00', '0000-00-00', '0000-00-00', '0', '0', '0', '0', '0', '0', '', '', '', '', '', ''),
('C_TITANIUM', '6', '1', 'C_TITANIUM', '', '', 'pcs', 'D', '4011', '5011', '1021', '5014', '1023', '0', '0', '200', '0', '0', '0', '0', '0', '0', '0', '', '0', '0', '0000-00-00', '0000-00-00', '', '1', '0', 'pcs', '0', '0', '', '', '', '', '', '', '0', '0', '0', '0', '0', '0', '0000-00-00', '0000-00-00', '0000-00-00', '0', '0', '0', '0', '0', '0', '', '', '', '', '', ''),
('CITYMT1.3MU', '3', '1', 'CITYMT1.3-MUF', 'CITYMT1.3\r\nMODULO\r\nUTILITY', '', 'pcs', 'D', '4011', '5011', '1021', '5014', '1023', '0', '0', '0', '0', '0', '0', '0', '0', '0', '0', '', '0', '0', '0000-00-00', '0000-00-00', '', '1', '0', 'pcs', '0', '0', '', '', '', '', '', '', '0', '0', '0', '0', '0', '0', '0000-00-00', '0000-00-00', '0000-00-00', '0', '0', '0', '0', '0', '0', '', '', '', '', '', ''),
('CITYMT1.3UF', '7', '1', 'CITYMT1.3UF', 'CITY MT 1.3 \r\nFILER\r\nUTILITY PACKAGE\r\n', '', 'boxes', 'D', '4011', '5011', '1021', '5014', '1023', '0', '0', '1567000', '0', '0', '0', '0', '0', '0', '0', '', '0', '0', '0000-00-00', '0000-00-00', '', '1', '0', 'pcs', '0', '0', '', '', '', '', '', '', '0', '0', '0', '0', '0', '0', '0000-00-00', '0000-00-00', '0000-00-00', '0', '0', '0', '0', '0', '0', '', '', '', '', '', ''),
('CITYMT1.3UNF', '7', '1', 'CITYMT1.3UNF', 'CITY MT 1.3\r\nUTILITY PACKAGE\r\nNON FILER', '', 'pcs', 'D', '4011', '5011', '1021', '5014', '1023', '0', '0', '0', '0', '0', '0', '0', '0', '0', '0', '', '0', '0', '0000-00-00', '0000-00-00', '', '1', '0', 'pcs', '0', '0', '', '', '', '', '', '', '0', '0', '0', '0', '0', '0', '0000-00-00', '0000-00-00', '0000-00-00', '0', '0', '0', '0', '0', '0', '', '', '', '', '', ''),
('CIVICOUMF', '7', '1', 'CIVIC O-U-M-F', 'CIVIC ORIEL 1.8\r\nUTILITY\r\nMODULO\r\nFILER', '', 'pcs', 'D', '4011', '5011', '1021', '5014', '1023', '0', '0', '2722000', '0', '0', '0', '0', '0', '0', '0', '', '0', '0', '0000-00-00', '0000-00-00', '', '1', '0', 'pcs', '0', '0', '', '', '', '', '', '', '0', '0', '0', '0', '0', '0', '0000-00-00', '0000-00-00', '0000-00-00', '0', '0', '0', '0', '0', '0', '', '', '', '', '', ''),
('mo4', '2', '1', 'Havoline Motor Oil 20W50 ', '', '1', 'pcs', 'B', '4011', '5011', '1021', '5014', '1023', '0', '0', '0', '0', '0', '0', '0', '0', '0', '1', '', '0', '0', '0000-00-00', '0000-00-00', '', '1', '0', 'boxes', '4', '0', '', '', '', '', '', '', '0', '0', '0', '0', '0', '0', '0000-00-00', '0000-00-00', '0000-00-00', '0', '0', '0', '0', '0', '0', '', '', '', '', '', ''),
('OB', '2', '1', 'Opening Balance Equity', '', '', 'boxes', 'D', '3012', '3012', '1021', '5014', '1023', '0', '0', '0', '0', '0', '0', '0', '0', '0', '0', '', '0', '0', '0000-00-00', '0000-00-00', '', '1', '0', '', '0', '0', '', '', '', '', '', '', '0', '0', '0', '0', '0', '0', '0000-00-00', '0000-00-00', '0000-00-00', '0', '0', '0', '0', '0', '0', '', '', '', '', '', ''),
('WHITE', '6', '1', 'WHITE', 'WHITE', '', 'pcs', 'D', '4011', '5011', '1021', '5014', '1023', '0', '0', '0', '0', '0', '0', '0', '0', '0', '0', '', '0', '0', '0000-00-00', '0000-00-00', '', '1', '0', 'pcs', '0', '0', '', '', '', '', '', '', '0', '0', '0', '0', '0', '0', '0000-00-00', '0000-00-00', '0000-00-00', '0', '0', '0', '0', '0', '0', '', '', '', '', '', '');

### Structure of table `0_stock_moves` ###

DROP TABLE IF EXISTS `0_stock_moves`;

CREATE TABLE `0_stock_moves` (
  `trans_id` int(11) NOT NULL AUTO_INCREMENT,
  `trans_no` int(11) NOT NULL DEFAULT '0',
  `stock_id` char(20) COLLATE utf8_unicode_ci NOT NULL DEFAULT '',
  `type` smallint(6) NOT NULL DEFAULT '0',
  `loc_code` char(5) COLLATE utf8_unicode_ci NOT NULL DEFAULT '',
  `tran_date` date NOT NULL DEFAULT '0000-00-00',
  `person_id` int(11) NOT NULL,
  `price` double NOT NULL DEFAULT '0',
  `reference` char(40) COLLATE utf8_unicode_ci NOT NULL DEFAULT '',
  `qty` double NOT NULL DEFAULT '1',
  `standard_cost` double NOT NULL DEFAULT '0',
  `discount_percent` double NOT NULL,
  `units_id` varchar(50) COLLATE utf8_unicode_ci NOT NULL,
  `con_factor` double NOT NULL,
  `batch` varchar(50) COLLATE utf8_unicode_ci NOT NULL,
  `text1` varchar(55) COLLATE utf8_unicode_ci NOT NULL,
  `text2` varchar(55) COLLATE utf8_unicode_ci NOT NULL,
  `text3` varchar(55) COLLATE utf8_unicode_ci NOT NULL,
  `text4` varchar(55) COLLATE utf8_unicode_ci NOT NULL,
  `text5` varchar(55) COLLATE utf8_unicode_ci NOT NULL,
  `text6` varchar(55) COLLATE utf8_unicode_ci NOT NULL,
  `amount1` double NOT NULL,
  `amount2` double NOT NULL,
  `amount3` double NOT NULL,
  `amount4` double NOT NULL,
  `amount5` double NOT NULL,
  `amount6` double NOT NULL,
  `date1` date NOT NULL DEFAULT '0000-00-00',
  `date2` date NOT NULL DEFAULT '0000-00-00',
  `date3` date NOT NULL DEFAULT '0000-00-00',
  `combo1` int(11) NOT NULL,
  `combo2` int(11) NOT NULL,
  `combo3` int(11) NOT NULL,
  `combo4` int(11) NOT NULL,
  `combo5` int(11) NOT NULL,
  `combo6` int(11) NOT NULL,
  `opening` tinyint(1) NOT NULL,
  PRIMARY KEY (`trans_id`),
  KEY `type` (`type`,`trans_no`),
  KEY `Move` (`stock_id`,`loc_code`,`tran_date`)
) ENGINE=InnoDB AUTO_INCREMENT=158 DEFAULT CHARSET=utf8 COLLATE=utf8_unicode_ci ;

### Data of table `0_stock_moves` ###

INSERT INTO `0_stock_moves` VALUES
('1', '1', '1001', '25', 'DEF', '2017-09-13', '1', '1000', '', '10', '43465030.5', '0', '', '0', '', '', '', '', '', '', '', '0', '0', '0', '0', '0', '0', '0000-00-00', '0000-00-00', '0000-00-00', '0', '0', '0', '0', '0', '0', '0'),
('3', '1', '1001', '13', 'DEF', '2017-09-13', '0', '100', 'DN001/09/2017', '-10', '43465019.5', '0', '', '0', '', '', '', '', '', '', '', '0', '0', '0', '0', '0', '0', '0000-00-00', '0000-00-00', '0000-00-00', '0', '0', '0', '0', '0', '0', '0'),
('5', '1', '1001', '17', 'DEF', '2017-09-13', '0', '0', 'IA001/09/2017', '15000', '43463607.6', '0', '', '0', '', '', '', '', '', '', '', '0', '0', '0', '0', '0', '0', '0000-00-00', '0000-00-00', '0000-00-00', '0', '0', '0', '0', '0', '0', '0'),
('6', '2', '1001', '13', 'DEF', '2017-09-13', '0', '100', 'DN002/09/2017', '-10', '43463607.6', '0', '', '0', '', '', '', '', '', '', '', '0', '0', '0', '0', '0', '0', '0000-00-00', '0000-00-00', '0000-00-00', '0', '0', '0', '0', '0', '0', '0'),
('7', '3', '1001', '13', 'DEF', '2017-09-13', '0', '11760', 'DN003/09/2017', '-5', '43463607.6', '0', '', '0', '', '', '', '', '', '', '', '0', '0', '0', '0', '0', '0', '0000-00-00', '0000-00-00', '0000-00-00', '0', '0', '0', '0', '0', '0', '0'),
('8', '4', '1001', '13', 'DEF', '2017-09-14', '0', '10000', 'DN004/09/2017', '-1', '43463607.6', '0', '', '0', '', '', '', '', '', '', '', '0', '0', '0', '0', '0', '0', '0000-00-00', '0000-00-00', '0000-00-00', '0', '0', '0', '0', '0', '0', '0'),
('9', '5', '1001', '13', 'DEF', '2017-09-14', '0', '5000', 'DN005/09/2017', '-1', '43463607.6', '0', '', '0', '', '', '', '', '', '', '', '0', '0', '0', '0', '0', '0', '0000-00-00', '0000-00-00', '0000-00-00', '0', '0', '0', '0', '0', '0', '0'),
('10', '4', '1001', '25', 'DEF', '2017-09-15', '1', '12000', '', '10', '43463614.936757155', '0', '', '0', '', '', '', '', '', '', '', '0', '0', '0', '0', '0', '0', '0000-00-00', '0000-00-00', '0000-00-00', '0', '0', '0', '0', '0', '0', '0'),
('11', '5', '1001', '25', 'DEF', '2017-09-15', '1', '1000', '', '1', '43463614.936267845', '0', '', '0', '', '', '', '', '', '', '', '0', '0', '0', '0', '0', '0', '0000-00-00', '0000-00-00', '0000-00-00', '0', '0', '0', '0', '0', '0', '0'),
('12', '6', '1001', '25', 'DEF', '2017-09-17', '1', '1000', '', '1', '43367229.361147', '0', '', '0', '', '', '', '', '', '', '', '0', '0', '0', '0', '0', '0', '0000-00-00', '0000-00-00', '0000-00-00', '0', '0', '0', '0', '0', '0', '0'),
('13', '6', '1001', '25', 'DEF', '2017-09-17', '1', '1000', '', '1', '43364337.508029', '0', '', '0', '', '', '', '', '', '', '', '0', '0', '0', '0', '0', '0', '0000-00-00', '0000-00-00', '0000-00-00', '0', '0', '0', '0', '0', '0', '0'),
('14', '7', '1001', '25', 'DEF', '2017-09-17', '1', '1000', '', '1', '43361446.040568', '0', '', '0', '', '', '', '', '', '', '', '0', '0', '0', '0', '0', '0', '0000-00-00', '0000-00-00', '0000-00-00', '0', '0', '0', '0', '0', '0', '0'),
('15', '8', '1001', '25', 'DEF', '2017-09-17', '1', '1000', '', '1', '43358554.958688', '0', '', '0', '', '', '', '', '', '', '', '0', '0', '0', '0', '0', '0', '0000-00-00', '0000-00-00', '0000-00-00', '0', '0', '0', '0', '0', '0', '0'),
('16', '1', '1001', '29', 'DEF', '2017-09-18', '0', '0', '', '-1', '43358554.958688', '0', '', '0', '', '', '', '', '', '', '', '0', '0', '0', '0', '0', '0', '0000-00-00', '0000-00-00', '0000-00-00', '0', '0', '0', '0', '0', '0', '0'),
('17', '1', '2001', '26', 'DEF', '2017-09-18', '0', '0', 'WOP001/09/2017', '1', '43358554.958688', '0', '', '0', '', '', '', '', '', '', '', '0', '0', '0', '0', '0', '0', '0000-00-00', '0000-00-00', '0000-00-00', '0', '0', '0', '0', '0', '0', '0'),
('19', '6', '1001', '13', 'DEF', '2017-09-22', '0', '100000', 'DN006/09/2017', '-1', '43358554.958688', '0', '', '0', '', '', '', '', '', '', '', '0', '0', '0', '0', '0', '0', '0000-00-00', '0000-00-00', '0000-00-00', '0', '0', '0', '0', '0', '0', '0'),
('20', '7', '1001', '13', 'DEF', '2017-09-22', '0', '12000', 'DN007/09/2017', '-1', '43358554.958688', '0', '', '0', '', '', '', '', '', '', '', '0', '0', '0', '0', '0', '0', '0000-00-00', '0000-00-00', '0000-00-00', '0', '0', '0', '0', '0', '0', '0'),
('21', '8', '1001', '13', 'DEF', '2017-09-22', '0', '12000', 'auto', '-1', '43358554.958688', '0', '', '0', '', '', '', '', '', '', '', '0', '0', '0', '0', '0', '0', '0000-00-00', '0000-00-00', '0000-00-00', '0', '0', '0', '0', '0', '0', '0'),
('22', '9', '1001', '13', 'DEF', '2017-09-22', '0', '0', 'DN008/09/2017', '-1', '43358554.958688', '0', '', '0', '', '', '', '', '', '', '', '0', '0', '0', '0', '0', '0', '0000-00-00', '0000-00-00', '0000-00-00', '0', '0', '0', '0', '0', '0', '0'),
('23', '10', '2002', '13', 'DEF', '2017-09-23', '0', '1537000', 'DN009/09/2017', '-1', '0', '0', '', '0', '', '', '', '', '', '', '', '0', '0', '0', '0', '0', '0', '0000-00-00', '0000-00-00', '0000-00-00', '0', '0', '0', '0', '0', '0', '0'),
('24', '10', '3001', '13', 'DEF', '2017-09-23', '0', '49800', 'DN009/09/2017', '-1', '0', '0', '', '0', '', '', '', '', '', '', '', '0', '0', '0', '0', '0', '0', '0000-00-00', '0000-00-00', '0000-00-00', '0', '0', '0', '0', '0', '0', '0'),
('25', '11', '2002', '13', 'DEF', '2017-09-23', '0', '1537000', 'auto', '-1', '0', '0', '', '0', '', '', '', '', '', '', '', '0', '0', '0', '0', '0', '0', '0000-00-00', '0000-00-00', '0000-00-00', '0', '0', '0', '0', '0', '0', '0'),
('26', '12', '3001', '13', 'DEF', '2017-09-24', '0', '49800', 'DN010/09/2017', '-1', '0', '0', '', '0', '', '', '', '', '', '', '', '0', '0', '0', '0', '0', '0', '0000-00-00', '0000-00-00', '0000-00-00', '0', '0', '0', '0', '0', '0', '0'),
('27', '13', '3001', '13', 'DEF', '2017-09-24', '0', '49800', 'auto', '-1', '0', '0', '', '0', '', '', '', '', '', '', '', '0', '0', '0', '0', '0', '0', '0000-00-00', '0000-00-00', '0000-00-00', '0', '0', '0', '0', '0', '0', '0'),
('28', '14', '3001', '13', 'DEF', '2017-09-25', '0', '49800', 'DN011/09/2017', '-1', '0', '0', '', '0', '', '', '', '', '', '', '', '0', '0', '0', '0', '0', '0', '0000-00-00', '0000-00-00', '0000-00-00', '0', '0', '0', '0', '0', '0', '0'),
('29', '15', '3001', '13', 'DEF', '2017-09-25', '0', '49800', 'auto', '-1', '0', '0', '', '0', '', '', '', '', '', '', '', '0', '0', '0', '0', '0', '0', '0000-00-00', '0000-00-00', '0000-00-00', '0', '0', '0', '0', '0', '0', '0'),
('30', '16', '3001', '13', 'DEF', '2017-09-25', '0', '49800', 'auto', '-1', '0', '0', '', '0', '', '', '', '', '', '', '', '0', '0', '0', '0', '0', '0', '0000-00-00', '0000-00-00', '0000-00-00', '0', '0', '0', '0', '0', '0', '0'),
('31', '17', '3001', '13', 'DEF', '2017-09-25', '0', '49800', 'auto', '-1', '0', '0', '', '0', '', '', '', '', '', '', '', '0', '0', '0', '0', '0', '0', '0000-00-00', '0000-00-00', '0000-00-00', '0', '0', '0', '0', '0', '0', '0'),
('32', '18', '3001', '13', 'DEF', '2017-09-25', '0', '49800', 'auto', '-1', '0', '0', '', '0', '', '', '', '', '', '', '', '0', '0', '0', '0', '0', '0', '0000-00-00', '0000-00-00', '0000-00-00', '0', '0', '0', '0', '0', '0', '0'),
('33', '19', '3001', '13', 'DEF', '2017-09-25', '0', '49800', 'auto', '-1', '0', '0', '', '0', '', '', '', '', '', '', '', '0', '0', '0', '0', '0', '0', '0000-00-00', '0000-00-00', '0000-00-00', '0', '0', '0', '0', '0', '0', '0'),
('34', '20', '3001', '13', 'DEF', '2017-09-25', '0', '49800', 'DN012/09/2017', '-1', '0', '0', '', '0', '', '11', '22', '33', '44', '55', '66', '77', '88', '99', '111', '1', '11', '2017-09-25', '2017-09-25', '2017-09-25', '1', '1', '1', '0', '0', '0', '0'),
('35', '21', '2001', '13', 'DEF', '2017-09-25', '0', '1000', 'auto', '-1', '21679277.479344', '0', '', '0', '', '36000', '10MIC', '', '', '', '', '0', '0', '0', '0', '0', '0', '0000-00-00', '0000-00-00', '0000-00-00', '0', '0', '0', '0', '0', '0', '0'),
('36', '22', '1001', '13', 'DEF', '2017-09-26', '0', '100000', 'DN013/09/2017', '-1', '43358554.958688', '0', '', '0', '', '1', '', '', '', '', '', '11', '22', '33', '44', '55', '0', '0000-00-00', '0000-00-00', '0000-00-00', '0', '0', '0', '0', '0', '0', '0'),
('37', '23', '3001', '13', 'DEF', '2017-09-26', '0', '49800', 'auto', '-1', '0', '0', '', '0', '', '', '', '', '', '', '', '0', '0', '0', '0', '0', '0', '0000-00-00', '0000-00-00', '0000-00-00', '0', '0', '0', '0', '0', '0', '0'),
('38', '24', '2001', '13', 'DEF', '2017-09-26', '0', '10000', 'auto', '-10', '21679277.479344', '0', '', '0', '', 'No', '', '', '', '', '', '0.86', '6.5', '165', '10.5', '3', '0', '0000-00-00', '0000-00-00', '0000-00-00', '0', '0', '0', '0', '0', '0', '0'),
('39', '25', '2001', '13', 'DEF', '2017-09-26', '0', '1000', 'DN014/09/2017', '-10', '21679277.479344', '0', '', '0', '', 'No', '', '', '', '', '', '0.86', '6.5', '165', '10.5', '3', '0', '0000-00-00', '0000-00-00', '0000-00-00', '0', '0', '0', '0', '0', '0', '0'),
('40', '9', '1001', '25', 'DEF', '2017-09-26', '1', '0', '', '1', '43355663.038795', '0', '', '0', '', '', '', '', '', '', '', '0', '0', '0', '0', '0', '0', '0000-00-00', '0000-00-00', '0000-00-00', '0', '0', '0', '0', '0', '0', '0'),
('41', '27', '3001', '13', 'DEF', '2017-09-28', '0', '49800', 'DN015/09/2017', '-1', '0', '0', '', '0', '', '', '', '', '', '', '', '0', '0', '0', '0', '0', '0', '0000-00-00', '0000-00-00', '0000-00-00', '0', '0', '0', '0', '0', '0', '0'),
('42', '28', '3001', '13', 'DEF', '2017-09-28', '0', '49800', 'DN016/09/2017', '-1', '0', '0', '', '0', '', '', '', '', '', '', '', '0', '0', '0', '0', '0', '0', '0000-00-00', '0000-00-00', '0000-00-00', '0', '0', '0', '0', '0', '0', '0'),
('43', '10', '3001', '25', 'DEF', '2017-09-28', '2', '300', '', '1', '0', '0', '', '0', '', '', '', '', '', '', '', '0', '0', '0', '0', '0', '0', '0000-00-00', '0000-00-00', '0000-00-00', '0', '0', '0', '0', '0', '0', '0'),
('44', '11', '1001', '25', 'DEF', '2017-09-28', '2', '400', '', '1', '43352771.531323', '0', '', '0', '', '', '', '', '', '', '', '0', '0', '0', '0', '0', '0', '0000-00-00', '0000-00-00', '0000-00-00', '0', '0', '0', '0', '0', '0', '0'),
('45', '29', '3001', '13', 'DEF', '2017-09-29', '0', '49800', 'auto', '-1', '0', '0', '', '0', '', '', '', '', '', '', '', '444', '5', '0', '0', '0', '0', '0000-00-00', '0000-00-00', '0000-00-00', '0', '0', '0', '0', '0', '0', '0'),
('46', '30', '3001', '13', 'DEF', '2017-09-29', '0', '49800', 'DN017/09/2017', '-111', '0', '0', '', '0', '', '1111', '', '', '', '', '', '111', '222', '0', '0', '0', '0', '0000-00-00', '0000-00-00', '0000-00-00', '0', '0', '0', '0', '0', '0', '0'),
('47', '31', '3001', '13', 'DEF', '2017-09-29', '0', '49800', 'DN018/09/2017', '-100', '0', '0', '', '0', '', '', '', '', '', '', '', '88', '66', '0', '0', '0', '0', '0000-00-00', '0000-00-00', '0000-00-00', '0', '0', '0', '0', '0', '0', '0'),
('48', '32', '3001', '13', 'DEF', '2017-09-29', '0', '49800', 'DN019/09/2017', '-55', '0', '0', '', '0', '', '', '', '', '', '', '', '111', '222', '0', '0', '0', '0', '0000-00-00', '0000-00-00', '0000-00-00', '0', '0', '0', '0', '0', '0', '0'),
('49', '33', '3001', '13', 'DEF', '2017-09-29', '0', '49800', 'DN020/09/2017', '-343', '0', '0', '', '0', '', '', '', '', '', '', '', '444', '333', '0', '0', '0', '0', '0000-00-00', '0000-00-00', '0000-00-00', '0', '0', '0', '0', '0', '0', '0'),
('50', '34', '1001', '13', 'DEF', '2017-09-29', '0', '0', 'DN021/09/2017', '-333', '43352771.531323', '0', '', '0', '', '', '', '', '', '', '', '11', '22', '0', '0', '0', '0', '0000-00-00', '0000-00-00', '0000-00-00', '0', '0', '0', '0', '0', '0', '0'),
('51', '35', '3001', '13', 'DEF', '2017-09-29', '0', '49800', 'DN022/09/2017', '-555', '0', '0', '', '0', '', '', '', '', '', '', '', '70100', '60100', '0', '0', '0', '0', '0000-00-00', '0000-00-00', '0000-00-00', '0', '0', '0', '0', '0', '0', '0'),
('52', '12', '3001', '25', 'DEF', '2017-09-29', '2', '300', '', '1', '0', '0', '', '0', '', '', '', '', '', '', '', '0', '0', '0', '0', '0', '0', '0000-00-00', '0000-00-00', '0000-00-00', '0', '0', '0', '0', '0', '0', '0'),
('53', '13', '3001', '25', 'DEF', '2017-09-29', '2', '300', '', '100', '0', '0', '', '0', '', '', '', '', '', '', '', '0', '0', '0', '0', '0', '0', '0000-00-00', '0000-00-00', '0000-00-00', '0', '0', '0', '0', '0', '0', '0'),
('54', '14', '3001', '25', 'DEF', '2017-09-29', '2', '300', '', '100', '0', '0', '', '0', '', '', '', '', '', '', '', '0', '0', '0', '0', '0', '0', '0000-00-00', '0000-00-00', '0000-00-00', '0', '0', '0', '0', '0', '0', '0'),
('55', '15', '3001', '25', 'DEF', '2017-09-30', '2', '300', '', '1', '0', '0', '', '0', '', '', '', '', '', '', '', '0', '0', '0', '0', '0', '0', '0000-00-00', '0000-00-00', '0000-00-00', '0', '0', '0', '0', '0', '0', '0'),
('56', '1', '3001', '21', 'DEF', '2017-09-30', '0', '300', '', '-1', '0', '0', '', '0', '', '', '', '', '', '', '', '0', '0', '0', '0', '0', '0', '0000-00-00', '0000-00-00', '0000-00-00', '0', '0', '0', '0', '0', '0', '0'),
('57', '1', '3001', '11', 'DEF', '2017-09-30', '0', '40786.2', 'Return', '1', '0', '0', '', '0', '', '', '', '', '', '', '', '0', '0', '0', '0', '0', '0', '0000-00-00', '0000-00-00', '0000-00-00', '0', '0', '0', '0', '0', '0', '0'),
('58', '2', '3001', '11', 'DEF', '2017-09-30', '0', '40786.2', 'Return', '3', '0', '0', '', '0', '', '', '', '', '', '', '', '0', '0', '0', '0', '0', '0', '0000-00-00', '0000-00-00', '0000-00-00', '0', '0', '0', '0', '0', '0', '0'),
('59', '3', '3001', '11', 'DEF', '2017-09-30', '0', '40786.2', 'Return', '2', '0', '0', '', '0', '', '', '', '', '', '', '', '0', '0', '0', '0', '0', '0', '0000-00-00', '0000-00-00', '0000-00-00', '0', '0', '0', '0', '0', '0', '0'),
('60', '36', '3001', '13', 'DEF', '2017-09-30', '0', '49800', 'DN023/09/2017', '-10', '0', '0', '', '0', '', '11', '22', '333', '444', '555', '666', '111', '222', '333', '444', '555', '4', '2017-09-25', '2017-09-26', '2017-09-27', '1', '1', '1', '1', '1', '1', '0'),
('61', '2', '1001', '17', 'DEF', '2017-09-30', '0', '0', 'IA002/09/2017', '100', '43352771.531323', '0', '', '0', '', '', '', '', '', '', '', '0', '0', '0', '0', '0', '0', '0000-00-00', '0000-00-00', '0000-00-00', '0', '0', '0', '0', '0', '0', '0'),
('62', '3', '1001', '17', 'DEF', '2017-09-30', '0', '0', 'IA003/09/2017', '100', '43352771.531323', '0', '', '0', '', '11', '22', '33', '44', '55', '66', '77', '88', '99', '11', '22', '33', '2017-09-10', '2017-09-20', '2017-09-30', '1', '1', '1', '1', '1', '1', '0'),
('63', '1', '1001', '16', 'DEF', '2017-09-30', '0', '0', 'LT001/09/2017', '-100', '0', '11', '', '0', '', '22', '44', '55', '66', '77', '88', '99', '11', '22', '33', '44', '30', '2017-09-30', '2017-09-30', '0020-00-00', '0', '0', '0', '0', '0', '0', '0'),
('64', '1', '1001', '16', 'KHI', '2017-09-30', '0', '0', 'LT001/09/2017', '100', '0', '11', '', '0', '', '22', '44', '55', '66', '77', '88', '99', '11', '22', '33', '44', '30', '2017-09-30', '2017-09-30', '0020-00-00', '0', '0', '0', '0', '0', '0', '0'),
('65', '2', '1001', '16', 'DEF', '2017-09-30', '0', '0', 'LT002/09/2017', '-10', '0', '0', '', '0', '', '11', '22', '33', '44', '55', '66', '77', '77', '88', '99', '11', '1', '2017-09-02', '2017-09-30', '2017-09-30', '1', '1', '1', '1', '1', '1', '0'),
('66', '2', '1001', '16', 'KHI', '2017-09-30', '0', '0', 'LT002/09/2017', '10', '0', '0', '', '0', '', '11', '22', '33', '44', '55', '66', '77', '77', '88', '99', '11', '1', '2017-09-02', '2017-09-30', '2017-09-30', '1', '1', '1', '1', '1', '1', '0'),
('67', '37', '3001', '13', 'DEF', '2017-09-30', '0', '49800', 'auto', '-10', '0', '0', '', '0', '', '11', '22', '33', '44', '55', '66', '111', '222', '333', '444', '555', '777', '0000-00-00', '0000-00-00', '0000-00-00', '0', '0', '0', '0', '0', '0', '0'),
('68', '4', '3001', '11', 'DEF', '2017-09-30', '0', '40786.2', 'Return', '10', '0', '0', '', '0', '', '99', '88', '77', '66', '55', '44', '33', '22', '11', '22', '33', '44', '2017-09-30', '2017-09-30', '2017-09-30', '0', '0', '0', '0', '0', '0', '0'),
('69', '16', '3001', '25', 'DEF', '2017-09-30', '2', '300', '', '100', '0', '0', '', '0', '', '66', '55', '44', '332', '22', '11', '22', '33', '44', '55', '66', '77', '2017-09-30', '2017-09-30', '2017-09-30', '1', '1', '1', '1', '1', '1', '0'),
('70', '2', '3001', '21', 'DEF', '2017-09-30', '0', '300', '', '-100', '0', '0', '', '0', '', '', '', '', '', '', '', '0', '0', '0', '0', '0', '0', '0000-00-00', '0000-00-00', '0000-00-00', '0', '0', '0', '0', '0', '0', '0'),
('71', '3', '3001', '21', 'DEF', '2017-09-30', '0', '300', '', '-100', '0', '0', '', '0', '', '', '', '', '', '', '', '0', '0', '0', '0', '0', '0', '0000-00-00', '0000-00-00', '0000-00-00', '0', '0', '0', '0', '0', '0', '0'),
('72', '4', '3001', '21', 'DEF', '2017-09-30', '0', '300', '', '-100', '0', '0', '', '0', '', '1', '23', '45455', '65', '6', '66', '78', '7', '98', '7', '3', '33', '2017-09-30', '2017-09-30', '2017-09-30', '1', '0', '1', '0', '1', '0', '0'),
('73', '39', '3001', '13', 'DEF', '2017-10-02', '0', '49800', 'DN001/10/2017', '-10', '0', '0', '', '0', '', '', '', '', '', '', '', '0', '0', '0', '0', '0', '0', '0000-00-00', '0000-00-00', '0000-00-00', '0', '0', '0', '0', '0', '0', '0'),
('74', '39', '64654656', '13', 'DEF', '2017-10-02', '0', '1000', 'DN001/10/2017', '-20', '0', '0', '', '0', '', '', '', '', '', '', '', '0', '0', '0', '0', '0', '0', '0000-00-00', '0000-00-00', '0000-00-00', '0', '0', '0', '0', '0', '0', '0'),
('76', '18', '3001', '25', 'DEF', '2017-10-02', '2', '300', '', '1', '0', '0', '', '0', '', '', '', '', '', '', '', '0', '0', '0', '0', '0', '0', '0000-00-00', '0000-00-00', '0000-00-00', '0', '0', '0', '0', '0', '0', '0'),
('77', '19', '3001', '25', 'DEF', '2017-10-02', '2', '300', '', '1', '0', '0', '', '0', '', '', '', '', '', '', '', '0', '0', '0', '0', '0', '0', '0000-00-00', '0000-00-00', '0000-00-00', '0', '0', '0', '0', '0', '0', '0'),
('78', '2', '1001', '29', 'DEF', '2017-10-03', '0', '0', '', '-1', '43352771.531323', '0', '', '0', '', '', '', '', '', '', '', '0', '0', '0', '0', '0', '0', '0000-00-00', '0000-00-00', '0000-00-00', '0', '0', '0', '0', '0', '0', '0'),
('79', '2', '2001', '26', 'DEF', '2017-10-03', '0', '0', 'WOP001/10/2017', '1', '43352773.531323', '0', '', '0', '', '', '', '', '', '', '', '0', '0', '0', '0', '0', '0', '0000-00-00', '0000-00-00', '0000-00-00', '0', '0', '0', '0', '0', '0', '0'),
('80', '42', '3001', '13', 'DEF', '2017-10-03', '0', '49800', 'auto', '-45', '0', '0', '', '0', '', '', '', '', '', '', '', '0', '0', '0', '0', '0', '0', '0000-00-00', '0000-00-00', '0000-00-00', '0', '0', '0', '0', '0', '0', '0'),
('83', '43', '3001', '13', 'DEF', '2017-10-04', '0', '49800', 'auto', '-10', '0', '0', 'ltr', '3', '', '', '', '', '', '', '', '0', '0', '0', '0', '0', '0', '0000-00-00', '0000-00-00', '0000-00-00', '0', '0', '0', '0', '0', '0', '0'),
('84', '44', '3001', '13', 'DEF', '2017-10-04', '0', '49800', 'DN002/10/2017', '-10', '0', '0', '', '0', '', '', '', '', '', '', '', '0', '0', '0', '0', '0', '0', '0000-00-00', '0000-00-00', '0000-00-00', '0', '0', '0', '0', '0', '0', '0'),
('85', '45', '3001', '13', 'DEF', '2017-10-04', '0', '49800', 'DN003/10/2017', '-11', '0', '0', 'ltr', '6', '', '', '', '', '', '', '', '0', '0', '0', '0', '0', '0', '0000-00-00', '0000-00-00', '0000-00-00', '0', '0', '0', '0', '0', '0', '0'),
('86', '46', '3001', '13', 'DEF', '2017-10-04', '0', '49800', 'auto', '-13', '0', '0', 'ltr', '7', '', '', '', '', '', '', '', '0', '0', '0', '0', '0', '0', '0000-00-00', '0000-00-00', '0000-00-00', '0', '0', '0', '0', '0', '0', '0'),
('87', '47', '3001', '13', 'DEF', '2017-10-04', '0', '49800', 'auto', '-18', '0', '0', 'pcs', '9', '', '', '', '', '', '', '', '0', '0', '0', '0', '0', '0', '0000-00-00', '0000-00-00', '0000-00-00', '0', '0', '0', '0', '0', '0', '0'),
('88', '48', 'BOPP1', '13', 'DEF', '2017-10-04', '0', '900', 'auto', '-3', '0', '0', 'boxes', '3', '', '', '', '', '', '', '', '0', '0', '0', '0', '0', '0', '0000-00-00', '0000-00-00', '0000-00-00', '0', '0', '0', '0', '0', '0', '0'),
('89', '49', 'BOPP1', '13', 'DEF', '2017-10-04', '0', '300', 'auto', '-1', '0', '0', 'pcs', '3', '', '', '', '', '', '', '', '0', '0', '0', '0', '0', '0', '0000-00-00', '0000-00-00', '0000-00-00', '0', '0', '0', '0', '0', '0', '0'),
('90', '50', '3001', '13', 'DEF', '2017-10-05', '0', '47310', 'DN004/10/2017', '-10', '0', '0', '', '0', '', '', '', '', '', '', '', '0', '0', '0', '0', '0', '0', '0000-00-00', '0000-00-00', '0000-00-00', '0', '0', '0', '0', '0', '0', '0'),
('91', '51', 'OB', '13', 'DEF', '2017-10-05', '0', '1000', 'auto', '-10', '0', '0', '', '0', '', '', '', '', '', '', '', '0', '0', '0', '0', '0', '0', '0000-00-00', '0000-00-00', '0000-00-00', '0', '0', '0', '0', '0', '0', '0'),
('92', '20', '2001', '25', 'DEF', '2017-10-05', '2', '1000', '', '5', '1000', '0', '', '0', '', '', '', '', '', '', '', '0', '0', '0', '0', '0', '0', '0000-00-00', '0000-00-00', '0000-00-00', '0', '0', '0', '0', '0', '0', '0'),
('93', '21', '3001', '25', 'DEF', '2017-10-05', '2', '300', '', '5', '0', '0', '', '0', '', '', '', '', '', '', '', '0', '0', '0', '0', '0', '0', '0000-00-00', '0000-00-00', '0000-00-00', '0', '0', '0', '0', '0', '0', '0'),
('94', '52', '3001', '13', 'DEF', '2017-10-05', '0', '49800', 'DN005/10/2017', '-5', '426.8', '0', '', '0', '', '', '', '', '', '', '', '0', '0', '0', '0', '0', '0', '0000-00-00', '0000-00-00', '0000-00-00', '0', '0', '0', '0', '0', '0', '0'),
('95', '53', '123', '13', 'DEF', '2017-10-05', '0', '1000', 'auto', '-10', '0', '0', 'ltr', '0', '', '', '', '', '', '', '', '0', '0', '0', '0', '0', '0', '0000-00-00', '0000-00-00', '0000-00-00', '0', '0', '0', '0', '0', '0', '0'),
('96', '54', '123', '13', 'DEF', '2017-10-05', '0', '500', 'auto', '-11', '0', '0', 'pcs', '5', '', '', '', '', '', '', '', '0', '0', '0', '0', '0', '0', '0000-00-00', '0000-00-00', '0000-00-00', '0', '0', '0', '0', '0', '0', '0'),
('97', '55', '64654656', '13', 'DEF', '2017-10-05', '0', '100', 'DN006/10/2017', '-5', '0', '0', 'pcs', '1', '', '', '', '', '', '', '', '0', '0', '0', '0', '0', '0', '0000-00-00', '0000-00-00', '0000-00-00', '0', '0', '0', '0', '0', '0', '0'),
('98', '56', '3001', '13', 'DEF', '2017-10-06', '0', '49800', 'auto', '-12', '426.8', '0', 'pcs', '122', '', '', '', '', '', '', '', '0', '0', '0', '0', '0', '0', '0000-00-00', '0000-00-00', '0000-00-00', '0', '0', '0', '0', '0', '0', '0'),
('100', '48', '3001', '25', 'DEF', '2017-10-06', '2', '300', '', '1', '426.8', '0', '0', '0', '0', '', '', '', '', '', '', '0', '0', '0', '0', '0', '0', '0000-00-00', '0000-00-00', '0000-00-00', '0', '0', '0', '0', '0', '0', '0'),
('101', '49', '00003', '25', 'DEF', '2017-10-06', '8', '550', '', '10', '550', '0', '0', '0', '0', '', '', '', '', '', '', '0', '0', '0', '0', '0', '0', '0000-00-00', '0000-00-00', '0000-00-00', '0', '0', '0', '0', '0', '0', '0'),
('102', '50', '00001', '25', 'DEF', '2017-10-06', '3', '500', '', '10', '500', '0', '0', '0', '0', '', '', '', '', '', '', '0', '0', '0', '0', '0', '0', '0000-00-00', '0000-00-00', '0000-00-00', '0', '0', '0', '0', '0', '0', '0'),
('103', '51', '3001', '25', 'DEF', '2017-10-06', '2', '300', '', '12', '426.8', '0', '0', '0', '0', '', '', '', '', '', '', '0', '0', '0', '0', '0', '0', '0000-00-00', '0000-00-00', '0000-00-00', '0', '0', '0', '0', '0', '0', '0'),
('104', '52', '00002', '25', 'DEF', '2017-10-06', '4', '450', '', '10', '450', '0', '0', '0', '0', '', '', '', '', '', '', '0', '0', '0', '0', '0', '0', '0000-00-00', '0000-00-00', '0000-00-00', '0', '0', '0', '0', '0', '0', '0'),
('105', '57', 'mo4', '13', 'DEF', '2017-10-06', '0', '1800', 'auto', '-4', '0', '0', 'pcs', '4', '', '', '', '', '', '', '', '0', '0', '0', '0', '0', '0', '0000-00-00', '0000-00-00', '0000-00-00', '0', '0', '0', '0', '0', '0', '0'),
('106', '58', 'mo4', '13', 'DEF', '2017-10-06', '0', '5000', 'auto', '-1', '0', '0', 'boxes', '4', '', '', '', '', '', '', '', '0', '0', '0', '0', '0', '0', '0000-00-00', '0000-00-00', '0000-00-00', '0', '0', '0', '0', '0', '0', '0'),
('107', '59', 'mo4', '13', 'DEF', '2017-10-06', '0', '5000', 'auto', '-1', '0', '0', 'boxes', '1', '', '', '', '', '', '', '', '0', '0', '0', '0', '0', '0', '0000-00-00', '0000-00-00', '0000-00-00', '0', '0', '0', '0', '0', '0', '0'),
('108', '60', 'mo4', '13', 'DEF', '2017-10-06', '0', '5000', 'auto', '-1', '0', '0', 'boxes', '1', '', '', '', '', '', '', '', '0', '0', '0', '0', '0', '0', '0000-00-00', '0000-00-00', '0000-00-00', '0', '0', '0', '0', '0', '0', '0'),
('109', '61', 'mo4', '13', 'DEF', '2017-10-06', '0', '5000', 'auto', '-1', '0', '0', 'boxes', '4', '', '', '', '', '', '', '', '0', '0', '0', '0', '0', '0', '0000-00-00', '0000-00-00', '0000-00-00', '0', '0', '0', '0', '0', '0', '0'),
('110', '61', 'mo4', '13', 'DEF', '2017-10-06', '0', '5000', 'auto', '-1', '0', '0', 'boxes', '4', '', '', '', '', '', '', '', '0', '0', '0', '0', '0', '0', '0000-00-00', '0000-00-00', '0000-00-00', '0', '0', '0', '0', '0', '0', '0'),
('111', '62', 'mo4', '13', 'DEF', '2017-10-06', '0', '5000', 'auto', '-1', '0', '0', 'boxes', '4', '', '', '', '', '', '', '', '0', '0', '0', '0', '0', '0', '0000-00-00', '0000-00-00', '0000-00-00', '0', '0', '0', '0', '0', '0', '0'),
('112', '53', '00001', '25', 'DEF', '2017-10-07', '3', '550', '', '10', '525', '0', '0', '0', '0', '', '', '', '', '', '', '0', '0', '0', '0', '0', '0', '0000-00-00', '0000-00-00', '0000-00-00', '0', '0', '0', '0', '0', '0', '0'),
('113', '54', '00002', '25', 'DEF', '2017-10-07', '4', '475', '', '10', '462.5', '0', '0', '0', '0', '', '', '', '', '', '', '0', '0', '0', '0', '0', '0', '0000-00-00', '0000-00-00', '0000-00-00', '0', '0', '0', '0', '0', '0', '0'),
('114', '55', '00003', '25', 'DEF', '2017-10-07', '8', '585', '', '10', '567.5', '0', '0', '0', '0', '', '', '', '', '', '', '0', '0', '0', '0', '0', '0', '0000-00-00', '0000-00-00', '0000-00-00', '0', '0', '0', '0', '0', '0', '0'),
('115', '63', '00001', '13', 'DEF', '2017-10-07', '0', '2000', 'DN007/10/2017', '-5', '525', '0', 'pcs', '0', '', '', '', '', '', '', '', '0', '0', '0', '0', '0', '0', '0000-00-00', '0000-00-00', '0000-00-00', '0', '0', '0', '0', '0', '0', '0'),
('116', '64', '00002', '13', 'DEF', '2017-10-07', '0', '1800', 'DN008/10/2017', '-5', '462.5', '0', 'pcs', '0', '', '', '', '', '', '', '', '0', '0', '0', '0', '0', '0', '0000-00-00', '0000-00-00', '0000-00-00', '0', '0', '0', '0', '0', '0', '0'),
('117', '65', '2002', '13', 'DEF', '2017-10-07', '0', '1537000', 'DN009/10/2017', '-1', '0', '0', 'pcs', '0', '', '', '', '', '', '', '', '0', '0', '0', '0', '0', '0', '0000-00-00', '0000-00-00', '0000-00-00', '0', '0', '0', '0', '0', '0', '0'),
('118', '56', 'CITYMT1.3UF', '25', 'DEF', '2017-10-07', '9', '1567000', '', '1', '0', '0', '0', '0', '0', '', '', '', '', '', '', '0', '0', '0', '0', '0', '0', '0000-00-00', '0000-00-00', '0000-00-00', '0', '0', '0', '0', '0', '0', '0'),
('119', '56', 'C_TITANIUM', '25', 'DEF', '2017-10-07', '9', '0', '', '1', '0', '0', '0', '0', '0', '', '', '', '', '', '', '0', '0', '0', '0', '0', '0', '0000-00-00', '0000-00-00', '0000-00-00', '0', '0', '0', '0', '0', '0', '0'),
('120', '57', 'CIVICOUMF', '25', 'DEF', '2017-10-07', '9', '2722000', '', '1', '0', '0', '0', '0', '0', '', '', '', '', '', '', '0', '0', '0', '0', '0', '0', '0000-00-00', '0000-00-00', '0000-00-00', '0', '0', '0', '0', '0', '0', '0'),
('121', '66', 'CIVICOUMF', '13', 'DEF', '2017-10-07', '0', '2722000', 'DN010/10/2017', '-1', '0', '0', 'pcs', '0', '', '', '', '', '', '', '', '0', '0', '0', '0', '0', '0', '0000-00-00', '0000-00-00', '0000-00-00', '0', '0', '0', '0', '0', '0', '0'),
('122', '58', 'C_TITANIUM', '25', 'DEF', '2017-10-08', '2', '0', '', '1', '0', '0', '0', '0', '0', '', '', '', '', '', '', '0', '0', '0', '0', '0', '0', '0000-00-00', '0000-00-00', '0000-00-00', '0', '0', '0', '0', '0', '0', '0'),
('123', '59', 'C_TITANIUM', '25', 'DEF', '2017-10-08', '2', '1000', '', '10', '0', '0', '0', '0', '0', '', '', '', '', '', '', '0', '0', '0', '0', '0', '0', '0000-00-00', '0000-00-00', '0000-00-00', '0', '0', '0', '0', '0', '0', '0'),
('124', '68', 'C_TITANIUM', '13', 'DEF', '2017-10-08', '0', '1000', 'auto', '-1', '0', '0', 'pcs', '0', '', '', '', '', '', '', '', '0', '0', '0', '0', '0', '0', '0000-00-00', '0000-00-00', '0000-00-00', '0', '0', '0', '0', '0', '0', '0'),
('125', '60', '900', '25', 'DEF', '2017-10-09', '10', '10000', '', '20', '10000', '0', '0', '0', '0', '', '', '', '', '', '', '0', '0', '0', '0', '0', '0', '0000-00-00', '0000-00-00', '0000-00-00', '0', '0', '0', '0', '0', '0', '0'),
('126', '61', '901', '25', 'DEF', '2017-10-09', '11', '8000', '', '40', '8000', '0', '0', '0', '0', '', '', '', '', '', '', '0', '0', '0', '0', '0', '0', '0000-00-00', '0000-00-00', '0000-00-00', '0', '0', '0', '0', '0', '0', '0'),
('127', '62', '902', '25', 'DEF', '2017-10-09', '12', '7500', '', '15', '7500', '0', '0', '0', '0', '', '', '', '', '', '', '0', '0', '0', '0', '0', '0', '0000-00-00', '0000-00-00', '0000-00-00', '0', '0', '0', '0', '0', '0', '0'),
('128', '63', '904', '25', 'DEF', '2017-10-09', '13', '3750', '', '25', '3750', '0', '0', '0', '0', '', '', '', '', '', '', '0', '0', '0', '0', '0', '0', '0000-00-00', '0000-00-00', '0000-00-00', '0', '0', '0', '0', '0', '0', '0'),
('129', '69', '900', '13', 'DEF', '2017-10-09', '0', '15000', 'DN011/10/2017', '-10', '10000', '0', 'pcs', '12', '', '', '', '', '', '', '', '0', '0', '0', '0', '0', '0', '0000-00-00', '0000-00-00', '0000-00-00', '0', '0', '0', '0', '0', '0', '0'),
('130', '70', '902', '13', 'DEF', '2017-10-09', '0', '10500', 'DN012/10/2017', '-5', '7500', '0', 'pcs', '1', '', '', '', '', '', '', '', '0', '0', '0', '0', '0', '0', '0000-00-00', '0000-00-00', '0000-00-00', '0', '0', '0', '0', '0', '0', '0'),
('131', '71', '901', '13', 'DEF', '2017-10-09', '0', '12000', 'DN013/10/2017', '-12', '8000', '0', 'pcs', '1', '', '', '', '', '', '', '', '0', '0', '0', '0', '0', '0', '0000-00-00', '0000-00-00', '0000-00-00', '0', '0', '0', '0', '0', '0', '0'),
('132', '71', '904', '13', 'DEF', '2017-10-09', '0', '5000', 'DN013/10/2017', '-18', '3750', '0', 'pcs', '1', '', '', '', '', '', '', '', '0', '0', '0', '0', '0', '0', '0000-00-00', '0000-00-00', '0000-00-00', '0', '0', '0', '0', '0', '0', '0'),
('133', '72', '00001', '13', 'DEF', '2017-10-09', '0', '2000', 'DN014/10/2017', '-5', '525', '0', 'pcs', '0', '', '', '', '', '', '', '', '0', '0', '0', '0', '0', '0', '0000-00-00', '0000-00-00', '0000-00-00', '0', '0', '0', '0', '0', '0', '0'),
('135', '74', 'C_TITANIUM', '13', 'DEF', '2017-10-09', '0', '1200', 'auto', '-1', '0', '0', 'pcs', '1', '', '', '', '', '', '', '', '0', '0', '0', '0', '0', '0', '0000-00-00', '0000-00-00', '0000-00-00', '0', '0', '0', '0', '0', '0', '0'),
('136', '75', 'C_TITANIUM', '13', 'DEF', '2017-10-09', '0', '12000', 'auto', '-1', '0', '0', 'pcs', '1', '', '', '', '', '', '', '', '0', '0', '0', '0', '0', '0', '0000-00-00', '0000-00-00', '0000-00-00', '0', '0', '0', '0', '0', '0', '0'),
('137', '76', 'C_TITANIUM', '13', 'DEF', '2017-10-09', '0', '100000', 'auto', '-1', '0', '0', 'pcs', '0', '', '', '', '', '', '', '', '0', '0', '0', '0', '0', '0', '0000-00-00', '0000-00-00', '0000-00-00', '0', '0', '0', '0', '0', '0', '0'),
('138', '77', 'C_TITANIUM', '13', 'DEF', '2017-10-09', '0', '0', 'auto', '-1', '0', '0', 'pcs', '50', '', '', '', '', '', '', '', '0', '0', '0', '0', '0', '0', '0000-00-00', '0000-00-00', '0000-00-00', '0', '0', '0', '0', '0', '0', '0'),
('139', '78', 'C_TITANIUM', '13', 'DEF', '2017-10-09', '0', '100000', 'DN015/10/2017', '-1', '0', '0', 'pcs', '0', '', '', '', '', '', '', '', '0', '0', '0', '0', '0', '0', '0000-00-00', '0000-00-00', '0000-00-00', '0', '0', '0', '0', '0', '0', '0'),
('140', '79', 'C_TITANIUM', '13', 'DEF', '2017-10-09', '0', '456000', 'DN016/10/2017', '-1', '0', '0', 'pcs', '0', '', '', '', '', '', '', '', '0', '0', '0', '0', '0', '0', '0000-00-00', '0000-00-00', '0000-00-00', '0', '0', '0', '0', '0', '0', '0'),
('141', '64', 'C_TITANIUM', '25', 'DEF', '2017-10-10', '12', '200', '', '100', '0', '0', '0', '0', '0', '', '', '', '', '', '', '0', '0', '0', '0', '0', '0', '0000-00-00', '0000-00-00', '0000-00-00', '0', '0', '0', '0', '0', '0', '0'),
('142', '65', '8000', '25', 'DEF', '2017-10-10', '14', '50', '', '500', '50', '0', '0', '0', '0', '', '', '', '', '', '', '0', '0', '0', '0', '0', '0', '0000-00-00', '0000-00-00', '0000-00-00', '0', '0', '0', '0', '0', '0', '0'),
('143', '5', '8000', '21', 'DEF', '2017-10-10', '0', '50', '', '-500', '50', '0', '', '0', '', '', '', '', '', '', '', '0', '0', '0', '0', '0', '0', '0000-00-00', '0000-00-00', '0000-00-00', '0', '0', '0', '0', '0', '0', '0'),
('144', '66', '8000', '25', 'DEF', '2017-10-10', '14', '50', '', '500', '50', '0', '0', '0', '0', '', '', '', '', '', '', '0', '0', '0', '0', '0', '0', '0000-00-00', '0000-00-00', '0000-00-00', '0', '0', '0', '0', '0', '0', '0'),
('145', '80', '8000', '13', 'DEF', '2017-10-10', '0', '120', 'DN017/10/2017', '-235', '50', '0', 'pcs', '100', '', '', '', '', '', '', '', '0', '0', '0', '0', '0', '0', '0000-00-00', '0000-00-00', '0000-00-00', '0', '0', '0', '0', '0', '0', '0'),
('146', '67', '8001', '25', 'DEF', '2017-10-10', '14', '50000', '', '30', '50000', '0', '0', '0', '0', '', '', '', '', '', '', '0', '0', '0', '0', '0', '0', '0000-00-00', '0000-00-00', '0000-00-00', '0', '0', '0', '0', '0', '0', '0'),
('147', '81', '8001', '13', 'DEF', '2017-10-10', '0', '76000', 'DN018/10/2017', '-18', '50000', '0', 'pcs', '50', '', '', '', '', '', '', '', '0', '0', '0', '0', '0', '0', '0000-00-00', '0000-00-00', '0000-00-00', '0', '0', '0', '0', '0', '0', '0'),
('148', '82', '904', '13', 'DEF', '2017-10-10', '0', '5000', 'DN019/10/2017', '-1', '3750', '0', 'pcs', '1', '', '', '', '', '', '', '', '0', '0', '0', '0', '0', '0', '0000-00-00', '0000-00-00', '0000-00-00', '0', '0', '0', '0', '0', '0', '0'),
('149', '83', '8000', '13', 'DEF', '2017-10-10', '0', '50', 'DN020/10/2017', '-5', '50', '0', 'pcs', '100', '', '', '', '', '', '', '', '0', '0', '0', '0', '0', '0', '0000-00-00', '0000-00-00', '0000-00-00', '0', '0', '0', '0', '0', '0', '0'),
('150', '84', '901', '13', 'DEF', '2017-10-10', '0', '12000', 'DN021/10/2017', '-1', '8000', '0', 'pcs', '1', '', '', '', '', '', '', '', '0', '0', '0', '0', '0', '0', '0000-00-00', '0000-00-00', '0000-00-00', '0', '0', '0', '0', '0', '0', '0'),
('151', '85', '00002', '13', 'DEF', '2017-10-10', '0', '1800', 'DN022/10/2017', '-1', '462.5', '0', 'pcs', '0', '', '', '', '', '', '', '', '0', '0', '0', '0', '0', '0', '0000-00-00', '0000-00-00', '0000-00-00', '0', '0', '0', '0', '0', '0', '0'),
('152', '86', '902', '13', 'DEF', '2017-10-10', '0', '10500', 'DN023/10/2017', '-1', '7500', '0', 'pcs', '1', '', '', '', '', '', '', '', '0', '0', '0', '0', '0', '0', '0000-00-00', '0000-00-00', '0000-00-00', '0', '0', '0', '0', '0', '0', '0'),
('153', '68', '8000', '25', 'DEF', '2017-10-10', '15', '25', '', '10', '49.074074074074', '0', '0', '0', '0', '', '', '', '', '', '', '0', '0', '0', '0', '0', '0', '0000-00-00', '0000-00-00', '0000-00-00', '0', '0', '0', '0', '0', '0', '0'),
('154', '69', '902', '25', 'DEF', '2017-10-10', '15', '3000', '', '18', '4500', '0', '0', '0', '0', '', '', '', '', '', '', '0', '0', '0', '0', '0', '0', '0000-00-00', '0000-00-00', '0000-00-00', '0', '0', '0', '0', '0', '0', '0'),
('155', '70', '900', '25', 'DEF', '2017-10-10', '12', '6000', '', '5', '8666.6666666667', '0', '0', '0', '0', '', '', '', '', '', '', '0', '0', '0', '0', '0', '0', '0000-00-00', '0000-00-00', '0000-00-00', '0', '0', '0', '0', '0', '0', '0'),
('156', '71', '007', '25', 'DEF', '2017-10-10', '12', '25', '', '100', '25', '0', '0', '0', '0', '', '', '', '', '', '', '0', '0', '0', '0', '0', '0', '0000-00-00', '0000-00-00', '0000-00-00', '0', '0', '0', '0', '0', '0', '0'),
('157', '87', '902', '13', 'DEF', '2017-10-10', '0', '10500', 'DN024/10/2017', '-20', '4500', '0', 'pcs', '1', '', '', '', '', '', '', '', '0', '0', '0', '0', '0', '0', '0000-00-00', '0000-00-00', '0000-00-00', '0', '0', '0', '0', '0', '0', '0');

### Structure of table `0_supp_allocations` ###

DROP TABLE IF EXISTS `0_supp_allocations`;

CREATE TABLE `0_supp_allocations` (
  `id` int(11) NOT NULL AUTO_INCREMENT,
  `person_id` int(11) DEFAULT NULL,
  `amt` double unsigned DEFAULT NULL,
  `date_alloc` date NOT NULL DEFAULT '0000-00-00',
  `trans_no_from` int(11) DEFAULT NULL,
  `trans_type_from` int(11) DEFAULT NULL,
  `trans_no_to` int(11) DEFAULT NULL,
  `trans_type_to` int(11) DEFAULT NULL,
  PRIMARY KEY (`id`),
  UNIQUE KEY `trans_type_from` (`person_id`,`trans_type_from`,`trans_no_from`,`trans_type_to`,`trans_no_to`),
  KEY `From` (`trans_type_from`,`trans_no_from`),
  KEY `To` (`trans_type_to`,`trans_no_to`)
) ENGINE=InnoDB AUTO_INCREMENT=42 DEFAULT CHARSET=utf8 COLLATE=utf8_unicode_ci ;

### Data of table `0_supp_allocations` ###

INSERT INTO `0_supp_allocations` VALUES
('1', '1', '400', '2017-09-28', '2', '22', '3', '20'),
('2', '1', '300', '2017-09-28', '3', '22', '1', '43'),
('3', '1', '200', '2017-09-28', '4', '22', '1', '43'),
('4', '1', '400', '2017-09-28', '5', '22', '3', '20'),
('5', '1', '100', '2017-09-28', '6', '22', '3', '20'),
('6', '1', '100', '2017-09-28', '7', '22', '1', '43'),
('7', '1', '142', '2017-09-28', '8', '22', '1', '43'),
('8', '1', '200', '2017-09-28', '9', '22', '1', '43'),
('9', '1', '450', '2017-09-28', '10', '22', '1', '43'),
('10', '1', '320', '2017-09-28', '11', '22', '1', '43'),
('11', '1', '450', '2017-10-02', '12', '22', '1', '43'),
('12', '1', '450', '2017-10-02', '13', '22', '1', '43'),
('13', '1', '400', '2017-10-02', '14', '22', '1', '43'),
('14', '1', '420', '2017-10-02', '15', '22', '1', '43'),
('15', '1', '420', '2017-10-02', '16', '22', '1', '43'),
('16', '1', '420', '2017-10-02', '17', '22', '1', '43'),
('17', '1', '420', '2017-10-02', '18', '22', '1', '43'),
('18', '1', '450', '2017-10-02', '19', '22', '1', '43'),
('19', '1', '540', '2017-10-02', '20', '22', '1', '43'),
('20', '1', '800', '2017-10-02', '21', '22', '1', '43'),
('21', '1', '420', '2017-10-02', '22', '22', '1', '43'),
('22', '1', '720', '2017-10-02', '23', '22', '1', '43'),
('23', '1', '450', '2017-10-02', '24', '22', '1', '43'),
('24', '1', '6156.51', '2017-10-03', '25', '22', '1', '43'),
('25', '1', '100', '2017-10-03', '26', '22', '3', '20'),
('26', '3', '12285', '2017-10-07', '28', '22', '15', '20'),
('27', '4', '5265', '2017-10-07', '29', '22', '14', '20'),
('28', '4', '5557.5', '2017-10-07', '29', '22', '16', '20'),
('29', '8', '6844.5', '2017-10-07', '30', '22', '17', '20'),
('30', '2', '819', '2017-10-07', '31', '22', '4', '20'),
('31', '2', '351', '2017-10-09', '32', '22', '5', '20'),
('32', '12', '131625', '2017-10-09', '35', '22', '24', '20'),
('33', '13', '109687.5', '2017-10-09', '36', '22', '25', '20'),
('36', '14', '29250', '2017-10-10', '37', '22', '27', '20'),
('38', '14', '29250', '2017-10-10', '38', '22', '29', '20'),
('39', '14', '1755000', '2017-10-10', '39', '22', '30', '20'),
('40', '15', '292.5', '2017-10-10', '40', '22', '31', '20'),
('41', '15', '63180', '2017-10-10', '41', '22', '32', '20');

### Structure of table `0_supp_invoice_items` ###

DROP TABLE IF EXISTS `0_supp_invoice_items`;

CREATE TABLE `0_supp_invoice_items` (
  `id` int(11) NOT NULL AUTO_INCREMENT,
  `supp_trans_no` int(11) DEFAULT NULL,
  `supp_trans_type` int(11) DEFAULT NULL,
  `gl_code` varchar(15) COLLATE utf8_unicode_ci NOT NULL DEFAULT '',
  `grn_item_id` int(11) DEFAULT NULL,
  `po_detail_item_id` int(11) DEFAULT NULL,
  `stock_id` varchar(20) COLLATE utf8_unicode_ci NOT NULL DEFAULT '',
  `description` tinytext COLLATE utf8_unicode_ci,
  `quantity` double NOT NULL DEFAULT '0',
  `unit_price` double NOT NULL DEFAULT '0',
  `unit_tax` double NOT NULL DEFAULT '0',
  `memo_` tinytext COLLATE utf8_unicode_ci,
  `dimension_id` int(11) NOT NULL DEFAULT '0',
  `dimension2_id` int(11) NOT NULL DEFAULT '0',
  `text1` varchar(30) COLLATE utf8_unicode_ci NOT NULL,
  `text2` varchar(30) COLLATE utf8_unicode_ci NOT NULL,
  `text3` varchar(30) COLLATE utf8_unicode_ci NOT NULL,
  `text4` varchar(55) COLLATE utf8_unicode_ci NOT NULL,
  `text5` varchar(55) COLLATE utf8_unicode_ci NOT NULL,
  `text6` varchar(55) COLLATE utf8_unicode_ci NOT NULL,
  `amount1` double NOT NULL,
  `amount2` double NOT NULL,
  `amount3` double NOT NULL,
  `amount4` double NOT NULL,
  `amount5` double NOT NULL,
  `amount6` double NOT NULL,
  `date1` date NOT NULL DEFAULT '0000-00-00',
  `date2` date NOT NULL DEFAULT '0000-00-00',
  `date3` date NOT NULL DEFAULT '0000-00-00',
  `combo1` int(11) NOT NULL,
  `combo2` int(11) NOT NULL,
  `combo3` int(11) NOT NULL,
  `combo4` int(11) NOT NULL,
  `combo5` int(11) NOT NULL,
  `combo6` int(11) NOT NULL,
  `Unit_Amt` double NOT NULL,
  `Gross_Amt` double NOT NULL,
  `As_Per_B_E` double NOT NULL,
  `Landing` double NOT NULL,
  `Landing_Amt` double NOT NULL,
  `Value_invl_Landing` double NOT NULL,
  `INS` double NOT NULL,
  `INS_Amt` double NOT NULL,
  `Value_Incl_INC` double NOT NULL,
  `F_E_D` double NOT NULL,
  `F_E_D_Amt` double NOT NULL,
  `Duty` double NOT NULL,
  `Duty_Amt` double NOT NULL,
  `Value_And_Duty` double NOT NULL,
  `Value_Excl_S_T` double NOT NULL,
  `S_T` double NOT NULL,
  `S_T_Amt` double NOT NULL,
  `Amount_Incl_S_T` double NOT NULL,
  `I_Tax` double NOT NULL,
  `I_Tax_Amt` double NOT NULL,
  `Add_S_T` double NOT NULL,
  `Add_S_T_Amt` double NOT NULL,
  `Total_Charges` double NOT NULL,
  `Other_Expense` double NOT NULL,
  `Net_Amount` double NOT NULL,
  `Job_Name` varchar(55) COLLATE utf8_unicode_ci NOT NULL,
  `Total_Other_Expenses` varchar(55) COLLATE utf8_unicode_ci NOT NULL,
  `Gross_Amt_new` varchar(55) COLLATE utf8_unicode_ci NOT NULL,
  `opening` tinyint(1) DEFAULT NULL,
  `batch` int(11) NOT NULL,
  PRIMARY KEY (`id`),
  KEY `Transaction` (`supp_trans_type`,`supp_trans_no`,`stock_id`)
) ENGINE=InnoDB AUTO_INCREMENT=50 DEFAULT CHARSET=utf8 COLLATE=utf8_unicode_ci ;

### Data of table `0_supp_invoice_items` ###

INSERT INTO `0_supp_invoice_items` VALUES
('1', '1', '20', '0', '2', '2', '1001', 'Test Item', '0', '0', '0', NULL, '0', '0', '', '', '', '', '', '', '0', '0', '0', '0', '0', '0', '0000-00-00', '0000-00-00', '0000-00-00', '0', '0', '0', '0', '0', '0', '0', '0', '0', '0', '0', '0', '0', '0', '0', '0', '0', '0', '0', '0', '0', '0', '0', '0', '0', '0', '0', '0', '0', '0', '0', '', '', '', NULL, '0'),
('2', '1', '43', '0', '1', '1', '1001', 'Test Item', '10', '1000', '0', NULL, '0', '0', '', '', '', '', '', '', '0', '0', '0', '0', '0', '0', '0000-00-00', '0000-00-00', '0000-00-00', '0', '0', '0', '0', '0', '0', '1', '10000', '10000', '1', '100', '10100', '1', '101', '10201', '8', '816.08', '5', '510.05', '11527.13', '11527.13', '17', '1959.6121', '13486.7421', '5.5', '741.7708155', '0', '0', '14228.5129155', '0', '14228.5129155', '0', '', '1,000.00', NULL, '0'),
('3', '2', '20', '0', '3', '3', '1001', 'Test Item', '0', '0', '0', NULL, '0', '0', '', '', '', '', '', '', '0', '0', '0', '0', '0', '0', '0000-00-00', '0000-00-00', '0000-00-00', '0', '0', '0', '0', '0', '0', '0', '0', '0', '0', '0', '0', '0', '0', '0', '0', '0', '0', '0', '0', '0', '0', '0', '0', '0', '0', '0', '0', '0', '0', '0', '', '', '', NULL, '0'),
('4', '3', '20', '0', '8', '7', '1001', 'Test Item', '1', '1000', '170', NULL, '0', '0', '1', '2', '3', '4', '5', '6', '0', '0', '0', '0', '0', '0', '0000-00-00', '0000-00-00', '0000-00-00', '0', '0', '0', '0', '0', '0', '0', '0', '0', '0', '0', '0', '0', '0', '0', '0', '0', '0', '0', '0', '0', '0', '0', '0', '0', '0', '0', '0', '0', '0', '0', '', '', '', NULL, '0'),
('5', '4', '20', '0', '11', '10', '3001', 'MODULO', '1', '300', '51', NULL, '0', '0', '', '', '', '', '', '', '0', '0', '0', '0', '0', '0', '0000-00-00', '0000-00-00', '0000-00-00', '0', '0', '0', '0', '0', '0', '0', '0', '0', '0', '0', '0', '0', '0', '0', '0', '0', '0', '0', '0', '0', '0', '0', '0', '0', '0', '0', '0', '0', '0', '0', '', '', '', NULL, '0'),
('6', '4', '20', '0', '12', '11', '1001', 'Test Item', '1', '400', '68', NULL, '0', '0', '', '', '', '', '', '', '0', '0', '0', '0', '0', '0', '0000-00-00', '0000-00-00', '0000-00-00', '0', '0', '0', '0', '0', '0', '0', '0', '0', '0', '0', '0', '0', '0', '0', '0', '0', '0', '0', '0', '0', '0', '0', '0', '0', '0', '0', '0', '0', '0', '0', '', '', '', NULL, '0'),
('7', '5', '20', '0', '13', '12', '3001', 'MODULO', '1', '300', '51', NULL, '0', '0', '11', '22', '44', '666', '7877', '888', '0', '0', '0', '0', '0', '0', '0000-00-00', '0000-00-00', '0000-00-00', '0', '0', '0', '0', '0', '0', '0', '0', '0', '0', '0', '0', '0', '0', '0', '0', '0', '0', '0', '0', '0', '0', '0', '0', '0', '0', '0', '0', '0', '0', '0', '', '', '', NULL, '0'),
('8', '6', '20', '0', '14', '13', '3001', 'MODULO', '100', '300', '51', NULL, '0', '0', '11', '231', '454551', '651', '61', '661', '781', '71', '981', '71', '31', '331', '0000-00-00', '0000-00-00', '0000-00-00', '0', '1', '0', '1', '0', '1', '0', '0', '0', '0', '0', '0', '0', '0', '0', '0', '0', '0', '0', '0', '0', '0', '0', '0', '0', '0', '0', '0', '0', '0', '0', '', '', '', NULL, '0'),
('9', '7', '20', '0', '15', '14', '3001', 'MODULO', '10', '300', '51', NULL, '0', '0', '1', '33', '45', '55', '5', '65', '66', '677', '7', '7', '77', '7', '2017-09-29', '0000-00-00', '0000-00-00', '1', '1', '1', '1', '1', '0', '0', '0', '0', '0', '0', '0', '0', '0', '0', '0', '0', '0', '0', '0', '0', '0', '0', '0', '0', '0', '0', '0', '0', '0', '0', '', '', '', NULL, '0'),
('10', '8', '20', '0', '15', '14', '3001', 'MODULO', '90', '300', '51', NULL, '0', '0', '1', '33', '45', '55', '5', '65', '66', '677', '7', '7', '77', '7', '2017-09-30', '2017-09-30', '2017-09-30', '1', '1', '1', '1', '1', '0', '0', '0', '0', '0', '0', '0', '0', '0', '0', '0', '0', '0', '0', '0', '0', '0', '0', '0', '0', '0', '0', '0', '0', '0', '0', '', '', '', NULL, '0'),
('11', '1', '21', '0', '13', '12', '3001', 'MODULO', '-1', '300', '51', NULL, '0', '0', '11', '22', '44', '666', '7877', '888', '999', '1', '3', '555', '666', '7', '2017-09-30', '2017-09-30', '2017-09-30', '1', '1', '1', '1', '1', '0', '0', '0', '0', '0', '0', '0', '0', '0', '0', '0', '0', '0', '0', '0', '0', '0', '0', '0', '0', '0', '0', '0', '0', '0', '0', '', '', '', NULL, '0'),
('12', '9', '20', '0', '17', '16', '3001', 'MODULO', '100', '300', '51', NULL, '0', '0', '', '', '', '', '', '', '0', '0', '0', '0', '0', '0', '0000-00-00', '0000-00-00', '0000-00-00', '0', '0', '0', '0', '0', '0', '0', '0', '0', '0', '0', '0', '0', '0', '0', '0', '0', '0', '0', '0', '0', '0', '0', '0', '0', '0', '0', '0', '0', '0', '0', '', '', '', NULL, '0'),
('13', '2', '21', '0', '17', '16', '3001', 'MODULO', '-100', '300', '51', NULL, '0', '0', '66', '55', '44', '332', '22', '11', '22', '33', '44', '55', '66', '77', '2017-09-30', '2017-09-30', '2017-09-30', '1', '1', '1', '1', '1', '1', '0', '0', '0', '0', '0', '0', '0', '0', '0', '0', '0', '0', '0', '0', '0', '0', '0', '0', '0', '0', '0', '0', '0', '0', '0', '', '', '', NULL, '0'),
('14', '3', '21', '0', '15', '14', '3001', 'MODULO', '-100', '300', '51', NULL, '0', '0', '1', '33', '45', '55', '5', '65', '66', '677', '7', '7', '77', '7', '2017-09-30', '2017-09-30', '2017-09-30', '1', '1', '1', '1', '1', '0', '0', '0', '0', '0', '0', '0', '0', '0', '0', '0', '0', '0', '0', '0', '0', '0', '0', '0', '0', '0', '0', '0', '0', '0', '0', '', '', '', NULL, '0'),
('15', '4', '21', '0', '14', '13', '3001', 'MODULO', '-100', '300', '51', NULL, '0', '0', '1', '23', '45455', '65', '6', '66', '78', '7', '98', '7', '3', '33', '2017-09-30', '2017-09-30', '2017-09-30', '1', '0', '1', '0', '1', '0', '0', '0', '0', '0', '0', '0', '0', '0', '0', '0', '0', '0', '0', '0', '0', '0', '0', '0', '0', '0', '0', '0', '0', '0', '0', '', '', '', NULL, '0'),
('16', '10', '20', '0', '18', '17', '3001', 'MODULO', '0', '0', '51', NULL, '0', '0', '', '', '', '', '', '', '0', '0', '0', '0', '0', '0', '0000-00-00', '0000-00-00', '0000-00-00', '0', '0', '0', '0', '0', '0', '0', '0', '0', '0', '0', '0', '0', '0', '0', '0', '0', '0', '0', '0', '0', '0', '0', '0', '0', '0', '0', '0', '0', '0', '0', '', '', '', NULL, '0'),
('17', '2', '43', '0', '16', '15', '3001', 'MODULO', '1', '300', '51', NULL, '0', '0', '', '', '', '', '', '', '0', '0', '0', '0', '0', '0', '0000-00-00', '0000-00-00', '0000-00-00', '0', '0', '0', '0', '0', '0', '1', '300', '300', '1', '3', '303', '1', '3.03', '306.03', '8', '24.4824', '5', '15.3015', '345.8139', '345.8139', '17', '58.788363', '404.602263', '5.5', '22.253124465', '0', '0', '426.855387465', '0', '426.855387465', '0', '', '', NULL, '0'),
('18', '2', '43', '0', '19', '18', '3001', 'MODULO', '1', '300', '51', NULL, '0', '0', '', '', '', '', '', '', '0', '0', '0', '0', '0', '0', '0000-00-00', '0000-00-00', '0000-00-00', '0', '0', '0', '0', '0', '0', '1', '300', '300', '1', '3', '303', '1', '3.03', '306.03', '8', '24.4824', '5', '15.3015', '345.8139', '345.8139', '17', '58.788363', '404.602263', '5.5', '22.253124465', '0', '0', '426.855387465', '0', '426.855387465', '0', '', '', NULL, '0'),
('19', '2', '43', '0', '20', '19', '3001', 'MODULO', '1', '300', '51', NULL, '0', '0', '', '', '', '', '', '', '0', '0', '0', '0', '0', '0', '0000-00-00', '0000-00-00', '0000-00-00', '0', '0', '0', '0', '0', '0', '1', '300', '300', '1', '3', '303', '1', '3.03', '306.03', '8', '24.4824', '5', '15.3015', '345.8139', '345.8139', '17', '58.788363', '404.602263', '5.5', '22.253124465', '0', '0', '426.855387465', '0', '426.855387465', '0', '', '', NULL, '0'),
('20', '2', '43', '0', '21', '20', '2001', 'BOPP PLAIN BST', '5', '1000', '170', NULL, '0', '0', '', '', '', '', '', '', '0', '0', '0', '0', '0', '0', '0000-00-00', '0000-00-00', '0000-00-00', '0', '0', '0', '0', '0', '0', '1', '5000', '5000', '1', '50', '5050', '1', '50.5', '5100.5', '8', '408.04', '5', '255.025', '5763.565', '5763.565', '17', '979.80605', '6743.37105', '5.5', '370.88540775', '0', '0', '7114.25645775', '0', '7114.25645775', '0', '', '', NULL, '0'),
('21', '2', '43', '0', '22', '21', '3001', 'MODULO', '5', '300', '51', NULL, '0', '0', '', '', '', '', '', '', '0', '0', '0', '0', '0', '0', '0000-00-00', '0000-00-00', '0000-00-00', '0', '0', '0', '0', '0', '0', '1', '1500', '1500', '1', '15', '1515', '1', '15.15', '1530.15', '8', '122.412', '5', '76.5075', '1729.0695', '1729.0695', '17', '293.941815', '2023.011315', '5.5', '111.265622325', '0', '0', '2134.276937325', '0', '2134.276937325', '0', '', '', NULL, '0'),
('22', '11', '20', '0', '24', '29', '3001', 'MODULO', '1', '300', '51', NULL, '0', '0', '', '', '', '', '', '', '0', '0', '0', '0', '0', '0', '0000-00-00', '0000-00-00', '0000-00-00', '0', '0', '0', '0', '0', '0', '0', '0', '0', '0', '0', '0', '0', '0', '0', '0', '0', '0', '0', '0', '0', '0', '0', '0', '0', '0', '0', '0', '0', '0', '0', '', '', '', NULL, '0'),
('23', '12', '20', '0', '27', '31', '3001', 'MODULO', '12', '300', '51', NULL, '0', '0', '', '', '', '', '', '', '0', '0', '0', '0', '0', '0', '0000-00-00', '0000-00-00', '0000-00-00', '0', '0', '0', '0', '0', '0', '0', '0', '0', '0', '0', '0', '0', '0', '0', '0', '0', '0', '0', '0', '0', '0', '0', '0', '0', '0', '0', '0', '0', '0', '0', '', '', '', NULL, '0'),
('24', '13', '20', '0', '25', '30', '00003', 'Premium White', '10', '0', '0', NULL, '0', '0', '', '', '', '', '', '', '0', '0', '0', '0', '0', '0', '0000-00-00', '0000-00-00', '0000-00-00', '0', '0', '0', '0', '0', '0', '0', '0', '0', '0', '0', '0', '0', '0', '0', '0', '0', '0', '0', '0', '0', '0', '0', '0', '0', '0', '0', '0', '0', '0', '0', '', '', '', NULL, '0'),
('25', '14', '20', '0', '28', '26', '00002', 'Mist Green', '10', '450', '76.5', NULL, '0', '0', '', '', '', '', '', '', '0', '0', '0', '0', '0', '0', '0000-00-00', '0000-00-00', '0000-00-00', '0', '0', '0', '0', '0', '0', '0', '0', '0', '0', '0', '0', '0', '0', '0', '0', '0', '0', '0', '0', '0', '0', '0', '0', '0', '0', '0', '0', '0', '0', '0', '', '', '', NULL, '0'),
('26', '15', '20', '0', '26', '23', '00001', 'Vinyl Blue', '10', '500', '85', NULL, '0', '0', '', '', '', '', '', '', '0', '0', '0', '0', '0', '0', '0000-00-00', '0000-00-00', '0000-00-00', '0', '0', '0', '0', '0', '0', '0', '0', '0', '0', '0', '0', '0', '0', '0', '0', '0', '0', '0', '0', '0', '0', '0', '0', '0', '0', '0', '0', '0', '0', '0', '', '', '', NULL, '0'),
('27', '15', '20', '0', '29', '32', '00001', 'Vinyl Blue', '10', '550', '93.5', NULL, '0', '0', '', '', '', '', '', '', '0', '0', '0', '0', '0', '0', '0000-00-00', '0000-00-00', '0000-00-00', '0', '0', '0', '0', '0', '0', '0', '0', '0', '0', '0', '0', '0', '0', '0', '0', '0', '0', '0', '0', '0', '0', '0', '0', '0', '0', '0', '0', '0', '0', '0', '', '', '', NULL, '0'),
('28', '16', '20', '0', '30', '33', '00002', 'Mist Green', '10', '475', '80.75', NULL, '0', '0', '', '', '', '', '', '', '0', '0', '0', '0', '0', '0', '0000-00-00', '0000-00-00', '0000-00-00', '0', '0', '0', '0', '0', '0', '0', '0', '0', '0', '0', '0', '0', '0', '0', '0', '0', '0', '0', '0', '0', '0', '0', '0', '0', '0', '0', '0', '0', '0', '0', '', '', '', NULL, '0'),
('29', '17', '20', '0', '31', '34', '00003', 'Premium White', '10', '585', '99.45', NULL, '0', '0', '', '', '', '', '', '', '0', '0', '0', '0', '0', '0', '0000-00-00', '0000-00-00', '0000-00-00', '0', '0', '0', '0', '0', '0', '0', '0', '0', '0', '0', '0', '0', '0', '0', '0', '0', '0', '0', '0', '0', '0', '0', '0', '0', '0', '0', '0', '0', '0', '0', '', '', '', NULL, '0'),
('30', '18', '20', '0', '32', '35', 'CITYMT1.3UF', 'CITYMT1.3UF', '1', '1567000', '266390', NULL, '0', '0', '', '', '', '', '', '', '0', '0', '0', '0', '0', '0', '0000-00-00', '0000-00-00', '0000-00-00', '0', '0', '0', '0', '0', '0', '0', '0', '0', '0', '0', '0', '0', '0', '0', '0', '0', '0', '0', '0', '0', '0', '0', '0', '0', '0', '0', '0', '0', '0', '0', '', '', '', NULL, '0'),
('31', '18', '20', '0', '33', '36', 'C_TITANIUM', 'C_TITANIUM', '1', '0', '0', NULL, '0', '0', '', '', '', '', '', '', '0', '0', '0', '0', '0', '0', '0000-00-00', '0000-00-00', '0000-00-00', '0', '0', '0', '0', '0', '0', '0', '0', '0', '0', '0', '0', '0', '0', '0', '0', '0', '0', '0', '0', '0', '0', '0', '0', '0', '0', '0', '0', '0', '0', '0', '', '', '', NULL, '0'),
('32', '19', '20', '0', '34', '37', 'CIVICOUMF', 'CIVIC O-U-M-F', '1', '2722000', '462740', NULL, '0', '0', '', '', '', '', '', '', '0', '0', '0', '0', '0', '0', '0000-00-00', '0000-00-00', '0000-00-00', '0', '0', '0', '0', '0', '0', '0', '0', '0', '0', '0', '0', '0', '0', '0', '0', '0', '0', '0', '0', '0', '0', '0', '0', '0', '0', '0', '0', '0', '0', '0', '', '', '', NULL, '0'),
('33', '20', '20', '0', '35', '38', 'C_TITANIUM', 'C_TITANIUM', '1', '0', '0', NULL, '0', '0', '', '', '', '', '', '', '0', '0', '0', '0', '0', '0', '0000-00-00', '0000-00-00', '0000-00-00', '0', '0', '0', '0', '0', '0', '0', '0', '0', '0', '0', '0', '0', '0', '0', '0', '0', '0', '0', '0', '0', '0', '0', '0', '0', '0', '0', '0', '0', '0', '0', '', '', '', NULL, '0'),
('34', '21', '20', '0', '36', '39', 'C_TITANIUM', 'C_TITANIUM', '10', '1000', '170', NULL, '0', '0', '', '', '', '', '', '', '0', '0', '0', '0', '0', '0', '0000-00-00', '0000-00-00', '0000-00-00', '0', '0', '0', '0', '0', '0', '0', '0', '0', '0', '0', '0', '0', '0', '0', '0', '0', '0', '0', '0', '0', '0', '0', '0', '0', '0', '0', '0', '0', '0', '0', '', '', '', NULL, '0'),
('35', '22', '20', '0', '37', '40', '900', 'Inflatable Beds', '20', '10000', '1700', NULL, '0', '0', '', '', '', '', '', '', '0', '0', '0', '0', '0', '0', '0000-00-00', '0000-00-00', '0000-00-00', '0', '0', '0', '0', '0', '0', '0', '0', '0', '0', '0', '0', '0', '0', '0', '0', '0', '0', '0', '0', '0', '0', '0', '0', '0', '0', '0', '0', '0', '0', '0', '', '', '', NULL, '0'),
('36', '23', '20', '0', '38', '41', '901', 'HP-Printer', '40', '8000', '1360', NULL, '0', '0', '', '', '', '', '', '', '0', '0', '0', '0', '0', '0', '0000-00-00', '0000-00-00', '0000-00-00', '0', '0', '0', '0', '0', '0', '0', '0', '0', '0', '0', '0', '0', '0', '0', '0', '0', '0', '0', '0', '0', '0', '0', '0', '0', '0', '0', '0', '0', '0', '0', '', '', '', NULL, '0'),
('37', '24', '20', '0', '39', '42', '902', 'Scanncer(HP)', '15', '7500', '1275', NULL, '0', '0', '', '', '', '', '', '', '0', '0', '0', '0', '0', '0', '0000-00-00', '0000-00-00', '0000-00-00', '0', '0', '0', '0', '0', '0', '0', '0', '0', '0', '0', '0', '0', '0', '0', '0', '0', '0', '0', '0', '0', '0', '0', '0', '0', '0', '0', '0', '0', '0', '0', '', '', '', NULL, '0'),
('38', '25', '20', '0', '40', '43', '904', 'Cordless Phone(Braun)', '25', '3750', '637.5', NULL, '0', '0', '', '', '', '', '', '', '0', '0', '0', '0', '0', '0', '0000-00-00', '0000-00-00', '0000-00-00', '0', '0', '0', '0', '0', '0', '0', '0', '0', '0', '0', '0', '0', '0', '0', '0', '0', '0', '0', '0', '0', '0', '0', '0', '0', '0', '0', '0', '0', '0', '0', '', '', '', NULL, '0'),
('39', '26', '20', '0', '42', '45', '8000', 'Birthday Cards', '0', '0', '8.5', NULL, '0', '0', '', '', '', '', '', '', '0', '0', '0', '0', '0', '0', '0000-00-00', '0000-00-00', '0000-00-00', '0', '0', '0', '0', '0', '0', '0', '0', '0', '0', '0', '0', '0', '0', '0', '0', '0', '0', '0', '0', '0', '0', '0', '0', '0', '0', '0', '0', '0', '0', '0', '', '', '', NULL, '0'),
('40', '27', '20', '0', '42', '45', '8000', 'Birthday Cards', '500', '50', '8.5', NULL, '0', '0', '', '', '', '', '', '', '0', '0', '0', '0', '0', '0', '2000-00-00', '2000-00-00', '2000-00-00', '0', '0', '0', '0', '0', '0', '0', '0', '0', '0', '0', '0', '0', '0', '0', '0', '0', '0', '0', '0', '0', '0', '0', '0', '0', '0', '0', '0', '0', '0', '0', '', '', '', NULL, '0'),
('41', '5', '21', '0', '42', '45', '8000', 'Birthday Cards', '-500', '50', '8.5', NULL, '0', '0', '', '', '', '', '', '', '0', '0', '0', '0', '0', '0', '0000-00-00', '0000-00-00', '0000-00-00', '0', '0', '0', '0', '0', '0', '0', '0', '0', '0', '0', '0', '0', '0', '0', '0', '0', '0', '0', '0', '0', '0', '0', '0', '0', '0', '0', '0', '0', '0', '0', '', '', '', NULL, '0'),
('42', '28', '20', '0', '43', '46', '8000', 'Birthday Cards', '0', '0', '8.5', NULL, '0', '0', '', '', '', '', '', '', '0', '0', '0', '0', '0', '0', '0000-00-00', '0000-00-00', '0000-00-00', '0', '0', '0', '0', '0', '0', '0', '0', '0', '0', '0', '0', '0', '0', '0', '0', '0', '0', '0', '0', '0', '0', '0', '0', '0', '0', '0', '0', '0', '0', '0', '', '', '', NULL, '0'),
('43', '29', '20', '0', '43', '46', '8000', 'Birthday Cards', '500', '50', '8.5', NULL, '0', '0', '', '', '', '', '', '', '0', '0', '0', '0', '0', '0', '2000-00-00', '2000-00-00', '2000-00-00', '0', '0', '0', '0', '0', '0', '0', '0', '0', '0', '0', '0', '0', '0', '0', '0', '0', '0', '0', '0', '0', '0', '0', '0', '0', '0', '0', '0', '0', '0', '0', '', '', '', NULL, '0'),
('44', '30', '20', '0', '44', '47', '8001', 'LED TV', '30', '50000', '8500', NULL, '0', '0', '', '', '', '', '', '', '0', '0', '0', '0', '0', '0', '0000-00-00', '0000-00-00', '0000-00-00', '0', '0', '0', '0', '0', '0', '0', '0', '0', '0', '0', '0', '0', '0', '0', '0', '0', '0', '0', '0', '0', '0', '0', '0', '0', '0', '0', '0', '0', '0', '0', '', '', '', NULL, '0'),
('45', '31', '20', '0', '45', '48', '8000', 'Birthday Cards', '10', '25', '4.25', NULL, '0', '0', '', '', '', '', '', '', '0', '0', '0', '0', '0', '0', '0000-00-00', '0000-00-00', '0000-00-00', '0', '0', '0', '0', '0', '0', '0', '0', '0', '0', '0', '0', '0', '0', '0', '0', '0', '0', '0', '0', '0', '0', '0', '0', '0', '0', '0', '0', '0', '0', '0', '', '', '', NULL, '0'),
('46', '32', '20', '0', '46', '49', '902', 'Scanncer(HP)', '18', '3000', '510', NULL, '0', '0', '', '', '', '', '', '', '0', '0', '0', '0', '0', '0', '0000-00-00', '0000-00-00', '0000-00-00', '0', '0', '0', '0', '0', '0', '0', '0', '0', '0', '0', '0', '0', '0', '0', '0', '0', '0', '0', '0', '0', '0', '0', '0', '0', '0', '0', '0', '0', '0', '0', '', '', '', NULL, '0'),
('47', '33', '20', '0', '41', '44', 'C_TITANIUM', 'C_TITANIUM', '100', '200', '34', NULL, '0', '0', '', '', '', '', '', '', '0', '0', '0', '0', '0', '0', '0000-00-00', '0000-00-00', '0000-00-00', '0', '0', '0', '0', '0', '0', '0', '0', '0', '0', '0', '0', '0', '0', '0', '0', '0', '0', '0', '0', '0', '0', '0', '0', '0', '0', '0', '0', '0', '0', '0', '', '', '', NULL, '0'),
('48', '33', '20', '0', '47', '50', '900', 'Inflatable Beds', '5', '6000', '1020', NULL, '0', '0', '', '', '', '', '', '', '0', '0', '0', '0', '0', '0', '0000-00-00', '0000-00-00', '0000-00-00', '0', '0', '0', '0', '0', '0', '0', '0', '0', '0', '0', '0', '0', '0', '0', '0', '0', '0', '0', '0', '0', '0', '0', '0', '0', '0', '0', '0', '0', '0', '0', '', '', '', NULL, '0'),
('49', '34', '20', '0', '48', '51', '007', 'Kinley Bottles', '100', '25', '4.25', NULL, '0', '0', '', '', '', '', '', '', '0', '0', '0', '0', '0', '0', '0000-00-00', '0000-00-00', '0000-00-00', '0', '0', '0', '0', '0', '0', '0', '0', '0', '0', '0', '0', '0', '0', '0', '0', '0', '0', '0', '0', '0', '0', '0', '0', '0', '0', '0', '0', '0', '0', '0', '', '', '', NULL, '0');

### Structure of table `0_supp_trans` ###

DROP TABLE IF EXISTS `0_supp_trans`;

CREATE TABLE `0_supp_trans` (
  `trans_no` int(11) unsigned NOT NULL DEFAULT '0',
  `type` smallint(6) unsigned NOT NULL DEFAULT '0',
  `supplier_id` int(11) unsigned DEFAULT NULL,
  `reference` tinytext COLLATE utf8_unicode_ci NOT NULL,
  `supp_reference` varchar(60) COLLATE utf8_unicode_ci NOT NULL DEFAULT '',
  `tran_date` date NOT NULL DEFAULT '0000-00-00',
  `due_date` date NOT NULL DEFAULT '0000-00-00',
  `ov_amount` double NOT NULL DEFAULT '0',
  `ov_discount` double NOT NULL DEFAULT '0',
  `ov_gst` double NOT NULL DEFAULT '0',
  `gst_wh` double NOT NULL,
  `rate` double NOT NULL DEFAULT '1',
  `alloc` double NOT NULL DEFAULT '0',
  `tax_included` tinyint(1) NOT NULL DEFAULT '0',
  `supply_disc` int(11) NOT NULL,
  `service_disc` int(11) NOT NULL,
  `fbr_disc` int(11) NOT NULL,
  `srb_disc` int(11) NOT NULL,
  `write_back` int(11) NOT NULL,
  `supply_tax_id` int(11) NOT NULL,
  `service_tax_id` int(11) NOT NULL,
  `fbr_tax_id` int(11) NOT NULL,
  `srb_tax_id` int(11) NOT NULL,
  `cheque` int(11) NOT NULL,
  `gross_rate` varchar(55) COLLATE utf8_unicode_ci NOT NULL,
  `total_` varchar(55) COLLATE utf8_unicode_ci NOT NULL,
  `cheque_date` date DEFAULT NULL,
  `text_1` varchar(50) COLLATE utf8_unicode_ci DEFAULT NULL,
  `text_2` varchar(50) COLLATE utf8_unicode_ci DEFAULT NULL,
  `text_3` varchar(50) COLLATE utf8_unicode_ci DEFAULT NULL,
  `text_4` varchar(50) COLLATE utf8_unicode_ci NOT NULL,
  `text_5` varchar(50) COLLATE utf8_unicode_ci NOT NULL,
  `opening` tinyint(1) DEFAULT NULL,
  PRIMARY KEY (`type`,`trans_no`),
  KEY `supplier_id` (`supplier_id`),
  KEY `tran_date` (`tran_date`)
) ENGINE=InnoDB DEFAULT CHARSET=utf8 COLLATE=utf8_unicode_ci ;

### Data of table `0_supp_trans` ###

INSERT INTO `0_supp_trans` VALUES
('3', '1', '2', 'BPV003/09/2017', '', '2017-09-28', '0000-00-00', '-10000', '0', '0', '0', '1', '0', '0', '0', '0', '0', '0', '0', '0', '0', '0', '0', '0', '', '', '2017-09-28', NULL, NULL, NULL, '', '', NULL),
('1', '20', '1', 'PI001/09/2017', 'dwefwde', '2017-09-13', '2017-12-12', '0', '0', '0', '0', '1', '0', '0', '0', '0', '0', '0', '0', '0', '0', '0', '0', '0', '', '', NULL, NULL, NULL, NULL, '', '', NULL),
('2', '20', '1', 'PI001/09/2017', '545', '2017-09-13', '2017-09-13', '0', '0', '0', '0', '1', '0', '0', '0', '0', '0', '0', '0', '0', '0', '0', '0', '0', '', '', NULL, NULL, NULL, NULL, '', '', NULL),
('3', '20', '1', 'PI001/09/2017', '23232', '2017-09-17', '2017-09-17', '1000', '0', '0', '0', '1', '1000', '0', '0', '0', '0', '0', '0', '0', '0', '0', '0', '0', '', '', NULL, NULL, NULL, NULL, '', '', NULL),
('4', '20', '2', 'PI002/09/2017', 'wdsdsad', '2017-09-28', '2017-09-28', '700', '0', '119', '0', '1', '819', '0', '0', '0', '0', '0', '0', '0', '0', '0', '0', '0', '', '', '0000-00-00', NULL, NULL, NULL, '', '', NULL),
('5', '20', '2', 'PI003/09/2017', '54543', '2017-09-29', '2017-09-29', '300', '0', '51', '0', '1', '351', '0', '0', '0', '0', '0', '0', '0', '0', '0', '0', '0', '', '', '0000-00-00', NULL, NULL, NULL, '', '', NULL),
('6', '20', '2', 'PI004/09/2017', '34213213', '2017-09-29', '2017-09-29', '30000', '0', '5100', '0', '1', '0', '0', '0', '0', '0', '0', '0', '0', '0', '0', '0', '0', '', '', '0000-00-00', NULL, NULL, NULL, '', '', NULL),
('7', '20', '2', 'PI005/09/2017', '321313', '2017-09-29', '2017-09-29', '3000', '0', '510', '0', '1', '0', '0', '0', '0', '0', '0', '0', '0', '0', '0', '0', '0', '', '', '0000-00-00', NULL, NULL, NULL, '', '', NULL),
('8', '20', '2', 'PI006/09/2017', '4343', '2017-09-30', '2017-09-30', '27000', '0', '4590', '0', '1', '0', '0', '0', '0', '0', '0', '0', '0', '0', '0', '0', '0', '', '', '0000-00-00', NULL, NULL, NULL, '', '', NULL),
('9', '20', '2', 'PI007/09/2017', '435', '2017-09-30', '2017-12-29', '30000', '0', '5100', '0', '1', '0', '0', '0', '0', '0', '0', '0', '0', '0', '0', '0', '0', '', '', '0000-00-00', NULL, NULL, NULL, '', '', NULL),
('10', '20', '2', 'PI001/10/2017', '4545454', '2017-10-02', '2017-10-02', '0', '0', '0', '0', '1', '0', '0', '0', '0', '0', '0', '0', '0', '0', '0', '0', '0', '', '', '0000-00-00', NULL, NULL, NULL, '', '', NULL),
('11', '20', '2', 'PI001/10/2017', '6363', '2017-10-06', '2018-01-04', '300', '0', '51', '0', '1', '0', '0', '0', '0', '0', '0', '0', '0', '0', '0', '0', '0', '', '', '0000-00-00', NULL, NULL, NULL, '', '', NULL),
('12', '20', '2', 'PI002/10/2017', '1222', '2017-10-06', '2018-01-04', '3600', '0', '612', '0', '1', '0', '0', '0', '0', '0', '0', '0', '0', '0', '0', '0', '0', '', '', '0000-00-00', NULL, NULL, NULL, '', '', NULL),
('13', '20', '8', 'PI003/10/2017', 'uhn', '2017-10-06', '2017-10-06', '0', '0', '0', '0', '1', '0', '0', '0', '0', '0', '0', '0', '0', '0', '0', '0', '0', '', '', '0000-00-00', NULL, NULL, NULL, '', '', NULL),
('14', '20', '4', 'PI004/10/2017', '80090jj', '2017-10-06', '2017-10-06', '4500', '0', '765', '0', '1', '5265', '0', '0', '0', '0', '0', '0', '0', '0', '0', '0', '0', '', '', '0000-00-00', NULL, NULL, NULL, '', '', NULL),
('15', '20', '3', 'PI005/10/2017', '999', '2017-10-07', '2017-10-07', '10500', '0', '1785', '0', '1', '12285', '0', '0', '0', '0', '0', '0', '0', '0', '0', '0', '0', '', '', '0000-00-00', NULL, NULL, NULL, '', '', NULL),
('16', '20', '4', 'PI006/10/2017', '9999', '2017-10-07', '2017-10-07', '4750', '0', '807.5', '0', '1', '5557.5', '0', '0', '0', '0', '0', '0', '0', '0', '0', '0', '0', '', '', '0000-00-00', NULL, NULL, NULL, '', '', NULL),
('17', '20', '8', 'PI007/10/2017', '7687', '2017-10-07', '2017-10-07', '5850', '0', '994.5', '0', '1', '6844.5', '0', '0', '0', '0', '0', '0', '0', '0', '0', '0', '0', '', '', '0000-00-00', NULL, NULL, NULL, '', '', NULL),
('18', '20', '9', 'PI008/10/2017', '1101237', '2017-10-07', '2017-10-07', '1567000', '0', '266390', '0', '1', '0', '0', '0', '0', '0', '0', '0', '0', '0', '0', '0', '0', '', '', '0000-00-00', NULL, NULL, NULL, '', '', NULL),
('19', '20', '9', 'PI009/10/2017', '3100209', '2017-10-07', '2018-01-05', '2722000', '0', '462740', '0', '1', '0', '0', '0', '0', '0', '0', '0', '0', '0', '0', '0', '0', '', '', '0000-00-00', NULL, NULL, NULL, '', '', NULL),
('20', '20', '2', 'PI010/10/2017', 'fwrfw', '2017-10-08', '2018-01-06', '0', '0', '0', '0', '1', '0', '0', '0', '0', '0', '0', '0', '0', '0', '0', '0', '0', '', '', '0000-00-00', NULL, NULL, NULL, '', '', NULL),
('21', '20', '2', 'PI011/10/2017', 'r234r32', '2017-10-08', '2018-01-06', '10000', '0', '1700', '0', '1', '0', '0', '0', '0', '0', '0', '0', '0', '0', '0', '0', '0', '', '', '0000-00-00', NULL, NULL, NULL, '', '', NULL),
('22', '20', '10', 'PI012/10/2017', '43222', '2017-10-09', '2017-10-09', '200000', '0', '34000', '0', '1', '0', '0', '0', '0', '0', '0', '0', '0', '0', '0', '0', '0', '', '', '0000-00-00', NULL, NULL, NULL, '', '', NULL),
('23', '20', '11', 'PI013/10/2017', '9087', '2017-10-09', '2017-10-09', '320000', '0', '0', '0', '1', '0', '0', '0', '0', '0', '0', '0', '0', '0', '0', '0', '0', '', '', '0000-00-00', NULL, NULL, NULL, '', '', NULL),
('24', '20', '12', 'PI014/10/2017', '653578', '2017-10-09', '2017-10-09', '112500', '0', '19125', '0', '1', '131625', '0', '0', '0', '0', '0', '0', '0', '0', '0', '0', '0', '', '', '0000-00-00', NULL, NULL, NULL, '', '', NULL),
('25', '20', '13', 'PI015/10/2017', '87587587', '2017-10-09', '2017-10-09', '93750', '0', '15937.5', '0', '1', '109687.5', '0', '0', '0', '0', '0', '0', '0', '0', '0', '0', '0', '', '', '0000-00-00', NULL, NULL, NULL, '', '', NULL),
('26', '20', '14', 'PI016/10/2017', '090078601', '2017-10-10', '2017-10-10', '0', '0', '0', '0', '1', '0', '0', '0', '0', '0', '0', '0', '0', '0', '0', '0', '0', '', '', '0000-00-00', NULL, NULL, NULL, '', '', NULL),
('27', '20', '14', 'PI017/10/2017', '090078601', '2017-10-10', '2017-10-10', '25000', '0', '4250', '0', '1', '29250', '0', '0', '0', '0', '0', '0', '0', '0', '0', '0', '0', '', '', '0000-00-00', NULL, NULL, NULL, '', '', NULL),
('28', '20', '14', 'PI018/10/2017', '09007687', '2017-10-10', '2017-10-10', '0', '0', '0', '0', '1', '0', '0', '0', '0', '0', '0', '0', '0', '0', '0', '0', '0', '', '', '0000-00-00', NULL, NULL, NULL, '', '', NULL),
('29', '20', '14', 'PI019/10/2017', '09007687', '2017-10-10', '2017-10-10', '25000', '0', '4250', '0', '1', '29250', '0', '0', '0', '0', '0', '0', '0', '0', '0', '0', '0', '', '', '0000-00-00', NULL, NULL, NULL, '', '', NULL),
('30', '20', '14', 'PI020/10/2017', 'yml758', '2017-10-10', '2017-10-10', '1500000', '0', '255000', '0', '1', '1755000', '0', '0', '0', '0', '0', '0', '0', '0', '0', '0', '0', '', '', '0000-00-00', NULL, NULL, NULL, '', '', NULL),
('31', '20', '15', 'PI021/10/2017', '896', '2017-10-10', '2017-10-10', '250', '0', '42.5', '0', '1', '292.5', '0', '0', '0', '0', '0', '0', '0', '0', '0', '0', '0', '', '', '0000-00-00', NULL, NULL, NULL, '', '', NULL),
('32', '20', '15', 'PI022/10/2017', '98698', '2017-10-10', '2017-10-10', '54000', '0', '9180', '0', '1', '63180', '0', '0', '0', '0', '0', '0', '0', '0', '0', '0', '0', '', '', '0000-00-00', NULL, NULL, NULL, '', '', NULL),
('33', '20', '12', 'PI023/10/2017', '9787', '2017-10-10', '2017-10-10', '50000', '0', '8500', '0', '1', '0', '0', '0', '0', '0', '0', '0', '0', '0', '0', '0', '0', '', '', '0000-00-00', NULL, NULL, NULL, '', '', NULL),
('34', '20', '12', 'PI024/10/2017', '7868', '2017-10-10', '2017-10-10', '2500', '0', '425', '0', '1', '0', '0', '0', '0', '0', '0', '0', '0', '0', '0', '0', '0', '', '', '0000-00-00', NULL, NULL, NULL, '', '', NULL),
('1', '21', '2', 'SCN001/09/2017', '34324', '2017-09-30', '2017-09-30', '-300', '0', '-51', '0', '1', '0', '0', '0', '0', '0', '0', '0', '0', '0', '0', '0', '0', '', '', '0000-00-00', NULL, NULL, NULL, '', '', NULL),
('2', '21', '2', 'SCN002/09/2017', '43434', '2017-09-30', '2017-09-30', '-30000', '0', '-5100', '0', '1', '0', '0', '0', '0', '0', '0', '0', '0', '0', '0', '0', '0', '', '', '0000-00-00', NULL, NULL, NULL, '', '', NULL),
('3', '21', '2', 'SCN003/09/2017', 'cxzcxzc', '2017-09-30', '2017-09-30', '-30000', '0', '-5100', '0', '1', '0', '0', '0', '0', '0', '0', '0', '0', '0', '0', '0', '0', '', '', '0000-00-00', NULL, NULL, NULL, '', '', NULL),
('4', '21', '2', 'SCN004/09/2017', 'dsssadsad', '2017-09-30', '2017-09-30', '-30000', '0', '-5100', '0', '1', '0', '0', '0', '0', '0', '0', '0', '0', '0', '0', '0', '0', '', '', '0000-00-00', NULL, NULL, NULL, '', '', NULL),
('5', '21', '14', 'SCN001/10/2017', '090078602', '2017-10-10', '2017-10-10', '-25000', '0', '-4250', '0', '1', '0', '0', '0', '0', '0', '0', '0', '0', '0', '0', '0', '0', '', '', '0000-00-00', NULL, NULL, NULL, '', '', NULL),
('1', '22', '1', 'SP001/09/2017', '', '2017-09-13', '2017-09-13', '-1000', '0', '0', '0', '1', '0', '0', '0', '0', '0', '0', '0', '0', '0', '0', '0', '0', '', '', NULL, NULL, NULL, NULL, '', '', NULL),
('2', '22', '1', 'SP002/09/2017', '', '2017-09-28', '2017-09-28', '-347', '0', '0', '0', '1', '400', '0', '18', '32', '1', '2', '0', '8', '10', '16', '14', '0', '', '', '2017-10-18', NULL, NULL, NULL, '', '', NULL),
('3', '22', '1', 'SP003/09/2017', '', '2017-09-28', '2017-09-28', '-253.5', '0', '0', '0', '1', '300', '0', '20', '24', '1', '2', '0', '9', '10', '16', '14', '0', '', '', '2017-10-18', NULL, NULL, NULL, '', '', NULL),
('4', '22', '1', 'SP004/09/2017', '', '2017-09-28', '2017-09-28', '-172', '0', '0', '0', '1', '200', '0', '9', '16', '1', '2', '0', '8', '10', '16', '14', '445', '', '', '2017-10-18', '5', '6', '7', '', '', NULL),
('5', '22', '1', 'SP005/09/2017', '', '2017-09-28', '2017-09-28', '-397', '0', '0', '0', '1', '400', '0', '18', '32', '1', '2', '0', '8', '10', '16', '14', '0', '', '', '2017-10-18', NULL, NULL, NULL, '', '', NULL),
('6', '22', '1', 'SP006/09/2017', '', '2017-09-28', '2017-09-28', '-82.5', '0', '0', '0', '1', '100', '0', '5', '10', '1', '2', '0', '8', '12', '16', '14', '0', '', '', '2017-10-18', NULL, NULL, NULL, '', '', NULL),
('7', '22', '1', 'SP007/09/2017', '', '2017-09-28', '2017-09-28', '-84.5', '0', '0', '0', '1', '100', '0', '5', '8', '1', '2', '0', '8', '10', '16', '14', '0', '', '', '2017-10-18', NULL, NULL, NULL, '', '', NULL),
('8', '22', '1', 'SP008/09/2017', '', '2017-09-28', '2017-09-28', '-121.25', '0', '0', '0', '1', '142', '0', '6', '11', '1', '2', '0', '8', '10', '16', '14', '0', '', '', '2017-10-18', NULL, NULL, NULL, '', '', NULL),
('9', '22', '1', 'SP009/09/2017', '', '2017-09-28', '2017-09-28', '-155', '0', '0', '0', '1', '200', '0', '2', '40', '1', '2', '0', '16', '17', '7', '9', '0', '', '', '2017-09-28', NULL, NULL, NULL, '', '', NULL),
('10', '22', '1', 'SP010/09/2017', '', '2017-09-28', '2017-09-28', '-351.5', '0', '0', '0', '1', '450', '0', '5', '90', '1', '3', '0', '16', '17', '7', '9', '0', '', '', '0000-00-00', NULL, NULL, NULL, '', '', NULL),
('11', '22', '1', 'SP011/09/2017', '', '2017-09-28', '2017-09-28', '-247.8', '0', '0', '0', '1', '320', '0', '3', '64', '2', '3', '0', '16', '17', '7', '9', '0', '', '', '0000-00-00', NULL, NULL, NULL, '', '', NULL),
('12', '22', '1', 'SP001/10/2017', '', '2017-10-02', '2017-10-02', '-346.5', '0', '0', '0', '1', '450', '0', '5', '90', '4', '5', '0', '16', '17', '7', '9', '123', '', '', '0000-00-00', NULL, NULL, NULL, '', '', NULL),
('13', '22', '1', 'SP002/10/2017', '', '2017-10-02', '2017-10-02', '-447', '0', '0', '0', '1', '450', '0', '5', '90', '1', '2', '0', '16', '17', '7', '9', '452', '', '', '0000-00-00', NULL, NULL, NULL, '', '', NULL),
('14', '22', '1', 'SP003/10/2017', '', '2017-10-02', '2017-10-02', '-313', '0', '0', '0', '1', '400', '0', '4', '80', '1', '2', '0', '16', '17', '7', '9', '785', '', '', '2017-10-02', '7', '8', '6', '', '', NULL),
('15', '22', '1', 'SP004/10/2017', '', '2017-10-02', '2017-10-02', '-326.8', '0', '0', '0', '1', '420', '0', '4', '84', '2', '3', '0', '16', '17', '7', '9', '123', '', '', '2017-10-02', '1', '2', '3', '', '', NULL),
('16', '22', '1', 'SP005/10/2017', '', '2017-10-02', '2017-10-02', '-328.8', '0', '0', '0', '1', '420', '0', '4', '84', '1', '2', '0', '16', '17', '7', '9', '21', '', '', '2017-10-02', '22', '33', '44', '', '', NULL),
('17', '22', '1', 'SP006/10/2017', '', '2017-10-02', '2017-10-02', '-328.8', '0', '0', '0', '1', '420', '0', '4', '84', '1', '2', '0', '16', '17', '7', '9', '755', '', '', '2017-10-02', '1', '4', '5', '', '', NULL),
('18', '22', '1', 'SP007/10/2017', '', '2017-10-02', '2017-10-02', '-328.8', '0', '0', '0', '1', '420', '0', '4', '84', '1', '2', '0', '16', '17', '7', '9', '1234', '', '', '2017-10-22', '2', '3', '4', '', '', NULL),
('19', '22', '1', 'SP008/10/2017', '', '2017-10-02', '2017-10-02', '-338', '0', '0', '0', '1', '450', '0', '18', '90', '2', '2', '0', '6', '17', '7', '9', '5', '', '', '2017-10-22', '5', '6', '7', '', '', NULL),
('20', '22', '1', 'SP009/10/2017', '', '2017-10-02', '2017-10-02', '-423.6', '0', '0', '0', '1', '540', '0', '5', '108', '2', '1', '0', '16', '17', '7', '9', '8', '', '', '2017-10-22', '8', '9', '10', '', '', NULL),
('21', '22', '1', 'SP010/10/2017', '', '2017-10-02', '2017-10-02', '-629', '0', '0', '0', '1', '800', '0', '8', '160', '1', '2', '0', '16', '17', '7', '9', '0', '', '', '2017-10-22', NULL, NULL, NULL, '', '', NULL),
('22', '22', '1', 'SP011/10/2017', '', '2017-10-02', '2017-10-02', '-346.8', '0', '0', '0', '1', '420', '0', '4', '63', '4', '2', '0', '16', '13', '7', '9', '7789', '', '', '2017-10-22', '7', '8', '9', '', '', NULL),
('23', '22', '1', 'SP012/10/2017', '', '2017-10-02', '2017-10-02', '-565.8', '0', '0', '0', '1', '720', '0', '7', '144', '1', '2', '0', '16', '17', '7', '9', '5', '', '', '2017-10-22', '5', '6', '7', '', '', NULL),
('24', '22', '1', 'SP013/10/2017', '', '2017-10-02', '2017-10-02', '-352.5', '0', '0', '0', '1', '450', '0', '5', '90', '1', '2', '0', '16', '17', '7', '9', '112', '', '', '2017-10-22', '1', '1', '2', '', '', NULL),
('25', '22', '1', 'SP014/10/2017', '', '2017-10-03', '2017-10-03', '-6156.51', '0', '0', '0', '1', '6156.51', '0', '246', '0', '0', '0', '0', '6', '0', '0', '0', '0', '', '', '2017-10-23', NULL, NULL, NULL, '', '', NULL),
('26', '22', '1', 'SP015/10/2017', '', '2017-10-03', '2017-10-03', '-80', '0', '0', '0', '1', '100', '0', '20', '0', '0', '0', '0', '17', '0', '0', '0', '0', '', '', '2017-10-23', NULL, NULL, NULL, '', '', NULL),
('27', '22', '8', 'SP016/10/2017', '', '2017-10-06', '2017-10-06', '-5850', '0', '0', '0', '1', '0', '0', '0', '0', '0', '0', '0', '0', '0', '0', '0', '0', '', '', '2017-10-26', NULL, NULL, NULL, '', '', NULL),
('28', '22', '3', 'SP017/10/2017', '', '2017-10-07', '2017-10-07', '-12285', '0', '0', '0', '1', '12285', '0', '0', '0', '0', '0', '0', '0', '0', '0', '0', '0', '', '', '2017-10-27', NULL, NULL, NULL, '', '', NULL),
('29', '22', '4', 'SP018/10/2017', '', '2017-10-07', '2017-10-07', '-10822.5', '0', '0', '0', '1', '10822.5', '0', '0', '0', '0', '0', '0', '0', '0', '0', '0', '0', '', '', '2017-10-27', NULL, NULL, NULL, '', '', NULL),
('30', '22', '8', 'SP019/10/2017', '', '2017-10-07', '2017-10-07', '-6844.5', '0', '0', '0', '1', '6844.5', '0', '0', '0', '0', '0', '0', '0', '0', '0', '0', '0', '', '', '2017-10-27', NULL, NULL, NULL, '', '', NULL),
('31', '22', '2', 'SP020/10/2017', '', '2017-10-07', '2017-10-07', '-624', '0', '0', '0', '1', '819', '0', '8', '164', '11', '12', '0', '16', '17', '6', '10', '0', '', '', '2017-10-27', NULL, NULL, NULL, '', '', NULL),
('32', '22', '2', 'SP021/10/2017', '', '2017-10-09', '2017-10-09', '-271', '0', '0', '0', '1', '351', '0', '70', '4', '4', '2', '0', '17', '16', '6', '10', '0', '', '', '2017-10-29', NULL, NULL, NULL, '', '', NULL),
('33', '22', '10', 'SP022/10/2017', '', '2017-10-09', '2017-10-09', '-200000', '0', '0', '0', '1', '0', '0', '0', '0', '0', '0', '0', '0', '0', '0', '0', '0', '', '', '2017-10-29', NULL, NULL, NULL, '', '', NULL),
('34', '22', '11', 'SP023/10/2017', '', '2017-10-09', '2017-10-09', '-320000', '0', '0', '0', '1', '0', '0', '0', '0', '0', '0', '0', '0', '0', '0', '0', '0', '', '', '2017-10-29', NULL, NULL, NULL, '', '', NULL),
('35', '22', '12', 'SP024/10/2017', '', '2017-10-09', '2017-10-09', '-131625', '0', '0', '0', '1', '131625', '0', '0', '0', '0', '0', '0', '0', '0', '0', '0', '0', '', '', '2017-10-29', NULL, NULL, NULL, '', '', NULL),
('36', '22', '13', 'SP025/10/2017', '', '2017-10-09', '2017-10-09', '-109687.5', '0', '0', '0', '1', '109687.5', '0', '0', '0', '0', '0', '0', '0', '0', '0', '0', '0', '', '', '2017-10-29', NULL, NULL, NULL, '', '', NULL),
('37', '22', '14', 'SP026/10/2017', '', '2017-10-10', '2017-10-10', '-29250', '0', '0', '0', '1', '29250', '0', '0', '0', '0', '0', '0', '0', '0', '0', '0', '0', '', '', '2017-10-30', NULL, NULL, NULL, '', '', NULL),
('38', '22', '14', 'SP027/10/2017', '', '2017-10-10', '2017-10-10', '-29250', '0', '0', '0', '1', '29250', '0', '0', '0', '0', '0', '0', '0', '0', '0', '0', '0', '', '', '2017-10-30', NULL, NULL, NULL, '', '', NULL),
('39', '22', '14', 'SP028/10/2017', '', '2017-10-10', '2017-10-10', '-1755000', '0', '0', '0', '1', '1755000', '0', '0', '0', '0', '0', '0', '0', '0', '0', '0', '0', '', '', '2017-10-30', NULL, NULL, NULL, '', '', NULL),
('40', '22', '15', 'SP029/10/2017', '', '2017-10-10', '2017-10-10', '-292.5', '0', '0', '0', '1', '292.5', '0', '0', '0', '0', '0', '0', '0', '0', '0', '0', '0', '', '', '2017-10-30', NULL, NULL, NULL, '', '', NULL),
('41', '22', '15', 'SP030/10/2017', '', '2017-10-10', '2017-10-10', '-63180', '0', '0', '0', '1', '63180', '0', '0', '0', '0', '0', '0', '0', '0', '0', '0', '0', '', '', '2017-10-30', NULL, NULL, NULL, '', '', NULL),
('42', '22', '15', 'SP031/10/2017', '', '2017-10-10', '2017-10-10', '-78000', '0', '0', '0', '1', '0', '0', '0', '0', '0', '0', '0', '0', '0', '0', '0', '0', '', '', '2017-10-30', NULL, NULL, NULL, '', '', NULL),
('43', '22', '15', 'SP032/10/2017', '', '2017-10-10', '2017-10-10', '-78999', '0', '0', '0', '1', '0', '0', '0', '0', '0', '0', '0', '0', '0', '0', '0', '0', '', '', '2017-10-30', NULL, NULL, NULL, '', '', NULL),
('1', '43', '1', '001/2017', '', '2017-09-13', '2017-12-12', '14228.51', '0', '0', '0', '1', '14228.51', '0', '0', '0', '0', '0', '0', '0', '0', '0', '0', '0', '', '', NULL, NULL, NULL, NULL, '', '', NULL),
('2', '43', '2', '002/2017', '', '2017-10-05', '2018-01-03', '10529.12', '0', '0', '0', '1', '0', '0', '0', '0', '0', '0', '0', '0', '0', '0', '0', '0', '', '', NULL, NULL, NULL, NULL, '', '', NULL);

### Structure of table `0_suppliers` ###

DROP TABLE IF EXISTS `0_suppliers`;

CREATE TABLE `0_suppliers` (
  `supplier_id` int(11) NOT NULL AUTO_INCREMENT,
  `supp_name` varchar(60) COLLATE utf8_unicode_ci NOT NULL DEFAULT '',
  `supp_ref` varchar(30) COLLATE utf8_unicode_ci NOT NULL DEFAULT '',
  `address` tinytext COLLATE utf8_unicode_ci NOT NULL,
  `supp_address` tinytext COLLATE utf8_unicode_ci NOT NULL,
  `gst_no` varchar(25) COLLATE utf8_unicode_ci NOT NULL DEFAULT '',
  `contact` varchar(60) COLLATE utf8_unicode_ci NOT NULL DEFAULT '',
  `supp_account_no` varchar(40) COLLATE utf8_unicode_ci NOT NULL DEFAULT '',
  `website` varchar(100) COLLATE utf8_unicode_ci NOT NULL DEFAULT '',
  `bank_account` varchar(60) COLLATE utf8_unicode_ci NOT NULL DEFAULT '',
  `curr_code` char(3) COLLATE utf8_unicode_ci DEFAULT NULL,
  `payment_terms` int(11) DEFAULT NULL,
  `tax_included` tinyint(1) NOT NULL DEFAULT '0',
  `dimension_id` int(11) DEFAULT '0',
  `dimension2_id` int(11) DEFAULT '0',
  `tax_group_id` int(11) DEFAULT NULL,
  `credit_limit` double NOT NULL DEFAULT '0',
  `purchase_account` varchar(15) COLLATE utf8_unicode_ci NOT NULL DEFAULT '',
  `payable_account` varchar(15) COLLATE utf8_unicode_ci NOT NULL DEFAULT '',
  `payment_discount_account` varchar(15) COLLATE utf8_unicode_ci NOT NULL DEFAULT '',
  `notes` tinytext COLLATE utf8_unicode_ci NOT NULL,
  `ntn_no` varchar(40) COLLATE utf8_unicode_ci NOT NULL,
  `inactive` tinyint(1) NOT NULL DEFAULT '0',
  PRIMARY KEY (`supplier_id`),
  KEY `supp_ref` (`supp_ref`)
) ENGINE=InnoDB AUTO_INCREMENT=16 DEFAULT CHARSET=utf8 COLLATE=utf8_unicode_ci ;

### Data of table `0_suppliers` ###

INSERT INTO `0_suppliers` VALUES
('1', 'Test Supplier', 'Test Supplier', '', '', '', '', '', '', '', 'PKR', '5', '0', '0', '0', '2', '0', '', '2011', '5016', '', '0', '0'),
('2', 'danish', 'danish', '', '', '', '', '', '', '', 'PKR', '5', '0', '0', '0', '1', '0', '', '2011', '5016', '', '0', '0'),
('3', 'Farhan Khawaja', 'Farhan', '', '', '9087', '', '', '', '', 'PKR', '5', '0', '0', '0', '1', '0', '', '2011', '5016', '', '9829348-9', '0'),
('4', 'Joao Pessoa', 'Joao', '', '', '0924358', '', '', '', '', 'PKR', '5', '0', '0', '0', '1', '0', '', '2011', '5016', '', '0239489-234', '0'),
('8', 'Fernanda Chaves', 'Fernanda', '', '', '98409580394', '', '', '', '', 'PKR', '5', '0', '0', '0', '1', '0', '', '2011', '5016', '', '034958034-8', '0'),
('9', 'HONDA ATLAS CARS PAKISTAN LIMITED', 'HACPL', '', '', '12-12-1234-4565-19', '', 'k01', 'hondapk.com', '', 'PKR', '5', '0', '0', '0', '1', '0', '', '2019', '5016', '', '132135-1', '0'),
('10', 'Daniyal Khan', 'Daniyal', '', '', '12345678', '', '', '', '', 'PKR', '5', '0', '0', '0', '1', '0', '', '2011', '5016', '', '0', '0'),
('11', 'Mirza Khan', 'Mirza', '', '', '23435235', '', '', '', '', 'PKR', '5', '0', '0', '0', '1', '0', '', '2011', '5016', '', '0', '0'),
('12', 'Anas Ahmed', 'Anas', '', '', '23423897', '', '', '', '', 'PKR', '5', '0', '0', '0', '1', '0', '', '2011', '5016', '', '0', '0'),
('13', 'Talha Faraz', 'Talha', '', '', '67823432', '', '', '', '', 'PKR', '5', '0', '0', '0', '1', '0', '', '2011', '5016', '', '0', '0'),
('14', 'Tabish Raza', 'Tabish', '', '', '234987568', '', '', '', '', 'PKR', '3', '0', '0', '0', '1', '0', '', '2011', '5016', '', '', '0'),
('15', 'Eden Rose', 'Eden', 'Florianopolis Plaza', '', '89237457', '', '', '', '', 'PKR', '5', '0', '0', '0', '1', '0', '', '2011', '5016', '', '0', '0');

### Structure of table `0_sys_pay_pref_new` ###

DROP TABLE IF EXISTS `0_sys_pay_pref_new`;

CREATE TABLE `0_sys_pay_pref_new` (
  `name` varchar(35) NOT NULL,
  `account` tinytext NOT NULL,
  `text_name` varchar(60) NOT NULL,
  `default_value` varchar(50) NOT NULL
) ENGINE=InnoDB DEFAULT CHARSET=latin1 ;

### Data of table `0_sys_pay_pref_new` ###

INSERT INTO `0_sys_pay_pref_new` VALUES
('Landing_Amt', '1021', 'Landing Amount', '1'),
('INS_Amt', '1021', 'INS Amount', '1'),
('F_E_D_Amt', '1021', 'FED Amount', '8'),
('Duty_Amt', '1021', 'Duty Amount', '5'),
('S_T_Amt', '1021', 'Sales Tax Amount', '17'),
('I_Tax_Amt', '1021', 'Income tax Amount', '5.5'),
('Add_S_T_Amt', '1021', 'Additional Tax', ''),
('Other_Expense', '1021', 'Other Expense', ''),
('add_income_tax', '1060', ' Advance Income Tax ', '');

### Structure of table `0_sys_prefs` ###

DROP TABLE IF EXISTS `0_sys_prefs`;

CREATE TABLE `0_sys_prefs` (
  `name` varchar(35) COLLATE utf8_unicode_ci NOT NULL DEFAULT '',
  `category` varchar(30) COLLATE utf8_unicode_ci DEFAULT NULL,
  `type` varchar(20) COLLATE utf8_unicode_ci NOT NULL DEFAULT '',
  `length` smallint(6) DEFAULT NULL,
  `value` text COLLATE utf8_unicode_ci NOT NULL,
  PRIMARY KEY (`name`),
  KEY `category` (`category`)
) ENGINE=InnoDB DEFAULT CHARSET=utf8 COLLATE=utf8_unicode_ci ;

### Data of table `0_sys_prefs` ###

INSERT INTO `0_sys_prefs` VALUES
('accounts_alpha', 'glsetup.general', 'tinyint', '1', '0'),
('accumulate_shipping', 'glsetup.customer', 'tinyint', '1', '0'),
('add_pct', 'setup.company', 'int', '5', '0'),
('allow_negative_prices', 'glsetup.inventory', 'tinyint', '1', '1'),
('allow_negative_stock', 'glsetup.inventory', 'tinyint', '1', '1'),
('alt_uom', 'gl_setup.general', 'tinyint', '1', '1'),
('alternative_tax_include_on_docs', 'setup.company', 'tinyint', '1', ''),
('auto_curr_reval', 'setup.company', 'smallint', '6', ''),
('bank_account', 'setup.company', 'varchar', '40', ''),
('bank_charge_act', 'glsetup.general', 'varchar', '15', '5036'),
('bank_details', 'setup.company', 'tinytext', '0', ''),
('base_sales', 'setup.company', 'int', '11', '1'),
('bcc_email', 'setup.company', 'varchar', '100', ''),
('company_logo_report', 'setup.company', 'tinyint', '1', '0'),
('coy_logo', 'setup.company', 'varchar', '100', ''),
('coy_name', 'setup.company', 'varchar', '60', 'Midtrans'),
('coy_no', 'setup.company', 'varchar', '25', ''),
('creditors_act', 'glsetup.purchase', 'varchar', '15', '2011'),
('curr_default', 'setup.company', 'char', '3', 'PKR'),
('date', 'setup.company', 'int', '11', '0'),
('debtors_act', 'glsetup.sales', 'varchar', '15', '1013'),
('default_adj_act', 'glsetup.items', 'varchar', '15', '5014'),
('default_cogs_act', 'glsetup.items', 'varchar', '15', '5011'),
('default_credit_limit', 'glsetup.customer', 'int', '11', '0'),
('default_delivery_required', 'glsetup.sales', 'smallint', '6', '1'),
('default_dim_required', 'glsetup.dims', 'int', '11', '20'),
('default_inv_sales_act', 'glsetup.items', 'varchar', '15', '4011'),
('default_inventory_act', 'glsetup.items', 'varchar', '15', '1021'),
('default_loss_on_asset_disposal_act', 'glsetup.items', 'varchar', '15', '5014'),
('default_prompt_payment_act', 'glsetup.sales', 'varchar', '15', '4025'),
('default_quote_valid_days', 'glsetup.sales', 'smallint', '6', '30'),
('default_receival_required', 'glsetup.purchase', 'smallint', '6', '10'),
('default_sales_act', 'glsetup.sales', 'varchar', '15', ''),
('default_sales_discount_act', 'glsetup.sales', 'varchar', '15', '4025'),
('default_wip_act', 'glsetup.items', 'varchar', '15', '1023'),
('default_workorder_required', 'glsetup.manuf', 'int', '11', '20'),
('deferred_income_act', 'glsetup.sales', 'varchar', '15', '4022'),
('depreciation_period', 'glsetup.company', 'tinyint', '1', '1'),
('discount_algorithm', 'glsetup.sales', 'INT', '11', '7'),
('discount1', 'glsetup.sales', 'varchar', '15', '4025'),
('discount2', 'glsetup.sales', 'varchar', '15', '4025'),
('domicile', 'setup.company', 'varchar', '55', ''),
('email', 'setup.company', 'varchar', '100', 'info@dys-solutions.com'),
('exchange_diff_act', 'glsetup.general', 'varchar', '15', '4023'),
('f_year', 'setup.company', 'int', '11', '3'),
('fax', 'setup.company', 'varchar', '30', ''),
('freight_act', 'glsetup.customer', 'varchar', '15', '4021'),
('gl_closing_date', 'setup.closing_date', 'date', '8', '2017-07-01'),
('grn_clearing_act', 'glsetup.purchase', 'varchar', '15', ''),
('gst_no', 'setup.company', 'varchar', '25', ''),
('hide_prices_grn', 'glsetup.purchase', 'tinyint', '1', ''),
('legal_text', 'glsetup.customer', 'tinytext', '0', ''),
('loc_notification', 'glsetup.inventory', 'tinyint', '1', '1'),
('login_tout', 'setup.company', 'smallint', '6', '2000'),
('logo_h', 'setup.company', 'varchar', '30', '100'),
('logo_w', 'setup.company', 'varchar', '30', '100'),
('no_customer_list', 'setup.company', 'tinyint', '1', '0'),
('no_item_list', 'setup.company', 'tinyint', '1', '0'),
('no_supplier_list', 'setup.company', 'tinyint', '1', '0'),
('no_zero_lines_amount', 'glsetup.sales', 'tinyint', '1', '1'),
('past_due_days', 'glsetup.general', 'int', '11', '30'),
('phone', 'setup.company', 'varchar', '30', ''),
('po_over_charge', 'glsetup.purchase', 'int', '11', '10'),
('po_over_receive', 'glsetup.purchase', 'int', '11', '10'),
('postal_address', 'setup.company', 'tinytext', '0', ''),
('print_invoice_no', 'glsetup.sales', 'tinyint', '1', '0'),
('print_item_images_on_quote', 'glsetup.inventory', 'tinyint', '1', ''),
('profit_loss_year_act', 'glsetup.general', 'varchar', '15', '5030'),
('pyt_discount_act', 'glsetup.purchase', 'varchar', '15', '5016'),
('retained_earnings_act', 'glsetup.general', 'varchar', '15', '3021'),
('round_to', 'setup.company', 'int', '5', '1'),
('shortname_name_in_list', 'setup.company', 'tinyint', '1', '1'),
('show_doc_ref', 'glsetup.purchase', 'tinyint', '1', ''),
('show_po_item_codes', 'glsetup.purchase', 'tinyint', '1', ''),
('show_prices_dn', 'glsetup.purchase', 'tinyint', '1', ''),
('suppress_tax_rates', 'setup.company', 'tinyint', '1', ''),
('tax_algorithm', 'glsetup.customer', 'tinyint', '1', '1'),
('tax_last', 'setup.company', 'int', '11', '1'),
('tax_prd', 'setup.company', 'int', '11', '1'),
('time_zone', 'setup.company', 'tinyint', '1', '0'),
('use_dimension', 'setup.company', 'tinyint', '1', '2'),
('use_fixed_assets', 'setup.company', 'tinyint', '1', '1'),
('use_manufacturing', 'setup.company', 'tinyint', '1', '1'),
('version_id', 'system', 'varchar', '11', '2.4.1');

### Structure of table `0_sys_prefs_new` ###

DROP TABLE IF EXISTS `0_sys_prefs_new`;

CREATE TABLE `0_sys_prefs_new` (
  `name` varchar(50) CHARACTER SET utf8mb4 COLLATE utf8mb4_unicode_ci NOT NULL DEFAULT '',
  `value` text CHARACTER SET utf8mb4 COLLATE utf8mb4_unicode_ci NOT NULL
) ENGINE=InnoDB DEFAULT CHARSET=latin1 ;

### Data of table `0_sys_prefs_new` ###

INSERT INTO `0_sys_prefs_new` VALUES
('sales_quotation', '1'),
('sale_order_entry', '1'),
('delivery_against', '1'),
('customer_credit_note', '1'),
('invoice_against', '1'),
('direct_invoice', '1'),
('customer_payment', '1'),
('allocate', '1'),
('sales_quotation_inquiry', '1'),
('sale_order_inquiry', '1'),
('customer_inquiry', '1'),
('customer_allocate_inquiry', '1'),
('sales_reports', '1'),
('manage_customer', '1'),
('customer_branches', '1'),
('sales_group', '1'),
('sales_type', '1'),
('sales_persons', '1'),
('sales_areas', '1'),
('wht_types', '1'),
('purchase_order', '1'),
('opom', '1'),
('direct_supplier_invoice', '1'),
('payments_suppliers', '1'),
('supplier_invoice', '1'),
('supplier_credit', '1'),
('allocates', '1'),
('purchase_order_inquiry', '1'),
('supplier_transaction_inquiry', '1'),
('allocate_inquiry', '1'),
('suppliers', '1'),
('supplier_reports', '1'),
('inventry_location', '1'),
('inventory_adjustments', '1'),
('inventory_item_movemnets', '1'),
('inventory_item_status', '1'),
('inventory_reports', '1'),
('items', '1'),
('foreign_item_codes', '1'),
('sales_kits', '1'),
('item_categories', '1'),
('inventory_locations', '1'),
('unit_measure', '1'),
('recorder_levels', '1'),
('import_csv', '1'),
('sales_pricing', '1'),
('purchase_pricing', '1'),
('standard_cost', '1'),
('bank_payments_voucher', '1'),
('bank_deposit_voucher', '1'),
('cash_payments_voucher', '1'),
('cash_receipt_voucher', '1'),
('bank_account_transfer', '1'),
('reconcile_account', '1'),
('gl', '1'),
('bank_account_inquiry', '1'),
('tax_inquiry', '1'),
('trial_balance', '1'),
('banking_reports', '1'),
('general_ledger', '1'),
('bank_account', '1'),
('quick_entries', '1'),
('account_tag', '1'),
('gl_account', '1'),
('gl_account_group', '1'),
('closing1', ''),
('journal_inquiry', '1'),
('company_setup', '1'),
('user_account_setup', '1'),
('access_setup', '1'),
('user_location', '1'),
('display_setup', '1'),
('transaction_ref', '1'),
('taxes', '1'),
('tax_group', '1'),
('item_tax_type', '1'),
('system_gl', '1'),
('fiscal_years', '1'),
('print_profile', '1'),
('payment_terms', '1'),
('shipping_company', '1'),
('point_sale', '1'),
('void_transaction', '1'),
('print_transaction', '1'),
('backup', '1'),
('drill_balance', '1'),
('pf_drill', '1'),
('delivery_against_text', 'Delivery Against Sales Orders'),
('invoice_against_text', 'Invoice Against Sales Delivery'),
('direct_invoice_text', 'Direct Invoice'),
('customer_payment_text', 'Customer Payments'),
('customer_credit_note_text', 'Customer Credit Note'),
('allocate_text', 'Allocate Customer Payments Or Credit Notes'),
('sales_quotation_inquiry_text', 'Sale Quotation Inquiry'),
('sale_order_inquiry_text', 'Sale Order Inquiry'),
('customer_inquiry_text', 'Customer Transaction Inquiry'),
('customer_allocate_inquiry_text', 'Customer Allocate Inquiry'),
('sales_reports_text', 'Customer And Sales Reports'),
('manage_customer_text', 'Add And Manage Customer'),
('customer_branches_text', 'Customer Branches'),
('sales_group_text', 'Sales Groups'),
('sales_type_text', 'Sales Type'),
('sales_persons_text', 'Sales Persons'),
('sales_areas_text', 'Sales Areas'),
('wht_types_text', 'WHT Types'),
('purchase_order_text', 'Purchase Order Entry'),
('opom_text', 'GRN against PO'),
('direct_supplier_invoice_text', 'Direct Supplier Invoice'),
('payments_suppliers_text', 'Payments To Suppliers'),
('supplier_invoice_text', 'Supplier Invoices'),
('supplier_credit_text', 'Supplier Credit Notes'),
('allocates_text', 'Allocate Supplier Payments Or Credit Notes'),
('purchase_order_inquiry_text', 'Purchase Order Inquiry'),
('supplier_transaction_inquiry_text', 'Supplier Transaction Inquiry'),
('allocate_inquiry_text', 'Supplier Allocation Inquiry'),
('supplier_reports_text', 'Supplier And Purchasing Reports'),
('suppliers_text', 'Suppliers'),
('inventry_location_text', 'Inventory Location Transfer'),
('inventory_adjustments_text', 'Inventory Adjustments'),
('inventory_item_movemnets_text', 'Inventory Item Movements'),
('inventory_item_status_text', 'Inventory Item Status'),
('inventory_reports_text', 'Inventory Reports'),
('items_text', 'Items'),
('foreign_item_codes_text', 'Foreign Item Codes'),
('sales_kits_text', 'Sales Kits'),
('item_categories_text', 'Item Categories'),
('inventory_locations_text', 'Inventory Locations'),
('unit_measure_text', 'Units Of Measure'),
('recorder_levels_text', 'Recorder levels'),
('import_csv_text', 'Import CSV Items'),
('sales_pricing_text', 'Sales Pricing'),
('purchase_pricing_text', 'Purchasing Pricing'),
('standard_cost_text', 'Standard Costs'),
('bank_payments_voucher_text', 'Bank Payments Voucher'),
('bank_deposit_voucher_text', 'Bank Deposits Voucher'),
('cash_payments_voucher_text', 'Cash Payment Voucher'),
('cash_receipt_voucher_text', 'Cash Receipt Voucher'),
('bank_account_transfer_text', 'Bank Account Transfer'),
('journal_entry_text', 'Journal Entry'),
('reconcile_account_text', 'Reconcile Bank Account'),
('journal_inquiry_text', 'Journal Inquiry'),
('gl_text', 'GL Inquiry'),
('bank_account_inquiry_text', 'Bank Account Inquiry'),
('tax_inquiry_text', 'Tax Inquiry'),
('trial_balance_text', 'Trial Balance'),
('pf_drill_text', 'Profit and Loss Drilldown'),
('drill_balance_text', 'Balance Sheet drilldown'),
('banking_reports_text', 'Banking Reports'),
('general_ledger_text', 'General Ledger Reports'),
('bank_account_text', 'Bank Account'),
('quick_entries_text', 'Quick Entries'),
('account_tag_text', 'Account Tags'),
('gl_account_text', 'GL Accounts'),
('gl_account_group_text', 'GL Account Groups'),
('closing_text1', ''),
('company_setup_text', 'Company Setup'),
('access_setup_text', 'Access Setup'),
('user_location_text', 'User Locations Access'),
('display_setup_text', 'Display Setup'),
('transaction_ref_text', 'Transaction References'),
('taxes_text', 'Taxes'),
('tax_group_text', 'Tax Group'),
('item_tax_type_text', 'Item Tax Type'),
('system_gl_text', 'System and General GL Setup'),
('fiscal_years_text', 'Fiscal Years'),
('print_profile_text', 'Print Profiles'),
('payment_terms_text', 'Payment Terms'),
('shipping_company_text', 'Shipping Company'),
('point_sale_text', 'Points Of Sale'),
('void_transaction_text', 'Void a Transaction'),
('print_transaction_text', 'View Or Print Transactions'),
('backup_text', 'Backup And Restore'),
('sales_quotation_text', 'Sale Quotation Entry'),
('sales_quotation', '1'),
('revaluation', '1'),
('closing', '1'),
('exchange_rates', '1'),
('currencies', '1'),
('revenue_cost', '1'),
('reconcile_account', '1'),
('gl_account_classes', '1'),
('revaluation_text', 'Revaluation'),
('closing_text', 'Closing GL Transactions'),
('exchange_rates_text', 'Exchange Rates'),
('currencies_text', 'Currencies'),
('revenue_cost_text', 'Revenue Cost'),
('reconcile_account_text', 'Reconcile Bank Account'),
('gl_account_classes_text', 'GL Account CLasses'),
('sale_order_entry_text', 'Sale Order Entry'),
('journal_entry', '1'),
('user_account_setup_text', 'User Account Setup'),
('invoice_prepaid_order_text', 'Invoice Prepaid Orders'),
('invoice_prepaid_order', '1'),
('sales_quotation', '1'),
('sale_order_entry', '1'),
('delivery_against', '1'),
('customer_credit_note', '1'),
('invoice_against', '1'),
('direct_invoice', '1'),
('customer_payment', '1'),
('allocate', '1'),
('sales_quotation_inquiry', '1'),
('sale_order_inquiry', '1'),
('customer_inquiry', '1'),
('customer_allocate_inquiry', '1'),
('sales_reports', '1'),
('manage_customer', '1'),
('customer_branches', '1'),
('sales_group', '1'),
('sales_type', '1'),
('sales_persons', '1'),
('sales_areas', '1'),
('wht_types', '1'),
('purchase_order', '1'),
('opom', '1'),
('direct_supplier_invoice', '1'),
('payments_suppliers', '1'),
('supplier_invoice', '1'),
('supplier_credit', '1'),
('allocates', '1'),
('purchase_order_inquiry', '1'),
('supplier_transaction_inquiry', '1'),
('allocate_inquiry', '1'),
('suppliers', '1'),
('supplier_reports', '1'),
('inventry_location', '1'),
('inventory_adjustments', '1'),
('inventory_item_movemnets', '1'),
('inventory_item_status', '1'),
('inventory_reports', '1'),
('items', '1'),
('foreign_item_codes', '1'),
('sales_kits', '1'),
('item_categories', '1'),
('inventory_locations', '1'),
('unit_measure', '1'),
('recorder_levels', '1'),
('import_csv', '1'),
('sales_pricing', '1'),
('purchase_pricing', '1'),
('standard_cost', '1'),
('bank_payments_voucher', '1'),
('bank_deposit_voucher', '1'),
('cash_payments_voucher', '1'),
('cash_receipt_voucher', '1'),
('bank_account_transfer', '1'),
('reconcile_account', '1'),
('gl', '1'),
('bank_account_inquiry', '1'),
('tax_inquiry', '1'),
('trial_balance', '1'),
('banking_reports', '1'),
('general_ledger', '1'),
('bank_account', '1'),
('quick_entries', '1'),
('account_tag', '1'),
('gl_account', '1'),
('gl_account_group', '1'),
('closing1', ''),
('journal_inquiry', '1'),
('company_setup', '1'),
('user_account_setup', '1'),
('access_setup', '1'),
('user_location', '1'),
('display_setup', '1'),
('transaction_ref', '1'),
('taxes', '1'),
('tax_group', '1'),
('item_tax_type', '1'),
('system_gl', '1'),
('fiscal_years', '1'),
('print_profile', '1'),
('payment_terms', '1'),
('shipping_company', '1'),
('point_sale', '1'),
('void_transaction', '1'),
('print_transaction', '1'),
('backup', '1'),
('drill_balance', '1'),
('pf_drill', '1'),
('delivery_against_text', 'Delivery Against Sales Orders'),
('invoice_against_text', 'Invoice Against Sales Delivery'),
('direct_invoice_text', 'Direct Invoice'),
('customer_payment_text', 'Customer Payments'),
('customer_credit_note_text', 'Customer Credit Note'),
('allocate_text', 'Allocate Customer Payments Or Credit Notes'),
('sales_quotation_inquiry_text', 'Sale Quotation Inquiry'),
('sale_order_inquiry_text', 'Sale Order Inquiry'),
('customer_inquiry_text', 'Customer Transaction Inquiry'),
('customer_allocate_inquiry_text', 'Customer Allocate Inquiry'),
('sales_reports_text', 'Customer And Sales Reports'),
('manage_customer_text', 'Add And Manage Customer'),
('customer_branches_text', 'Customer Branches'),
('sales_group_text', 'Sales Groups'),
('sales_type_text', 'Sales Type'),
('sales_persons_text', 'Sales Persons'),
('sales_areas_text', 'Sales Areas'),
('wht_types_text', 'WHT Types'),
('purchase_order_text', 'Purchase Order Entry'),
('opom_text', 'GRN against PO'),
('direct_supplier_invoice_text', 'Direct Supplier Invoice'),
('payments_suppliers_text', 'Payments To Suppliers'),
('supplier_invoice_text', 'Supplier Invoices'),
('supplier_credit_text', 'Supplier Credit Notes'),
('allocates_text', 'Allocate Supplier Payments Or Credit Notes'),
('purchase_order_inquiry_text', 'Purchase Order Inquiry'),
('supplier_transaction_inquiry_text', 'Supplier Transaction Inquiry'),
('allocate_inquiry_text', 'Supplier Allocation Inquiry'),
('supplier_reports_text', 'Supplier And Purchasing Reports'),
('suppliers_text', 'Suppliers'),
('inventry_location_text', 'Inventory Location Transfer'),
('inventory_adjustments_text', 'Inventory Adjustments'),
('inventory_item_movemnets_text', 'Inventory Item Movements'),
('inventory_item_status_text', 'Inventory Item Status'),
('inventory_reports_text', 'Inventory Reports'),
('items_text', 'Items'),
('foreign_item_codes_text', 'Foreign Item Codes'),
('sales_kits_text', 'Sales Kits'),
('item_categories_text', 'Item Categories'),
('inventory_locations_text', 'Inventory Locations'),
('unit_measure_text', 'Units Of Measure'),
('recorder_levels_text', 'Recorder levels'),
('import_csv_text', 'Import CSV Items'),
('sales_pricing_text', 'Sales Pricing'),
('purchase_pricing_text', 'Purchasing Pricing'),
('standard_cost_text', 'Standard Costs'),
('bank_payments_voucher_text', 'Bank Payments Voucher'),
('bank_deposit_voucher_text', 'Bank Deposits Voucher'),
('cash_payments_voucher_text', 'Cash Payment Voucher'),
('cash_receipt_voucher_text', 'Cash Receipt Voucher'),
('bank_account_transfer_text', 'Bank Account Transfer'),
('journal_entry_text', 'Journal Entry'),
('reconcile_account_text', 'Reconcile Bank Account'),
('journal_inquiry_text', 'Journal Inquiry'),
('gl_text', 'GL Inquiry'),
('bank_account_inquiry_text', 'Bank Account Inquiry'),
('tax_inquiry_text', 'Tax Inquiry'),
('trial_balance_text', 'Trial Balance'),
('pf_drill_text', 'Profit and Loss Drilldown'),
('drill_balance_text', 'Balance Sheet drilldown'),
('banking_reports_text', 'Banking Reports'),
('general_ledger_text', 'General Ledger Reports'),
('bank_account_text', 'Bank Account'),
('quick_entries_text', 'Quick Entries'),
('account_tag_text', 'Account Tags'),
('gl_account_text', 'GL Accounts'),
('gl_account_group_text', 'GL Account Groups'),
('closing_text1', ''),
('company_setup_text', 'Company Setup'),
('access_setup_text', 'Access Setup'),
('user_location_text', 'User Locations Access'),
('display_setup_text', 'Display Setup'),
('transaction_ref_text', 'Transaction References'),
('taxes_text', 'Taxes'),
('tax_group_text', 'Tax Group'),
('item_tax_type_text', 'Item Tax Type'),
('system_gl_text', 'System and General GL Setup'),
('fiscal_years_text', 'Fiscal Years'),
('print_profile_text', 'Print Profiles'),
('payment_terms_text', 'Payment Terms'),
('shipping_company_text', 'Shipping Company'),
('point_sale_text', 'Points Of Sale'),
('void_transaction_text', 'Void a Transaction'),
('print_transaction_text', 'View Or Print Transactions'),
('backup_text', 'Backup And Restore'),
('sales_quotation_text', 'Sale Quotation Entry'),
('sales_quotation', '1'),
('revaluation', '1'),
('closing', '1'),
('exchange_rates', '1'),
('currencies', '1'),
('revenue_cost', '1'),
('reconcile_account', '1'),
('gl_account_classes', '1'),
('revaluation_text', 'Revaluation'),
('closing_text', 'Closing GL Transactions'),
('exchange_rates_text', 'Exchange Rates'),
('currencies_text', 'Currencies'),
('revenue_cost_text', 'Revenue Cost'),
('reconcile_account_text', 'Reconcile Bank Account'),
('gl_account_classes_text', 'GL Account CLasses'),
('sale_order_entry_text', 'Sale Order Entry'),
('journal_entry', '1'),
('user_account_setup_text', 'User Account Setup'),
('complete_voucher_text', 'Voucher Inquiry'),
('complete_voucher', '1'),
('invoice_prepaid_order', '1'),
('invoice_prepaid_order_text', 'Invoice Prepaid Orders');

### Structure of table `0_sys_types` ###

DROP TABLE IF EXISTS `0_sys_types`;

CREATE TABLE `0_sys_types` (
  `type_id` smallint(6) NOT NULL DEFAULT '0',
  `type_no` int(11) NOT NULL DEFAULT '1',
  `next_reference` varchar(100) COLLATE utf8_unicode_ci NOT NULL DEFAULT '',
  PRIMARY KEY (`type_id`)
) ENGINE=InnoDB DEFAULT CHARSET=utf8 COLLATE=utf8_unicode_ci ;

### Data of table `0_sys_types` ###

INSERT INTO `0_sys_types` VALUES
('0', '17', 'JV0001'),
('1', '7', 'BPV0001'),
('2', '4', 'BRV0001'),
('4', '3', 'FTV0001'),
('10', '16', 'SI0001'),
('11', '2', 'CCN001'),
('12', '6', 'CRV0001'),
('13', '1', 'DN001'),
('16', '2', 'LT001'),
('17', '2', 'IA01'),
('18', '1', 'PO0001'),
('20', '6', 'SI1511'),
('21', '1', 'SCN001'),
('22', '3', 'SP001'),
('25', '1', 'GRN001'),
('26', '1', 'WO001'),
('28', '1', 'WO001'),
('29', '1', 'WOP001'),
('30', '0', 'SO001'),
('32', '0', 'SQ001'),
('35', '1', 'CU001'),
('40', '1', 'D01'),
('41', '1', 'CPV001'),
('42', '1', 'CRV001');

### Structure of table `0_tag_associations` ###

DROP TABLE IF EXISTS `0_tag_associations`;

CREATE TABLE `0_tag_associations` (
  `record_id` varchar(15) COLLATE utf8_unicode_ci NOT NULL,
  `tag_id` int(11) NOT NULL,
  UNIQUE KEY `record_id` (`record_id`,`tag_id`)
) ENGINE=InnoDB DEFAULT CHARSET=utf8 COLLATE=utf8_unicode_ci ;

### Data of table `0_tag_associations` ###


### Structure of table `0_tags` ###

DROP TABLE IF EXISTS `0_tags`;

CREATE TABLE `0_tags` (
  `id` int(11) NOT NULL AUTO_INCREMENT,
  `type` smallint(6) NOT NULL,
  `name` varchar(30) COLLATE utf8_unicode_ci NOT NULL,
  `description` varchar(60) COLLATE utf8_unicode_ci DEFAULT NULL,
  `inactive` tinyint(1) NOT NULL DEFAULT '0',
  PRIMARY KEY (`id`),
  UNIQUE KEY `type` (`type`,`name`)
) ENGINE=InnoDB DEFAULT CHARSET=utf8 COLLATE=utf8_unicode_ci ;

### Data of table `0_tags` ###


### Structure of table `0_tax_group_items` ###

DROP TABLE IF EXISTS `0_tax_group_items`;

CREATE TABLE `0_tax_group_items` (
  `tax_group_id` int(11) NOT NULL DEFAULT '0',
  `tax_type_id` int(11) NOT NULL DEFAULT '0',
  `tax_shipping` tinyint(1) NOT NULL DEFAULT '0',
  PRIMARY KEY (`tax_group_id`,`tax_type_id`)
) ENGINE=InnoDB DEFAULT CHARSET=utf8 COLLATE=utf8_unicode_ci ;

### Data of table `0_tax_group_items` ###

INSERT INTO `0_tax_group_items` VALUES
('1', '1', '1');

### Structure of table `0_tax_groups` ###

DROP TABLE IF EXISTS `0_tax_groups`;

CREATE TABLE `0_tax_groups` (
  `id` int(11) NOT NULL AUTO_INCREMENT,
  `name` varchar(60) COLLATE utf8_unicode_ci NOT NULL DEFAULT '',
  `inactive` tinyint(1) NOT NULL DEFAULT '0',
  PRIMARY KEY (`id`),
  UNIQUE KEY `name` (`name`)
) ENGINE=InnoDB AUTO_INCREMENT=3 DEFAULT CHARSET=utf8 COLLATE=utf8_unicode_ci ;

### Data of table `0_tax_groups` ###

INSERT INTO `0_tax_groups` VALUES
('1', 'Tax', '0'),
('2', 'Tax Exempt', '0');

### Structure of table `0_tax_types` ###

DROP TABLE IF EXISTS `0_tax_types`;

CREATE TABLE `0_tax_types` (
  `id` int(11) NOT NULL AUTO_INCREMENT,
  `rate` double NOT NULL DEFAULT '0',
  `sales_gl_code` varchar(15) COLLATE utf8_unicode_ci NOT NULL DEFAULT '',
  `purchasing_gl_code` varchar(15) COLLATE utf8_unicode_ci NOT NULL DEFAULT '',
  `name` varchar(60) COLLATE utf8_unicode_ci NOT NULL DEFAULT '',
  `inactive` tinyint(1) NOT NULL DEFAULT '0',
  PRIMARY KEY (`id`)
) ENGINE=InnoDB AUTO_INCREMENT=2 DEFAULT CHARSET=utf8 COLLATE=utf8_unicode_ci ;

### Data of table `0_tax_types` ###

INSERT INTO `0_tax_types` VALUES
('1', '17', '2013', '2014', 'Tax', '0');

### Structure of table `0_trans_tax_details` ###

DROP TABLE IF EXISTS `0_trans_tax_details`;

CREATE TABLE `0_trans_tax_details` (
  `id` int(11) NOT NULL AUTO_INCREMENT,
  `trans_type` smallint(6) DEFAULT NULL,
  `trans_no` int(11) DEFAULT NULL,
  `tran_date` date NOT NULL,
  `tax_type_id` int(11) NOT NULL DEFAULT '0',
  `rate` double NOT NULL DEFAULT '0',
  `ex_rate` double NOT NULL DEFAULT '1',
  `included_in_price` tinyint(1) NOT NULL DEFAULT '0',
  `net_amount` double NOT NULL DEFAULT '0',
  `amount` double NOT NULL DEFAULT '0',
  `memo` tinytext COLLATE utf8_unicode_ci,
  `reg_type` tinyint(1) DEFAULT NULL,
  PRIMARY KEY (`id`),
  KEY `Type_and_Number` (`trans_type`,`trans_no`),
  KEY `tran_date` (`tran_date`)
) ENGINE=InnoDB AUTO_INCREMENT=197 DEFAULT CHARSET=utf8 COLLATE=utf8_unicode_ci ;

### Data of table `0_trans_tax_details` ###

INSERT INTO `0_trans_tax_details` VALUES
('1', '20', '1', '2017-09-13', '0', '0', '1', '0', '0', '0', 'dwefwde', '1'),
('2', '13', '1', '2017-09-13', '1', '0', '1', '0', '1000', '0', 'DN001/09/2017', NULL),
('3', '10', '1', '2017-09-13', '1', '0', '1', '0', '1000', '0', 'SI001/09/2017', '0'),
('4', '20', '2', '2017-09-13', '0', '0', '1', '0', '0', '0', '545', '1'),
('5', '13', '2', '2017-09-13', '1', '0', '1', '0', '1000', '0', 'DN002/09/2017', NULL),
('6', '13', '3', '2017-09-13', '1', '0', '1', '0', '57624', '0', 'DN003/09/2017', NULL),
('7', '10', '2', '2017-09-13', '1', '0', '1', '0', '57624', '0', 'SI002/09/2017', '0'),
('8', '13', '4', '2017-09-14', '1', '0', '1', '0', '10000', '0', 'DN004/09/2017', NULL),
('9', '10', '3', '2017-09-14', '1', '0', '1', '0', '10000', '0', 'SI003/09/2017', '0'),
('10', '13', '5', '2017-09-14', '1', '0', '1', '0', '5000', '0', 'DN005/09/2017', NULL),
('12', '20', '3', '2017-09-17', '0', '0', '1', '0', '1000', '0', '23232', '1'),
('13', '13', '6', '2017-09-22', '0', '0', '1', '0', '100000', '0', 'DN006/09/2017', NULL),
('14', '10', '4', '2017-09-22', '0', '0', '1', '0', '100000', '0', 'SI004/09/2017', '0'),
('15', '13', '7', '2017-09-22', '0', '0', '1', '0', '12000', '0', 'DN007/09/2017', NULL),
('16', '10', '5', '2017-09-22', '0', '0', '1', '0', '12000', '0', 'SI005/09/2017', '0'),
('17', '13', '8', '2017-09-22', '0', '0', '1', '0', '12000', '0', 'auto', NULL),
('18', '10', '6', '2017-09-22', '0', '0', '1', '0', '12000', '0', 'SI006/09/2017', '0'),
('19', '13', '10', '2017-09-23', '1', '17', '1', '0', '1586800', '269756', 'DN009/09/2017', NULL),
('20', '10', '8', '2017-09-23', '1', '17', '1', '0', '1586800', '269756', 'SI008/09/2017', '0'),
('21', '13', '11', '2017-09-23', '0', '0', '1', '0', '1537000', '0', 'auto', NULL),
('22', '10', '9', '2017-09-23', '0', '0', '1', '0', '1537000', '0', 'SI009/09/2017', '0'),
('23', '13', '12', '2017-09-24', '0', '0', '1', '0', '49800', '0', 'DN010/09/2017', NULL),
('24', '10', '10', '2017-09-24', '0', '0', '1', '0', '49800', '0', 'SI010/09/2017', '0'),
('25', '13', '13', '2017-09-24', '0', '0', '1', '0', '49800', '0', 'auto', NULL),
('26', '10', '11', '2017-09-24', '0', '0', '1', '0', '49800', '0', 'SI011/09/2017', '0'),
('27', '13', '14', '2017-09-25', '0', '0', '1', '0', '49800', '0', 'DN011/09/2017', NULL),
('28', '10', '12', '2017-09-25', '0', '0', '1', '0', '49800', '0', 'SI012/09/2017', '0'),
('29', '13', '15', '2017-09-25', '0', '0', '1', '0', '49800', '0', 'auto', NULL),
('30', '10', '13', '2017-09-25', '0', '0', '1', '0', '49800', '0', 'SI013/09/2017', '0'),
('31', '13', '16', '2017-09-25', '0', '0', '1', '0', '49800', '0', 'auto', NULL),
('32', '10', '14', '2017-09-25', '0', '0', '1', '0', '49800', '0', 'SI014/09/2017', '0'),
('33', '13', '17', '2017-09-25', '0', '0', '1', '0', '49800', '0', 'auto', NULL),
('34', '10', '15', '2017-09-25', '0', '0', '1', '0', '49800', '0', 'SI015/09/2017', '0'),
('35', '13', '18', '2017-09-25', '0', '0', '1', '0', '49800', '0', 'auto', NULL),
('36', '10', '16', '2017-09-25', '0', '0', '1', '0', '49800', '0', 'SI016/09/2017', '0'),
('37', '13', '19', '2017-09-25', '0', '0', '1', '0', '49800', '0', 'auto', NULL),
('38', '10', '17', '2017-09-25', '0', '0', '1', '0', '49800', '0', 'SI017/09/2017', '0'),
('39', '13', '20', '2017-09-25', '0', '0', '1', '0', '49800', '0', 'DN012/09/2017', NULL),
('40', '10', '18', '2017-09-25', '0', '0', '1', '0', '49800', '0', 'SI018/09/2017', '0'),
('41', '13', '21', '2017-09-25', '0', '0', '1', '0', '1000', '0', 'auto', NULL),
('42', '10', '19', '2017-09-25', '0', '0', '1', '0', '1000', '0', 'SI019/09/2017', '0'),
('43', '13', '22', '2017-09-26', '0', '0', '1', '0', '100000', '0', 'DN013/09/2017', NULL),
('44', '13', '23', '2017-09-26', '0', '0', '1', '0', '49800', '0', 'auto', NULL),
('45', '10', '20', '2017-09-26', '0', '0', '1', '0', '49800', '0', 'SI020/09/2017', '0'),
('46', '13', '24', '2017-09-26', '1', '17', '1', '0', '-20000', '-3400', 'auto', NULL),
('47', '10', '21', '2017-09-26', '1', '17', '1', '0', '-20000', '-3400', 'SI021/09/2017', '0'),
('48', '13', '25', '2017-09-26', '1', '17', '1', '0', '6600', '1122', 'DN014/09/2017', NULL),
('49', '10', '22', '2017-09-26', '1', '17', '1', '0', '6600', '1122', 'SI022/09/2017', '0'),
('50', '13', '27', '2017-09-28', '1', '17', '1', '0', '49800', '8466', 'DN015/09/2017', NULL),
('51', '13', '28', '2017-09-28', '0', '0', '1', '0', '49800', '0', 'DN016/09/2017', NULL),
('52', '10', '24', '2017-09-28', '1', '17', '1', '0', '49800', '8466', 'GST001/09/2017', '0'),
('53', '10', '25', '2017-09-28', '0', '0', '1', '0', '49800', '0', 'SI024/09/2017', '0'),
('54', '20', '4', '2017-09-28', '1', '17', '1', '0', '700', '119', 'wdsdsad', '1'),
('55', '13', '29', '2017-09-29', '1', '17', '1', '0', '49800', '8466', 'auto', NULL),
('56', '10', '26', '2017-09-29', '1', '17', '1', '0', '49800', '8466', 'SI025/09/2017', '0'),
('57', '13', '30', '2017-09-29', '1', '17', '1', '0', '5527800', '939726', 'DN017/09/2017', NULL),
('58', '13', '31', '2017-09-29', '1', '17', '1', '0', '4980000', '846600', 'DN018/09/2017', NULL),
('59', '13', '32', '2017-09-29', '1', '17', '1', '0', '2739000', '465630', 'DN019/09/2017', NULL),
('60', '10', '27', '2017-09-29', '1', '17', '1', '0', '2739000', '465630', 'SI026/09/2017', '0'),
('61', '13', '33', '2017-09-29', '1', '17', '1', '0', '17081400', '2903838', 'DN020/09/2017', NULL),
('62', '13', '35', '2017-09-29', '1', '17', '1', '0', '27639000', '4698630', 'DN022/09/2017', NULL),
('63', '10', '29', '2017-09-29', '1', '17', '1', '0', '27639000', '4698630', 'SI028/09/2017', '0'),
('64', '20', '5', '2017-09-29', '1', '17', '1', '0', '300', '51', '54543', '1'),
('65', '20', '6', '2017-09-29', '1', '17', '1', '0', '30000', '5100', '34213213', '1'),
('66', '20', '7', '2017-09-29', '1', '17', '1', '0', '3000', '510', '321313', '1'),
('67', '20', '8', '2017-09-30', '1', '17', '1', '0', '27000', '4590', '4343', '1'),
('68', '21', '1', '2017-09-30', '1', '17', '1', '0', '300', '51', '34324', '1'),
('69', '11', '1', '2017-09-30', '1', '17', '1', '0', '34860', '5926.2', 'CCN001/09/2017', '0'),
('70', '11', '2', '2017-09-30', '1', '17', '1', '0', '104580', '17778.6', 'CCN002/09/2017', '0'),
('71', '11', '3', '2017-09-30', '1', '17', '1', '0', '69720', '11852.4', 'CCN003/09/2017', '0'),
('72', '13', '36', '2017-09-30', '1', '17', '1', '0', '348600', '59262', 'DN023/09/2017', NULL),
('73', '10', '30', '2017-09-30', '1', '17', '1', '0', '348600', '59262', 'SI029/09/2017', '0'),
('74', '13', '37', '2017-09-30', '1', '17', '1', '0', '348600', '59262', 'auto', NULL),
('75', '10', '31', '2017-09-30', '1', '17', '1', '0', '348600', '59262', 'SI030/09/2017', '0'),
('76', '11', '4', '2017-09-30', '1', '17', '1', '0', '348600', '59262', 'CCN004/09/2017', '0'),
('77', '20', '9', '2017-09-30', '1', '17', '1', '0', '30000', '5100', '435', '1'),
('78', '21', '2', '2017-09-30', '1', '17', '1', '0', '30000', '5100', '43434', '1'),
('79', '21', '3', '2017-09-30', '1', '17', '1', '0', '30000', '5100', 'cxzcxzc', '1'),
('80', '21', '4', '2017-09-30', '1', '17', '1', '0', '30000', '5100', 'dsssadsad', '1'),
('81', '13', '39', '2017-10-02', '1', '17', '1', '0', '518000', '88060', 'DN001/10/2017', NULL),
('82', '10', '33', '2017-10-02', '1', '17', '1', '0', '518000', '88060', 'SI002/10/2017', '0'),
('83', '20', '10', '2017-10-02', '1', '17', '1', '0', '0', '0', '4545454', '1'),
('84', '13', '42', '2017-10-03', '1', '17', '1', '0', '2196045', '373327.65', 'auto', NULL),
('85', '10', '36', '2017-10-03', '1', '17', '1', '0', '2196045', '373327.65', 'SI003/10/2017', '0'),
('86', '13', '43', '2017-10-04', '1', '17', '1', '0', '498000', '84660', 'auto', NULL),
('87', '10', '37', '2017-10-04', '1', '17', '1', '0', '498000', '84660', 'SI004/10/2017', '0'),
('88', '13', '44', '2017-10-04', '1', '17', '1', '0', '498000', '84660', 'DN002/10/2017', NULL),
('89', '10', '38', '2017-10-04', '1', '17', '1', '0', '498000', '84660', 'SI005/10/2017', '0'),
('90', '13', '45', '2017-10-04', '1', '17', '1', '0', '547800', '93126', 'DN003/10/2017', NULL),
('91', '10', '39', '2017-10-04', '1', '17', '1', '0', '547800', '93126', 'SI006/10/2017', '0'),
('92', '13', '46', '2017-10-04', '1', '17', '1', '0', '647400', '110058', 'auto', NULL),
('93', '10', '40', '2017-10-04', '1', '17', '1', '0', '647400', '110058', 'SI007/10/2017', '0'),
('94', '13', '47', '2017-10-04', '1', '17', '1', '0', '896400', '152388', 'auto', NULL),
('95', '10', '41', '2017-10-04', '1', '17', '1', '0', '896400', '152388', 'SI008/10/2017', '0'),
('96', '13', '48', '2017-10-04', '1', '17', '1', '0', '900', '153', 'auto', NULL),
('97', '10', '42', '2017-10-04', '1', '17', '1', '0', '900', '153', 'SI009/10/2017', '0'),
('98', '13', '49', '2017-10-04', '1', '17', '1', '0', '300', '51', 'auto', NULL),
('99', '10', '43', '2017-10-04', '1', '17', '1', '0', '300', '51', 'SI010/10/2017', '0'),
('100', '13', '50', '2017-10-05', '0', '0', '1', '1', '473100', '0', 'DN004/10/2017', NULL),
('101', '10', '44', '2017-10-05', '0', '0', '1', '1', '473100', '0', 'SI011/10/2017', '0'),
('102', '13', '51', '2017-10-05', '1', '17', '1', '0', '10000', '1700', 'auto', NULL),
('103', '10', '45', '2017-10-05', '1', '17', '1', '0', '10000', '1700', 'SI012/10/2017', '0'),
('104', '13', '52', '2017-10-05', '1', '17', '1', '0', '249000', '42330', 'DN005/10/2017', NULL),
('105', '13', '53', '2017-10-05', '1', '17', '1', '0', '10000', '1700', 'auto', NULL),
('106', '10', '46', '2017-10-05', '1', '17', '1', '0', '10000', '1700', 'SI013/10/2017', '0'),
('107', '13', '54', '2017-10-05', '1', '17', '1', '0', '5500', '935', 'auto', NULL),
('108', '10', '47', '2017-10-05', '1', '17', '1', '0', '5500', '935', 'SI014/10/2017', '0'),
('109', '13', '55', '2017-10-05', '1', '17', '1', '0', '500', '85', 'DN006/10/2017', NULL),
('110', '10', '48', '2017-10-05', '1', '17', '1', '0', '500', '85', 'SI015/10/2017', '0'),
('111', '13', '56', '2017-10-06', '1', '17', '1', '0', '597600', '101592', 'auto', NULL),
('112', '10', '49', '2017-10-06', '1', '17', '1', '0', '597600', '101592', 'SI016/10/2017', '0'),
('114', '20', '11', '2017-10-06', '1', '17', '1', '0', '300', '51', '6363', '1'),
('115', '20', '12', '2017-10-06', '1', '17', '1', '0', '3600', '612', '1222', '1'),
('116', '20', '14', '2017-10-06', '1', '17', '1', '0', '4500', '765', '80090jj', '1'),
('117', '13', '57', '2017-10-06', '1', '17', '1', '0', '7200', '1224', 'auto', NULL),
('118', '10', '50', '2017-10-06', '1', '17', '1', '0', '7200', '1224', 'SI017/10/2017', '0'),
('119', '13', '58', '2017-10-06', '1', '17', '1', '0', '5000', '850', 'auto', NULL),
('120', '10', '51', '2017-10-06', '1', '17', '1', '0', '5000', '850', 'SI018/10/2017', '0'),
('121', '13', '59', '2017-10-06', '0', '0', '1', '0', '5000', '0', 'auto', NULL),
('122', '10', '52', '2017-10-06', '0', '0', '1', '0', '5000', '0', 'SI019/10/2017', '0'),
('123', '13', '60', '2017-10-06', '0', '0', '1', '0', '5000', '0', 'auto', NULL),
('124', '10', '53', '2017-10-06', '0', '0', '1', '0', '5000', '0', 'SI020/10/2017', '0'),
('125', '13', '61', '2017-10-06', '0', '0', '1', '0', '10000', '0', 'auto', NULL),
('126', '10', '54', '2017-10-06', '0', '0', '1', '0', '10000', '0', 'SI021/10/2017', '0'),
('127', '13', '62', '2017-10-06', '0', '0', '1', '0', '5000', '0', 'auto', NULL),
('128', '10', '55', '2017-10-06', '0', '0', '1', '0', '5000', '0', 'SI022/10/2017', '0'),
('129', '20', '15', '2017-10-07', '1', '17', '1', '0', '10500', '1785', '999', '1'),
('130', '20', '16', '2017-10-07', '1', '17', '1', '0', '4750', '807.5', '9999', '1'),
('131', '20', '17', '2017-10-07', '1', '17', '1', '0', '5850', '994.5', '7687', '1'),
('132', '13', '63', '2017-10-07', '1', '17', '1', '1', '8547.01', '1452.99', 'DN007/10/2017', NULL),
('133', '10', '56', '2017-10-07', '1', '17', '1', '1', '8547.01', '1452.99', 'SI023/10/2017', '0'),
('134', '13', '64', '2017-10-07', '1', '17', '1', '1', '7692.31', '1307.69', 'DN008/10/2017', NULL),
('135', '10', '57', '2017-10-07', '1', '17', '1', '1', '7692.31', '1307.69', 'SI024/10/2017', '0'),
('136', '10', '58', '2017-10-07', '1', '17', '1', '0', '1537000', '261290', 'SI025/10/2017', '0'),
('137', '13', '65', '2017-10-07', '1', '17', '1', '0', '1537000', '261290', 'DN009/10/2017', NULL),
('138', '20', '18', '2017-10-07', '1', '17', '1', '0', '1567000', '266390', '1101237', '1'),
('139', '20', '19', '2017-10-07', '1', '17', '1', '0', '2722000', '462740', '3100209', '1'),
('140', '13', '66', '2017-10-07', '1', '17', '1', '1', '2326495.73', '395504.27', 'DN010/10/2017', NULL),
('141', '10', '59', '2017-10-07', '1', '17', '1', '1', '1339316.24', '227683.76', 'SI026/10/2017', '0'),
('142', '20', '21', '2017-10-08', '1', '17', '1', '0', '10000', '1700', 'r234r32', '1'),
('143', '13', '68', '2017-10-08', '1', '17', '1', '0', '1000', '170', 'auto', NULL),
('144', '10', '61', '2017-10-08', '1', '17', '1', '0', '1000', '170', 'SI028/10/2017', '0'),
('145', '20', '22', '2017-10-09', '1', '17', '1', '0', '200000', '34000', '43222', '1'),
('146', '20', '23', '2017-10-09', '1', '17', '1', '0', '320000', '0', '9087', '1'),
('147', '20', '24', '2017-10-09', '1', '17', '1', '0', '112500', '19125', '653578', '1'),
('148', '20', '25', '2017-10-09', '1', '17', '1', '0', '93750', '15937.5', '87587587', '1'),
('149', '13', '69', '2017-10-09', '1', '17', '1', '1', '128205.1', '21794.9', 'DN011/10/2017', NULL),
('150', '10', '62', '2017-10-09', '1', '17', '1', '1', '128205.1', '21794.9', 'SI029/10/2017', '0'),
('151', '13', '70', '2017-10-09', '1', '17', '1', '1', '44871.8', '7628.2', 'DN012/10/2017', NULL),
('152', '10', '63', '2017-10-09', '1', '17', '1', '1', '44871.8', '7628.2', 'SI030/10/2017', '0'),
('153', '13', '71', '2017-10-09', '1', '17', '1', '1', '200000', '34000', 'DN013/10/2017', NULL),
('154', '10', '64', '2017-10-09', '1', '17', '1', '1', '200000', '34000', 'SI031/10/2017', '0'),
('155', '10', '65', '2017-10-09', '1', '17', '1', '1', '2326495.7', '395504.3', 'SI032/10/2017', '0'),
('156', '13', '72', '2017-10-09', '1', '17', '1', '1', '8547', '1453', 'DN014/10/2017', NULL),
('157', '10', '66', '2017-10-09', '1', '17', '1', '1', '8547', '1453', 'SI033/10/2017', '0'),
('159', '13', '74', '2017-10-09', '1', '17', '1', '0', '1200', '204', 'auto', NULL),
('160', '10', '68', '2017-10-09', '1', '17', '1', '0', '1200', '204', 'SI035/10/2017', '0'),
('161', '13', '75', '2017-10-09', '1', '17', '1', '0', '13000', '2210', 'auto', NULL),
('162', '10', '69', '2017-10-09', '1', '17', '1', '0', '13000', '2210', 'SI036/10/2017', '0'),
('163', '13', '76', '2017-10-09', '1', '17', '1', '0', '105000', '17850', 'auto', NULL),
('164', '10', '70', '2017-10-09', '1', '17', '1', '0', '105000', '17850', 'SI037/10/2017', '0'),
('165', '13', '77', '2017-10-09', '1', '17', '1', '0', '6000', '1020', 'auto', NULL),
('166', '10', '71', '2017-10-09', '1', '17', '1', '0', '6000', '1020', 'SI038/10/2017', '0'),
('167', '13', '78', '2017-10-09', '1', '17', '1', '0', '107000', '18190', 'DN015/10/2017', NULL),
('168', '10', '72', '2017-10-09', '1', '17', '1', '0', '107000', '18190', 'SI039/10/2017', '0'),
('169', '13', '79', '2017-10-09', '1', '17', '1', '0', '464000', '78880', 'DN016/10/2017', NULL),
('170', '10', '73', '2017-10-09', '1', '17', '1', '0', '236000', '40120', 'SI040/10/2017', '0'),
('171', '10', '74', '2017-10-09', '1', '17', '1', '0', '233000', '39610', 'SI041/10/2017', '0'),
('172', '20', '26', '2017-10-10', '1', '17', '1', '0', '0', '0', '090078601', '1'),
('173', '20', '27', '2017-10-10', '1', '17', '1', '0', '25000', '4250', '090078601', '1'),
('174', '21', '5', '2017-10-10', '1', '17', '1', '0', '25000', '4250', '090078602', '1'),
('175', '20', '28', '2017-10-10', '1', '17', '1', '0', '0', '0', '09007687', '1'),
('176', '20', '29', '2017-10-10', '1', '17', '1', '0', '25000', '4250', '09007687', '1'),
('177', '13', '80', '2017-10-10', '1', '17', '1', '1', '24102.6', '4097.4', 'DN017/10/2017', NULL),
('178', '10', '75', '2017-10-10', '1', '17', '1', '1', '24102.6', '4097.4', 'SI042/10/2017', '0'),
('179', '20', '30', '2017-10-10', '1', '17', '1', '0', '1500000', '255000', 'yml758', '1'),
('180', '13', '81', '2017-10-10', '1', '17', '1', '1', '1169230.8', '198769.2', 'DN018/10/2017', NULL),
('181', '13', '82', '2017-10-10', '1', '17', '1', '1', '4273.5', '726.5', 'DN019/10/2017', NULL),
('182', '10', '76', '2017-10-10', '1', '17', '1', '1', '4273.5', '726.5', 'SI043/10/2017', '0'),
('183', '13', '83', '2017-10-10', '1', '17', '1', '1', '213.7', '36.3', 'DN020/10/2017', NULL),
('184', '10', '77', '2017-10-10', '1', '17', '1', '1', '213.7', '36.3', 'SI044/10/2017', '0'),
('185', '13', '84', '2017-10-10', '1', '17', '1', '1', '10256.4', '1743.6', 'DN021/10/2017', NULL),
('186', '10', '78', '2017-10-10', '1', '17', '1', '1', '10256.4', '1743.6', 'SI045/10/2017', '0'),
('187', '13', '85', '2017-10-10', '1', '17', '1', '1', '1538.5', '261.5', 'DN022/10/2017', NULL),
('188', '10', '79', '2017-10-10', '1', '17', '1', '1', '1538.5', '261.5', 'SI046/10/2017', '0'),
('189', '13', '86', '2017-10-10', '1', '17', '1', '1', '8974.4', '1525.6', 'DN023/10/2017', NULL),
('190', '10', '80', '2017-10-10', '1', '17', '1', '1', '8974.4', '1525.6', 'SI047/10/2017', '0'),
('191', '20', '31', '2017-10-10', '1', '17', '1', '0', '250', '42.5', '896', '1'),
('192', '20', '32', '2017-10-10', '1', '17', '1', '0', '54000', '9180', '98698', '1'),
('193', '20', '33', '2017-10-10', '1', '17', '1', '0', '50000', '8500', '9787', '1'),
('194', '20', '34', '2017-10-10', '1', '17', '1', '0', '2500', '425', '7868', '1'),
('195', '13', '87', '2017-10-10', '1', '17', '1', '0', '210000', '35700', 'DN024/10/2017', NULL),
('196', '10', '81', '2017-10-10', '1', '17', '1', '0', '210000', '35700', 'SI048/10/2017', '0');

### Structure of table `0_user_locations` ###

DROP TABLE IF EXISTS `0_user_locations`;

CREATE TABLE `0_user_locations` (
  `id` smallint(6) NOT NULL AUTO_INCREMENT,
  `loc_code` varchar(60) COLLATE utf8_unicode_ci NOT NULL DEFAULT '',
  `user_id` int(11) NOT NULL DEFAULT '1',
  `inactive` tinyint(1) NOT NULL DEFAULT '0',
  PRIMARY KEY (`id`)
) ENGINE=MyISAM AUTO_INCREMENT=4 DEFAULT CHARSET=utf8 COLLATE=utf8_unicode_ci ;

### Data of table `0_user_locations` ###

INSERT INTO `0_user_locations` VALUES
('1', 'DEF', '12', '0'),
('2', 'DEF', '20', '0'),
('3', 'KHI', '12', '0');

### Structure of table `0_useronline` ###

DROP TABLE IF EXISTS `0_useronline`;

CREATE TABLE `0_useronline` (
  `id` int(11) NOT NULL AUTO_INCREMENT,
  `timestamp` int(15) NOT NULL DEFAULT '0',
  `ip` varchar(40) COLLATE utf8_unicode_ci NOT NULL DEFAULT '',
  `file` varchar(100) COLLATE utf8_unicode_ci NOT NULL DEFAULT '',
  PRIMARY KEY (`id`),
  KEY `timestamp` (`timestamp`),
  KEY `ip` (`ip`)
) ENGINE=InnoDB AUTO_INCREMENT=9182 DEFAULT CHARSET=utf8 COLLATE=utf8_unicode_ci ;

### Data of table `0_useronline` ###

INSERT INTO `0_useronline` VALUES
('9179', '1507639004', '111.119.172.59', '/index.php'),
('9180', '1507639009', '111.119.172.59', '/index.php'),
('9181', '1507639012', '111.119.172.59', '/admin/backups.php');

### Structure of table `0_users` ###

DROP TABLE IF EXISTS `0_users`;

CREATE TABLE `0_users` (
  `id` smallint(6) NOT NULL AUTO_INCREMENT,
  `user_id` varchar(60) COLLATE utf8_unicode_ci NOT NULL DEFAULT '',
  `password` varchar(100) COLLATE utf8_unicode_ci NOT NULL DEFAULT '',
  `real_name` varchar(100) COLLATE utf8_unicode_ci NOT NULL DEFAULT '',
  `role_id` int(11) NOT NULL DEFAULT '1',
  `phone` varchar(30) COLLATE utf8_unicode_ci NOT NULL DEFAULT '',
  `email` varchar(100) COLLATE utf8_unicode_ci DEFAULT NULL,
  `language` varchar(20) COLLATE utf8_unicode_ci DEFAULT NULL,
  `date_format` tinyint(1) NOT NULL DEFAULT '0',
  `date_sep` tinyint(1) NOT NULL DEFAULT '0',
  `tho_sep` tinyint(1) NOT NULL DEFAULT '0',
  `dec_sep` tinyint(1) NOT NULL DEFAULT '0',
  `theme` varchar(20) COLLATE utf8_unicode_ci NOT NULL DEFAULT 'default',
  `page_size` varchar(20) COLLATE utf8_unicode_ci NOT NULL DEFAULT 'A4',
  `prices_dec` smallint(6) NOT NULL DEFAULT '2',
  `qty_dec` smallint(6) NOT NULL DEFAULT '2',
  `rates_dec` smallint(6) NOT NULL DEFAULT '4',
  `percent_dec` smallint(6) NOT NULL DEFAULT '1',
  `show_gl` tinyint(1) NOT NULL DEFAULT '1',
  `show_codes` tinyint(1) NOT NULL DEFAULT '0',
  `show_hints` tinyint(1) NOT NULL DEFAULT '0',
  `last_visit_date` datetime DEFAULT NULL,
  `query_size` tinyint(1) unsigned NOT NULL DEFAULT '10',
  `graphic_links` tinyint(1) DEFAULT '1',
  `pos` smallint(6) DEFAULT '1',
  `print_profile` varchar(30) COLLATE utf8_unicode_ci NOT NULL DEFAULT '',
  `rep_popup` tinyint(1) DEFAULT '1',
  `sticky_doc_date` tinyint(1) DEFAULT '0',
  `startup_tab` varchar(20) COLLATE utf8_unicode_ci NOT NULL DEFAULT '',
  `transaction_days` smallint(6) NOT NULL DEFAULT '30',
  `save_report_selections` smallint(6) NOT NULL DEFAULT '0',
  `use_date_picker` tinyint(1) NOT NULL DEFAULT '1',
  `def_print_destination` tinyint(1) NOT NULL DEFAULT '0',
  `def_print_orientation` tinyint(1) NOT NULL DEFAULT '0',
  `inactive` tinyint(1) NOT NULL DEFAULT '0',
  PRIMARY KEY (`id`),
  UNIQUE KEY `user_id` (`user_id`)
) ENGINE=InnoDB AUTO_INCREMENT=21 DEFAULT CHARSET=utf8 COLLATE=utf8_unicode_ci ;

### Data of table `0_users` ###

INSERT INTO `0_users` VALUES
('12', 'admin', 'e6a932cc8ec3516c62a37100f2ca9beb', 'Admin', '2', '', NULL, 'C', '1', '2', '0', '0', 'premium', 'A4', '2', '2', '4', '1', '1', '1', '1', '2017-10-10 17:36:43', '10', '1', '1', '', '1', '0', 'dashboard', '30', '0', '1', '0', '0', '0'),
('20', 'test', '81dc9bdb52d04dc20036dbd8313ed055', 'Demo', '2', '', NULL, 'C', '1', '2', '0', '0', 'premium', 'A4', '1', '2', '4', '1', '1', '1', '1', '2017-10-10 14:46:23', '10', '1', '1', '', '1', '0', 'dashboard', '30', '0', '1', '0', '0', '0');

### Structure of table `0_voided` ###

DROP TABLE IF EXISTS `0_voided`;

CREATE TABLE `0_voided` (
  `type` int(11) NOT NULL DEFAULT '0',
  `id` int(11) NOT NULL DEFAULT '0',
  `date_` date NOT NULL DEFAULT '0000-00-00',
  `memo_` tinytext COLLATE utf8_unicode_ci NOT NULL,
  UNIQUE KEY `id` (`type`,`id`)
) ENGINE=InnoDB DEFAULT CHARSET=utf8 COLLATE=utf8_unicode_ci ;

### Data of table `0_voided` ###

INSERT INTO `0_voided` VALUES
('0', '3', '2017-10-09', 'Voided WO #3'),
('0', '4', '2017-10-09', 'Voided WO #3'),
('20', '1', '2017-09-13', ''),
('20', '2', '2017-09-13', ''),
('20', '10', '2017-10-02', ''),
('20', '26', '2017-10-10', 'Document reentered.'),
('20', '28', '2017-10-10', 'Document reentered.'),
('25', '2', '2017-09-13', ''),
('25', '3', '2017-09-13', ''),
('25', '17', '2017-10-02', ''),
('26', '3', '2017-10-09', '');

### Structure of table `0_widgets` ###

DROP TABLE IF EXISTS `0_widgets`;

CREATE TABLE `0_widgets` (
  `id` int(11) NOT NULL AUTO_INCREMENT,
  `user_id` smallint(6) NOT NULL,
  `column_id` int(11) NOT NULL,
  `sort_no` int(11) NOT NULL,
  `collapsed` tinyint(4) NOT NULL,
  `url` varchar(100) COLLATE utf8_bin NOT NULL,
  `title` varchar(100) COLLATE utf8_bin NOT NULL,
  `source` varchar(50) COLLATE utf8_bin NOT NULL,
  `width` varchar(50) COLLATE utf8_bin NOT NULL,
  `height` varchar(50) COLLATE utf8_bin NOT NULL,
  `is_system` tinyint(1) NOT NULL DEFAULT '0',
  `created_by` varchar(150) COLLATE utf8_bin NOT NULL,
  `dt_created` datetime NOT NULL,
  `updated_by` varchar(150) COLLATE utf8_bin DEFAULT NULL,
  `dt_updated` datetime DEFAULT NULL,
  PRIMARY KEY (`id`)
) ENGINE=InnoDB AUTO_INCREMENT=26 DEFAULT CHARSET=utf8 COLLATE=utf8_bin ;

### Data of table `0_widgets` ###

INSERT INTO `0_widgets` VALUES
('8', '3', '1', '0', '0', 'gl-in-fiscal-year.php', 'Profit and Loss', 'glfiscalyear', '100%', '370px', '1', '3', '2012-10-12 11:07:37', NULL, NULL),
('9', '3', '2', '0', '0', 'top-10-customer-in-fiscal-year.php', 'Top 10 customers in fiscal year', 'top10customerinfiscalyear', '100%', '630px', '1', '3', '2012-10-12 11:07:44', NULL, NULL),
('10', '2', '1', '0', '0', 'gl-in-fiscal-year.php', 'Profit and Loss', 'glfiscalyear', '100%', '370px', '1', '2', '2012-10-12 11:10:47', NULL, NULL),
('11', '2', '1', '1', '0', 'top-10-customer-in-fiscal-year.php', 'Top 10 customers in fiscal year', 'top10customerinfiscalyear', '100%', '630px', '1', '2', '2012-10-12 11:10:54', NULL, NULL),
('12', '2', '1', '2', '0', 'top-10-overdue-purchase-invoices.php', 'Top 10 Overdue Purchase Invoices', 'top10overduepurchaseinvoice', '100%', '300px', '1', '2', '2012-10-12 11:11:00', NULL, NULL),
('13', '2', '1', '3', '0', 'top-10-overdue-sales-invoices.php', 'Top 10 Overdue Sales Invoices', 'top10overduesalesinvoice', '100%', '300px', '1', '2', '2012-10-12 11:11:12', NULL, NULL),
('14', '2', '2', '1', '0', 'top-10-recent-sales-invoices.php', 'Top 10 Recent Sales Invoices', 'top10recentsalesinvoice', '100%', '300px', '1', '2', '2012-10-12 11:11:17', NULL, NULL),
('15', '2', '2', '3', '0', 'top-10-recent-sales-order.php', 'Top 10 Recent Sales Order', 'top10recentsalesorder', '100%', '300px', '1', '2', '2012-10-12 11:11:31', NULL, NULL),
('17', '2', '2', '0', '0', 'top-10-stock-in-fiscal-year.php', 'Top 10 Sold Items in fiscal year', 'top10iteminfiscalyear', '100%', '630px', '1', '2', '2012-10-12 11:11:37', NULL, NULL),
('18', '2', '2', '2', '0', 'top-10-supplier-in-fiscal-year.php', 'Top 10 suppliers in fiscal year', 'top10supplierinfiscalyear', '100%', '630px', '1', '2', '2012-10-12 11:11:45', NULL, NULL),
('19', '3', '1', '1', '0', 'top-10-overdue-purchase-invoices.php', 'Top 10 Overdue Purchase Invoices', 'top10overduepurchaseinvoice', '100%', '300px', '1', '3', '2012-10-12 11:15:30', NULL, NULL),
('21', '3', '2', '1', '0', 'top-10-overdue-sales-invoices.php', 'Top 10 Overdue Sales Invoices', 'top10overduesalesinvoice', '100%', '300px', '1', '3', '2012-10-12 11:15:48', NULL, NULL),
('22', '3', '1', '2', '0', 'top-10-recent-sales-invoices.php', 'Top 10 Recent Sales Invoices', 'top10recentsalesinvoice', '100%', '300px', '1', '3', '2012-10-12 11:15:56', NULL, NULL),
('23', '3', '1', '3', '0', 'top-10-recent-sales-order.php', 'Top 10 Recent Sales Order', 'top10recentsalesorder', '100%', '300px', '1', '3', '2012-10-12 11:16:03', NULL, NULL),
('24', '3', '2', '3', '0', 'top-10-stock-in-fiscal-year.php', 'Top 10 Sold Items in fiscal year', 'top10iteminfiscalyear', '100%', '630px', '1', '3', '2012-10-12 11:16:08', NULL, NULL),
('25', '3', '2', '2', '0', 'top-10-supplier-in-fiscal-year.php', 'Top 10 suppliers in fiscal year', 'top10supplierinfiscalyear', '100%', '630px', '1', '3', '2012-10-12 11:16:17', NULL, NULL);

### Structure of table `0_widgets_template` ###

DROP TABLE IF EXISTS `0_widgets_template`;

CREATE TABLE `0_widgets_template` (
  `id` int(11) NOT NULL AUTO_INCREMENT,
  `column_id` int(11) NOT NULL,
  `sort_no` int(11) NOT NULL,
  `collapsed` tinyint(4) NOT NULL,
  `url` varchar(100) NOT NULL,
  `title` varchar(100) NOT NULL,
  `source` varchar(50) NOT NULL,
  `width` varchar(50) NOT NULL,
  `height` varchar(50) NOT NULL,
  `is_system` tinyint(1) NOT NULL DEFAULT '0',
  `created_by` varchar(150) NOT NULL,
  `dt_created` datetime NOT NULL,
  `updated_by` varchar(150) DEFAULT NULL,
  `dt_updated` datetime DEFAULT NULL,
  PRIMARY KEY (`id`)
) ENGINE=InnoDB AUTO_INCREMENT=10 DEFAULT CHARSET=utf8 ;

### Data of table `0_widgets_template` ###

INSERT INTO `0_widgets_template` VALUES
('1', '2', '0', '0', 'top-10-customer-in-fiscal-year.php', 'Top 10 customers in fiscal year', 'top10customerinfiscalyear', '100%', '630px', '1', 'system', '2012-10-12 11:06:46', 'system', '2012-10-12 11:06:46'),
('2', '2', '0', '0', 'top-10-supplier-in-fiscal-year.php', 'Top 10 suppliers in fiscal year', 'top10supplierinfiscalyear', '100%', '630px', '1', 'system', '2012-10-12 11:06:46', 'system', '2012-10-12 11:06:46'),
('3', '2', '0', '0', 'top-10-stock-in-fiscal-year.php', 'Top 10 Sold Items in fiscal year', 'top10iteminfiscalyear', '100%', '630px', '1', 'system', '2012-10-12 11:06:46', 'system', '2012-10-12 11:06:46'),
('4', '2', '0', '0', 'top-10-dimension-in-fiscal-year.php', 'Top 10 Dimensions in fiscal year', 'top10dimensionfiscalyear', '100%', '370px', '1', 'system', '2012-10-12 11:06:46', 'system', '2012-10-12 11:06:46'),
('5', '2', '0', '0', 'top-10-overdue-sales-invoices.php', 'Top 10 Overdue Sales Invoices', 'top10overduesalesinvoice', '100%', '300px', '1', 'system', '2012-10-12 11:06:46', 'system', '2012-10-12 11:06:46'),
('6', '2', '0', '0', 'top-10-overdue-purchase-invoices.php', 'Top 10 Overdue Purchase Invoices', 'top10overduepurchaseinvoice', '100%', '300px', '1', 'system', '2012-10-12 11:06:46', 'system', '2012-10-12 11:06:46'),
('7', '2', '0', '0', 'gl-in-fiscal-year.php', 'Profit and Loss', 'glfiscalyear', '100%', '370px', '1', 'system', '2012-10-12 11:06:46', 'system', '2012-10-12 11:06:46'),
('8', '2', '0', '0', 'top-10-recent-sales-order.php', 'Top 10 Recent Sales Order', 'top10recentsalesorder', '100%', '300px', '1', 'system', '2012-10-12 11:06:46', 'system', '2012-10-12 11:06:46'),
('9', '2', '0', '0', 'top-10-recent-sales-invoices.php', 'Top 10 Recent Sales Invoices', 'top10recentsalesinvoice', '100%', '300px', '1', 'system', '2012-10-12 11:06:46', 'system', '2012-10-12 11:06:46');

### Structure of table `0_wo_costing` ###

DROP TABLE IF EXISTS `0_wo_costing`;

CREATE TABLE `0_wo_costing` (
  `id` int(11) NOT NULL AUTO_INCREMENT,
  `workorder_id` int(11) NOT NULL DEFAULT '0',
  `cost_type` tinyint(1) NOT NULL DEFAULT '0',
  `trans_type` int(11) NOT NULL DEFAULT '0',
  `trans_no` int(11) NOT NULL DEFAULT '0',
  `factor` double NOT NULL DEFAULT '1',
  PRIMARY KEY (`id`)
) ENGINE=InnoDB AUTO_INCREMENT=5 DEFAULT CHARSET=utf8 COLLATE=utf8_unicode_ci ;

### Data of table `0_wo_costing` ###

INSERT INTO `0_wo_costing` VALUES
('1', '2', '1', '0', '1', '1'),
('2', '2', '0', '0', '2', '1');

### Structure of table `0_wo_issue_items` ###

DROP TABLE IF EXISTS `0_wo_issue_items`;

CREATE TABLE `0_wo_issue_items` (
  `id` int(11) NOT NULL AUTO_INCREMENT,
  `stock_id` varchar(40) COLLATE utf8_unicode_ci DEFAULT NULL,
  `issue_id` int(11) DEFAULT NULL,
  `qty_issued` double DEFAULT NULL,
  `unit_cost` double NOT NULL DEFAULT '0',
  PRIMARY KEY (`id`)
) ENGINE=InnoDB DEFAULT CHARSET=utf8 COLLATE=utf8_unicode_ci ;

### Data of table `0_wo_issue_items` ###


### Structure of table `0_wo_issues` ###

DROP TABLE IF EXISTS `0_wo_issues`;

CREATE TABLE `0_wo_issues` (
  `issue_no` int(11) NOT NULL AUTO_INCREMENT,
  `workorder_id` int(11) NOT NULL DEFAULT '0',
  `reference` varchar(100) COLLATE utf8_unicode_ci DEFAULT NULL,
  `issue_date` date DEFAULT NULL,
  `loc_code` varchar(5) COLLATE utf8_unicode_ci DEFAULT NULL,
  `workcentre_id` int(11) DEFAULT NULL,
  PRIMARY KEY (`issue_no`),
  KEY `workorder_id` (`workorder_id`)
) ENGINE=InnoDB DEFAULT CHARSET=utf8 COLLATE=utf8_unicode_ci ;

### Data of table `0_wo_issues` ###


### Structure of table `0_wo_manufacture` ###

DROP TABLE IF EXISTS `0_wo_manufacture`;

CREATE TABLE `0_wo_manufacture` (
  `id` int(11) NOT NULL AUTO_INCREMENT,
  `reference` varchar(100) COLLATE utf8_unicode_ci DEFAULT NULL,
  `workorder_id` int(11) NOT NULL DEFAULT '0',
  `quantity` double NOT NULL DEFAULT '0',
  `date_` date NOT NULL DEFAULT '0000-00-00',
  PRIMARY KEY (`id`),
  KEY `workorder_id` (`workorder_id`)
) ENGINE=InnoDB AUTO_INCREMENT=4 DEFAULT CHARSET=utf8 COLLATE=utf8_unicode_ci ;

### Data of table `0_wo_manufacture` ###

INSERT INTO `0_wo_manufacture` VALUES
('1', 'WOP001/09/2017', '1', '1', '2017-09-18'),
('2', 'WOP001/10/2017', '2', '1', '2017-10-03'),
('3', 'WOP002/10/2017', '3', '0', '2017-10-04');

### Structure of table `0_wo_requirements` ###

DROP TABLE IF EXISTS `0_wo_requirements`;

CREATE TABLE `0_wo_requirements` (
  `id` int(11) NOT NULL AUTO_INCREMENT,
  `workorder_id` int(11) NOT NULL DEFAULT '0',
  `stock_id` char(20) COLLATE utf8_unicode_ci NOT NULL DEFAULT '',
  `workcentre` int(11) NOT NULL DEFAULT '0',
  `units_req` double NOT NULL DEFAULT '1',
  `unit_cost` double NOT NULL DEFAULT '0',
  `loc_code` char(5) COLLATE utf8_unicode_ci NOT NULL DEFAULT '',
  `units_issued` double NOT NULL DEFAULT '0',
  PRIMARY KEY (`id`),
  KEY `workorder_id` (`workorder_id`)
) ENGINE=InnoDB AUTO_INCREMENT=4 DEFAULT CHARSET=utf8 COLLATE=utf8_unicode_ci ;

### Data of table `0_wo_requirements` ###

INSERT INTO `0_wo_requirements` VALUES
('1', '1', '1001', '1', '1', '43358554.958688', 'DEF', '1'),
('2', '2', '1001', '1', '1', '21676385.7656615', 'DEF', '2'),
('3', '3', '1001', '1', '1', '21676385.7656615', 'DEF', '0');

### Structure of table `0_workcentres` ###

DROP TABLE IF EXISTS `0_workcentres`;

CREATE TABLE `0_workcentres` (
  `id` int(11) NOT NULL AUTO_INCREMENT,
  `name` char(40) COLLATE utf8_unicode_ci NOT NULL DEFAULT '',
  `description` char(50) COLLATE utf8_unicode_ci NOT NULL DEFAULT '',
  `inactive` tinyint(1) NOT NULL DEFAULT '0',
  PRIMARY KEY (`id`),
  UNIQUE KEY `name` (`name`)
) ENGINE=InnoDB AUTO_INCREMENT=2 DEFAULT CHARSET=utf8 COLLATE=utf8_unicode_ci ;

### Data of table `0_workcentres` ###

INSERT INTO `0_workcentres` VALUES
('1', 'Work Centre', '', '0');

### Structure of table `0_workorders` ###

DROP TABLE IF EXISTS `0_workorders`;

CREATE TABLE `0_workorders` (
  `id` int(11) NOT NULL AUTO_INCREMENT,
  `wo_ref` varchar(60) COLLATE utf8_unicode_ci NOT NULL DEFAULT '',
  `loc_code` varchar(5) COLLATE utf8_unicode_ci NOT NULL DEFAULT '',
  `units_reqd` double NOT NULL DEFAULT '1',
  `stock_id` varchar(20) COLLATE utf8_unicode_ci NOT NULL DEFAULT '',
  `date_` date NOT NULL DEFAULT '0000-00-00',
  `type` tinyint(4) NOT NULL DEFAULT '0',
  `required_by` date NOT NULL DEFAULT '0000-00-00',
  `released_date` date NOT NULL DEFAULT '0000-00-00',
  `units_issued` double NOT NULL DEFAULT '0',
  `closed` tinyint(1) NOT NULL DEFAULT '0',
  `released` tinyint(1) NOT NULL DEFAULT '0',
  `additional_costs` double NOT NULL DEFAULT '0',
  PRIMARY KEY (`id`),
  UNIQUE KEY `wo_ref` (`wo_ref`)
) ENGINE=InnoDB AUTO_INCREMENT=4 DEFAULT CHARSET=utf8 COLLATE=utf8_unicode_ci ;

### Data of table `0_workorders` ###

INSERT INTO `0_workorders` VALUES
('1', 'WO001/09/2017', 'DEF', '1', '2001', '2017-09-18', '0', '2017-09-18', '2017-09-18', '1', '1', '1', '0'),
('2', 'WO001/10/2017', 'DEF', '1', '2001', '2017-10-03', '0', '2017-10-03', '2017-10-03', '1', '1', '1', '0'),
('3', 'WO002/10/2017', 'DEF', '0', '2001', '2017-10-04', '0', '2017-10-04', '2017-10-04', '0', '1', '1', '0');

### Structure of table `0_wth_tax_types` ###

DROP TABLE IF EXISTS `0_wth_tax_types`;

CREATE TABLE `0_wth_tax_types` (
  `id` smallint(6) unsigned NOT NULL AUTO_INCREMENT,
  `description` varchar(60) COLLATE utf8_unicode_ci NOT NULL DEFAULT '',
  `tax_percent` double NOT NULL DEFAULT '0',
  `code` varchar(15) COLLATE utf8_unicode_ci NOT NULL,
  `co_account` varchar(15) COLLATE utf8_unicode_ci NOT NULL,
  `level_id` int(11) NOT NULL DEFAULT '0',
  `wth_tax_category` int(11) NOT NULL,
  `co_account_supplier` varchar(50) COLLATE utf8_unicode_ci DEFAULT NULL,
  PRIMARY KEY (`id`),
  UNIQUE KEY `description` (`description`,`level_id`)
) ENGINE=MyISAM AUTO_INCREMENT=18 DEFAULT CHARSET=utf8 COLLATE=utf8_unicode_ci ;

### Data of table `0_wth_tax_types` ###

INSERT INTO `0_wth_tax_types` VALUES
('1', 'WHT Service', '0', 'wht_service', '1208', '0', '0', NULL),
('2', 'WHT Supply of goods', '0', 'wht_supply', '1210', '0', '0', NULL),
('3', 'WHT SRB Sales Tax', '0', 'wht_srb', '1209', '0', '0', NULL),
('4', 'WHT Sales Tax FBR', '0', 'wht_fbr', '1207', '0', '0', NULL),
('6', 'Filer Company', '4', '', '1013', '2', '1', '2011'),
('7', 'Nonfiler Company', '6', '', '1013', '2', '3', '1017'),
('8', 'Filer Other', '4.5', '', '1013', '2', '1', '10122'),
('9', 'Nonfile Other', '6.5', '', '1013', '2', '4', '5041'),
('10', 'Filer Company', '8', '', '1013', '1', '1', '3012'),
('11', 'Nonfiler Company', '12', '', '1013', '1', '2', '1031'),
('12', 'Filer Other', '10', '', '1013', '1', '1', '1032'),
('13', 'Nonfiler Other', '15', '', '1013', '1', '2', '10123'),
('14', 'SRB 1', '14', '', '1013', '3', '1', '1025'),
('15', 'SRB 2', '20', '', '1013', '3', '1', '5016'),
('16', 'FBR 1', '1', '', '1013', '4', '1', '1014'),
('17', 'FBR 2', '20', '', '1013', '4', '1', '1015');